title,writer,publisher,school,id_number,call_num,description,pubDate,img,catgory
오리진 2,댄 브라운,문학수첩,대덕소프트웨어마이스터고등학교,IT00007185,843 브292ㅇ v.2,다빈치 코드 작가 댄 브라운의 신과 과학 그리고 미래에 대한 대담한 질문. 다빈치 코드를 비롯한 그의 전작들이 그러하듯 오리진 역시 우리가 ‘당연하게’ 믿어왔던 진실에 물음표를 던진다.,2017-11-23,https://image.aladin.co.kr/product/12257/21/coversum/8983926856_1.jpg,국내도서>소설/시/희곡>추리/미스터리소설>영미 추리/미스터리소설
앨리스 죽이기,고바야시 야스미,검은숲,대덕소프트웨어마이스터고등학교,IT00007212,833.6 고42ㅇ,"고바야시 야스미 소설. 루이스 캐럴의 환상소설 이상한 나라의 앨리스를 바탕으로 꿈과 현실 사이를 오가며 연쇄살인마를 추적하는 과정을 그린 작품으로, '고전과 미스터리의 성공적 결합'이라는 호평을 받았다.",2015-12-21,https://image.aladin.co.kr/product/7233/44/coversum/895277518x_1.jpg,국내도서>소설/시/희곡>추리/미스터리소설>일본 추리/미스터리소설
오만과 편견,제인 오스틴,민음사,대덕소프트웨어마이스터고등학교,IT00007260,808.9 세14 v.88 c.4,"제인 오스틴의 대표작 <오만과 편견>이 보다 정확하고 말끔한 번역으로 재출간됐다. 역자인 윤지관과 전승희는 10여 년에 걸친 기간 동안 철저한 원문대조를 통해, 본래의 의미와 문체를 생생하게 되살려내기 위해 노력했다고.",2003-09-20,https://image.aladin.co.kr/product/43/68/coversum/s937460882_1.jpg,국내도서>소설/시/희곡>영미소설
수레바퀴 아래서,헤르만 헤세,문학동네,대덕소프트웨어마이스터고등학교,IT00007263,853 헤54ㅅ,"《수레바퀴 아래서》 속 '나’와 삶을 성찰하게 하는 문장 40가지를 골라 엮었다. 본문 구성은 ‘쓰는 맛’까지 살려 필사의 몰입도를 높였으며, 문장의 흐름에 맞춰 구성된 목차는 독자들이 자연스럽게 사유의 깊이를 더해가도록 도와준다.",2025-08-15,https://image.aladin.co.kr/product/37227/18/coversum/k992031704_1.jpg,국내도서>건강/취미>글씨 쓰기
또다시 같은 꿈을 꾸었어,스미노 요루,소미미디어,대덕소프트웨어마이스터고등학교,IT00009459,833.6 스38ㄸ c.3,너의 췌장을 먹고 싶어의 작가 스미노 요루가 지친 사람들에게 전하는 다정하고 따스한 이야기. 자타공인 똑똑하고 당돌한 소녀 고야나기 나노카는 학교 안에는 이렇다 할 친구가 없지만 학교 밖에는 친구가 많다.,2017-10-25,https://image.aladin.co.kr/product/11979/89/coversum/k532531533_2.jpg,국내도서>소설/시/희곡>일본소설>1950년대 이후 일본소설
또다시 같은 꿈을 꾸었어,스미노 요루,소미미디어,대덕소프트웨어마이스터고등학교,IT00009460,833.6 스38ㄸ c.4,너의 췌장을 먹고 싶어의 작가 스미노 요루가 지친 사람들에게 전하는 다정하고 따스한 이야기. 자타공인 똑똑하고 당돌한 소녀 고야나기 나노카는 학교 안에는 이렇다 할 친구가 없지만 학교 밖에는 친구가 많다.,2017-10-25,https://image.aladin.co.kr/product/11979/89/coversum/k532531533_2.jpg,국내도서>소설/시/희곡>일본소설>1950년대 이후 일본소설
또다시 같은 꿈을 꾸었어,스미노 요루,소미미디어,대덕소프트웨어마이스터고등학교,IT00009468,833.6 스38ㄸ c.12,너의 췌장을 먹고 싶어의 작가 스미노 요루가 지친 사람들에게 전하는 다정하고 따스한 이야기. 자타공인 똑똑하고 당돌한 소녀 고야나기 나노카는 학교 안에는 이렇다 할 친구가 없지만 학교 밖에는 친구가 많다.,2017-10-25,https://image.aladin.co.kr/product/11979/89/coversum/k532531533_2.jpg,국내도서>소설/시/희곡>일본소설>1950년대 이후 일본소설
위키드 6  오즈마 이야기,그레고리 머과이어,민음사,대덕소프트웨어마이스터고등학교,IT00007367,843 머15ㅇ v.6,"초록색 마녀 엘파바의 사랑과 우정, 엘파바의 저항정신을 실천하며 삶의 의미를 발견하고자 했던 리르의 용기, 그리고 겁쟁이 사자를 통해 오즈 역사의 배경과 위키드 이야기의 비밀들이 하나씩하나씩 풀려나가고 있다. 이제 ‘레인 이야기’를 통해 그 뒷이야기가 펼쳐진다.",2024-12-05,https://image.aladin.co.kr/product/35313/32/coversum/893742844x_1.jpg,국내도서>소설/시/희곡>판타지/환상문학>외국판타지/환상소설
타라 덩컨 2 2  비밀의 책,소피 오두인 마미코니안,소담출판사,대덕소프트웨어마이스터고등학교,IT00007393,863 마38ㅌ v.2-2,"유럽에서 선풍적인 인기를 얻었던 판타지 소설 <타라 덩컨>이 출간되었다. 하루가 스물여섯 시간이고 일년이 454일에 일곱 계절이 존재하는 마법행성 '아더월드'와, 사랑스러운 소녀 타라덩컨. 기상천외한 마법 소재들과 거기에 얽히는 모험들이 속도감 있게 전개된다. 톡톡 튀는 문장과 작품 도처에 깔린 교묘한 복선이 재미를 더해 준다.",2006-10-19,https://image.aladin.co.kr/product/266/83/coversum/8973819550_1.jpg,국내도서>소설/시/희곡>판타지/환상문학>외국판타지/환상소설
타라 덩컨 5 2,소피 오두인 마미코니안,소담출판사,대덕소프트웨어마이스터고등학교,IT00007399,863 마38ㅌ v.5-2,,,,
잡동사니,에쿠니 가오리,소담출판사,대덕소프트웨어마이스터고등학교,EM00013616,833.6 에876ㅈ,"에쿠니 가오리 장편소설. 10대 소녀와 40대 여성의 상반된 감성을 동시에 그려낸 본격 연애소설이다. 에쿠니 가오리의 소설이 늘 그렇듯, 이번 소설의 주인공들도 스캔들이라고 해도 좋을 정도의 위험한 관계 속에서 격정적인 사랑을 한다.",2013-03-13,https://image.aladin.co.kr/product/2441/91/coversum/8973815571_1.jpg,국내도서>소설/시/희곡>일본소설>1950년대 이후 일본소설
작별인사,김영하,복복서가,대덕소프트웨어마이스터고등학교,IT00015944,813.7 김64ㅈ,"김영하가 『살인자의 기억법』 이후 9 년 만에 내놓는 장편소설 『작별인사』는 그리 멀지 않은 미래를 배경으로, 별안간 삶이 송두리째 뒤흔들린 한 소년의 여정을 좇는다. 유명한 IT 기업의 연구원인 아버지와 쾌적하고 평화롭게 살아가던 철이는 어느날 갑자기 수용소로 끌려가 난생처음 날것의 감정으로 가득한 혼돈의 세계에 맞닥뜨리게 되면서 정신적, 신체적 위기에 직면한다.",2022-05-02,https://image.aladin.co.kr/product/29281/68/coversum/k122837904_2.jpg,국내도서>소설/시/희곡>한국소설>2000년대 이후 한국소설
어두운 상점들의 거리,파트릭 모디아노,문학동네,대덕소프트웨어마이스터고등학교,EM00017480,863.6 모28ㅇ,"공쿠르상 수상작이자 파트릭 모디아노의 대표작. 이 작품은 기억상실증에 걸린 한 퇴역 탐정이 자신의 과거를 추적하는 여정을 그린 소설이다. 흥신소의 퇴역 탐정인 작중 화자는 조악한 단서 몇 가지에 의지해 마치 다른 인물의 뒤를 밟듯 낯선 자신의 과거를 추적한다. 소멸한 과거, 잃어버린 삶의 흔적, 악몽 속에서 잊어버린 대전의 경험을 주제로 하여, 그는 프루스트가 말한 존재의 근원으로서 ‘잃어버린 시간’을 특유의 신비하고 몽상적인 언어로 탐색해냈다.",2010-05-17,https://image.aladin.co.kr/product/705/25/coversum/8954610978_2.jpg,국내도서>소설/시/희곡>프랑스소설
아프리카의 별,정미경,문학동네,대덕소프트웨어마이스터고등학교,EM00011646,813.6 정38ㅇ,"장밋빛 인생, 나의 피투성이 연인의 작가 정미경이 오 년 만에 새롭게 써낸 장편소설. ""너를 사로잡고 있는 새는 무엇인가."" 이 존재론적 질문에서 시작된 이야기는 작가의 손목을 낚아채 사막의 어느 뒷골목으로 끌고 갔고, 작가의 손목을 놓지 않은 채 다시 우리에게 저물녘 햇빛과도 같은 그 긴 손을 내민다.",2010-06-23,https://image.aladin.co.kr/product/728/81/coversum/8954611559_1.jpg,국내도서>소설/시/희곡>한국소설>2000년대 이후 한국소설
지나친 살인,아카가와지로,리버스맵,대덕소프트웨어마이스터고등학교,EM00011763,833.6 아872ㅈ,'하야카와家 시리즈' 제2탄. 아카가와 지로의 초기 전작(全作) 장편소설 하야카와家의 이중생활이 발간된 이래 오랜만에 하야카와 일가가 활약하는 회심의 유머 미스터리 작품이다. 어느 날 큰아들 가쓰미에게 동생 마사미를 살해해달라는 의뢰가 들어온 것을 시작으로 하야카와 가족에겐 차례로 위기가 닥친다.,2010-08-09,https://image.aladin.co.kr/product/752/97/coversum/896260213x_1.jpg,국내도서>소설/시/희곡>추리/미스터리소설>일본 추리/미스터리소설
숙명,히가시노게이고,창해,대덕소프트웨어마이스터고등학교,EM00011790,833.6 히12ㅅ,"유명 대기업 UR전산의 대표이사가 살해당했다. 장소는 묘지, 흉기는 이전 대표였던 우류 나오아키의 유품인 석궁. 해당 사건을 조사하게 된 형사 와쿠라 유사쿠는 우류 나오아키의 아들이자 의사인 우류 아키히코와 다시 마주치며 기묘한 운명을 느낀다.",2020-05-29,https://image.aladin.co.kr/product/23975/96/coversum/k162639017_1.jpg,국내도서>소설/시/희곡>추리/미스터리소설>일본 추리/미스터리소설
그때 이미 여우는 사냥꾼이었다,헤르타 뮐러,문학동네,대덕소프트웨어마이스터고등학교,EM00011832,853 뮐294ㄱ,"2009년 노벨문학상 수상 작가 헤르타 뮐러의 장편소설. 헤르타 뮐러의 예리한 현실감각과 풍자적인 사회비판, 전체주의에 대한 거센 저항의 의지를 느낄 수 있는 작품이다. 루마니아 차우셰스쿠 독재정권의 마지막 시기를 배경으로 공포와 핍박으로 가득 찬 '잿빛의 시대'를 통렬하게 형상화했다.",2010-07-26,https://image.aladin.co.kr/product/748/22/coversum/8954612032_1.jpg,국내도서>소설/시/희곡>세계의 소설>동유럽소설
바이퍼케이션 1,이우혁,해냄,대덕소프트웨어마이스터고등학교,EM00011836,813.62 이66ㅂ v.1,90년대 초 '하이텔'에 연재한 소설이 열광적인 성원을 얻어 단행본으로 출간되고 850만 부 판매라는 기록을 세운 퇴마록의 작가 이우혁. 평범한 공학도에서 베스트셀러 작가로 거듭나며 한국소설의 기린아로 떠오른 이우혁이 7년 만에 드디어 내놓은 장편소설이다. 사이코패스와 광기를 넘어 존재하는 또다른 힘을 다룬 작품.,2010-08-10,https://image.aladin.co.kr/product/751/0/coversum/8973372599_1.jpg,국내도서>소설/시/희곡>추리/미스터리소설>한국 추리/미스터리소설
난장이가 쏘아올린 작은 공,조세희,이성과 힘,대덕소프트웨어마이스터고등학교,EM00017587,813.6 조53ㄴ c.7,"한국 현대문학의 대표적인 고전으로 평가받는 『난장이가 쏘아올린 작은 공』은 1970년대 난장이로 상징되는 도시 노동자들의 모습을 담고 있다. 개정판에서는 판형과 표지를 새로이 하고, 오늘날의 표기법에 맞게 일부 단어와 문장을 다듬었다.",2024-02-15,https://image.aladin.co.kr/product/33415/76/coversum/8995151226_1.jpg,국내도서>소설/시/희곡>한국소설>2000년대 이전 한국소설
난장이가 쏘아올린 작은 공,조세희,이성과 힘,대덕소프트웨어마이스터고등학교,EM00017712,813.6 조53ㄴ c.14,"한국 현대문학의 대표적인 고전으로 평가받는 『난장이가 쏘아올린 작은 공』은 1970년대 난장이로 상징되는 도시 노동자들의 모습을 담고 있다. 개정판에서는 판형과 표지를 새로이 하고, 오늘날의 표기법에 맞게 일부 단어와 문장을 다듬었다.",2024-02-15,https://image.aladin.co.kr/product/33415/76/coversum/8995151226_1.jpg,국내도서>소설/시/희곡>한국소설>2000년대 이전 한국소설
난장이가 쏘아올린 작은 공,조세희,이성과 힘,대덕소프트웨어마이스터고등학교,IT00009527,813.6 조53ㄴ c.18,"한국 현대문학의 대표적인 고전으로 평가받는 『난장이가 쏘아올린 작은 공』은 1970년대 난장이로 상징되는 도시 노동자들의 모습을 담고 있다. 개정판에서는 판형과 표지를 새로이 하고, 오늘날의 표기법에 맞게 일부 단어와 문장을 다듬었다.",2024-02-15,https://image.aladin.co.kr/product/33415/76/coversum/8995151226_1.jpg,국내도서>소설/시/희곡>한국소설>2000년대 이전 한국소설
1984,조지 오웰,민음사,대덕소프트웨어마이스터고등학교,EM00017623,808 세14 v.77,"민음사에서 조지 오웰 탄생 100주년을 맞아 그의 대표작 <1984>를 새롭게 펴냈다. <1984>는 널리 알려진 바와 같이 전체주의를 비판하는 디스토피아 소설로, 날카로운 풍자와 정치적 함의로 유명하다. '절대 권력은 절대 부패한다'는 명언을 탁월하게 형상화한 작품.",2003-06-16,https://image.aladin.co.kr/product/41/89/coversum/s122531356_2.jpg,국내도서>소설/시/희곡>영미소설
1984,조지 오웰,민음사,대덕소프트웨어마이스터고등학교,EM00017745,808 세14 v.77 c.17,"민음사에서 조지 오웰 탄생 100주년을 맞아 그의 대표작 <1984>를 새롭게 펴냈다. <1984>는 널리 알려진 바와 같이 전체주의를 비판하는 디스토피아 소설로, 날카로운 풍자와 정치적 함의로 유명하다. '절대 권력은 절대 부패한다'는 명언을 탁월하게 형상화한 작품.",2003-06-16,https://image.aladin.co.kr/product/41/89/coversum/s122531356_2.jpg,국내도서>소설/시/희곡>영미소설
동물농장,조지 오웰,더클래식,대덕소프트웨어마이스터고등학교,IT00008803,843 오66ㄷ,1945년에 간행된 조지 오웰의 대표작. 어떤 농장의 동물들이 늙은 돼지 메이저의 부추김에 빠져 농장주의 압제에 대항해 반란을 일으켜 인간의 착취가 없는 '모든 동물이 평등한 이상사회'를 건설한다. 그러나 돼지들이 지도자가 되어 다시 동물들을 압박하기 시작하는데...,1998-08-05,https://image.aladin.co.kr/product/4/6/coversum/s93746005x_3.jpg,국내도서>소설/시/희곡>영미소설
머저리 클럽,최인호,랜덤하우스코리아,대덕소프트웨어마이스터고등학교,IT00003117,813.6 최68ㅁ,"여섯 명의 '악동'을 통해 고등학생 청소년들의 고뇌와 우정, 꿈을 그려낸 성장 소설. 부모 세대의 그릇된 기대와 사회적 제약 속에서 아이들은 끊임없이 일탈과 전복을 꾀한다. 공부와 씨름하는 동안 학교 바깥에서 펼쳐지는 세상을 동경하고, 등굣길에 마주친 이성을 그리워하고, 불투명한 미래에 불안감을 느끼면서도, 지금 자신들이 삶에서 가장 소중한 시간의 마지막을 보내고 있다는 안타까움으로 눈물지으며 성장해 간다.",2008-07-14,https://image.aladin.co.kr/product/235/57/coversum/8925522225_1.jpg,국내도서>소설/시/희곡>한국소설>2000년대 이후 한국소설
머저리 클럽,최인호,랜덤하우스코리아,대덕소프트웨어마이스터고등학교,IT00003119,813.6 최68ㅁ c.3,"여섯 명의 '악동'을 통해 고등학생 청소년들의 고뇌와 우정, 꿈을 그려낸 성장 소설. 부모 세대의 그릇된 기대와 사회적 제약 속에서 아이들은 끊임없이 일탈과 전복을 꾀한다. 공부와 씨름하는 동안 학교 바깥에서 펼쳐지는 세상을 동경하고, 등굣길에 마주친 이성을 그리워하고, 불투명한 미래에 불안감을 느끼면서도, 지금 자신들이 삶에서 가장 소중한 시간의 마지막을 보내고 있다는 안타까움으로 눈물지으며 성장해 간다.",2008-07-14,https://image.aladin.co.kr/product/235/57/coversum/8925522225_1.jpg,국내도서>소설/시/희곡>한국소설>2000년대 이후 한국소설
페스트,알베르 카뮈,민음사,대덕소프트웨어마이스터고등학교,IT00003141,808 세14 v.267,"'민음사 세계문학전집' 267권. 페스트라는 비극의 소용돌이 속에서 현실을 직시하며 의연히 운명과 대결하는 인간의 모습을 다룬 알베르 카뮈의 대표작. 20세기 프랑스 문학이 남긴 기념비적인 작품으로, 2011년 현재까지 외국어 번역을 제외하고 오로지 프랑스어 판만으로 약 500여만 부가 판매되어 이방인을 바로 뒤쫓는 기록을 세우고 있다.",2011-03-25,https://image.aladin.co.kr/product/1126/73/coversum/s937462672_2.jpg,국내도서>소설/시/희곡>프랑스소설
페스트,알베르 카뮈,민음사,대덕소프트웨어마이스터고등학교,IT00003143,808 세14 v.267 c.3,"'민음사 세계문학전집' 267권. 페스트라는 비극의 소용돌이 속에서 현실을 직시하며 의연히 운명과 대결하는 인간의 모습을 다룬 알베르 카뮈의 대표작. 20세기 프랑스 문학이 남긴 기념비적인 작품으로, 2011년 현재까지 외국어 번역을 제외하고 오로지 프랑스어 판만으로 약 500여만 부가 판매되어 이방인을 바로 뒤쫓는 기록을 세우고 있다.",2011-03-25,https://image.aladin.co.kr/product/1126/73/coversum/s937462672_2.jpg,국내도서>소설/시/희곡>프랑스소설
완전한 행복,정유정,은행나무,대덕소프트웨어마이스터고등학교,IT00013298,813.7 정66ㅇ,"버스도 다니지 않는 버려진 시골집에서 늪에 사는 오리들을 먹이기 위해 오리 먹이를 만드는 한 여자의 뒷모습에서 시작된다. 그녀와 딸, 그리고 그 집을 찾은 한 남자의 얼굴을 비춘다. 얼굴을 맞대고 웃고 있지만 그들이 추구하는 서로 다른 행복은 서서히 불협화음을 만들어낸다.",2021-06-08,https://image.aladin.co.kr/product/27225/29/coversum/k432732398_3.jpg,국내도서>소설/시/희곡>한국소설>2000년대 이후 한국소설
파친코 1,이민진,문학사상사,대덕소프트웨어마이스터고등학교,IT00013351,843 이38ㅍ v.1 c.2,"4대에 걸친 재일조선인 가족의 이야기를 그린 세계적 베스트셀러, 이민진 작가의 장편소설 《파친코》가 인플루엔셜에서 새로운 번역으로 출간되어 한국 독자들과 만난다. 《파친코》는 재미교포 1.5세인 이민진 작가가 30년에 달하는 긴 세월에 걸쳐 집필한 대하소설이다.
",2022-07-27,https://image.aladin.co.kr/product/29496/39/coversum/s382931339_2.jpg,국내도서>소설/시/희곡>영미소설
엄마의 엄마,스즈키 루리카,놀,대덕소프트웨어마이스터고등학교,IT00016887,833.6 루298ㅇ,세상의 모든 엄마와 딸을 위한 감동 소설. “벌레든 동물이든 괜찮으니까 다시 태어나도 엄마의 딸이었으면 좋겠어.”,2022-05-30,https://image.aladin.co.kr/product/29548/21/coversum/k542837152_1.jpg,국내도서>청소년>청소년 문학>청소년 소설
꿀벌의 예언 1,베르나르 베르베르,열린책들,대덕소프트웨어마이스터고등학교,IT00016888,863 베297ㄲ v.1,꿀벌이 사라지고 인류 멸종의 위기가 닥친 30년 뒤의 지구를 목격한 르네는 미래를 바꾸기 위해 시공간을 넘나드는 모험을 떠난다. 인류를 구할 방법이 적힌 고대의 예언서 꿀벌의 예언을 찾아 과거와 미래를 오가는 르네와 그 일행은 과연 예언서를 찾아 지구를 구할 수 있을까?,2023-06-20,https://image.aladin.co.kr/product/31877/64/coversum/8932923418_2.jpg,국내도서>소설/시/희곡>과학소설(SF)>외국 과학소설
아주 희미한 빛으로도,최은영,문학동네,대덕소프트웨어마이스터고등학교,IT00016890,813.7 최67ㅇ,"‘함께 성장해나가는 우리 세대의 소설가’를 갖는 드문 경험을 선사하며 동료 작가와 평론가, 독자 모두에게 특별한 이름으로 자리매김한 최은영의 세번째 소설집. 이번 소설집은 이전 작품들에 담긴 문제의식을 한층 더 깊고 날카로운 시선으로 이어나간다.",2023-08-07,https://image.aladin.co.kr/product/32129/40/coversum/s672937436_1.jpg,국내도서>소설/시/희곡>한국소설>2000년대 이후 한국소설
강산무진,김훈,문학동네,대덕소프트웨어마이스터고등학교,EM00009197,813.6 김96ㄱ,"김훈의 첫 소설집. 2003년 여름부터 2006년 봄 사이에 쓴 단편들을 묶었다. 첫 단편이자 이상문학상 수상작인 '화장', 2005년 황순원 문학상을 수상한 '언니의 폐경'을 포함하여 모두 여덟 편의 소설이 수록되어 있다. <빗살무늬토기의 추억>, <칼의 노래>, <현의 노래> 등 앞서 발표한 장편소설들 달리, <강산무진>에 실린 단편들은 당대를 대상으로 한 소설적 상상력을 보여준다.",2006-04-17,https://image.aladin.co.kr/product/64/31/coversum/8954601383_2.jpg,국내도서>소설/시/희곡>한국소설>2000년대 이후 한국소설
나는 여기가 좋다,한창훈,문학동네,대덕소프트웨어마이스터고등학교,EM00011258,813.6 한82ㄴ c.2,"한창훈의 다섯번째 소설집. 바다와 섬에서 살아가는 서민들의 삶을 진솔하게 그린 여덟 편의 단편을 묶었다. 작가는 근본적인 선량함을 간직하고 있는 인물들과 그들의 맛깔스러운 사투리, 곳곳에 드러나는 해학적인 장면들과 작품 전체를 관통하는 따스한 온기를 통해 어둡고 힘든 현실을 오히려 밝고 따뜻하게 풀어낸다.",2009-01-28,https://image.aladin.co.kr/product/317/5/coversum/8954607616_1.jpg,국내도서>소설/시/희곡>한국소설>2000년대 이후 한국소설
달려라  아비,김애란,창비,대덕소프트웨어마이스터고등학교,EM00009302,813.6 김63ㄷ,"스물다섯의 나이로 등단해 각종 상을 최연소로 휩쓸고, 문단은 물론 두터운 독자층의 사랑을 듬뿍 받아온 김애란의 첫 소설집 달려라, 아비가 새롭게 단장한 모습으로 돌아왔다.",2019-09-25,https://image.aladin.co.kr/product/20899/80/coversum/8936438026_1.jpg,국내도서>소설/시/희곡>한국소설>2000년대 이후 한국소설
달려라  아비,김애란,창비,대덕소프트웨어마이스터고등학교,EM00011780,813.6 김63ㄷ c.2,"스물다섯의 나이로 등단해 각종 상을 최연소로 휩쓸고, 문단은 물론 두터운 독자층의 사랑을 듬뿍 받아온 김애란의 첫 소설집 달려라, 아비가 새롭게 단장한 모습으로 돌아왔다.",2019-09-25,https://image.aladin.co.kr/product/20899/80/coversum/8936438026_1.jpg,국내도서>소설/시/희곡>한국소설>2000년대 이후 한국소설
달콤한 호두과자,크리스티나 진,예담,대덕소프트웨어마이스터고등학교,EM00009304,814.6 진877ㄷ,제13회 MBC창작동화대상에서 <아무도 모르는 들꽃 여행>으로 대상을 수상하면서 등단한 크리스티나 진의 성장소설. 아버지가 돌아가신 뒤 엄마와 단둘이 '달콤한 호두과자' 가게를 운영하며 호두과자 만드는 법을 배우는 마로가 소설의 주인공이다. 호두과자를 통해 가족에 대한 소중함을 일깨우는 이야기를 담고 있다.,2009-01-05,https://image.aladin.co.kr/product/300/69/coversum/8959133558_1.jpg,국내도서>소설/시/희곡>한국소설>2000년대 이후 한국소설
 신경숙 장편소설 리진 1,신경숙,문학동네,대덕소프트웨어마이스터고등학교,EM00009336,813.6 신14ㄹ v.1,,,,
당신의 조각들,타블로,문학동네,대덕소프트웨어마이스터고등학교,EM00011020,813.6 타47ㄷ c.2,타블로의 소설집 당신의 조각들 영문판. 번역과정에서 일부 살리지 못한 타블로만의 번뜩이는 문장과 분위기를 있는 그대로 담았다. 이번 영문판에는 '스트로베리 필즈 포에버' '휴식' '쥐' '우리들 세상의 벽' '안단테' 등 당신의 조각들에 등장하는 소설 10편이 모두 실려 있다.,2009-02-03,https://image.aladin.co.kr/product/311/2/coversum/8954607578_1.jpg,국내도서>소설/시/희곡>한국소설>2000년대 이후 한국소설
대학로 좀비 습격사건,구현,Human & books,대덕소프트웨어마이스터고등학교,EM00009314,813.6 구94ㄷ,"구현의 첫 번째 장편소설. 좀비라는 소재와 대학로라는 공간적 배경을 결합시켜 만든 소설로, 대학로에 좀비 떼가 나타나면서 벌어진 일대 난동극을 그리고 있다. 좀비 소설 고유의 잔인한 공포와 하드고어적인 살육 과정에 집중하는 대신, 기상천외한 상상력과 곳곳에 배치한 유머의 장치들로 블랙코미디를 지향하는 작품이다.",2009-01-25,https://image.aladin.co.kr/product/316/52/coversum/8960780588_1.jpg,국내도서>소설/시/희곡>한국소설>2000년대 이후 한국소설
두 여자 사랑하기,빌헬름 게나찌노,창비,대덕소프트웨어마이스터고등학교,EM00009328,853 게192ㄷ,두 여자를 동시에 사랑하는 주인공의 심리적 갈등을 능청스럽고 재기발랄한 유머 감각으로 그려낸 장편소설. 규격화된 현대 문명 속에서 규칙과 질서로 환원할 수 없는 사랑의 본질을 포착한 작품이다. 2004년 게오르크 뷔히너 상을 수상한 독일 작가 빌헬름 게나찌노는 <두 여자 사랑하기>로 국내에 처음 소개된다.,2006-06-30,https://image.aladin.co.kr/product/66/73/coversum/8936471155_1.jpg,국내도서>소설/시/희곡>독일소설
문법은 아름다운 노래,에릭 오르세나,media2.0,대덕소프트웨어마이스터고등학교,EM00009360,863 오297ㅁ,"아카데미 프랑세즈 회원이자 공쿠르 상 수상자, 미테랑 대통령의 연설문 대필자를 지낸 '프랑스의 지성' 에릭 오르세나. 그가 현대 언어 교육을 유쾌하게 풍자하는 한 편의 소설을 썼다. 효율이라는 이름 하에 망가지는 언어의 위기를 날카롭게 포착함과 동시에, 언어를 풍요롭고 올바르게 가꾸기 위한 대안을 제시한다.",2006-08-30,https://image.aladin.co.kr/product/68/14/coversum/8990739454_1.jpg,국내도서>소설/시/희곡>프랑스소설
밤은 노래한다,김연수,문학과지성사,대덕소프트웨어마이스터고등학교,EM00009761,813.6 김64ㅂ c.3,김연수의 세번째 역사소설. 역사의 소용돌이로부터 한 발 떨어진 채 일상을 살아가던 한 남자가 어느 날 연인이 죽기 직전 보내온 한 장의 편지를 받으면서 역사의 한가운데로 걸어들어가게 되는 밤은 노래한다는 우리를 1930년대 초반 북간도로 이끈다.,2016-04-17,https://image.aladin.co.kr/product/7492/7/coversum/8954640176_1.jpg,국내도서>소설/시/희곡>한국소설>2000년대 이후 한국소설
밤은 노래한다,김연수,문학과지성사,대덕소프트웨어마이스터고등학교,EM00010775,813.6 김64ㅂ c.4,김연수의 세번째 역사소설. 역사의 소용돌이로부터 한 발 떨어진 채 일상을 살아가던 한 남자가 어느 날 연인이 죽기 직전 보내온 한 장의 편지를 받으면서 역사의 한가운데로 걸어들어가게 되는 밤은 노래한다는 우리를 1930년대 초반 북간도로 이끈다.,2016-04-17,https://image.aladin.co.kr/product/7492/7/coversum/8954640176_1.jpg,국내도서>소설/시/희곡>한국소설>2000년대 이후 한국소설
베니스의 개성상인 1  물의 도시로,오세영,예담출판사,대덕소프트웨어마이스터고등학교,EM00009385,813.6 오54ㅂ v.1,"16세기에 유럽에 실재했던 안토니오 코레아라는 인물이 주인공으로 등장하는 소설이다. 조선인으로 알려진 안토니오 코레아가 16세기 유럽을 무대로 진정한 상도를 실천하며 무궁한 활약을 펼치는 내용인데, 사실과 허구의 결합, 팩트와 픽션이 교차하면서 스토리를 이끄는 형식으로 역사소설 중에서 팩션에 해당한다.",2023-02-20,https://image.aladin.co.kr/product/30882/14/coversum/8976045084_1.jpg,국내도서>소설/시/희곡>역사소설>한국 역사소설
베니스의 개성상인 2  한복을 입은 남자,오세영,예담출판사,대덕소프트웨어마이스터고등학교,EM00009386,813.6 오54ㅂ v.2,"16세기에 유럽에 실재했던 안토니오 코레아라는 인물이 주인공으로 등장하는 소설이다. 조선인으로 알려진 안토니오 코레아가 16세기 유럽을 무대로 진정한 상도를 실천하며 무궁한 활약을 펼치는 내용인데, 사실과 허구의 결합, 팩트와 픽션이 교차하면서 스토리를 이끄는 형식으로 역사소설 중에서 팩션에 해당한다.",2023-02-20,https://image.aladin.co.kr/product/30882/22/coversum/8976045092_1.jpg,국내도서>소설/시/희곡>역사소설>한국 역사소설
붉은 브라질,장 크리스토프 뤼팽,작가정신,대덕소프트웨어마이스터고등학교,EM00009397,863 뤼893ㅂ,"2001년 프랑스 공쿠르 상을 받은 장편소설 <붉은 브라질>이 출간되었다. 프랑스의 브라질 침략에 관한 실화와 전설을 솜씨 좋게 버무린 이 소설은, 16세기 중반 브라질 과나바라 만에서 일어난 음모와 배반, 광신과 잔학의 역사를 이야기한다. 인간과 자연, 유럽 문명과 인디오 세계의 대립을 역동적으로 되살리며 야욕과 좌절, 모험과 공포, 긴장과 흥분으로 가득했던 500년 전 브라질 정글 속으로 이끄는 작품.",2005-09-10,https://image.aladin.co.kr/product/58/33/coversum/8972882593_1.jpg,국내도서>소설/시/희곡>프랑스소설
세 가지 소원   작가가 아끼는 이야기 모음,박완서,마음산책,대덕소프트웨어마이스터고등학교,EM00010551,813.6 박65ㅅ c.3,작가 박완서가 공들여 쓴 짧은 이야기들을 한 권에 담았다. 등단 직후인 1970년대 초부터 썼던 '다이아몬드'부터 최근작 '세 가지 소원'까지 10편의 이야기가 수록되어 있다. 이 책에 수록된 10편의 이야기들은 모두 이웃집 할머니가 들려주는 옛날이야기처럼 다정하고 따뜻하게 느껴지는 작품들이다.,2009-02-20,https://image.aladin.co.kr/product/330/23/coversum/8960900524_1.jpg,국내도서>소설/시/희곡>한국소설>2000년대 이후 한국소설
세 가지 소원   작가가 아끼는 이야기 모음,박완서,마음산책,대덕소프트웨어마이스터고등학교,EM00009426,813.6 박65ㅅ,작가 박완서가 공들여 쓴 짧은 이야기들을 한 권에 담았다. 등단 직후인 1970년대 초부터 썼던 '다이아몬드'부터 최근작 '세 가지 소원'까지 10편의 이야기가 수록되어 있다. 이 책에 수록된 10편의 이야기들은 모두 이웃집 할머니가 들려주는 옛날이야기처럼 다정하고 따뜻하게 느껴지는 작품들이다.,2009-02-20,https://image.aladin.co.kr/product/330/23/coversum/8960900524_1.jpg,국내도서>소설/시/희곡>한국소설>2000년대 이후 한국소설
사랑후에 오는것들,츠지히토나리,소담,대덕소프트웨어마이스터고등학교,EM00009410,833.6 츠78ㅅ,"이세영, 사카구치 겐타로 주연 쿠팡플레이 오리지널 시리즈 사랑 후에 오는 것들 원작 소설. 공지영, 츠지 히토나리. 한일의 두 남녀 작가가 바다를 사이에 두고 남녀 주인공의 시선으로 써 내려간, 가슴 아프고 섬세한 사랑 이야기이다.",2024-08-15,https://image.aladin.co.kr/product/34536/29/coversum/k862932058_2.jpg,국내도서>소설/시/희곡>일본소설>1950년대 이후 일본소설
사랑후에 오는것들,츠지히토나리,소담,대덕소프트웨어마이스터고등학교,EM00010783,833.6 츠78ㅅ c.2,"이세영, 사카구치 겐타로 주연 쿠팡플레이 오리지널 시리즈 사랑 후에 오는 것들 원작 소설. 공지영, 츠지 히토나리. 한일의 두 남녀 작가가 바다를 사이에 두고 남녀 주인공의 시선으로 써 내려간, 가슴 아프고 섬세한 사랑 이야기이다.",2024-08-15,https://image.aladin.co.kr/product/34536/29/coversum/k862932058_2.jpg,국내도서>소설/시/희곡>일본소설>1950년대 이후 일본소설
엄마의 말뚝,박완서,세계사,대덕소프트웨어마이스터고등학교,EM00009512,813.6 박65ㅇ,"한국 현대 소설의 대표 단편작을 뽑아 한국어.영어로 동시 수록한 '바이링궐 에디션'. 엄마의 말뚝 연작은 한 소녀의 성장 과정을 그린 성장소설이면서, 한국 사회가 걸어온 지난 시절을 충실하게 재현한 사실주의의 성격을 동시에 지니고 있다.",2012-07-25,https://image.aladin.co.kr/product/1849/71/coversum/8994006214_1.jpg,국내도서>소설/시/희곡>한국소설>2000년대 이전 한국소설
엄마를 부탁해,신경숙,창비,대덕소프트웨어마이스터고등학교,EM00009510,813.6 신14ㅇ c.2,"2011년 맨 아시아 문학상 수상작으로, 신경숙의 8번째 장편소설이다. 2007년 겨울부터 2008년 여름까지「창작과비평」에 연재된 작품이다. 지하철역에서 아버지의 손을 놓치고 실종된 어머니의 흔적을 추적하면서 기억을 복원하는 과정을 그렸다. 각 장은 전단지를 붙이고 광고를 내면서 엄마를 찾아 헤매는 자식들과 남편, 엄마의 시선으로 전개된다.",2008-10-24,https://image.aladin.co.kr/product/272/78/coversum/8936433679_2.jpg,국내도서>소설/시/희곡>한국소설>2000년대 이후 한국소설
외규장각 도서의 비밀  1 1,조완선,Human & Books,대덕소프트웨어마이스터고등학교,EM00009529,813.6 조65ㅇ v.1,외규장각도서를 둘러싼 미스터리를 다룬 역사추리소설. 1866년 로즈제독이 이끄는 프랑스 함대가 강화도를 공격한다. 그들은 외규장각을 불태우고 우리의 귀중한 도서를 약탈해가고. 그로부터 약 100년의 시간이 흐른 뒤 프랑스 국립도서관에서 일하던 박병선 박사가  직지심체요절를 발견해 구텐베르크보다 우리의 금속인쇄술이 더 오래되었음을 밝힌다.,2008-06-02,https://image.aladin.co.kr/product/216/91/coversum/8960780375_1.jpg,국내도서>소설/시/희곡>추리/미스터리소설>한국 추리/미스터리소설
적벽대전 2,스제펑,북스토리,대덕소프트웨어마이스터고등학교,EM00009578,823.7 스74ㅈ v.2,"영화 [적벽대전]의 원작소설. 삼국지의 적벽대전에 예술적 픽션을 가미하여 파란만장하고 극적인 상황을 재창조했다. 영웅의 기개로 전쟁을 승리로 이끄는 주유, 신중함으로 빠르게 행동하는 손권, 추진력과 카리스마를 갖춘 조조, 지략으로 하늘을 움직이는 제갈량 등 난세의 영웅들의 세기의 지략 대결을 담았다.",2009-02-01,https://image.aladin.co.kr/product/310/79/coversum/8993480117_1.jpg,국내도서>소설/시/희곡>중국소설
칼,이외수,해냄출판사,대덕소프트웨어마이스터고등학교,EM00009638,813.6 이65ㅋ,"1982년 이외수가 '죽기 전 마지막 작품'이라는 생각으로 그로서는 드물게도 1년이라는 최단기간 만에 완성해 낸 장편소설로, 부조리한 현실에서 연약한 인간이 어떻게 정신을 무장해야 하는가를 속도감 있는 사건전개로 풀어냈다.",2014-07-30,https://image.aladin.co.kr/product/4429/80/coversum/8965744512_1.jpg,국내도서>소설/시/희곡>한국소설>2000년대 이전 한국소설
화씨 451,레이 브래드버리,황금가지,대덕소프트웨어마이스터고등학교,EM00009692,843 브293ㅎ,미국 국립 도서 재단으로부터 미국 문학 공헌 훈장을 받은 환상 문학의 거장 레이 브래드버리의 대표작. <화성 연대기>와 함께 브래드버리의 대표작으로 평가받는 <화씨 451>은 과학 기술 발달 이면의 퇴색해 가는 정신문화를 되살리려는 사람들의 이야기를 다룬 디스토피아적 미래 소설이다.,2009-03-04,https://image.aladin.co.kr/product/342/9/coversum/8982739084_1.jpg,국내도서>소설/시/희곡>과학소설(SF)>외국 과학소설
댓글부대,장강명,은행나무,대덕소프트웨어마이스터고등학교,EM00019182,813.7 장12ㄷ c.2,"제3회 제주4.3평화문학상 수상작 장강명 장편소설. 그간 표백, 한국이 싫어서 등 사회성 짙은 소설을 써온 장강명의 소설 댓글부대는 이전 작품들보다 훨씬 더 강력한 목소리로 부박한 현실에 정면 돌파를 시도한 소설이다.",2015-11-30,https://image.aladin.co.kr/product/7073/45/coversum/s902939394_1.jpg,국내도서>소설/시/희곡>한국소설>2000년대 이후 한국소설
구르미 그린 달빛 5  홍운탁월      ,윤이수,열림원,대덕소프트웨어마이스터고등학교,EM00019314,813.6 윤68ㄱ v.5,"전 5권으로 구성된 장편소설이며, 조선시대의 역사적 배경 위에 써 내려간 픽션이다. 저자 윤이수는 '작가의 말'에서, 지난 2013년 봄날 창덕궁을 찾았다가 차마 못 다한 생이 서러운 효명 세자(본명 이영)를 만나 그의 이야기를 쓰기 시작했다고 고백한다.",2015-05-27,https://image.aladin.co.kr/product/5995/26/coversum/8970638733_2.jpg,국내도서>소설/시/희곡>로맨스소설>한국 로맨스소설
나미야 잡화점의 기적,히가시노게이고,현대문학,대덕소프트웨어마이스터고등학교,IT00009887,833.6 히12ㄴ c.7,히가시노 게이고의 가장 경이로운 대표작 『나미야 잡화점의 기적』이 국내 출간 10주년을 맞아 무선 보급판으로 발간된다. 초판 표지의 감동을 그대로 담아낸 무선판은 다소 무게감 있었던 양장판과 다르게 누구나 가볍게 들고 다니며 읽을 수 있도록 했다.,2022-12-19,https://image.aladin.co.kr/product/30768/99/coversum/k252830652_2.jpg,국내도서>소설/시/희곡>일본소설>1950년대 이후 일본소설
 1988 이상문학상 수상작품집 제12회,임철우,문학사상사,대덕소프트웨어마이스터고등학교,EM00005210,810.82 문91ㅇ,"좌익과 우익의 열병을 앓고 있는 시대의 고통을 추적한 「붉은 방」외에 추천 우수작 「지빠귀 둥지 속의 뻐꾸기」(전상국), 「꿈꾸는 시계」(문수태), 「혼잣말」(최수철, 「고산 지대」(이승우)이 함께 실려 있다.",2001-08-30,https://image.aladin.co.kr/product/6/47/coversum/8970126600_2.jpg,국내도서>소설/시/희곡>한국소설>2000년대 이후 한국소설
천지간,윤대녕,문학사상사,대덕소프트웨어마이스터고등학교,EM00005269,810.82 이52 v.20,제20회 이상문학상 수상작품집. 윤대녕의 <천지간> 등을 수록했다. 윤대녕의 작품은 그간의 윤대녕 소설과는 분명하게 차이를 보인다．'존재로부터 인간으로'라고도 말해질 수 있을 그 차이와 변화는 본질과 현실，존재와 현존을 대립적 의미망으로 놓고 각 쌍의 후자에 비해 전자를 우위에 놓던 작가적 태도를 그가 재고하기 시작했음을 알게 한다.,1996-05-01,https://image.aladin.co.kr/product/19/4/coversum/8970122044_2.jpg,국내도서>소설/시/희곡>한국소설>2000년대 이전 한국소설
아내의 상자 22,은희경,문학사상사,대덕소프트웨어마이스터고등학교,EM00005271,810.82 이52 v.22 c.2,"1998년 제22회 이상문학상 수상작. 교외카페에 앉아, 휴대전화로 집에 전화해서 숙제 안 한다고 아이들을 야단치고，읽은 책 이야기도 하고，헬스클럽이나 귀고리에 관한 이야기도 하고, 누구는 상가시세가 올라서 돈을 벌었다，아무개 교수의 교양강좌가 좋더라，듣고 울었다，등등의 얘기를 하면서 시간을 보내는 나이든 여자들을 보면서 ` 뿌리없이 떠도는 것들의 서글픔`을 느껴 썼다는 소설이다.",1998-01-25,https://image.aladin.co.kr/product/19/84/coversum/8970122842_3.jpg,국내도서>소설/시/희곡>한국소설>2000년대 이전 한국소설
 소설 목민심서 4,황인경,삼진기획,대덕소프트웨어마이스터고등학교,EM00005283,813.6 황69ㅁ v.4 c.2,,2000-05-20,https://image.aladin.co.kr/product/23/40/coversum/8972081272_1.gif,국내도서>소설/시/희곡>역사소설>한국 역사소설
 소설 목민심서 3,황인경,삼진기획,대덕소프트웨어마이스터고등학교,EM00005285,813.6 황69ㅁ v.3 c.2,,2000-05-20,https://image.aladin.co.kr/product/23/40/coversum/8972081264_1.gif,국내도서>소설/시/희곡>역사소설>한국 역사소설
새들은 제 이름을 부르며 운다 1 1,김형경,민예당,대덕소프트웨어마이스터고등학교,EM00005312,813.6 김94ㅅ v.1,"김형경의 첫 장편소설이자 1993년 제1회 국민일보 문학상을 수상한 새들은 제 이름을 부르며 운다는 정치적으로 암울했던 80년대를 거쳐, 급격하게 변화한 환경과 자기 한계에 부딪힌 젊은이들의 이야기를 그린 작품이다.",2012-10-19,https://image.aladin.co.kr/product/2047/59/coversum/8998280019_1.jpg,국내도서>소설/시/희곡>한국소설>2000년대 이후 한국소설
가면을 가리키며 걷기,김연수,세계사,대덕소프트웨어마이스터고등학교,EM00005316,813.6 김64ㄱ,"제3회 작가세계 문학상 수상작. 70년대생 신예로 역사와 반역사, 허구와 현실, 등장인물과 작가의 벽이 무너지고, 이야기는 뒤로 숨고 작가의 의도가 전면에 나타나는 등 새로운 소설미학을 과감히 펼쳐 보이는 `환상소설`이다....",1994-03-01,https://image.aladin.co.kr/product/0/30/coversum/8933800522_1.jpg,국내도서>소설/시/희곡>한국소설>2000년대 이전 한국소설
어둠의 저편,무라카미 하루키,문학사상,대덕소프트웨어마이스터고등학교,EM00005359,833.6 하296ㅇ,"무라카미 하루키의 최신작 <어둠의 저편>이 출간됐다. <해변의 카프카> 이후 2년 만에 발표한 장편소설로, 데뷔 25주년을 기념하는 뜻깊은 작품이다. 기존 작품들과는 크게 다른 소설적 구조와 주제, 분위기를 보여주어, 하루키 문학의 전환점이 되는 작품이라 평가받는다.",2005-05-26,https://image.aladin.co.kr/product/56/62/coversum/8970126686_2.jpg,국내도서>소설/시/희곡>일본소설>1950년대 이후 일본소설
삼대,염상섭,소담출판사,대덕소프트웨어마이스터고등학교,EM00005501,813.6 염52ㅅ c.2,우리 문학사의 주옥같은 작품을 한자리에 모은 한국문학전집이 발간되었다. 책은 그 세 번째로 한국 근대 장편소설의 대표작으로 꼽히는 염상섭의 <삼대>. 1930년대 서울의 중산층 가족사를 통해 들여다본 우리 근대의 자화상을 담은 작품이다.,2004-12-03,https://image.aladin.co.kr/product/53/3/coversum/8932015554_2.jpg,국내도서>소설/시/희곡>한국소설>2000년대 이전 한국소설
왕건 2  왕조 창업 2,신봉승,해냄,대덕소프트웨어마이스터고등학교,EM00005585,813.6 신45ㅇ v.2,,,,
모차르트 1  대마법사,크리스티앙 자크,문학동네,대덕소프트웨어마이스터고등학교,EM00003371,863 자828ㅁ v.1 c.2,"<람세스>의 작가 크리스티앙 자크가 모차르트 탄생 250주년에 발표한 4부작 전기소설. 인류 역사상 가장 위대한 천재이자 음악가로 꼽히는 모차르트를 '고대 이집트 비전의 명맥을 이어간 비범한 신비주의 예술가'로 설정, 그의 프리메이슨적 면모를 조망한다.",2007-03-09,https://image.aladin.co.kr/product/88/98/coversum/8954602673_1.jpg,국내도서>소설/시/희곡>프랑스소설
달콤한 나의 도시,정이현,문학과 지성사,대덕소프트웨어마이스터고등학교,EM00009303,813.6 정68ㄷ c.2,"소설가 정이현이 등단 이후 첫 장편소설. 직장생활 7년차, 서른한 살 '오은수'를 중심으로, 도시에 거주하는 미혼 여성들의 일과 연애, 친구와 가족, 그리고 결혼에 대한 이야기가 감각적인 필치로 그려진다. 「조선일보」에 연재되었던 작품을 묶은 것으로 권신아의 삽화를 함께 실었으며, 2008년 현재 동명 드라마가 SBS TV에서 방영 중이다.",2006-07-24,https://image.aladin.co.kr/product/67/39/coversum/8932017158_3.jpg,국내도서>소설/시/희곡>한국소설>2000년대 이후 한국소설
장미의 이름 상,움베르토 에코,열린책들,대덕소프트웨어마이스터고등학교,EM00010586,883.6 에825ㅈ v.상,"움베르토 에코의 출세작. 모종의 임무를 띄고 14세기 중세 이탈리아의 한 수도원에 잠입한 영국의 수도사 윌리엄을 주인공으로 한 추리소설. 봉건제의 어둠 속에서 근대정신이 희미하게 비춰지던 14세기의 철학, 풍습, 문화, 건축 등에 대한 해박한 지식을 배경으로 근대의 산물인 합리적 추리를 전개해 나간다.",2002-10-10,https://image.aladin.co.kr/product/24/19/coversum/8932906750_2.jpg,국내도서>소설/시/희곡>추리/미스터리소설>기타국가 추리/미스터리소설
내 생애의 아이들,가브리엘 루아,현대문학,대덕소프트웨어마이스터고등학교,EM00002883,863 루61ㄴ c.2,"가난한 집 몇채가 고작인 쓸쓸한 마을이지만, 푸르른 자연과 그보다 더 푸른 아이들에 둘러싸인 그녀는 외롭지 않다. '학교'라는 낯선 세상에 첫발을 내딛는 아이들의 모습도 각양각색. 어떤 아이들은 부모와 떨어지지 않으려 버둥거리고, 세상에서 가장 명랑한 아이는 깡충깡충 뛰며 책상으로 향한다. 아이들 하나하나의 묘사가 그림처럼 아름다우면서도 현실감이 넘친다.",2003-07-08,https://image.aladin.co.kr/product/42/27/coversum/8972752649_2.jpg,국내도서>소설/시/희곡>세계의 소설>기타 국가 소설
별을 담은 배,무라야마유카,이레,대덕소프트웨어마이스터고등학교,EM00000260,833.6 무231ㅂ,"제129회 나오키상 수상작. 일본 문학 번역의 대가 김난주 번역가의 재번역이 더해져 더욱 완성도를 높여 재출간됐다. 무라야마 유카의 장편소설로, 여섯 편의 이야기들이 연작소설의 형식을 취하면서 '미즈시마 가(家)'의 비밀스러운 가족사를 드라마틱하게 펼쳐진다.",2014-05-15,https://image.aladin.co.kr/product/4072/61/coversum/8927409833_1.jpg,국내도서>소설/시/희곡>일본소설>1950년대 이후 일본소설
무기여 잘 있거라 노인과 바다,헤밍웨이,육문사,대덕소프트웨어마이스터고등학교,EM00000268,843 헤39ㅁ,"'세계문학전집' 97권. 퓰리처상, 노벨문학상 수상자이자 '잃어버린 세대' 로스트 제너레이션의 대표적 작가 헤밍웨이의 대표작을 모았다. 불굴의 인간 표상 '노인과 바다', 전쟁과 인간 그 부조리의 비극을 그린 '무기여 잘 있거라', 결코 닿을 수 없는 이상향 '킬리만자로의 눈', 잃어버린 세대의 슬픈 자화상 '해는 또다시 떠오른다' 네 편이 수록되어 있다.",2017-03-20,https://image.aladin.co.kr/product/10682/36/coversum/8949715627_2.jpg,국내도서>소설/시/희곡>영미소설
검은 바람,임치균,태학사,대덕소프트웨어마이스터고등학교,IT00009374,813.6 임86ㄱ,,2005-04-30,https://image.aladin.co.kr/product/56/19/coversum/8976269837_1.jpg,국내도서>소설/시/희곡>한국소설>2000년대 이후 한국소설
셰익스피어 4대 비극,윌리엄 셰익스피어,아름다운날,대덕소프트웨어마이스터고등학교,IT00009432,842 셰68ㅅ c.2,"인간의 고통에 대한 가장 원숙하고도 냉혹한 성찰, 셰익스피어 4대 비극의 비극. 햄릿, 오셀로, 맥베스, 리어왕 총 4권으로 구성되었다.",2012-11-06,https://image.aladin.co.kr/product/2090/86/coversum/s402638427_1.jpg,국내도서>소설/시/희곡>희곡>외국희곡
죄와 벌 상,표도르 도스또예프스끼,열린책들,대덕소프트웨어마이스터고등학교,IT00009433,892.8 도57ㅈ v.상,"러시아 소설가 도스토예프스키의 대표작. 급박한 상황 속에서 속기사인 안나 그리고리예브나의 도움으로 1866년 1월부터 12월에 걸쳐 '러시아 통보'에 연재된 뒤, 1867년에 약간을 수정을 거쳐 단행본으로 출판되었다. 작가로서 명실공히 도스또예프스끼의 명성을 확고하게 만든 후기 5대 장편 가운데 첫 작품이다.",2009-12-15,https://image.aladin.co.kr/product/599/13/coversum/8932909156_1.jpg,국내도서>소설/시/희곡>러시아소설
파리대왕 8,월리엄 골딩,문예,대덕소프트웨어마이스터고등학교,EM00007063,843 골28ㅍ,,,,
그 남자 264,고은주,문학세계사,대덕소프트웨어마이스터고등학교,IT00010961,813.7 고67ㄱ,"'오늘의 작가상' 수상작가 고은주 장편소설. 소설은 이렇게 시작된다. '그의 이름은 이육사라고 했다. 혹은 이원록, 이원삼 또는 이활. 무엇으로 불리든 그는 264였다. 수인 번호 이백육십사, 이육사.'",2019-07-09,https://image.aladin.co.kr/product/19692/7/coversum/8970759174_2.jpg,국내도서>소설/시/희곡>한국소설>2000년대 이후 한국소설
나무의 언어,귀도 미나 디 소스피로,설렘,대덕소프트웨어마이스터고등학교,IT00010980,843 소57ㄴ,"주목의 탄생에서부터 오늘날에 이르기까지의 굉장히 긴 시간을 담고 있다. 어린 시절의 주목은 벌레들과 사슴들과 이야기를 나누고, 어머니 나무가 생을 마쳤을 때 그녀는 30년간 애도에 잠긴 채 성장을 멈춘다.",2021-06-15,https://image.aladin.co.kr/product/27564/11/coversum/k642733916_3.jpg,국내도서>소설/시/희곡>세계의 소설>이탈리아소설
알렉산드로스 2  아몬의 해변,발레리오 마시모 만프레디,들녘,대덕소프트웨어마이스터고등학교,EM00000360,883 만848ㅇ c.2,,2004-07-23,https://image.aladin.co.kr/product/50/69/coversum/897527442x_1.gif,국내도서>소설/시/희곡>역사소설>외국 역사소설
희망을 날리는 아이들,안의정,밝은세상,대덕소프트웨어마이스터고등학교,EM00000389,813.6 안68ㅎ,"1999년 <바다로 날아간 종이 비행기>라는 제목으로 많은 독자들에게 사랑받았던 작품으로, 판형과 예쁜 삽화로 새롭게 출간했다.",2002-05-20,https://image.aladin.co.kr/product/34/94/coversum/8984370223_1.gif,국내도서>소설/시/희곡>한국소설>2000년대 이후 한국소설
풍금새 2,백기문,밝은세상,대덕소프트웨어마이스터고등학교,EM00000397,813.6 백19ㅍ,,2001-11-30,https://image.aladin.co.kr/product/30/72/coversum/8984370193_1.gif,국내도서>소설/시/희곡>한국소설>2000년대 이후 한국소설
 자선대표 작품집 해바라기,서정인,청아,대덕소프트웨어마이스터고등학교,EM00003870,813.6 서73ㅎ c.6,,1992-07-15,https://image.aladin.co.kr/product/29/50/coversum/893680216x_1.gif,국내도서>소설/시/희곡>한국소설>2000년대 이전 한국소설
이문열 세계명작산책 4  환상과 기상    ,이문열,살림,대덕소프트웨어마이스터고등학교,EM00004915,813.6 이37ㅇ c.2,"글이 막힐 때마다 젊은 시절 읽은 세계 명작의 감동을 다시 떠올리곤 한다는 작가는 세계문학사에 남을 명작 1백 편을 사랑, 죽음, 비장미 등의 각 주제별로 선정하고, 모두 1천5백 장에 이르는 작품 해설을 각각의 작품 뒤에 붙여 세계문학의 지형도를 그렸다. 이 책들은 문학적 지향점을 찾지 못한 우리 문단에 자극제가 될 만한다. －조선일보",1996-06-30,https://image.aladin.co.kr/product/22/17/coversum/8985577360_1.gif,국내도서>소설/시/희곡>영미소설
손님,황석영,창작과비평사,대덕소프트웨어마이스터고등학교,EM00000938,813.6 황53ㅅ,지은이는 1950년 황해도 신천 대학살사건을 배경으로 이땅에 들어와 엄청난 민중의 희생을 강요하고 씻을 수 없는 상흔을 남긴 이데올로기(기독교와 맑스주의)와 그 소용돌이에 휩쓸렸던 인간군상들의 원한과 해원(解怨)을 그려냈다.,2001-06-01,https://image.aladin.co.kr/product/28/0/coversum/8936433415_1.jpg,국내도서>소설/시/희곡>한국소설>2000년대 이후 한국소설
사랑을 선택하는 특별한 기준 2,김형경,문이당,대덕소프트웨어마이스터고등학교,EM00000939,813.6 김94ㅅ v.2,"김형경의 장편소설. 진실한 사랑에 눈떠가는 카피라이터 인혜와 진짜 내 마음을 찾아가는 건축가 세진의 각자 3인칭, 1인칭의 목소리로 진솔하게 드러내는 소설이다. 소설이라기보다 삶의 해부학과 같은 우리 마음의 사용설명서라 평가 받고 있다.",2012-07-27,https://image.aladin.co.kr/product/1851/83/coversum/899677328x_1.jpg,국내도서>소설/시/희곡>한국소설>2000년대 이후 한국소설
타인에게 말 걸기,은희경,문학동네,대덕소프트웨어마이스터고등학교,EM00011648,813.6 은98ㅌ c.3,등단 이후 단 한순간도 과거의 이름으로 물러난 적 없이 전 세대를 아우르며 우리의 오늘을 그려온 소설가 은희경의 첫 소설집 『타인에게 말 걸기』를 27년 만에 새롭게 펴낸다. 등단작 「이중주」를 포함해 총 9편의 중단편이 실린 이 소설집은 가히 은희경 소설세계의 시작점이라 할 만하다.,2023-11-10,https://image.aladin.co.kr/product/32826/91/coversum/8954698042_1.jpg,국내도서>소설/시/희곡>한국소설>2000년대 이후 한국소설
 홍상화 장편소설 사랑은 길을 잃지 않는다,홍상화,문이당,대덕소프트웨어마이스터고등학교,EM00000995,813.6 홍51ㅅ c.2,,,,
여인천하 1,박종화,범우사,대덕소프트웨어마이스터고등학교,EM00001033,813.6 박75ㅇ,,,,
축제,이청준,열림원,대덕소프트웨어마이스터고등학교,EM00001071,813.6 이82ㅊ,"이청준 전집 27권. 이청준의 모친은 작가의 고향인 전남 장흥에서 미수(米壽)를 한 해 앞둔 87세로 사망했다(1994). 총 7장으로 구성된 소설의 차례가 오롯이 가리키듯, 장편 축제(1996)는 작가가 팔순 노모의 장례를 치른 이야기를 토대로 한 소설이다.",2016-01-04,https://image.aladin.co.kr/product/7469/38/coversum/8932021074_1.jpg,국내도서>소설/시/희곡>한국소설>2000년대 이전 한국소설
알렉산드로스 2  아몬의 해변,발레리오 마시모 만프레디,들녘,대덕소프트웨어마이스터고등학교,EM00001203,883 만848ㅇ,,2004-07-23,https://image.aladin.co.kr/product/50/69/coversum/897527442x_1.gif,국내도서>소설/시/희곡>역사소설>외국 역사소설
셜록 홈즈 전집 6  셜록 홈즈의 회상록,아서 코난 도일,황금가지,대덕소프트웨어마이스터고등학교,EM00001222,843.608 도69ㅅ,"<셜록 홈즈의 회상록>엔 특기할만한 점이 두 가지 있다. '그리스 어 통역관'에서 홈즈 본인보다 더 인기 있다고도 말해지는 홈즈의 친형, 마이크로프트 홈즈가 처음 등장하며, '마지막 사건'에선 숙적 모리어티 교수와의 대결 끝에 홈즈가 폭포에 빠져 죽는 것으로 처리되는 점이 바로 그것.",2002-05-10,https://image.aladin.co.kr/product/34/82/coversum/8982734066_2.jpg,국내도서>소설/시/희곡>추리/미스터리소설>영미 추리/미스터리소설
깃털이 전해준 선물,니키 싱어,에코리브르,대덕소프트웨어마이스터고등학교,EM00001452,843.6 싱63ㄱ,"부모의 이혼으로 엄마와 함께 생활하는 소심하고 나약하고 친구도 없는 열 두 살 왕따 소년 로버트. 그는 멍청이, 얼간이, 벨도 없는 '노(no)버트'로 불린다. 책은 노버트가 이 모든 것을 극복하고 용기 있는 건강한 아이로 새롭게 태어나는 과정을 흥미진진하게 그려냈다.",2003-04-18,https://image.aladin.co.kr/product/41/6/coversum/8990048176_1.gif,국내도서>소설/시/희곡>영미소설
몽고반점,한강,문학사상사,대덕소프트웨어마이스터고등학교,EM00002316,813.608 외91ㅁ c.2,"한 해 동안 발표된 중단편소설을 결산하는 이상문학상 작품집. 2005년 대상 수상작으로 한강의 '몽고반점'이 선정됐다. 1970년대 생 작가로서는 첫 번째 수상이며, 아버지 한승원(1988년 '해변의 길손'으로 수상)에 이어 부녀 2대가 수상하는 기록을 세웠다.",2005-01-20,https://image.aladin.co.kr/product/53/83/coversum/8970126740_3.jpg,국내도서>소설/시/희곡>한국소설>2000년대 이후 한국소설
종소리,신경숙,문학동네,대덕소프트웨어마이스터고등학교,EM00009595,813.6 신14ㅈ c.2,"2002년 출간되었던 신경숙의 다섯번째 소설집 『종소리』가 새 장정으로 선보인다. 10년, 적지 않은 시간을 두고 다시 읽는 소설들은, 그 시간의 힘까지 더해, 더욱 깊숙이 가슴을 파고든다.",2012-12-20,https://image.aladin.co.kr/product/2194/46/coversum/8954619940_1.jpg,국내도서>소설/시/희곡>한국소설>2000년대 이후 한국소설
남자의 향기 1,하병무,밝은세상,대덕소프트웨어마이스터고등학교,EM00001616,813.6 하44ㄴ,,1995-09-01,https://image.aladin.co.kr/product/2/95/coversum/8985570331_1.jpg,국내도서>소설/시/희곡>한국소설>2000년대 이전 한국소설
로빙화,중자오정,양철북,대덕소프트웨어마이스터고등학교,EM00001632,823.7 중71ㄹ,1989년 대만에서 만들어진 동명 영화의 원작 소설. 임시 미술 교사인 곽운천 선생님에 의해 재능을 인정받지만 끝내 어른들의 편견과 권력 앞에 자신의 꿈을 펼쳐보지도 못하고 죽음을 맞는 고아명의 이야기다. 대만의 원로작가 중자오정은 10여 년의 침묵을 깨고 죽어서야 천재성을 인정받은 고아명의 삶을 서정적으로 표현했다.,2008-03-01,https://image.aladin.co.kr/product/196/16/coversum/8990220785_2.jpg,국내도서>청소년>청소년 문학>청소년 소설
소녀의 마음,하이타니 겐지로,양철북,대덕소프트웨어마이스터고등학교,EM00001685,833 회15ㅅ,"가스리 엄마 아빠는 이혼했다. 가스리는 누구와 가족을 해야 할까? 두 사람 모두의 가족일 수는 없을까? 엄마의 딸이기도 하고, 아빠의 딸이기도 한데. 이혼이 낯설지 않은 시대를 살고 있다. 이제는 그런 현실을 있는 그대로 받아들이며 거기서부터 우리 삶을 만들어 가야 한다. 헤어지더라도 서로 상처 주지 않고 응원하는 가족을 고민하는 독자들에게 반가운 책이다.",2024-04-03,https://image.aladin.co.kr/product/33705/65/coversum/896372431x_1.jpg,국내도서>청소년>청소년 문학>청소년 소설
그 산이 정말 거기 있었을까,박완서,웅진지식하우스,대덕소프트웨어마이스터고등학교,IT00013557,813.7 박65ㄱ c.5,"한국 문학의 거목, 박완서 작가의 대표작인 ‘소설로 그린 자화상’ 연작 『그 많던 싱아는 누가 다 먹었을까』와 『그 산이 정말 거기 있었을까』가 리커버 특별판으로 독자들을 찾아왔다. ‘2025서울국제도서전’을 뜨겁게 달군 사진작가 이옥토의 작품으로 표지를 갈아입고 장정을 새롭게 꾸며, 그 치열하고도 아름다운 기억의 공간을 지금 이곳으로 되살린다.",2025-08-18,https://image.aladin.co.kr/product/36931/16/coversum/8901296918_2.jpg,국내도서>소설/시/희곡>한국소설>2000년대 이후 한국소설
그 산이 정말 거기 있었을까,박완서,웅진지식하우스,대덕소프트웨어마이스터고등학교,IT00013558,813.7 박65ㄱ c.6,"한국 문학의 거목, 박완서 작가의 대표작인 ‘소설로 그린 자화상’ 연작 『그 많던 싱아는 누가 다 먹었을까』와 『그 산이 정말 거기 있었을까』가 리커버 특별판으로 독자들을 찾아왔다. ‘2025서울국제도서전’을 뜨겁게 달군 사진작가 이옥토의 작품으로 표지를 갈아입고 장정을 새롭게 꾸며, 그 치열하고도 아름다운 기억의 공간을 지금 이곳으로 되살린다.",2025-08-18,https://image.aladin.co.kr/product/36931/16/coversum/8901296918_2.jpg,국내도서>소설/시/희곡>한국소설>2000년대 이후 한국소설
그 산이 정말 거기 있었을까,박완서,웅진지식하우스,대덕소프트웨어마이스터고등학교,IT00013567,813.7 박65ㄱ c.15,"한국 문학의 거목, 박완서 작가의 대표작인 ‘소설로 그린 자화상’ 연작 『그 많던 싱아는 누가 다 먹었을까』와 『그 산이 정말 거기 있었을까』가 리커버 특별판으로 독자들을 찾아왔다. ‘2025서울국제도서전’을 뜨겁게 달군 사진작가 이옥토의 작품으로 표지를 갈아입고 장정을 새롭게 꾸며, 그 치열하고도 아름다운 기억의 공간을 지금 이곳으로 되살린다.",2025-08-18,https://image.aladin.co.kr/product/36931/16/coversum/8901296918_2.jpg,국내도서>소설/시/희곡>한국소설>2000년대 이후 한국소설
달러구트 꿈 백화점 2,이미예,팩토리나인,대덕소프트웨어마이스터고등학교,IT00013594,813.7 이38ㄷ v.2,"어느덧 페니가 달러구트 꿈 백화점에서 일한 지도 1년이 넘었다. 꿈 산업 종사자로 인정을 받아야만 드나들 수 있는 ‘컴퍼니 구역’에도 가게 된 페니는 기쁜 마음을 감출 수 없다. 하지만 그곳에서 페니를 기다리고 있는 건, 꿈에 대한 불만을 털어놓는 사람들로 가득한 ‘민원관리국’이었다.",2021-07-27,https://image.aladin.co.kr/product/27587/47/coversum/k962733015_2.jpg,국내도서>소설/시/희곡>판타지/환상문학>한국판타지/환상소설
불편한 편의점,김호연,나무옆의자,대덕소프트웨어마이스터고등학교,IT00014603,813.7 김95ㅂ c.6,,2021-04-20,https://image.aladin.co.kr/product/29045/74/coversum/k192836746_2.jpg,국내도서>소설/시/희곡>한국소설>2000년대 이후 한국소설
오늘 밤  세계에서 이 사랑이 사라진다 해도,이치조 미사키,모모,대덕소프트웨어마이스터고등학교,IT00013692,833.6 이86ㅇ c.2,제26회 전격소설대상 ‘미디어워크스문고상’ 수상작. 밤에 자고 일어나면 기억이 리셋되는 ‘선행성 기억상실증’을 앓는 소녀 히노 마오리와 무미건조한 인생을 살고 있는 평범한 고등학생 가미야 도루의 풋풋하고 애틋한 사랑 이야기를 담았다.,2021-06-21,https://image.aladin.co.kr/product/27407/79/coversum/k362732558_3.jpg,국내도서>소설/시/희곡>일본소설>1950년대 이후 일본소설
소년이 온다,한강,창비,대덕소프트웨어마이스터고등학교,EM00019455,813.6 한12ㅅ,섬세한 감수성과 치밀한 문장으로 인간 존재의 본질을 탐구해온 작가 한강의 여섯번째 장편소설. '상처의 구조에 대한 투시와 천착의 서사'를 통해 한강만이 풀어낼 수 있는 방식으로 1980년 5월을 새롭게 조명한다.,2014-05-19,https://image.aladin.co.kr/product/4086/97/coversum/8936434128_2.jpg,국내도서>소설/시/희곡>한국소설>2000년대 이후 한국소설
소년이 온다,한강,창비,대덕소프트웨어마이스터고등학교,EM00019456,813.6 한12ㅅ c.2,섬세한 감수성과 치밀한 문장으로 인간 존재의 본질을 탐구해온 작가 한강의 여섯번째 장편소설. '상처의 구조에 대한 투시와 천착의 서사'를 통해 한강만이 풀어낼 수 있는 방식으로 1980년 5월을 새롭게 조명한다.,2014-05-19,https://image.aladin.co.kr/product/4086/97/coversum/8936434128_2.jpg,국내도서>소설/시/희곡>한국소설>2000년대 이후 한국소설
칼의 노래,김훈,문학동네,대덕소프트웨어마이스터고등학교,EM00019508,813.6 김96ㅋ c.3,"2001년 동인문학상 수상작. 작가 김훈은 소설 칼의 노래를 통해 공동체와 역사에 책임을 져야 할 위치에 선 자들이 지녀야 할 윤리, 사회 안에서 개인이 가질 수 있는 삶의 태도, 문(文)의 복잡함에 대별되는 무(武)의 단순미, 4백 년이라는 시간 속에서도 달라진 바 없는 한국 문화의 혼미한 정체성을 이야기 한다.",2012-01-05,https://image.aladin.co.kr/product/1462/87/coversum/8954617247_1.jpg,국내도서>소설/시/희곡>역사소설>한국 역사소설
새벽거리에서,하가시노 게이고,재인,대덕소프트웨어마이스터고등학교,EM00012328,830 게68ㅅ c.3,,,,
다빈치 코드1 1,댄 브라운,베텔스만,대덕소프트웨어마이스터고등학교,EM00012340,843 브886다 v.1,"전 세계 8,000만 부라는 경이적인 판매 기록을 세운 초대형 베스트셀러 다빈치 코드의 저자 댄 브라운이 6년 만에 펴낸 신작. 상징과 암호로 둘러싸인 미국의 수도 워싱턴 D.C.를 중심으로 도시 곳곳에 숨겨진 비밀 결사조직 '프리메이슨'의 놀라운 비밀을 파헤치며 12시간의 숨 가쁜 모험이 펼쳐진다.",2009-12-01,https://image.aladin.co.kr/product/579/63/coversum/8983923385_1.jpg,국내도서>소설/시/희곡>추리/미스터리소설>영미 추리/미스터리소설
노블레스,손제호,드림북스,대덕소프트웨어마이스터고등학교,EM00012529,810 손74ㄴ c.2,2007년부터 2018년까지 장장 11년간 인기리에 연재한 웹툰 『노블레스』의 개정판. 노련한 스토리와 능청맞은 개그를 구사하는 손제호 작가와 세련된 주인공을 탄생시키고 액션 장면을 시원하고 우아하게 뽐내는 이광수 작가의 환상적인 호흡으로 국내에서 최고의 인기를 유지한 작품이다.,2018-12-21,https://image.aladin.co.kr/product/17746/51/coversum/k292534127_1.jpg,국내도서>만화>인터넷 연재 만화
올리버 트위스트 2 20,찰스 디킨스,신원문화사,대덕소프트웨어마이스터고등학교,EM00012438,843 디878ㅇ v.2-20,,2003-07-20,https://image.aladin.co.kr/product/42/37/coversum/8935911283_2.jpg,국내도서>소설/시/희곡>영미소설
나무2 베르베르 독자들이 쓴  2,강창모,열린책들,대덕소프트웨어마이스터고등학교,EM00012461,813.6 외12ㄴ v.2,"베르나르 베르베르의 독자들이 쓴 환상적인 이야기 모음집. 베르베르의 <나무>를 모티프로 한 '나무 2 문예공모' 당선집이다. '베르베르 식 기발한 과학적 상상력의 확산'을 취지로 한 문예공모가 2003년 10월부터 두 달 동안 진행되었는데, 여기에 응모한 글 수가 무려 286편.",2004-02-20,https://image.aladin.co.kr/product/46/80/coversum/8932905428_1.gif,국내도서>소설/시/희곡>판타지/환상문학>한국판타지/환상소설
다빈치 코드2 2,댄 브라운,베텔스만,대덕소프트웨어마이스터고등학교,EM00012466,843 브886다 v.2,"전 세계 8,000만 부라는 경이적인 판매 기록을 세운 초대형 베스트셀러 다빈치 코드의 저자 댄 브라운이 6년 만에 펴낸 신작. 상징과 암호로 둘러싸인 미국의 수도 워싱턴 D.C.를 중심으로 도시 곳곳에 숨겨진 비밀 결사조직 '프리메이슨'의 놀라운 비밀을 파헤치며 12시간의 숨 가쁜 모험이 펼쳐진다.",2009-12-01,https://image.aladin.co.kr/product/579/63/coversum/8983923393_1.jpg,국내도서>소설/시/희곡>추리/미스터리소설>영미 추리/미스터리소설
오페라의 유령,가스통 르루,문학세계사,대덕소프트웨어마이스터고등학교,EM00012492,863.6 르297ㅇ,"초등학생을 위한 세계 명작 시리즈. 다양한 세계 명작 가운데 가장 인기 있고 널리 알려진 작품만을 골라 쉽게 재구성했다. 원작의 내용을 충실하고 재미있게 간추려 새로 썼기 때문에 아이들이 부담 없이 술술 읽을 수 있고, 완역본에 대한 관심과 흥미도 자연스럽게 높일 수 있다.",2023-09-15,https://image.aladin.co.kr/product/32476/45/coversum/8965795575_1.jpg,국내도서>어린이>동화/명작/고전>세계명작
공주의 남자 1,김정민,페이퍼스토리,대덕소프트웨어마이스터고등학교,EM00012600,810 김74ㄱ v.1,"드라마 [공주의 남자]를 소설로 만난다. 왕이 되고자 하는 열망에 들뜬 수양대군이 대신 김종서를 무참히 살해한 사건, 이른바 계유정난(1453)이다. 소설은 김종서의 아들 승유와 수양대군의 딸 세령 간의 운명적인 사랑을 다루고 있다. 여기에 승유를 사랑한 단종의 누이 경혜공주, 세령을 사랑한 신숙주의 아들 신면이 엇갈린 애정구도를 형성한다.",2011-08-18,https://image.aladin.co.kr/product/1274/7/coversum/8996583413_2.jpg,국내도서>소설/시/희곡>로맨스소설>한국 로맨스소설
삶의 한가운데 28,루이제 린저,민음사,대덕소프트웨어마이스터고등학교,EM00012644,808 민68ㅅ v.28,"그녀의 <도덕의 모험>(1957년)과 함께 '니나 소설'이라고 불린다. 작가는 '니나'를 통해서 전후 독일의 암담하고 절망적인 상황에서도 참된 삶을 추구하는 여성의 한 전형을 성공적으로 보여주고 있다. 그는 이 작품을 통해 침체되어 있던 독일 문단에 새로운 활력을 불어넣었으며, 현재까지도 가장 많이 읽히는 작가가 되었다.",1999-06-25,https://image.aladin.co.kr/product/19/82/coversum/8937460289_3.jpg,국내도서>소설/시/희곡>독일소설
알레프,파올로 코엘료,문학동네,대덕소프트웨어마이스터고등학교,EM00012731,890 코64ㅇ c.2,"연금술사 브리다의 작가 파울로 코엘료의 2011년 신작. 작가의 길에 들어선 지 20여 년이 훌쩍 넘은 파울로 코엘료의 세계를 아우르는 동시에, 자신의 근본으로 회귀함으로써 새로운 출발을 알리는 작품이다. 코엘료의 고국인 브라질을 시작으로, 포르투갈, 헝가리 등 20여 국에서 출간되어 출간 첫날 즉시 베스트셀러 1위에 올라 변함없이 코엘료 신드롬을 일으켰다.",2011-09-23,https://image.aladin.co.kr/product/1303/6/coversum/8954616127_3.jpg,국내도서>소설/시/희곡>스페인/중남미소설
고역열차,나시무라 켄타,다산책방,대덕소프트웨어마이스터고등학교,EM00012756,830 켄882ㄱ,,,,
파르마의 수도원 2,스탕달,민음사,대덕소프트웨어마이스터고등학교,EM00010787,863 스882ㅍ v.2,스탕달이 고향을 떠나 많은 인생의 영욕을 겪고 난 후 만년에 쓴 작품이다. 『적과 흑』(1830)의 쥘리앵 소렐처럼 야심 많고 대담하고 도덕감이 결여된 주인공 파브리스 델 동고가 이탈리아를 배경으로 정열과 욕망을 펼치는 이야기이다.,2001-08-01,https://image.aladin.co.kr/product/28/96/coversum/8937460491_3.jpg,국내도서>소설/시/희곡>프랑스소설
마술은 속삭인다,미야베미유키,북스피어,대덕소프트웨어마이스터고등학교,EM00010850,833.6 미63ㅁ,"<모방범>, <이유>, <스텝파더 스텝>의 작가 미야베 미유키의 장편소설. 세 죽음을 둘러싼 사건의 진상에 접근해 가는 소년의 이야기를 그린 작품으로, 1989년 제2회 일본 추리서스펜스 대상을 수상했다. 북스피어에서 기획한 '미야베 월드' 시리즈의 첫 번째 책이다. 2006년 겨울부터 2007년까지, 장편소설과 단편집을 포함한 총 여덟 권의 소설이 이 시리즈를 통해 출간될 예정이다.",2006-11-03,https://image.aladin.co.kr/product/85/20/coversum/8991931138_1.jpg,국내도서>소설/시/희곡>추리/미스터리소설>일본 추리/미스터리소설
엄마의 말뚝,박완서,세계사,대덕소프트웨어마이스터고등학교,IT00009820,813.6 박65ㅇ,"한국 현대 소설의 대표 단편작을 뽑아 한국어.영어로 동시 수록한 '바이링궐 에디션'. 엄마의 말뚝 연작은 한 소녀의 성장 과정을 그린 성장소설이면서, 한국 사회가 걸어온 지난 시절을 충실하게 재현한 사실주의의 성격을 동시에 지니고 있다.",2012-07-25,https://image.aladin.co.kr/product/1849/71/coversum/8994006214_1.jpg,국내도서>소설/시/희곡>한국소설>2000년대 이전 한국소설
엄마의 말뚝,박완서,세계사,대덕소프트웨어마이스터고등학교,IT00009835,813.6 박65ㅇ c.16,"한국 현대 소설의 대표 단편작을 뽑아 한국어.영어로 동시 수록한 '바이링궐 에디션'. 엄마의 말뚝 연작은 한 소녀의 성장 과정을 그린 성장소설이면서, 한국 사회가 걸어온 지난 시절을 충실하게 재현한 사실주의의 성격을 동시에 지니고 있다.",2012-07-25,https://image.aladin.co.kr/product/1849/71/coversum/8994006214_1.jpg,국내도서>소설/시/희곡>한국소설>2000년대 이전 한국소설
엄마의 말뚝,박완서,세계사,대덕소프트웨어마이스터고등학교,IT00009836,813.6 박65ㅇ c.17,"한국 현대 소설의 대표 단편작을 뽑아 한국어.영어로 동시 수록한 '바이링궐 에디션'. 엄마의 말뚝 연작은 한 소녀의 성장 과정을 그린 성장소설이면서, 한국 사회가 걸어온 지난 시절을 충실하게 재현한 사실주의의 성격을 동시에 지니고 있다.",2012-07-25,https://image.aladin.co.kr/product/1849/71/coversum/8994006214_1.jpg,국내도서>소설/시/희곡>한국소설>2000년대 이전 한국소설
책을 지키려는 고양이,나쓰카와 소스케,아르테,대덕소프트웨어마이스터고등학교,IT00009868,833.6 소58ㅊ c.3,희귀본이 가득한 고서점을 배경으로 책을 지키려는 고양이와 외톨이 소년의 기이한 모험을 담은 소설. 따뜻한 인간애를 그리는 의사 작가로 독자들의 큰 사랑을 받은 나쓰카와 소스케가 오랜만에 선보인 작품이다.,2018-01-12,https://image.aladin.co.kr/product/27501/73/coversum/8950995921_1.jpg,국내도서>소설/시/희곡>일본소설>1950년대 이후 일본소설
천년의 질문 3,조정래,해냄,대덕소프트웨어마이스터고등학교,IT00009934,813.7 조74ㅊ v.3,'대한민국 근현대 삼부작'인 대하소설 태백산맥 아리랑 한강으로 1천 5백만 독자들에게 우리 역사의 참모습을 소설로 알린 조정래 장편소설. 21세기 현재 대한민국에서 자본과 권력에 휘말려 욕망을 키워가는 현대인들의 모습을 적나라하게 그려낸다.,2019-06-11,https://image.aladin.co.kr/product/19386/12/coversum/s482635721_1.jpg,국내도서>소설/시/희곡>한국소설>2000년대 이후 한국소설
건너간다,이인휘,창비,대덕소프트웨어마이스터고등학교,IT00009959,813.7 이68ㄱ,2016년 소설집 폐허를 보다로 노동자들의 열악한 근로환경과 억압적 정치현실을 핍진하게 그려 절절한 감동을 안겼다는 평을 받으며 심사위원 만장일치로 만해문학상을 수상한 소설가 이인휘가 12년 만에 선보이는 장편소설.,2017-02-28,https://image.aladin.co.kr/product/10363/90/coversum/893643425x_1.jpg,국내도서>소설/시/희곡>한국소설>2000년대 이후 한국소설
새참,성석제,북스토리,대덕소프트웨어마이스터고등학교,EM00003029,818 성53ㅅ c.2,"국내 소설가 16인의 신작 단편을 묶은 작품집이다. 성석제, 윤대녕, 양귀자, 이순원, 구효서, 하성란, 권지예, 이승우의 단편을 비롯, 모두 열여섯 작품을 한 자리에 모았다. 수록된 소설들의 공통분모는 특정한 소재 혹은 주제가 아닌 '재미'이다. 일상에서 벌어지는 다양한 해프닝이 유쾌하게 그려져 있다.",2006-08-09,https://image.aladin.co.kr/product/67/71/coversum/8989675642_1.jpg,국내도서>소설/시/희곡>한국소설>2000년대 이후 한국소설
구해줘,기욤 뮈소,밝은세상,대덕소프트웨어마이스터고등학교,EM00002717,863 뮈55ㄱ,"샘과 줄리에트, 그레이스와 마크 루텔리는 사랑을 지키기 위해 주어진 운명을 거부하고 현실과 싸워나간다. 화해와 용서는 어둠을 극복하고 밝고 환한 세계로 나아가고자 하는 그들이 가장 우선적으로 해결해야 할 숙제이다.",2022-01-19,https://image.aladin.co.kr/product/28692/8/coversum/8984374393_1.jpg,국내도서>소설/시/희곡>프랑스소설
새의 선물,은희경,문학동네,대덕소프트웨어마이스터고등학교,EM00002735,813 은98ㅅ,언제나 새로운 질문과 도약으로 한국문학을 이끌어온 작가 은희경의 첫 장편소설이자 제1회 문학동네소설상 수상작. 100쇄 출간을 기념해 장정을 새롭게 하고 문장과 표현을 다듬은 개정판으로 선보인다. 짧지 않은 시간 동안 작가가 작품에 쏟아부은 에너지와 열기는 27년이 지난 현재의 우리에게 여전히 생생하게 다가온다.,2022-06-03,https://image.aladin.co.kr/product/29548/60/coversum/8954687040_1.jpg,국내도서>소설/시/희곡>한국소설>2000년대 이후 한국소설
새의 선물,은희경,문학동네,대덕소프트웨어마이스터고등학교,EM00009417,813.6 은97ㅅ c.6,언제나 새로운 질문과 도약으로 한국문학을 이끌어온 작가 은희경의 첫 장편소설이자 제1회 문학동네소설상 수상작. 100쇄 출간을 기념해 장정을 새롭게 하고 문장과 표현을 다듬은 개정판으로 선보인다. 짧지 않은 시간 동안 작가가 작품에 쏟아부은 에너지와 열기는 27년이 지난 현재의 우리에게 여전히 생생하게 다가온다.,2022-06-03,https://image.aladin.co.kr/product/29548/60/coversum/8954687040_1.jpg,국내도서>소설/시/희곡>한국소설>2000년대 이후 한국소설
내 인생의 마지막 4 5초,성석제,강,대덕소프트웨어마이스터고등학교,EM00002761,813.6 성53ㄴ,"창비 '20세기 한국소설 전집' 제49권. 도시적 감수성과 속도감 있는 문체로 현대인들의 고독과 단절, 죽음에 대한 욕망, 가치 파괴의 시대를 살아가는 젊은이들의 세태 등을 그려온 작가 김영하를 비롯, 총 여섯 명 작가의 아홉 작품이 실렸다.",2006-07-10,https://image.aladin.co.kr/product/67/14/coversum/8936462598_1.jpg,국내도서>소설/시/희곡>한국소설>2000년대 이전 한국소설
인간연습,조정래,실천문학사,대덕소프트웨어마이스터고등학교,EM00004596,813.6 조73ㅇ c.2,반세기 동안 대한민국의 시대와 역사를 관통하며 장대한 문학세계를 구축해 온 조정래 작가의 장편소설 인간 연습이 15년 만에 개정 출간된다. 일생을 걸고 추구했던 사회주의의 몰락 앞에 고뇌하는 한 장기수의 절망과 희망 찾기를 그려낸 작품이다.,2021-04-30,https://image.aladin.co.kr/product/27046/4/coversum/k472731888_1.jpg,국내도서>소설/시/희곡>한국소설>2000년대 이후 한국소설
걸,오쿠다히데오,북스토리,대덕소프트웨어마이스터고등학교,EM00002822,833.6 오827ㄱ,"『공중그네』『인더풀』 등으로 일본은 물론 한국에서도 큰 인기를 누리고 있는 오쿠다 히데오가 직장여성들의 심리를 유쾌하게 풀어낸 동명의 소설을 만화화한 작품이다. 일과 사랑, 결혼, 육아 등 30대 여성들의 고민을 다루었으며, 우리 주변에서 흔히 볼 수 있지만 결코 쉽지 않은 일하는 여성들의 고민을 이해하도록 도와주면서, 그녀들의 아픈 곳을 어루만지는 마법을 부린다. 이야기에 빠져들어 화도 내고 울기도 하다보면 오쿠다 히데오의 따뜻한 손길에 입가에 미소가 생기는 그런 이야기다.",2011-01-05,https://image.aladin.co.kr/product/887/87/coversum/8952215184_1.jpg,국내도서>만화>순정만화>레이디스 코믹
도서실의 바다,온다리쿠,북폴리오,대덕소프트웨어마이스터고등학교,EM00002898,833.6 온221ㄷ,"온다 리쿠 소설을 아직 읽지 않은 독자에게는 입문서가, 온다 리쿠 마니아들에게는 보석과도 같은 컬렉션이 되어줄 단편집. 총 열 편의 소설이 수록되었다. <밤의 피크닉>의 전날 밤 이야기를 담은 단편 '피크닉 준비'를 비롯, 이 소설집의 주를 이루는 작품들은 온다 리쿠의 다른 장편소설들과 연결되어 있다.",2007-09-10,https://image.aladin.co.kr/product/98/1/coversum/8937832046_1.jpg,국내도서>소설/시/희곡>일본소설>1950년대 이후 일본소설
도서실의 바다,온다리쿠,북폴리오,대덕소프트웨어마이스터고등학교,EM00002899,833.6 온221ㄷ c.2,"온다 리쿠 소설을 아직 읽지 않은 독자에게는 입문서가, 온다 리쿠 마니아들에게는 보석과도 같은 컬렉션이 되어줄 단편집. 총 열 편의 소설이 수록되었다. <밤의 피크닉>의 전날 밤 이야기를 담은 단편 '피크닉 준비'를 비롯, 이 소설집의 주를 이루는 작품들은 온다 리쿠의 다른 장편소설들과 연결되어 있다.",2007-09-10,https://image.aladin.co.kr/product/98/1/coversum/8937832046_1.jpg,국내도서>소설/시/희곡>일본소설>1950년대 이후 일본소설
 완역 반지제왕 2  반지원정대,J.R.R. 톨킨,동서문화사,대덕소프트웨어마이스터고등학교,EM00002995,843 톨829ㅂ v.2,,2002-02-02,https://image.aladin.co.kr/product/34/90/coversum/8949700646_1.gif,국내도서>소설/시/희곡>판타지/환상문학>외국판타지/환상소설
오만과 편견,제인 오스틴,민음사,대덕소프트웨어마이스터고등학교,EM00003156,808.9 세14 v.88,"제인 오스틴의 대표작 <오만과 편견>이 보다 정확하고 말끔한 번역으로 재출간됐다. 역자인 윤지관과 전승희는 10여 년에 걸친 기간 동안 철저한 원문대조를 통해, 본래의 의미와 문체를 생생하게 되살려내기 위해 노력했다고.",2003-09-20,https://image.aladin.co.kr/product/43/68/coversum/s937460882_1.jpg,국내도서>소설/시/희곡>영미소설
오만과 편견,제인 오스틴,민음사,대덕소프트웨어마이스터고등학교,EM00005373,808.9 세14 v.88 c.2,"제인 오스틴의 대표작 <오만과 편견>이 보다 정확하고 말끔한 번역으로 재출간됐다. 역자인 윤지관과 전승희는 10여 년에 걸친 기간 동안 철저한 원문대조를 통해, 본래의 의미와 문체를 생생하게 되살려내기 위해 노력했다고.",2003-09-20,https://image.aladin.co.kr/product/43/68/coversum/s937460882_1.jpg,국내도서>소설/시/희곡>영미소설
오만과 편견,제인 오스틴,민음사,대덕소프트웨어마이스터고등학교,EM00008532,808.9 세14 c.3,"제인 오스틴의 대표작 <오만과 편견>이 보다 정확하고 말끔한 번역으로 재출간됐다. 역자인 윤지관과 전승희는 10여 년에 걸친 기간 동안 철저한 원문대조를 통해, 본래의 의미와 문체를 생생하게 되살려내기 위해 노력했다고.",2003-09-20,https://image.aladin.co.kr/product/43/68/coversum/s937460882_1.jpg,국내도서>소설/시/희곡>영미소설
인간 실격,다자이 오사무,민음사,대덕소프트웨어마이스터고등학교,EM00004491,808.9 세14 v.103 c.2,"자살 미수와 약물 중독, 39세의 젊은 나이에 자살로 생을 마감한 다자이 오사무의 작품 <인간 실격>이 출간됐다. 오직 순수함만을 갈망하는 한 젊은이가 파멸해가는 과정이 그려진다. 뉴욕 타임스는 '인간의 나약함을 드러내는 데 있어 다자이보다 뛰어난 작가는 드물다'고 평했다.",2004-05-15,https://image.aladin.co.kr/product/49/16/coversum/893746103x_3.jpg,국내도서>소설/시/희곡>일본소설>1950년대 이전 일본소설
인간 실격,다자이 오사무,민음사,대덕소프트웨어마이스터고등학교,EM00008539,808.9 세14 c.3,"자살 미수와 약물 중독, 39세의 젊은 나이에 자살로 생을 마감한 다자이 오사무의 작품 <인간 실격>이 출간됐다. 오직 순수함만을 갈망하는 한 젊은이가 파멸해가는 과정이 그려진다. 뉴욕 타임스는 '인간의 나약함을 드러내는 데 있어 다자이보다 뛰어난 작가는 드물다'고 평했다.",2004-05-15,https://image.aladin.co.kr/product/49/16/coversum/893746103x_3.jpg,국내도서>소설/시/희곡>일본소설>1950년대 이전 일본소설
즐거운 나의 집,공지영,푸른숲,대덕소프트웨어마이스터고등학교,EM00003222,813.6 공79ㅈ c.2,2008년 출간 이래 80만 부 이상 판매되며 독자들의 뜨거운 사랑을 받아온 공지영 작가의 에세이 네가 어떤 삶을 살든 나는 너를 응원할 것이다를 새롭게 펴냈다. 이 책은 공지영 작가가 이제 막 스물이 되어 새로운 세상과 만나고 있는 딸에게 전하는 편지이다.,2016-08-20,https://image.aladin.co.kr/product/9006/22/coversum/8965745713_1.jpg,국내도서>에세이>명사에세이>문인에세이
즐거운 나의 집,공지영,푸른숲,대덕소프트웨어마이스터고등학교,EM00003223,813.6 공79ㅈ c.3,2008년 출간 이래 80만 부 이상 판매되며 독자들의 뜨거운 사랑을 받아온 공지영 작가의 에세이 네가 어떤 삶을 살든 나는 너를 응원할 것이다를 새롭게 펴냈다. 이 책은 공지영 작가가 이제 막 스물이 되어 새로운 세상과 만나고 있는 딸에게 전하는 편지이다.,2016-08-20,https://image.aladin.co.kr/product/9006/22/coversum/8965745713_1.jpg,국내도서>에세이>명사에세이>문인에세이
즐거운 나의 집,공지영,푸른숲,대덕소프트웨어마이스터고등학교,EM00008633,813.6 공79ㅈ c.5,2008년 출간 이래 80만 부 이상 판매되며 독자들의 뜨거운 사랑을 받아온 공지영 작가의 에세이 네가 어떤 삶을 살든 나는 너를 응원할 것이다를 새롭게 펴냈다. 이 책은 공지영 작가가 이제 막 스물이 되어 새로운 세상과 만나고 있는 딸에게 전하는 편지이다.,2016-08-20,https://image.aladin.co.kr/product/9006/22/coversum/8965745713_1.jpg,국내도서>에세이>명사에세이>문인에세이
천 개의 찬란한 태양,할레드 호세이니,현대문학,대덕소프트웨어마이스터고등학교,EM00003229,843 호53ㅊ c.2,아프가니스탄의 굴곡진 현대사와 그 속에서 살아가는 사람들의 삶을 감동적으로 그려내 사랑과 구원의 인간 드라마를 전 세계에 선사한 아프가니스탄 출신 미국 작가 할레드 호세이니의 대표작 『천 개의 찬란한 태양』이 15년 만에 개정판으로 돌아왔다.,2022-08-20,https://image.aladin.co.kr/product/30005/31/coversum/k482838350_1.jpg,국내도서>소설/시/희곡>영미소설
천 개의 찬란한 태양,할레드 호세이니,현대문학,대덕소프트웨어마이스터고등학교,IT00010803,843 호53ㅊ c.8,아프가니스탄의 굴곡진 현대사와 그 속에서 살아가는 사람들의 삶을 감동적으로 그려내 사랑과 구원의 인간 드라마를 전 세계에 선사한 아프가니스탄 출신 미국 작가 할레드 호세이니의 대표작 『천 개의 찬란한 태양』이 15년 만에 개정판으로 돌아왔다.,2022-08-20,https://image.aladin.co.kr/product/30005/31/coversum/k482838350_1.jpg,국내도서>소설/시/희곡>영미소설
사람은 무엇으로 사는가,L. N. 톨스토이,꿈꾸는아이들,대덕소프트웨어마이스터고등학교,EM00003239,808.3 청55 v.9,,,,
해리포터와 혼혈왕자 제7권 ,조앤 K. 롤링,문학수첩,대덕소프트웨어마이스터고등학교,EM00003309,843 롤239ㅎ v.7-2 c.2,,,,
해리포터와 혼혈왕자 제7권 ,조앤 K. 롤링,문학수첩,대덕소프트웨어마이스터고등학교,EM00003313,843 롤239ㅎ v.7-3 c.3,,,,
해리포터와 혼혈왕자 제7권 ,조앤 K. 롤링,문학수첩,대덕소프트웨어마이스터고등학교,EM00003314,843 롤239ㅎ v.7-4,,,,
삼한지 2  마동왕자 서동대왕,김정산,예담(위즈덤하우스),대덕소프트웨어마이스터고등학교,EM00003338,813.6 김73ㅅ v.2,"고구려, 백제, 신라를 통칭하는 삼한을 배경으로 쓴 대하 역사 소설. 고구려, 백제, 신라가 700년 간 복잡하게 얽혀 팽팽한 긴장을 이루다가 그 대립과 경쟁이 정점에 다다르며 마침내 삼국통일에 이르는, 반만년 한반도 역사를 통틀어 가장 변화무쌍한 격변기인 서기 580년부터 676년까지 100년간을 생생하게 복원한 작품이다.",2009-12-14,https://image.aladin.co.kr/product/590/70/coversum/8991819419_1.jpg,국내도서>소설/시/희곡>역사소설>한국 역사소설
삼한지 4  사비에 이는 서기,김정산,예담(위즈덤하우스),대덕소프트웨어마이스터고등학교,EM00003340,813.6 김73ㅅ v.4,"고구려, 백제, 신라를 통칭하는 삼한을 배경으로 쓴 대하 역사 소설. 고구려, 백제, 신라가 700년 간 복잡하게 얽혀 팽팽한 긴장을 이루다가 그 대립과 경쟁이 정점에 다다르며 마침내 삼국통일에 이르는, 반만년 한반도 역사를 통틀어 가장 변화무쌍한 격변기인 서기 580년부터 676년까지 100년간을 생생하게 복원한 작품이다.",2009-12-14,https://image.aladin.co.kr/product/590/70/coversum/8991819435_1.jpg,국내도서>소설/시/희곡>역사소설>한국 역사소설
여자 없는 남자들,무라카미하루키,문학동네,대덕소프트웨어마이스터고등학교,EM00013921,833.6 무292ㅇ,"일본 출간 당시 예약판매로만 30만 부의 판매고를 올린 무라카미 하루키의 신작 소설집. '여자 없는 남자들'이라는 하나의 주제 아래 써내려간 여섯 편의 작품과 함께, 프란츠 카프카의 걸작 변신의 독특한 오마주이자 해외 판본에만 특별히 수록되는 단편 '사랑하는 잠자'를 가장 먼저 만나볼 수 있다.",2014-08-28,https://image.aladin.co.kr/product/4490/69/coversum/s562835649_1.jpg,국내도서>소설/시/희곡>일본소설>1950년대 이후 일본소설
오리진 1,댄 브라운,문학수첩,대덕소프트웨어마이스터고등학교,IT00007184,843 브292ㅇ v.1,다빈치 코드 작가 댄 브라운의 신과 과학 그리고 미래에 대한 대담한 질문. 다빈치 코드를 비롯한 그의 전작들이 그러하듯 오리진 역시 우리가 ‘당연하게’ 믿어왔던 진실에 물음표를 던진다.,2017-11-23,https://image.aladin.co.kr/product/12257/17/coversum/8983926848_1.jpg,국내도서>소설/시/희곡>추리/미스터리소설>영미 추리/미스터리소설
그대 눈동자에 건배,히가시노 게이고,현대문학,대덕소프트웨어마이스터고등학교,IT00008416,833.6 히12ㄱ c.3,"지난 10년간 국내에서 가장 많은 사랑을 받은 소설, 전 세계 1000만 부 이상 판매고를 올린 베스트셀러 나미야 잡화점의 기적 작가 히가시노 게이고의 소설집. 2011년부터 2016년까지 문예지 등에 발표한 아홉 편의 신작 단편을 모았다.",2017-11-27,https://image.aladin.co.kr/product/12455/85/coversum/8972758426_1.jpg,국내도서>소설/시/희곡>추리/미스터리소설>일본 추리/미스터리소설
초속 5센티미터,신카이 마코토,대원씨아이,대덕소프트웨어마이스터고등학교,IT00007188,833.6 신872ㅊ,극장 애니메이션 [초속 5센티미터]에서는 말하지 못했던 그들의 심정과 풍경을 신카이 마코토 감독이 섬세한 문체의 소설로 완성했다. 한 소년을 축으로 그려지는 세 가지 연작 단편을 수록되어 있다.,2017-01-17,https://image.aladin.co.kr/product/10010/87/coversum/k742536568_1.jpg,국내도서>소설/시/희곡>일본소설>1950년대 이후 일본소설
너의 이름은,신카이 마코토,대원씨아이,대덕소프트웨어마이스터고등학교,IT00007190,833.6 신872ㄴ,"도쿄에 사는 남자 고등학생 타키는 꿈을 통해 시골 마을의 여고생 미츠하와 몸이 바뀌게 된다. 낯선 여자의 몸과 아무것도 모르는 시골 생활에 당황하면서도, 서서히 적응해가는 타키. 그 몸의 주인인 미츠하에 관해서 더 알고 싶다고 생각하기 시작했을 무렵, 평소와 다른 미츠하를 이상하게 생각한 주변 사람들도 그녀와 관련된 기억을 떠올리기 시작하는데...",2016-12-28,https://image.aladin.co.kr/product/9894/82/coversum/k852535655_1.jpg,국내도서>소설/시/희곡>라이트 노벨>NT(엔티) 노벨
앨리스 죽이기,고바야시 야스미,검은숲,대덕소프트웨어마이스터고등학교,IT00009883,833.6 고42ㅇ c.6,"고바야시 야스미 소설. 루이스 캐럴의 환상소설 이상한 나라의 앨리스를 바탕으로 꿈과 현실 사이를 오가며 연쇄살인마를 추적하는 과정을 그린 작품으로, '고전과 미스터리의 성공적 결합'이라는 호평을 받았다.",2015-12-21,https://image.aladin.co.kr/product/7233/44/coversum/895277518x_1.jpg,국내도서>소설/시/희곡>추리/미스터리소설>일본 추리/미스터리소설
리틀 브라더,코리 닥터로우,아작,대덕소프트웨어마이스터고등학교,IT00007257,843 닥884ㄹ,"코리 닥터로우 장편소설. 학교 전산망 해킹이 주특기이고, 수업 땡땡이가 취미인 삐딱한 열일곱 살 소년 마커스 얄로우. 우연히 게임을 하던 중 친구들과 함께 테러 용의자가 되고, 국가기관으로부터 갖은 고초를 당하고 감시까지 받게 된 소년은 이에 맞서 한판 유쾌한 싸움을 벌인다.",2015-10-20,https://image.aladin.co.kr/product/6847/34/coversum/k472434979_3.jpg,국내도서>소설/시/희곡>과학소설(SF)>외국 과학소설
또다시 같은 꿈을 꾸었어,스미노 요루,소미미디어,대덕소프트웨어마이스터고등학교,IT00009465,833.6 스38ㄸ c.9,너의 췌장을 먹고 싶어의 작가 스미노 요루가 지친 사람들에게 전하는 다정하고 따스한 이야기. 자타공인 똑똑하고 당돌한 소녀 고야나기 나노카는 학교 안에는 이렇다 할 친구가 없지만 학교 밖에는 친구가 많다.,2017-10-25,https://image.aladin.co.kr/product/11979/89/coversum/k532531533_2.jpg,국내도서>소설/시/희곡>일본소설>1950년대 이후 일본소설
테스팅 2,조엘 샤보노,북폴리오,대덕소프트웨어마이스터고등학교,IT00007377,843 샤45ㅌ v.2,"대학 입시가 목숨을 건 생존 게임과 같다면 어떨까? 테스팅 시리즈 삼부작은 그 질문에서 시작된 듯한 가상 세계를 그리고 있다. 뛰어난 자질을 인정받고 응시자로 뽑혔으나 시험에 통과하지 못하면 기다리는 것은 죽음뿐, 이제는 대학을 가지 못하는 문제가 아니다. 생존의 문제다.",2015-09-30,https://image.aladin.co.kr/product/6726/83/coversum/8937813246_1.jpg,국내도서>소설/시/희곡>판타지/환상문학>외국판타지/환상소설
타라 덩컨 4 1  드래곤의 배반,소피 오두인 마미코니안,소담출판사,대덕소프트웨어마이스터고등학교,IT00007396,863 마38ㅌ v.4-1,,,,
타라 덩컨 8 2  사악한 여제,소피 오두인 마미코니안,소담출판사,대덕소프트웨어마이스터고등학교,IT00007405,863 마38ㅌ v.8-2,,,,
새의 선물,은희경,문학동네,대덕소프트웨어마이스터고등학교,IT00007264,813.7 은97ㅅ,언제나 새로운 질문과 도약으로 한국문학을 이끌어온 작가 은희경의 첫 장편소설이자 제1회 문학동네소설상 수상작. 100쇄 출간을 기념해 장정을 새롭게 하고 문장과 표현을 다듬은 개정판으로 선보인다. 짧지 않은 시간 동안 작가가 작품에 쏟아부은 에너지와 열기는 27년이 지난 현재의 우리에게 여전히 생생하게 다가온다.,2022-06-03,https://image.aladin.co.kr/product/29548/60/coversum/8954687040_1.jpg,국내도서>소설/시/희곡>한국소설>2000년대 이후 한국소설
위키드 1  엘파바와 글린다,그레고리 머과이어,민음사,대덕소프트웨어마이스터고등학교,IT00007362,843 머15ㅇ v.1,"《뉴욕 타임스》 26주 연속 베스트셀러, 300만 부 판매. 원작 소설로 만나는 환상의 세계. 초록색으로 태어난 이상한 아이 엘파바가 학교를 뛰쳐나와 대담하게 지하운동에 뛰어든 아나키스트에서 서쪽 나라의 마녀가 되기까지 흥미진진하고 감동적인 이야기가 펼쳐진다.",2024-11-06,https://image.aladin.co.kr/product/35145/43/coversum/8937428210_1.jpg,국내도서>소설/시/희곡>판타지/환상문학>외국판타지/환상소설
타라 덩컨 2 1  비밀의 책,소피 오두인 마미코니안,소담출판사,대덕소프트웨어마이스터고등학교,IT00007392,863 마38ㅌ v.2-1,,,,
타라 덩컨 7 1  유령들의 습격,소피 오두인-마미코니안,소담,대덕소프트웨어마이스터고등학교,IT00007402,863 오26ㅌ v.7-1,,,,
타라 덩컨 9 2  검은 여왕,소피 오두인 마미코니안,소담,대덕소프트웨어마이스터고등학교,IT00007407,863 마38ㅌ v.9-2,,,,
남한산성,김훈,학고재,대덕소프트웨어마이스터고등학교,IT00007481,813.7 김96ㄴ,김훈 장편소설 남한산성이 나온 지 십 년을 맞았다. 십 년에 걸쳐 100쇄를 찍었다. 이 책은 소설 남한산성의 개정판이다. 초판 발행(2007년) 이후 작가 김훈이 십 년 세월을 지나 비로소 털어놓는 '못다 한 말'을 새로 써 넣었다.,2017-07-07,https://image.aladin.co.kr/product/11295/22/coversum/s212531446_1.jpg,국내도서>소설/시/희곡>역사소설>한국 역사소설
정글만리 1,조정래,해냄,대덕소프트웨어마이스터고등학교,EM00013619,813.6 조74ㅈ v.1,"태백산맥 한강의 작가 조정래 장편소설. 한국의 자본주의를 조망했던 허수아비 춤 이후, 한국의 현재와 미래에 대한 작가의 고민이 중국과 주변정세에 대한 통찰로 이어지며 정글만리라는 3년 만의 신작 소설로 탄생했다.",2013-07-15,https://image.aladin.co.kr/product/2794/28/coversum/8965744024_2.jpg,국내도서>소설/시/희곡>한국소설>2000년대 이후 한국소설
정글만리 3,조정래,해냄,대덕소프트웨어마이스터고등학교,EM00013621,813.6 조74ㅈ v.3,"태백산맥 한강의 작가 조정래 장편소설. 한국의 자본주의를 조망했던 허수아비 춤 이후, 한국의 현재와 미래에 대한 작가의 고민이 중국과 주변정세에 대한 통찰로 이어지며 정글만리라는 3년 만의 신작 소설로 탄생했다.",2013-07-15,https://image.aladin.co.kr/product/2794/34/coversum/8965744040_2.jpg,국내도서>소설/시/희곡>한국소설>2000년대 이후 한국소설
소금,박범신,한겨레출판,대덕소프트웨어마이스터고등학교,EM00013648,813.6 박44ㅅ,"소설가 박범신이 2년여 만에 침묵을 깨고, 데뷔하고 만 40년이 되는 해에 펴내는 40번째 장편소설. 《은교》 이후 홀연히 논산으로 내려가 최초로 쓴 소설이며, 《나의 손은 말굽으로 변하고》와 《비즈니스》에 이른 자본의 폭력성에 대한 ‘발언’을 모아 펴낸 3부작 중의 마지막 작품이다.",2022-05-13,https://image.aladin.co.kr/product/29530/61/coversum/k732837540_1.jpg,국내도서>소설/시/희곡>한국소설>2000년대 이후 한국소설
도레미파솔라시도 2,귀여니,반디,대덕소프트웨어마이스터고등학교,EM00013600,813.6 귀64ㄷ v.2,,2011-01-01,https://image.aladin.co.kr/product/839/10/coversum/8958042435_1.jpg,국내도서>소설/시/희곡>로맨스소설>한국 로맨스소설
얼굴에 흩날리는 비,기리노나쓰오,비채,대덕소프트웨어마이스터고등학교,EM00011661,833.6 기298ㅇ,"제39회 에도가와 란포상 수상작. 아웃, 아임 소리 마마의 작가 기리노 나쓰오의 데뷔작이다. '여성 작가가 창조한 여성 탐정이 활약하는 하드보일드'라는 문학사적 의의에 빛나는 작품으로, 인간 내면의 비열한 본성을 날카롭게 파헤치며 남성 작가의 전유물로 여겨진 하드보일드 장르의 새로운 경지를 열었다는 격찬을 받았다.",2010-08-23,https://image.aladin.co.kr/product/760/13/coversum/8994343105_1.jpg,국내도서>소설/시/희곡>추리/미스터리소설>일본 추리/미스터리소설
1 84 2  7  9 ,무라카미 하루키,문학동네,대덕소프트웨어마이스터고등학교,EM00011676,833.6 무292ㅇ v.2 c.2,"전세계 독자가 손꼽아 기다려온 무라카미 하루키 5년 만의 신작 장편소설. 압도적인 이야기의 강렬함, 읽기를 멈출 수 없는 놀라운 흡인력, 이전 작품을 모두 끌어안으면서도 확연한 한 획을 긋는 무라카미 하루키 문학의 결정판.",2009-09-08,https://image.aladin.co.kr/product/434/24/coversum/8954608655_2.jpg,국내도서>소설/시/희곡>일본소설>1950년대 이후 일본소설
셜록 홈즈 전집 1  주홍색 연구,아서 코난 도일,황금가지,대덕소프트웨어마이스터고등학교,EM00011682,843 도68ㅅ v.1,"뭐든 분석하고 추리할 때만이 살아있음을 느끼는 그에게는 사건 하나 하나가 생의 기쁨이자, 희열이다. 그에게 찾아온 첫번째 사건은 의문의 살인사건. 홈즈의 등장을 알리는 첫번째 책인 만큼 와트슨 박사와의 만남도 빼놓을 수 없는 줄거리다.",2002-02-05,https://image.aladin.co.kr/product/32/99/coversum/8982734015_2.jpg,국내도서>소설/시/희곡>추리/미스터리소설>영미 추리/미스터리소설
셜록 홈즈 전집 4  공포의 계곡,아서 코난 도일,황금가지,대덕소프트웨어마이스터고등학교,EM00011687,843 도68ㅅ v.4,"백만장자 더글라스를 살해한 범인을 찾기 위해 홈즈, 와트슨, 맥 경감은 벌스톤으로 내려간다. 사건은 홈즈의 명쾌한 추리로 맥 빠질 만큼 쉽게 해결된다. 이야기는 미국 광산촌 버미사로 옮겨 가 '존 맥머도'의 목소리로 죽음의 계곡에서 벌어진 끔찍한 살인 사건들을 서술한다.",2002-02-05,https://image.aladin.co.kr/product/32/99/coversum/898273404x_2.jpg,국내도서>소설/시/희곡>추리/미스터리소설>영미 추리/미스터리소설
제리,김혜나,민음사,대덕소프트웨어마이스터고등학교,EM00011694,813.6 김94ㅈ,"""일찍이 한국 문학 독자가 경험하지 못한 이상하고도 낯선 세계의 존재를 예감케 하는 소설""이라는 심사위원들의 공통된 의견을 이끌어 낸 2010년 제34회 '오늘의 작가상' 수상작. 제리는 치명적인 성애 묘사를 통해 이 땅의 모든 불우한 청춘들의 벌거벗은 삶을 시리도록 아프게 그려 낸 성장소설이다.",2010-06-11,https://image.aladin.co.kr/product/720/68/coversum/8937483068_1.jpg,국내도서>소설/시/희곡>한국소설>2000년대 이후 한국소설
빅 픽처,더글라스 케네디,밝은세상,대덕소프트웨어마이스터고등학교,EM00011703,843.5 케194ㅂ,《빅 픽처》는 2010년에 처음 출간된 이후 독자들이 직접 읽고 강력하게 추천하며 입소문으로 빠르게 베스트셀러에 올라 200주 연속 베스트셀러를 기록한 수많은 화제를 뿌린 역작이다.,2024-02-26,https://image.aladin.co.kr/product/33464/3/coversum/8984374733_2.jpg,국내도서>소설/시/희곡>영미소설
다잉 아이,히가시노게이고,재인,대덕소프트웨어마이스터고등학교,EM00011714,833.6 히12ㄷ,"용의자 X의 헌신의 작가 히가시노 게이고의 미스터리 호러 소설. 문예지 「소설보석」에 1998년 2월부터 1999년 1월까지 연재되었던 장편소설로, 연재 후 8년이라는 긴 시간이 지난 후에야 해금되어 단행본으로 세상의 빛을 보게 된 작품이다. 히가시노 게이고는 이 작품에 대해 ""다시는 이렇게 쓸 수 없을 것 같다""고 말한 바 있다.",2010-07-30,https://image.aladin.co.kr/product/748/40/coversum/8990982405_1.jpg,국내도서>소설/시/희곡>추리/미스터리소설>일본 추리/미스터리소설
최후의 경전,김진명,새움,대덕소프트웨어마이스터고등학교,EM00011716,813.6 김78ㅊ,현실과 픽션을 넘나들며 당대의 첨예한 미스터리를 통쾌하게 해결해주었던 작가 김진명의 색다른 소설. 고대로부터 전해져 내려오는 신비한 숫자들에 대한 탐구를 흥미진진하게 그려낸 소설이다.,2023-01-25,https://image.aladin.co.kr/product/30875/36/coversum/k382831186_1.jpg,국내도서>소설/시/희곡>한국소설>2000년대 이후 한국소설
김홍신의 대발해 9  모반의 수레바퀴,김홍신,아리샘,대덕소프트웨어마이스터고등학교,EM00011727,813.6 김95ㄱ v.9,"베스트셀러 작가 김홍신이 1998년 국회의원 시절부터 무려 8년여에 걸쳐 구상하여 집필한 소설. 668년 고구려의 멸망에서부터 698년 고구려 유장 대조영이 세운 발해가 926년 멸망하기까지 파란만장했던 역사를 담은 장대한 스케일의 작품이다. 주변국과 싸워나가는 발해의 정치 군사 외교의 전략 전술이 흥미롭게 그려져 있으며, 수많은 영웅들의 원대한 꿈과 야망, 들풀처럼 억센 민초들의 애환이 녹아들어 있다.",2010-03-10,https://image.aladin.co.kr/product/754/3/coversum/8992673639_1.jpg,국내도서>소설/시/희곡>역사소설>한국 역사소설
카지노,김진명,새움,대덕소프트웨어마이스터고등학교,EM00011730,813.6 김78ㅋ c.2,"그간 현실과 픽션을 넘나들며 당대의 첨예한 미스터리들을 풀어 온 작가 김진명이 '진정한 프로 갬블러와 카지노의 세계'를 흥미진진하게 그려냈다. 숱한 패배 속에서도 살아남는 지혜를 터득하고자 하는 인간, 갬블러의 몸부림을 생생하게 그려내고 있다.",2022-12-21,https://image.aladin.co.kr/product/30665/45/coversum/k122830031_1.jpg,국내도서>소설/시/희곡>한국소설>2000년대 이후 한국소설
브리 태너,스테프니 메이어,북폴리오,대덕소프트웨어마이스터고등학교,IT00006269,843 메68ㅂ c.2,"이클립스의 소녀 뱀파이어 '브리'가 돌아왔다. 브리 태너는 트와일라잇 시리즈의 첫 외전으로, 베일에 가려진 신생 뱀파이어들의 생활을 엿볼 수 있다. 특히 뱀파이어, 그것도 적의 시선을 통해 벨라와 에드워드, 그리고 컬렌 일가를 다시 만날 수 있다는 점은 브리 태너에서 얻을 수 있는 가장 큰 재미다.",2010-08-10,https://image.aladin.co.kr/product/749/84/coversum/8937832976_1.jpg,국내도서>소설/시/희곡>판타지/환상문학>외국판타지/환상소설
브리 태너,스테프니 메이어,북폴리오,대덕소프트웨어마이스터고등학교,EM00011731,843 메68ㅂ,"이클립스의 소녀 뱀파이어 '브리'가 돌아왔다. 브리 태너는 트와일라잇 시리즈의 첫 외전으로, 베일에 가려진 신생 뱀파이어들의 생활을 엿볼 수 있다. 특히 뱀파이어, 그것도 적의 시선을 통해 벨라와 에드워드, 그리고 컬렌 일가를 다시 만날 수 있다는 점은 브리 태너에서 얻을 수 있는 가장 큰 재미다.",2010-08-10,https://image.aladin.co.kr/product/749/84/coversum/8937832976_1.jpg,국내도서>소설/시/희곡>판타지/환상문학>외국판타지/환상소설
진금은 연애중,정미림,큰나무,대덕소프트웨어마이스터고등학교,EM00011745,813.6 정38ㅈ,,,,
독고준,고종석,새움,대덕소프트웨어마이스터고등학교,EM00011765,813.6 고75ㄷ,"'흠 잡을 데 없는 문장력을 지닌 스타일리스트', '가장 정확한 한국어 문장을 구사하는 작가'로 평가받아온 고종석의 장편소설. 독고준은 광장의 작가 최인훈이 미처 끝내지 못한 '독고준 3부작'의 완결판이다. 또한 '독고준 3부작'의 마지막 이야기이면서 또한 독고준과 그의 딸 독고원의 관념과 생활을 그린 독립적 작품이기도 하다.",2010-08-16,https://image.aladin.co.kr/product/755/40/coversum/899396422x_2.jpg,국내도서>소설/시/희곡>한국소설>2000년대 이후 한국소설
매혹,최보석,휴먼&북스,대덕소프트웨어마이스터고등학교,EM00011772,813.6 최45ㅁ,,,,
왕인 1,송은일,휴먼&북스,대덕소프트웨어마이스터고등학교,EM00011775,813.6 송67ㅇ v.1,"우리 고대사에 찬란한 문화를 꽃피우고 광대한 영토를 아울렀던 대제국 백제를 왕인과 그 주변 인물들의 장대한 이야기로 복원시킨 역사소설. 4세기 말에서 5세기 초에 걸쳐 대륙 동편과 한반도 서편에 걸쳐 광범위하게 자리 잡았던 대백제국을 배경으로 삼아, 우리가 그간 소홀했던 백제의 웅장한 기상과 찬란한 역사를 복원시켰다.",2010-08-23,https://image.aladin.co.kr/product/757/83/coversum/8960780979_1.jpg,국내도서>소설/시/희곡>역사소설>한국 역사소설
이계만화점 1  신세계,강한이,어울림출판사,대덕소프트웨어마이스터고등학교,EM00011827,813.6 강92ㅇ v.1,강한이의 퓨전 판타지 장편소설. 고등학생인 하빈은 집 앞의 버려진 우물에서 만화점으로 이어진 차원의 통로를 발견한다. 만화점(萬貨店). 지구에는 존재하지 않는 온갖 상품을 파는 가게. 마법과 무공도 상품으로 판매되는 그곳에서 실종된 아버지의 흔적을 발견하는 하빈. 아버지를 찾기 위해 만화점의 비밀을 파헤친다.,2010-07-09,https://image.aladin.co.kr/product/735/18/coversum/8964302192_2.jpg,국내도서>소설/시/희곡>판타지/환상문학>한국판타지/환상소설
마인,김내성,판타스틱(페이퍼하우스),대덕소프트웨어마이스터고등학교,EM00011858,813.6 김193ㅁ,지식을만드는지식 소설선집. 한국 추리소설의 아버지 김내성이 「조선일보」(1939. 2. 4∼10. 11)에 연재했다. 단행본으로 출간된 이후에도 광범위하게 독자층을 확보할 정도로 추리소설로서의 형식과 미학적 특질을 두루 갖추고 있다. 발표 당시의 표기법을 그대로 살렸다.,2017-12-05,https://image.aladin.co.kr/product/12524/46/coversum/k282532263_2.jpg,국내도서>소설/시/희곡>추리/미스터리소설>한국 추리/미스터리소설
난장이가 쏘아올린 작은 공,조세희,이성과 힘,대덕소프트웨어마이스터고등학교,EM00017588,813.6 조53ㄴ c.8,"한국 현대문학의 대표적인 고전으로 평가받는 『난장이가 쏘아올린 작은 공』은 1970년대 난장이로 상징되는 도시 노동자들의 모습을 담고 있다. 개정판에서는 판형과 표지를 새로이 하고, 오늘날의 표기법에 맞게 일부 단어와 문장을 다듬었다.",2024-02-15,https://image.aladin.co.kr/product/33415/76/coversum/8995151226_1.jpg,국내도서>소설/시/희곡>한국소설>2000년대 이전 한국소설
난장이가 쏘아올린 작은 공,조세희,이성과 힘,대덕소프트웨어마이스터고등학교,EM00017591,813.6 조53ㄴ c.11,"한국 현대문학의 대표적인 고전으로 평가받는 『난장이가 쏘아올린 작은 공』은 1970년대 난장이로 상징되는 도시 노동자들의 모습을 담고 있다. 개정판에서는 판형과 표지를 새로이 하고, 오늘날의 표기법에 맞게 일부 단어와 문장을 다듬었다.",2024-02-15,https://image.aladin.co.kr/product/33415/76/coversum/8995151226_1.jpg,국내도서>소설/시/희곡>한국소설>2000년대 이전 한국소설
난장이가 쏘아올린 작은 공,조세희,이성과 힘,대덕소프트웨어마이스터고등학교,EM00017592,813.6 조53ㄴ c.12,"한국 현대문학의 대표적인 고전으로 평가받는 『난장이가 쏘아올린 작은 공』은 1970년대 난장이로 상징되는 도시 노동자들의 모습을 담고 있다. 개정판에서는 판형과 표지를 새로이 하고, 오늘날의 표기법에 맞게 일부 단어와 문장을 다듬었다.",2024-02-15,https://image.aladin.co.kr/product/33415/76/coversum/8995151226_1.jpg,국내도서>소설/시/희곡>한국소설>2000년대 이전 한국소설
난장이가 쏘아올린 작은 공,조세희,이성과 힘,대덕소프트웨어마이스터고등학교,EM00017715,813.6 조53ㄴ c.17,"한국 현대문학의 대표적인 고전으로 평가받는 『난장이가 쏘아올린 작은 공』은 1970년대 난장이로 상징되는 도시 노동자들의 모습을 담고 있다. 개정판에서는 판형과 표지를 새로이 하고, 오늘날의 표기법에 맞게 일부 단어와 문장을 다듬었다.",2024-02-15,https://image.aladin.co.kr/product/33415/76/coversum/8995151226_1.jpg,국내도서>소설/시/희곡>한국소설>2000년대 이전 한국소설
난장이가 쏘아올린 작은 공,조세희,이성과 힘,대덕소프트웨어마이스터고등학교,EM00017717,813.6 조53ㄴ c.19,"한국 현대문학의 대표적인 고전으로 평가받는 『난장이가 쏘아올린 작은 공』은 1970년대 난장이로 상징되는 도시 노동자들의 모습을 담고 있다. 개정판에서는 판형과 표지를 새로이 하고, 오늘날의 표기법에 맞게 일부 단어와 문장을 다듬었다.",2024-02-15,https://image.aladin.co.kr/product/33415/76/coversum/8995151226_1.jpg,국내도서>소설/시/희곡>한국소설>2000년대 이전 한국소설
1984,조지 오웰,민음사,대덕소프트웨어마이스터고등학교,EM00017624,808 세14 v.77 c.2,"민음사에서 조지 오웰 탄생 100주년을 맞아 그의 대표작 <1984>를 새롭게 펴냈다. <1984>는 널리 알려진 바와 같이 전체주의를 비판하는 디스토피아 소설로, 날카로운 풍자와 정치적 함의로 유명하다. '절대 권력은 절대 부패한다'는 명언을 탁월하게 형상화한 작품.",2003-06-16,https://image.aladin.co.kr/product/41/89/coversum/s122531356_2.jpg,국내도서>소설/시/희곡>영미소설
1984,조지 오웰,민음사,대덕소프트웨어마이스터고등학교,EM00017629,808 세14 v.77 c.7,"민음사에서 조지 오웰 탄생 100주년을 맞아 그의 대표작 <1984>를 새롭게 펴냈다. <1984>는 널리 알려진 바와 같이 전체주의를 비판하는 디스토피아 소설로, 날카로운 풍자와 정치적 함의로 유명하다. '절대 권력은 절대 부패한다'는 명언을 탁월하게 형상화한 작품.",2003-06-16,https://image.aladin.co.kr/product/41/89/coversum/s122531356_2.jpg,국내도서>소설/시/희곡>영미소설
1984,조지 오웰,민음사,대덕소프트웨어마이스터고등학교,EM00017739,808 세14 v.77 c.11,"민음사에서 조지 오웰 탄생 100주년을 맞아 그의 대표작 <1984>를 새롭게 펴냈다. <1984>는 널리 알려진 바와 같이 전체주의를 비판하는 디스토피아 소설로, 날카로운 풍자와 정치적 함의로 유명하다. '절대 권력은 절대 부패한다'는 명언을 탁월하게 형상화한 작품.",2003-06-16,https://image.aladin.co.kr/product/41/89/coversum/s122531356_2.jpg,국내도서>소설/시/희곡>영미소설
1984,조지 오웰,민음사,대덕소프트웨어마이스터고등학교,EM00017740,808 세14 v.77 c.12,"민음사에서 조지 오웰 탄생 100주년을 맞아 그의 대표작 <1984>를 새롭게 펴냈다. <1984>는 널리 알려진 바와 같이 전체주의를 비판하는 디스토피아 소설로, 날카로운 풍자와 정치적 함의로 유명하다. '절대 권력은 절대 부패한다'는 명언을 탁월하게 형상화한 작품.",2003-06-16,https://image.aladin.co.kr/product/41/89/coversum/s122531356_2.jpg,국내도서>소설/시/희곡>영미소설
이것이다,김태연,시간여행,대덕소프트웨어마이스터고등학교,EM00011643,813.6 김883ㅇ,"폐쇄병동 그림 같은 시절의 작가 김태연의 수학소설. '있는 것과 없는 것', '보이는 것과 보이지 않는 것'과 같은 주제에 대하여 수학으로 탐색한 작품이다. 이 작품에서는 수학을 모든 작동원리와 우주 형태를 알아내는 유일한 수단으로 설정하고 있다. 천재 수학자의 실종을 둘러싸고 두뇌게임이 펼쳐진다.",2010-08-16,https://image.aladin.co.kr/product/757/71/coversum/8996486604_1.jpg,국내도서>소설/시/희곡>한국소설>2000년대 이후 한국소설
끝없는 사랑의 섬,다이나 차비아노,문학동네,대덕소프트웨어마이스터고등학교,EM00011647,873 차48ㄲ,"아르헨티나의 앙헬리카 고로디셰, 스페인의 엘리아 바르셀로와 함께 라틴아메리카의 3대 여성 판타지, SF문학 작가의 한 사람으로 손꼽히는 쿠바 출신의 작가 다이나 차비아노. 다이나 차비아노의 장편소설로, 시적이고 음악적인 언어로 중국과 서양을 넘나들며 신화와 전설, 고대 역사에서부터 현대 쿠바의 정치사회 문제까지, 폭넓은 주제를 시적이고 관능적으로 표현해냈다.",2010-07-30,https://image.aladin.co.kr/product/759/10/coversum/8954612105_1.jpg,국내도서>소설/시/희곡>스페인/중남미소설
인형의 정원,서미애,노블마인(웅진씽크빅),대덕소프트웨어마이스터고등학교,EM00011674,813.6 서38ㅇ,"'반가운 살인자', '남편을 죽이는 서른 가지 방법'의 작가 서미애의 첫 장편소설. 최근 우리 사회를 떠들썩하게 한 유영철, 강호순 사건 등을 소재로 한 미스터리 스릴러 소설이다. 인간의 모습을 한 괴물을 만들어낸 우리 사회의 문제점과 그런 사회에서 살아가는 사람들의 불안한 삶을 묘사하고 있는 작품이다.",2009-06-22,https://image.aladin.co.kr/product/415/66/coversum/8901097621_1.jpg,국내도서>소설/시/희곡>추리/미스터리소설>한국 추리/미스터리소설
바이퍼케이션 2  하이드라,이우혁,해냄,대덕소프트웨어마이스터고등학교,EM00011696,813.6 이66ㅂ v.2,90년대 초 '하이텔'에 연재한 소설이 열광적인 성원을 얻어 단행본으로 출간되고 850만 부 판매라는 기록을 세운 퇴마록의 작가 이우혁. 평범한 공학도에서 베스트셀러 작가로 거듭나며 한국소설의 기린아로 떠오른 이우혁이 7년 만에 드디어 내놓은 장편소설이다. 사이코패스와 광기를 넘어 존재하는 또다른 힘을 다룬 작품.,2010-08-10,https://image.aladin.co.kr/product/751/0/coversum/8973372602_1.jpg,국내도서>소설/시/희곡>추리/미스터리소설>한국 추리/미스터리소설
김홍신의 대발해 1  혈로를 뚫고,김홍신,아리샘,대덕소프트웨어마이스터고등학교,EM00011719,813.6 김95ㄱ v.1,"베스트셀러 작가 김홍신이 1998년 국회의원 시절부터 무려 8년여에 걸쳐 구상하여 집필한 소설. 668년 고구려의 멸망에서부터 698년 고구려 유장 대조영이 세운 발해가 926년 멸망하기까지 파란만장했던 역사를 담은 장대한 스케일의 작품이다. 주변국과 싸워나가는 발해의 정치 군사 외교의 전략 전술이 흥미롭게 그려져 있으며, 수많은 영웅들의 원대한 꿈과 야망, 들풀처럼 억센 민초들의 애환이 녹아들어 있다.",2010-03-10,https://image.aladin.co.kr/product/753/99/coversum/8992673558_1.jpg,국내도서>소설/시/희곡>역사소설>한국 역사소설
김홍신의 대발해 4  황자의 역심,김홍신,아리샘,대덕소프트웨어마이스터고등학교,EM00011723,813.6 김95ㄱ v.4,"베스트셀러 작가 김홍신이 1998년 국회의원 시절부터 무려 8년여에 걸쳐 구상하여 집필한 소설. 668년 고구려의 멸망에서부터 698년 고구려 유장 대조영이 세운 발해가 926년 멸망하기까지 파란만장했던 역사를 담은 장대한 스케일의 작품이다. 주변국과 싸워나가는 발해의 정치 군사 외교의 전략 전술이 흥미롭게 그려져 있으며, 수많은 영웅들의 원대한 꿈과 야망, 들풀처럼 억센 민초들의 애환이 녹아들어 있다.",2010-03-10,https://image.aladin.co.kr/product/754/3/coversum/8992673582_1.jpg,국내도서>소설/시/희곡>역사소설>한국 역사소설
올리브 키터리지,엘리자베스 스트라우트,문학동네,대덕소프트웨어마이스터고등학교,EM00011778,843 스887ㅇ,"2009 퓰리처상 수상작. 올리브 키터리지라는 여성을 중심으로 미국 메인 주의 작은 마을 크로스비 사람들의 이야기를 열세 편의 단편에 담아낸 연작소설 형식의 작품이다. 심사위원들로부터 ""퉁명스럽고 허점이 많으면서도 매혹적인 인물 올리브가 있고, 독자의 정서에 진하게 호소하는 세련된 작품""이라는 평을 들으며 퓰리처상을 수상했다.",2010-05-06,https://image.aladin.co.kr/product/690/65/coversum/895461115x_1.jpg,국내도서>소설/시/희곡>영미소설
 2010 젊은작가상 수상작품집,김미월,문학동네,대덕소프트웨어마이스터고등학교,EM00011789,813.7 김38ㅈ,"등단 십 년 이내 작가들의, 아직 집중적으로 조명되지 않은 개성에 깊이 간직되어 있는 한국문학의 미래와 함께하고자 기획된 '젊은작가상' 제1회 수상작품집. 2010년 제1회는, 대상인 김중혁을 비롯, 편혜영, 이장욱, 배명훈, 김미월, 정소현, 김성중, 일곱 명의 작가가 수상의 영예를 안았다.",2010-03-22,https://image.aladin.co.kr/product/667/7/coversum/895461079x_2.jpg,국내도서>소설/시/희곡>한국소설>2000년대 이후 한국소설
홀리가든,에쿠니가오리,소담,대덕소프트웨어마이스터고등학교,EM00011794,833.6 에876ㅎ,"소꿉친구인 가호와 시즈에의 평화롭지만 아슬아슬한 일상을 그린 <홀리가든>, 무라사키시부 문학상 수상작으로, 규범 밖 사람들의 색다른 사랑을 보여주는 <반짝반짝 빛나는>, 기억에서 사라져가는 그리운 날들의 이야기를 담은 <언젠가 기억에서 사라진다 해도>. 에쿠니 가오리 소설 3권을 묶은 세트 구성.",2009-05-20,https://image.aladin.co.kr/product/387/18/coversum/8973819836_1.jpg,국내도서>소설/시/희곡>일본소설>1950년대 이후 일본소설
그로칼랭,로맹 가리,문학동네,대덕소프트웨어마이스터고등학교,EM00011799,863 가298ㄱ,"자기 앞의 생 새들은 페루에 가서 죽다의 작가 로맹 가리, 그가 제2의 문학적 자아인 에밀 아자르라는 필명으로 발표한 첫 작품이다. 자신을 향한 외부의 기대와 선입견에서 탈피하고 자신의 작품이 작품 그 자체로 평가받길 원했던 로맹 가리는, 예순 살이 되던 1974년 그로칼랭 원고를 '에밀 아자르'라는 가명으로 발표했다.",2010-06-24,https://image.aladin.co.kr/product/724/73/coversum/8954611184_1.jpg,국내도서>소설/시/희곡>프랑스소설
한방울의 물을 마르지 않게 하는 법,강호진,영림카디널,대덕소프트웨어마이스터고등학교,EM00011872,813.6 강95ㅎ,200년의 역사를 뛰어넘어 불교와 고서화에 얽힌 살인사건을 파헤치는 역사추리 팩션. 영락사에서 승려들이 살해당하는 연쇄 살인사건이 발생한다. 불자들을 위한 하계 수련회 미술특강을 위해 절을 찾은 현인호는 어릴 적부터 알고 지내던 불가의 스승인 홍제스님을 죽인 범인을 잡기 위해 사건의 한복판에 뛰어드는데…,2009-03-15,https://image.aladin.co.kr/product/338/37/coversum/8984011401_1.jpg,국내도서>소설/시/희곡>추리/미스터리소설>한국 추리/미스터리소설
난장이가 쏘아올린 작은 공,조세희,이성과 힘,대덕소프트웨어마이스터고등학교,EM00017583,813.6 조53ㄴ c.3,"한국 현대문학의 대표적인 고전으로 평가받는 『난장이가 쏘아올린 작은 공』은 1970년대 난장이로 상징되는 도시 노동자들의 모습을 담고 있다. 개정판에서는 판형과 표지를 새로이 하고, 오늘날의 표기법에 맞게 일부 단어와 문장을 다듬었다.",2024-02-15,https://image.aladin.co.kr/product/33415/76/coversum/8995151226_1.jpg,국내도서>소설/시/희곡>한국소설>2000년대 이전 한국소설
난장이가 쏘아올린 작은 공,조세희,이성과 힘,대덕소프트웨어마이스터고등학교,EM00017590,813.6 조53ㄴ c.10,"한국 현대문학의 대표적인 고전으로 평가받는 『난장이가 쏘아올린 작은 공』은 1970년대 난장이로 상징되는 도시 노동자들의 모습을 담고 있다. 개정판에서는 판형과 표지를 새로이 하고, 오늘날의 표기법에 맞게 일부 단어와 문장을 다듬었다.",2024-02-15,https://image.aladin.co.kr/product/33415/76/coversum/8995151226_1.jpg,국내도서>소설/시/희곡>한국소설>2000년대 이전 한국소설
난장이가 쏘아올린 작은 공,조세희,이성과 힘,대덕소프트웨어마이스터고등학교,EM00017716,813.6 조53ㄴ c.18,"한국 현대문학의 대표적인 고전으로 평가받는 『난장이가 쏘아올린 작은 공』은 1970년대 난장이로 상징되는 도시 노동자들의 모습을 담고 있다. 개정판에서는 판형과 표지를 새로이 하고, 오늘날의 표기법에 맞게 일부 단어와 문장을 다듬었다.",2024-02-15,https://image.aladin.co.kr/product/33415/76/coversum/8995151226_1.jpg,국내도서>소설/시/희곡>한국소설>2000년대 이전 한국소설
1984,조지 오웰,민음사,대덕소프트웨어마이스터고등학교,EM00017626,808 세14 v.77 c.4,"민음사에서 조지 오웰 탄생 100주년을 맞아 그의 대표작 <1984>를 새롭게 펴냈다. <1984>는 널리 알려진 바와 같이 전체주의를 비판하는 디스토피아 소설로, 날카로운 풍자와 정치적 함의로 유명하다. '절대 권력은 절대 부패한다'는 명언을 탁월하게 형상화한 작품.",2003-06-16,https://image.aladin.co.kr/product/41/89/coversum/s122531356_2.jpg,국내도서>소설/시/희곡>영미소설
동물농장,조지 오웰,더클래식,대덕소프트웨어마이스터고등학교,IT00008805,843 오66ㄷ c.3,1945년에 간행된 조지 오웰의 대표작. 어떤 농장의 동물들이 늙은 돼지 메이저의 부추김에 빠져 농장주의 압제에 대항해 반란을 일으켜 인간의 착취가 없는 '모든 동물이 평등한 이상사회'를 건설한다. 그러나 돼지들이 지도자가 되어 다시 동물들을 압박하기 시작하는데...,1998-08-05,https://image.aladin.co.kr/product/4/6/coversum/s93746005x_3.jpg,국내도서>소설/시/희곡>영미소설
동물농장,조지 오웰,더클래식,대덕소프트웨어마이스터고등학교,IT00008806,843 오66ㄷ c.4,1945년에 간행된 조지 오웰의 대표작. 어떤 농장의 동물들이 늙은 돼지 메이저의 부추김에 빠져 농장주의 압제에 대항해 반란을 일으켜 인간의 착취가 없는 '모든 동물이 평등한 이상사회'를 건설한다. 그러나 돼지들이 지도자가 되어 다시 동물들을 압박하기 시작하는데...,1998-08-05,https://image.aladin.co.kr/product/4/6/coversum/s93746005x_3.jpg,국내도서>소설/시/희곡>영미소설
동물농장,조지 오웰,더클래식,대덕소프트웨어마이스터고등학교,IT00008811,843 오66ㄷ c.9,1945년에 간행된 조지 오웰의 대표작. 어떤 농장의 동물들이 늙은 돼지 메이저의 부추김에 빠져 농장주의 압제에 대항해 반란을 일으켜 인간의 착취가 없는 '모든 동물이 평등한 이상사회'를 건설한다. 그러나 돼지들이 지도자가 되어 다시 동물들을 압박하기 시작하는데...,1998-08-05,https://image.aladin.co.kr/product/4/6/coversum/s93746005x_3.jpg,국내도서>소설/시/희곡>영미소설
동물농장,조지 오웰,더클래식,대덕소프트웨어마이스터고등학교,IT00008812,843 오66ㄷ c.10,1945년에 간행된 조지 오웰의 대표작. 어떤 농장의 동물들이 늙은 돼지 메이저의 부추김에 빠져 농장주의 압제에 대항해 반란을 일으켜 인간의 착취가 없는 '모든 동물이 평등한 이상사회'를 건설한다. 그러나 돼지들이 지도자가 되어 다시 동물들을 압박하기 시작하는데...,1998-08-05,https://image.aladin.co.kr/product/4/6/coversum/s93746005x_3.jpg,국내도서>소설/시/희곡>영미소설
동물농장,조지 오웰,더클래식,대덕소프트웨어마이스터고등학교,IT00008814,843 오66ㄷ c.12,1945년에 간행된 조지 오웰의 대표작. 어떤 농장의 동물들이 늙은 돼지 메이저의 부추김에 빠져 농장주의 압제에 대항해 반란을 일으켜 인간의 착취가 없는 '모든 동물이 평등한 이상사회'를 건설한다. 그러나 돼지들이 지도자가 되어 다시 동물들을 압박하기 시작하는데...,1998-08-05,https://image.aladin.co.kr/product/4/6/coversum/s93746005x_3.jpg,국내도서>소설/시/희곡>영미소설
동물농장,조지 오웰,더클래식,대덕소프트웨어마이스터고등학교,IT00008820,843 오66ㄷ c.18,1945년에 간행된 조지 오웰의 대표작. 어떤 농장의 동물들이 늙은 돼지 메이저의 부추김에 빠져 농장주의 압제에 대항해 반란을 일으켜 인간의 착취가 없는 '모든 동물이 평등한 이상사회'를 건설한다. 그러나 돼지들이 지도자가 되어 다시 동물들을 압박하기 시작하는데...,1998-08-05,https://image.aladin.co.kr/product/4/6/coversum/s93746005x_3.jpg,국내도서>소설/시/희곡>영미소설
양철북,귄터 그라스,동서문화사,대덕소프트웨어마이스터고등학교,IT00003057,853 그292ㅇ,"1999년 노벨문학상 수상작인 독일작가 귄터 그라스의 대표작. 정신병원에 갇힌 화자 오스카의 회상을 통해 전쟁, 종교, 섹스 등 인간의 온갖 모습들을 서술로 풀어낸 작품이다. 1959년 발표된 이 책은 강렬한 언어구사, 반어와 풍자, 외설적인 성 묘사, 신성 모독 등의 숱한 화제를 뿌렸지만 독일의 권위적인 문학상을 모두 휩쓸었다.",1999-10-04,https://image.aladin.co.kr/product/20/74/coversum/s432933848_1.jpg,국내도서>소설/시/희곡>독일소설
양철북,귄터 그라스,동서문화사,대덕소프트웨어마이스터고등학교,IT00003059,853 그292ㅇ c.3,"1999년 노벨문학상 수상작인 독일작가 귄터 그라스의 대표작. 정신병원에 갇힌 화자 오스카의 회상을 통해 전쟁, 종교, 섹스 등 인간의 온갖 모습들을 서술로 풀어낸 작품이다. 1959년 발표된 이 책은 강렬한 언어구사, 반어와 풍자, 외설적인 성 묘사, 신성 모독 등의 숱한 화제를 뿌렸지만 독일의 권위적인 문학상을 모두 휩쓸었다.",1999-10-04,https://image.aladin.co.kr/product/20/74/coversum/s432933848_1.jpg,국내도서>소설/시/희곡>독일소설
불안한 사람들,프레드릭 배크만,다산책방,대덕소프트웨어마이스터고등학교,IT00013301,859.7 배877ㅂ c.2,"인질극은커녕 자전거 도둑도 없는 조용하고 작은 도시의 새해 이틀 전날. 권총을 든 강도가 은행에 침입해 6천5백 크로나를 요구한다. 65만 크로나도 아닌 6천5백 크로나? 그곳은 현금 없이 운영되는 은행이었고, 경찰이 출동하자 당황한 강도는 얼떨결에 옆 아파트 오픈하우스로 들어가는데….",2021-05-14,https://image.aladin.co.kr/product/27141/79/coversum/k542731443_3.jpg,국내도서>소설/시/희곡>세계의 소설>북유럽소설
하루하루가 이별의 날,프레드릭 배크만,다산책방,대덕소프트웨어마이스터고등학교,IT00013304,859.7 배877ㅎ,"오베라는 남자, 할머니가 미안하다고 전해달랬어요 작가 프레드릭 배크만의 장편소설. 삶의 어느 한 순간이 끊임없이 재생되고, 현재가 녹아내리며, 완전히 놓아버릴 때까지, 기억을 잃어가는 노인과 천천히 헤어짐을 배워가는 가족의 이별 이야기이다.",2017-06-28,https://image.aladin.co.kr/product/11167/15/coversum/k272531086_2.jpg,국내도서>소설/시/희곡>세계의 소설>북유럽소설
기타기타 사건부,미야베 미유키,북스피어,대덕소프트웨어마이스터고등학교,IT00013307,833.8 미63ㄱ,"불의의 사고로 아기와 함께 세상을 떠난 아내를 잊지 못해 독신으로 지내던 남자가 새로운 인연을 만나 결혼을 약속한다. 하지만 결혼식 당일 낯선 여자가 나타나 난동을 부린다. 여자는, 자신이 세상을 떠난 전처이며 다시 부부가 되기 위해 저승에서 돌아와 환생했다고 주장한다.",2021-05-31,https://image.aladin.co.kr/product/27194/21/coversum/k712732199_1.jpg,국내도서>소설/시/희곡>추리/미스터리소설>일본 추리/미스터리소설
연을 쫓는 아이,할레드 호세이니,현대문학,대덕소프트웨어마이스터고등학교,IT00013342,843 호54ㅇ c.5,"부유한 상인의 아들 아미르와 비극적인 숙명을 지닌 그의 하인 하산의 이야기를 그린 성장소설로, 주인공 아미르가 어린 시절의 과오를 직시하고 속죄하며 치유와 구원에 이르는 과정을 감동적으로 펼쳐 보인다.
",2022-08-20,https://image.aladin.co.kr/product/30005/40/coversum/k592838350_1.jpg,국내도서>소설/시/희곡>영미소설
미성년 상,표도르 미하일로비치 도스또예프스끼,열린책들,대덕소프트웨어마이스터고등학교,IT00013343,892.83 도57ㅁ v.상,"불행한 운명을 타고난 한 청년의 이상과 현실 사이의 방황을 그린 도스토예프스키의 성장 소설. 삶의 정신적 지주가 되어야 할 아버지 세대의 부재로 인해 온갖 불의와 도덕적 타락의 유혹에 무방비 상태로 내던져진, 위험하고 불완전한 상황에서 보호받을 수 없는 자식들에 대한 작가적 문제 의식에서 씌어졌다.",2010-04-25,https://image.aladin.co.kr/product/692/6/coversum/8932911088_1.jpg,국내도서>소설/시/희곡>러시아소설
연년세세,황정은,창비,대덕소프트웨어마이스터고등학교,IT00013361,813.7 황74ㅇ c.3,"디디의 우산으로 ""기존의 문학적 형식과 관행에 의거하지 않고"" ""사유와 언어를 새롭고 독특하게 벼려냄으로써 사회적 약자와 소수자에게 밀착하는 빼어난 윤리적 감수성과 예술적 혁신을 이뤄냈다""는 평을 받으며 2019년 만해문학상을 수상한 작가 황정은의 연작소설.",2020-09-18,https://image.aladin.co.kr/product/24790/60/coversum/8936434446_3.jpg,국내도서>소설/시/희곡>한국소설>2000년대 이후 한국소설
젊은 근희의 행진,이서수,은행나무,대덕소프트웨어마이스터고등학교,IT00016878,813.7 이54ㅈ,"단편소설 〈미조의 시대〉로 이효석문학상 대상을 수상하며 “모든 면에서 완벽에 가까운 작품”, “엄청난 공력으로 이뤄진 탄탄한 소설”이라는 극찬을 받은 이서수의 첫 소설집이 은행나무출판사에서 출간되었다.",2023-05-30,https://image.aladin.co.kr/product/31722/66/coversum/k932833899_2.jpg,국내도서>소설/시/희곡>한국소설>2000년대 이후 한국소설
동물농장,조지 오웰,더클래식,대덕소프트웨어마이스터고등학교,IT00008809,843 오66ㄷ c.7,1945년에 간행된 조지 오웰의 대표작. 어떤 농장의 동물들이 늙은 돼지 메이저의 부추김에 빠져 농장주의 압제에 대항해 반란을 일으켜 인간의 착취가 없는 '모든 동물이 평등한 이상사회'를 건설한다. 그러나 돼지들이 지도자가 되어 다시 동물들을 압박하기 시작하는데...,1998-08-05,https://image.aladin.co.kr/product/4/6/coversum/s93746005x_3.jpg,국내도서>소설/시/희곡>영미소설
동물농장,조지 오웰,더클래식,대덕소프트웨어마이스터고등학교,IT00008817,843 오66ㄷ c.15,1945년에 간행된 조지 오웰의 대표작. 어떤 농장의 동물들이 늙은 돼지 메이저의 부추김에 빠져 농장주의 압제에 대항해 반란을 일으켜 인간의 착취가 없는 '모든 동물이 평등한 이상사회'를 건설한다. 그러나 돼지들이 지도자가 되어 다시 동물들을 압박하기 시작하는데...,1998-08-05,https://image.aladin.co.kr/product/4/6/coversum/s93746005x_3.jpg,국내도서>소설/시/희곡>영미소설
페스트,알베르 카뮈,민음사,대덕소프트웨어마이스터고등학교,IT00003142,808 세14 v.267 c.2,"'민음사 세계문학전집' 267권. 페스트라는 비극의 소용돌이 속에서 현실을 직시하며 의연히 운명과 대결하는 인간의 모습을 다룬 알베르 카뮈의 대표작. 20세기 프랑스 문학이 남긴 기념비적인 작품으로, 2011년 현재까지 외국어 번역을 제외하고 오로지 프랑스어 판만으로 약 500여만 부가 판매되어 이방인을 바로 뒤쫓는 기록을 세우고 있다.",2011-03-25,https://image.aladin.co.kr/product/1126/73/coversum/s937462672_2.jpg,국내도서>소설/시/희곡>프랑스소설
완전한 행복,정유정,은행나무,대덕소프트웨어마이스터고등학교,IT00014641,813.7 정66ㅇ c.3,"버스도 다니지 않는 버려진 시골집에서 늪에 사는 오리들을 먹이기 위해 오리 먹이를 만드는 한 여자의 뒷모습에서 시작된다. 그녀와 딸, 그리고 그 집을 찾은 한 남자의 얼굴을 비춘다. 얼굴을 맞대고 웃고 있지만 그들이 추구하는 서로 다른 행복은 서서히 불협화음을 만들어낸다.",2021-06-08,https://image.aladin.co.kr/product/27225/29/coversum/k432732398_3.jpg,국내도서>소설/시/희곡>한국소설>2000년대 이후 한국소설
불안한 사람들,프레드릭 배크만,다산책방,대덕소프트웨어마이스터고등학교,IT00013300,859.7 배877ㅂ,"인질극은커녕 자전거 도둑도 없는 조용하고 작은 도시의 새해 이틀 전날. 권총을 든 강도가 은행에 침입해 6천5백 크로나를 요구한다. 65만 크로나도 아닌 6천5백 크로나? 그곳은 현금 없이 운영되는 은행이었고, 경찰이 출동하자 당황한 강도는 얼떨결에 옆 아파트 오픈하우스로 들어가는데….",2021-05-14,https://image.aladin.co.kr/product/27141/79/coversum/k542731443_3.jpg,국내도서>소설/시/희곡>세계의 소설>북유럽소설
도리스의 빨간 수첩,소피아 룬드베리,문예출판사,대덕소프트웨어마이스터고등학교,IT00013302,859.7 룬27ㄷ,"스칸디나비아를 넘어 유럽을 휩쓴 소피아 룬드베리의 데뷔작. 하루하루 죽음과 가까워지고 있는 아흔여섯의 도리스가 평생 동안 만났던 사람들의 이야기이자, 그들과 함께 살아갔던 도리스 자신의 생애를 이야기하는 작품이다.",2018-11-30,https://image.aladin.co.kr/product/17482/16/coversum/8931011229_1.jpg,국내도서>소설/시/희곡>세계의 소설>북유럽소설
 어른을 위한 동화 안데르센 동화전집,한스 크리스티안 안데르센,현대지성,대덕소프트웨어마이스터고등학교,IT00013306,859.81 안24ㅇ,,1997-12-10,https://image.aladin.co.kr/product/9/56/coversum/9788983477033.gif,국내도서>소설/시/희곡>세계의 소설>북유럽소설
기타기타 사건부,미야베 미유키,북스피어,대덕소프트웨어마이스터고등학교,IT00013308,833.8 미63ㄱ c.2,"불의의 사고로 아기와 함께 세상을 떠난 아내를 잊지 못해 독신으로 지내던 남자가 새로운 인연을 만나 결혼을 약속한다. 하지만 결혼식 당일 낯선 여자가 나타나 난동을 부린다. 여자는, 자신이 세상을 떠난 전처이며 다시 부부가 되기 위해 저승에서 돌아와 환생했다고 주장한다.",2021-05-31,https://image.aladin.co.kr/product/27194/21/coversum/k712732199_1.jpg,국내도서>소설/시/희곡>추리/미스터리소설>일본 추리/미스터리소설
요리코를 위해,노리즈키 린타로,모모,대덕소프트웨어마이스터고등학교,IT00013309,833.6 노298ㅇ,"여고생 딸 요리코가 임신한 몸으로 살해당한 사실을 알게 된 아버지는 범인을 찾아내 단죄하고, 그 과정을 수기로 남긴 후 자살을 감행하지만 간신히 살아남는다. 한편, 탐정 노리즈키 린타로는 아버지의 수기에서 수상쩍은 점을 발견해 재수사를 시작한다.",2020-03-04,https://image.aladin.co.kr/product/27761/28/coversum/k212734960_1.jpg,국내도서>소설/시/희곡>추리/미스터리소설>일본 추리/미스터리소설
연년세세,황정은,창비,대덕소프트웨어마이스터고등학교,IT00013359,813.7 황74ㅇ,"디디의 우산으로 ""기존의 문학적 형식과 관행에 의거하지 않고"" ""사유와 언어를 새롭고 독특하게 벼려냄으로써 사회적 약자와 소수자에게 밀착하는 빼어난 윤리적 감수성과 예술적 혁신을 이뤄냈다""는 평을 받으며 2019년 만해문학상을 수상한 작가 황정은의 연작소설.",2020-09-18,https://image.aladin.co.kr/product/24790/60/coversum/8936434446_3.jpg,국내도서>소설/시/희곡>한국소설>2000년대 이후 한국소설
깊은 슬픔,신경숙,문학동네,대덕소프트웨어마이스터고등학교,EM00009259,813.6 신14ㄱ,"신경숙의 첫 장편소설 <깊은 슬픔>의 개정판. '은서'라는 한 여자와 그녀가 짧은 생애 동안 만난 두 남자 '완'과 '세'의 이야기를 그렸다. 세 사람을 맺어주고 환희에 빠뜨리며 절망케 하는 것은 '사랑'이다. 사랑의 올이 얽히고 풀림에 따라, 고향 '이슬어지'에서 함께 자라난 세 사람의 운명은 서로 겹치고 어긋난다.",2006-03-30,https://image.aladin.co.kr/product/63/92/coversum/8954601278_1.jpg,국내도서>소설/시/희곡>한국소설>2000년대 이후 한국소설
가시나무 1,원정미,디앤씨미디어,대덕소프트웨어마이스터고등학교,EM00009269,813.6 원74ㄱ v.1,,2005-09-14,https://image.aladin.co.kr/product/58/51/coversum/8957635084_1.jpg,국내도서>소설/시/희곡>한국소설>2000년대 이후 한국소설
가시나무 2,원정미,디앤씨미디어,대덕소프트웨어마이스터고등학교,EM00009270,813.6 원74ㄱ v.2,,2005-09-14,https://image.aladin.co.kr/product/58/51/coversum/8957635092_1.jpg,국내도서>소설/시/희곡>한국소설>2000년대 이후 한국소설
마지막 해커,황유석,두리미디어,대덕소프트웨어마이스터고등학교,EM00009345,813.6 황66ㅁ,"심장마비, 교통사고, 그리고 원인불명으로 죽은 5명의 해커들. 해커들의 미스터리한 죽음의 비밀을 추적해 가면서 인간에게 내재된 비밀스러운 욕구, 즉 '호기심'을 작품 속 상황과 인물을 통해 보여 준다. 그들을 죽음으로 이끈 살인마 'MURDER'는 사이버 공간에만 존재할까 아니면 실제로 존재할까?",2008-08-23,https://image.aladin.co.kr/product/248/31/coversum/8977151961_1.jpg,국내도서>소설/시/희곡>추리/미스터리소설>한국 추리/미스터리소설
먼 그대 7,서영은,문학사상사,대덕소프트웨어마이스터고등학교,EM00009352,810.82 이52 v.7,,2004-12-10,https://image.aladin.co.kr/product/4/84/coversum/8970126570_2.jpg,국내도서>소설/시/희곡>한국소설>2000년대 이후 한국소설
밤은 노래한다,김연수,문학과지성사,대덕소프트웨어마이스터고등학교,EM00009375,813.6 김64ㅂ,김연수의 세번째 역사소설. 역사의 소용돌이로부터 한 발 떨어진 채 일상을 살아가던 한 남자가 어느 날 연인이 죽기 직전 보내온 한 장의 편지를 받으면서 역사의 한가운데로 걸어들어가게 되는 밤은 노래한다는 우리를 1930년대 초반 북간도로 이끈다.,2016-04-17,https://image.aladin.co.kr/product/7492/7/coversum/8954640176_1.jpg,국내도서>소설/시/희곡>한국소설>2000년대 이후 한국소설
베를린 포플러 나무,안네 비르케펠트 락테,행간,대덕소프트웨어마이스터고등학교,EM00009387,859.82 락884ㅂ,,,,
밤은 짧아 걸어 아가씨야,모리미토미히코,작가정신,대덕소프트웨어마이스터고등학교,EM00009376,833.6 모298ㅂ,"독야청청한 기백 가득하고, 현실과 가상의 세계를 자유롭게 오가는 천연덕스러운 판타지로 수많은 독자를 열광케 한 청춘소설 『밤은 짧아 걸어 아가씨야』의 개정판이 출간되었다. 유아사 마사아키 감독의 밤은 짧아 걸어 아가씨야의 원작 소설이기도 하다.",2022-08-09,https://image.aladin.co.kr/product/29835/48/coversum/k192838829_1.jpg,국내도서>소설/시/희곡>판타지/환상문학>외국판타지/환상소설
봄날의 팔광,현고운,눈과마음,대덕소프트웨어마이스터고등학교,EM00009390,813.6 현15ㅂ,"컬러 일러스트와 함께 다시 태어난 봄날의 팔광. 달빛 가득한 밤, 천방지축 선녀에게 제대로 찍혀버린 지상의 싸가지 남자. 하늘의 선녀, 땅의 남자, 그리고 저승의 사자… 평범하지 않은 그들이 만나 펼치는 판타지 로맨스.",2012-10-22,https://image.aladin.co.kr/product/2057/23/coversum/8994300171_1.jpg,국내도서>소설/시/희곡>로맨스소설>한국 로맨스소설
봄바람,박상률,사계절,대덕소프트웨어마이스터고등학교,EM00009391,813.6 박52ㅂ,작가 박상률씨가 펴낸 이 성장소설은 어른들에게는 이전에 소년잡지에서 읽었던 감동을 떠올리게 한다． 훈필이라는 이름의 열세살짜리 주인공의 첫사랑과 첫 가출，그리고 사흘만의 귀가 등을 기둥으로 어린이의 호기심과 배짱을 서정적 글쓰기로 그려내고 있다.,1997-12-10,https://image.aladin.co.kr/product/6/21/coversum/8971968494_1.jpg,국내도서>청소년>청소년 문학>청소년 소설
소녀 수집하는 노인,조이스 캐롤 오츠,아고라,대덕소프트웨어마이스터고등학교,EM00009435,843 오85ㅅ,"<사토장이의 딸>, <멀베이니 가족>의 작가 조이스 캐롤 오츠가 '작가와 죽음'이라는 소재를 가지고 쓴 다섯 편의 소설을 묶은 책이다. 실존 작가들의 삶이나 작품에서 모티프를 딴 후 SF나 호러 요소를 가미했다. 죽음을 앞둔 늙은 작가의 모습을 담은 작품이 있는가 하면, 죽은 후의 삶을 그린 소설이나 영혼만 복제되어 마네킹으로 다시 태어난 시인의 이야기도 있다.",2009-03-17,https://image.aladin.co.kr/product/345/38/coversum/8992055226_1.jpg,국내도서>소설/시/희곡>영미소설
벤자민 버튼의 시간은 거꾸로 간다,F. 스콧 피츠제럴드,노블마인(웅진씽크빅),대덕소프트웨어마이스터고등학교,EM00009469,843 피85ㅂ,스콧 피츠제럴드의 대표 단편선. 2009년 2월 개봉 영화인 [벤자민 버튼의 시간은 거꾸로 간다]의 원작소설과 1922년에 발표된 피츠제럴드의 대표적 단편집인 재즈 시대 이야기에 수록된 10편의 중·단편을 담았다. 이 단편집은 1920년대라는 '재즈 시대'를 살아가는 잃어버린 세대의 감수성을 묘사하고 있다.,2009-01-02,https://image.aladin.co.kr/product/303/87/coversum/8901091518_1.jpg,국내도서>소설/시/희곡>영미소설
심장의 시계장치,마티아스 말지외,문학동네,대덕소프트웨어마이스터고등학교,EM00009479,863 말78ㅅ,"프랑스 작가 마티아스 말지외의 소설. 마음(사랑)이란 의지대로 움직일 수 없음을 모티프로 한, 사랑에 관한 아름다운 성찰을 담은 소설이다. 불가능한 운명을 거슬러 사랑을 향해 달려가는 돈키호테의 성장담을 통해 작가는 '사랑이란 위험을 무릅쓰는 것, 불가능한 것을 믿게 되는 마법의 순간'이라는 진리를 전한다.",2009-02-28,https://image.aladin.co.kr/product/334/17/coversum/8954607683_1.jpg,국내도서>소설/시/희곡>프랑스소설
중력 삐에로,이사카코타로,작가정신,대덕소프트웨어마이스터고등학교,EM00009599,833.6 이52ㅈ,"<칠드런>의 작가 이사카 코타로의 2003년 작. 끈끈한 가족애로 충만한 가족소설인 동시에, 퍼즐을 풀어가는 듯한 독특한 구성이 돋보이는 청춘소설이다. 지적인 익살과 절묘한 구성, 의표를 찌르는 반전이 돋보이는 이 작품은 2003년 제129회 나오키 상 후보작에 올랐다.",2006-05-30,https://image.aladin.co.kr/product/65/15/coversum/897288281x_1.jpg,국내도서>소설/시/희곡>일본소설>1950년대 이후 일본소설
캐비닛,김언수,문학동네,대덕소프트웨어마이스터고등학교,EM00009640,813.6 김64ㅋ,"2006년 제12회 문학동네소설상 수상작이 출간됐다. 2002년 가을문예공모, 2003년 신춘문예를 통해 등단한 작가 김언수의 장편소설 <캐비닛>. 이 세상의 진실을 있는 그대로 고스란히 담는  '13호 캐비닛'을 무대로 펼쳐지는 이야기이다. 스무 편이 넘는 에피소드가 옴니버스로 구성되어 완성도 높은 형식미를 보여준다.",2006-12-21,https://image.aladin.co.kr/product/86/69/coversum/8954602592_1.jpg,국내도서>소설/시/희곡>한국소설>2000년대 이후 한국소설
홈즈의 마지막 인사 ,아서 코난 도일,황금가지,대덕소프트웨어마이스터고등학교,EM00009691,843 도68ㅎ,"홈즈 이야기 중 국내에 가장 널리 알려진 에피소드 중 하나인 '브루스파팅턴 호 설계도'와, 1차 세계대전 당시 발표된 '마지막  인사'가 실려 있다. 전쟁의 그늘이 짙게 깔린 암울한 시기에 쓰여진 이 단편에서는, 국익을 위해 활약하는 홈즈의 새로운 모습을 볼 수 있다.",2002-09-05,https://image.aladin.co.kr/product/37/48/coversum/8982734007_2.jpg,국내도서>소설/시/희곡>추리/미스터리소설>영미 추리/미스터리소설
기차는 7시에 떠나네,신경숙,문학과지성사,대덕소프트웨어마이스터고등학교,EM00009723,813.8 신14ㄱ,이 책은 자신의 지난 과거 중 한 부분을 기억하지 못한 채 늘 뭔가 비어있는 듯한 삶을 살고 있는 주인공 하진의 이야기를 담았다. 주인공이 잃어버린 기억을 찾아가는 과정을 중심으로 주변인물들이 상처를 딛고 자신의 삶을 찾아가는 모습을 그린 장편소설이다.,1999-02-18,https://image.aladin.co.kr/product/2/40/coversum/8932010595_2.jpg,국내도서>소설/시/희곡>한국소설>2000년대 이전 한국소설
부끄러움을 가르칩니다,박완서,문학동네,대덕소프트웨어마이스터고등학교,EM00009759,813.6 박65ㅂ,박완서의 단편소설 전집이 새로운 장정으로 선보인다. 1권 <부끄러움을 가르칩니다>에는 1971년 3월부터 1975년 6월까지 발표한 작품들을 실었다. 이 초기소설들에서는 부조리한 현실세계에 안주함으로써 더 큰 절망감에 빠지는 인물의 모습이 집중적으로 묘사된다.,2013-06-04,https://image.aladin.co.kr/product/68/25/coversum/8954601936_3.jpg,국내도서>소설/시/희곡>한국소설>2000년대 이전 한국소설
개밥바라기별,황석영,문학동네,대덕소프트웨어마이스터고등학교,EM00009199,813.6 황54ㄱ,"'문학동네 한국문학 전집' 2권. 황석영 장편소설. 2008년 초판이 출간된 이 작품은 수많은 독자들의 뜨거운 호응을 이끌어낸 자전적 성장소설로, 사회의 모순을 비판하면서도 소외된 인간에 대한 이해의 끈을 놓지 않았던 소설세계를 가능하게 한 비밀의 시공간을 열어 보인다.",2014-01-15,https://image.aladin.co.kr/product/3538/53/coversum/8954623247_1.jpg,국내도서>소설/시/희곡>한국소설>2000년대 이후 한국소설
그 남자네 집,박완서,현대문학,대덕소프트웨어마이스터고등학교,EM00009238,813.6 박65ㄱ,《현대문학》 창간 50주년을 기념하는 소설이자 박완서 작가의 마지막 장편소설이 된 2004년 작. 일흔을 훌쩍 넘기고 생의 끝자락에 선 박완서 작가가 수십 년간 가슴에 소중히 품어온 '첫사랑'의 기억을 풀어놓은 특별한 작품이다.,2021-01-22,https://image.aladin.co.kr/product/26094/25/coversum/k842737250_1.jpg,국내도서>소설/시/희곡>한국소설>2000년대 이후 한국소설
깊은 슬픔,신경숙,문학동네,대덕소프트웨어마이스터고등학교,EM00011788,813.6 신14ㄱ c.2,"신경숙의 첫 장편소설 <깊은 슬픔>의 개정판. '은서'라는 한 여자와 그녀가 짧은 생애 동안 만난 두 남자 '완'과 '세'의 이야기를 그렸다. 세 사람을 맺어주고 환희에 빠뜨리며 절망케 하는 것은 '사랑'이다. 사랑의 올이 얽히고 풀림에 따라, 고향 '이슬어지'에서 함께 자라난 세 사람의 운명은 서로 겹치고 어긋난다.",2006-03-30,https://image.aladin.co.kr/product/63/92/coversum/8954601278_1.jpg,국내도서>소설/시/희곡>한국소설>2000년대 이후 한국소설
꽃피는 고래,김형경,창비,대덕소프트웨어마이스터고등학교,EM00009262,813.6 김94ㄲ,"사람 풍경, 천개의 공감의 작가 김형경의 장편소설. 열일곱 살 소녀 니은이와 그 주변 인물들의 교감을 통해 가혹한 상실을 경험한 사람이 그것을 다시 딛고 일어서는 과정을 보여준다. 소설은 열일곱 소녀의 목소리로 우리 모두의 내면에 살고 있는 성장하지 못한 아이를 그리며 그 안의 상처와 당당히 마주하는 법을 이야기한다.",2008-06-10,https://image.aladin.co.kr/product/224/4/coversum/8936433652_1.jpg,국내도서>소설/시/희곡>한국소설>2000년대 이후 한국소설
나는 여기가 좋다,한창훈,문학동네,대덕소프트웨어마이스터고등학교,EM00009266,813.6 한82ㄴ,"한창훈의 다섯번째 소설집. 바다와 섬에서 살아가는 서민들의 삶을 진솔하게 그린 여덟 편의 단편을 묶었다. 작가는 근본적인 선량함을 간직하고 있는 인물들과 그들의 맛깔스러운 사투리, 곳곳에 드러나는 해학적인 장면들과 작품 전체를 관통하는 따스한 온기를 통해 어둡고 힘든 현실을 오히려 밝고 따뜻하게 풀어낸다.",2009-01-28,https://image.aladin.co.kr/product/317/5/coversum/8954607616_1.jpg,국내도서>소설/시/희곡>한국소설>2000년대 이후 한국소설
다산  1 1,한승원,랜덤하우스코리아,대덕소프트웨어마이스터고등학교,EM00009298,813.6 한57ㄷ v.1,"한국문학을 대표하는 작가이자 우리 시대의 거목으로 자리매김한 한승원은 이상문학상, 현대문학상, 김동리문학상 등 굵직한 문학상들을 수상하고, 수많은 대표작을 남겼다. 이번에 열림원에서 새롭게 출간된 『다산』은 추사 김정희를 다룬 『추사』, 다산의 제자 초의 스님을 다룬 『초의』에 이은 작품이자, 그가 평생에 걸쳐 좇아온 ‘조선 천재 3부작’의 완결판이다.",2024-11-10,https://image.aladin.co.kr/product/35158/55/coversum/k312934119_1.jpg,국내도서>소설/시/희곡>역사소설>한국 역사소설
다른 남자,베른하르트 슐링크,이레,대덕소프트웨어마이스터고등학교,EM00009297,853 슐298ㄷ,"<더 리더-책 읽어주는 남자>의 작가 베른하르트 슐링크의 중단편 모음집. 부자, 부부, 친구 등 우리 일상의 가장 기본적인 관계 속에서 발견되는 사랑의 빛과 그림자가 간결하고 치밀한 어조로 그린다. 작가는 사랑이라는 주제에 대해 감성적으로 접근하지 않고, 관계와 소통의 문제로 접근한다. 개정판.",2009-03-30,https://image.aladin.co.kr/product/353/29/coversum/8957091505_1.jpg,국내도서>소설/시/희곡>독일소설
 신경숙 장편소설 리진 2,신경숙,문학동네,대덕소프트웨어마이스터고등학교,EM00009337,813.6 신14ㄹ v.2,,,,
마지막 춤은 나와 함께,은희경,문학동네,대덕소프트웨어마이스터고등학교,EM00009346,813.6 은97ㅁ,특유의 날카로운 시선으로 삶의 이면을 통찰력 있게 포착해내며 오랜 시간 한국문학을 이끌어온 작가 은희경의 두번째 장편소설 『마지막 춤은 나와 함께』를 새로운 장정으로 선보인다.,2023-11-10,https://image.aladin.co.kr/product/32826/85/coversum/8954697488_1.jpg,국내도서>소설/시/희곡>한국소설>2000년대 이전 한국소설
돼지꿈,오정희,랜덤하우스코리아,대덕소프트웨어마이스터고등학교,EM00009326,813.6 오74ㄷ,"데뷔 40년을 맞은 작가 오정희가 데뷔 이후 여러 사보와 대중매체에 발표했던 스물다섯 편의 짧은 소설들을 모았다. 작가는 문학적 면모를 그대로 유지하면서 소소한 일상에 한 발 다가간다. 생의 의미가 담겨 있지 않은 것 같은 하루하루의 에피소드들로, 우리가 걸어가고 있는 길에서 벌어지는 일상을 담았다.",2008-10-17,https://image.aladin.co.kr/product/270/62/coversum/8925530643_1.jpg,국내도서>소설/시/희곡>한국소설>2000년대 이후 한국소설
모던보이,이지민,문학동네,대덕소프트웨어마이스터고등학교,EM00009354,813.6 이78ㅁ,제5회 문학동네 신인작가상 수상작인 망하거나 죽지 않고 살 수 있겠니 개정판이자 영화 <모던보이>의 원작소설. 1930년대 일제식민지 하의 경성을 배경으로 역설적이고 우스꽝스럽게 현대 사회를 풍자한 통념적인 남녀들의 이야기.,2008-09-19,https://image.aladin.co.kr/product/256/82/coversum/8954606725_1.jpg,국내도서>소설/시/희곡>한국소설>2000년대 이후 한국소설
버트램 호텔에서,애거서 크리스티,해문출판사,대덕소프트웨어마이스터고등학교,EM00009382,843 크298ㅂ,,1991-05-01,https://image.aladin.co.kr/product/27/85/coversum/8938202577_2.jpg,국내도서>소설/시/희곡>추리/미스터리소설>영미 추리/미스터리소설
빨래터,이경자,문이당,대덕소프트웨어마이스터고등학교,EM00009402,813.6 이14ㅃ,그동안 작품을 통해 여성의 주체적인 삶과 사랑에 대해 뚜렷한 목소리를 내었던 작가 이경자의 장편소설. 소설 <빨래터>는 가장 평범한 일상을 통해 예술가를 아버지로 둔 아들과 아버지 간의 애증을 축으로 박수근이라는 역사 속 걸출한 인물을 깊이 있게 파고든 작품이다.,2009-03-10,https://image.aladin.co.kr/product/323/57/coversum/8974564203_3.jpg,국내도서>소설/시/희곡>한국소설>2000년대 이후 한국소설
빨래터,이경자,문이당,대덕소프트웨어마이스터고등학교,EM00010039,813.6 이14ㅃ c.2,그동안 작품을 통해 여성의 주체적인 삶과 사랑에 대해 뚜렷한 목소리를 내었던 작가 이경자의 장편소설. 소설 <빨래터>는 가장 평범한 일상을 통해 예술가를 아버지로 둔 아들과 아버지 간의 애증을 축으로 박수근이라는 역사 속 걸출한 인물을 깊이 있게 파고든 작품이다.,2009-03-10,https://image.aladin.co.kr/product/323/57/coversum/8974564203_3.jpg,국내도서>소설/시/희곡>한국소설>2000년대 이후 한국소설
서른살의 강,은희경,문학동네,대덕소프트웨어마이스터고등학교,EM00009419,813.6 은97ㅅ,20대의 터널을 바로 벗어난 상처입은 영혼부터 40대의 또 다른 벌판으로 떠나려는 사람까지 이들이 그려내는 30대의 삶은 나와 세상을 끌어안으려는 농도짙은 방황의 기록이자，그 헤매임끝에 자신을 추스리는 여린 마음이다．- 조선일보,1996-07-20,https://image.aladin.co.kr/product/7/55/coversum/8985712950_1.gif,국내도서>소설/시/희곡>한국소설>2000년대 이전 한국소설
세 가지 소원   작가가 아끼는 이야기 모음,박완서,마음산책,대덕소프트웨어마이스터고등학교,EM00010030,813.6 박65ㅅ c.2,작가 박완서가 공들여 쓴 짧은 이야기들을 한 권에 담았다. 등단 직후인 1970년대 초부터 썼던 '다이아몬드'부터 최근작 '세 가지 소원'까지 10편의 이야기가 수록되어 있다. 이 책에 수록된 10편의 이야기들은 모두 이웃집 할머니가 들려주는 옛날이야기처럼 다정하고 따뜻하게 느껴지는 작품들이다.,2009-02-20,https://image.aladin.co.kr/product/330/23/coversum/8960900524_1.jpg,국내도서>소설/시/희곡>한국소설>2000년대 이후 한국소설
슬픔보다 더 슬픈 이야기,원태연,도서출판 광,대덕소프트웨어마이스터고등학교,EM00009467,813.6 원883ㅅ,"원태연 시인의 소설 데뷔작. 원태연이 직접 연출하고, 권상우, 이보영, 이범수 주연의 영화 [슬픔보다 더 슬픈 이야기]의 원작소설이다. 함께 살면서도 사랑을 숨겨야 하는, 아픔을 알면서도 모르는 체 해야하는 두 남녀의 애틋한 사랑을 다룬 소설로, 영화 [슬픔보다 더 슬픈 이야기] 미발매 사운드 트랙 CD를 함께 제공한다.",2009-02-10,https://image.aladin.co.kr/product/321/92/coversum/8996212601_1.jpg,국내도서>소설/시/희곡>한국소설>2000년대 이후 한국소설
채식주의자,한강,창비,대덕소프트웨어마이스터고등학교,EM00009617,813.6 한12ㅊ,2016년 인터내셔널 부커상을 수상하며 한국문학의 입지를 한단계 확장시킨 한강의 장편소설. 상처받은 영혼의 고통과 식물적 상상력의 강렬한 결합을 정교한 구성과 흡인력 있는 문체로 보여주며 섬뜩한 아름다움의 미학을 한강만의 방식으로 완성한 역작이다.,2022-03-28,https://image.aladin.co.kr/product/29137/2/coversum/8936434594_2.jpg,국내도서>소설/시/희곡>한국소설>2000년대 이후 한국소설
청년의사 장기려,손홍규,다산책방(다산북스),대덕소프트웨어마이스터고등학교,EM00009632,991.1 손95ㅊ,"차세대 입담꾼으로 불리는 손홍규의 장편소설. 작은 예수, 살아 있는 성자, 바보 의사, 한국의 슈바이처 등 다양한 별칭으로 불리는 실존인물 '장기려'의 삶을 입체적으로 다룬 소설이다. 그 많은 별칭에서 알 수 있듯이 장기려는 한 사람의 천재적인 의사로서, 그리고 평생 낮은 곳에 임했던 성자로 평가받고 있다.",2012-05-30,https://image.aladin.co.kr/product/1738/62/coversum/8963708470_1.jpg,국내도서>소설/시/희곡>한국소설>2000년대 이후 한국소설
호니걸스,최은미,디오네,대덕소프트웨어마이스터고등학교,EM00009688,813.6 최67ㅎ,30대 여자들의 사랑 이야기를 심리 상담이라는 독특한 코드로 풀어낸 최은미의 장편 연애소설. 작가는 자신의 전문 분야인 심리 상담이라는 독특한 코드를 바탕으로 생소하지만 흥미롭게 이야기를 풀어나간다. 이 소설은 다섯 남자를 동시에 사랑할 수밖에 없었던 한 여자의 이야기이다.,2009-02-25,https://image.aladin.co.kr/product/334/33/coversum/8992449453_1.jpg,국내도서>소설/시/희곡>한국소설>2000년대 이후 한국소설
 장조의 살인,몰리 토고브,살림출판사,대덕소프트웨어마이스터고등학교,EM00009706,843 토15ㅇ,"캐나다의 유력 문학상 '리콕 상'을 두 번이나 수상한 올리 토고브의 미스터리 팩션. 음악사에 길이 남을 아름다운 음악을 작곡했으며 그만큼 후세 사람들의 상상력을 자극하는 극적인 삶을 산 로베르트 슈만과 그의 아내 클라라 슈만에 대한 역사추리소설이다. 소설은 이제 막 시작된 슈만의 전성기부터 시작하여, 그것이 절정에 달했을 무렵 일어난 한 음악평론가의 피살 사건과 슈만의 비극적인 최후까지를 그리고 있다.",2009-03-17,https://image.aladin.co.kr/product/346/50/coversum/8952211014_2.jpg,국내도서>소설/시/희곡>추리/미스터리소설>기타국가 추리/미스터리소설
봄빛,정지아,창비,대덕소프트웨어마이스터고등학교,EM00009757,813.6 정78ㅂ,대형 베스트셀러의 입지를 확고히 할 만큼 폭발적인 독자의 호응을 얻음과 동시에 문화 각계의 호평을 얻은 『아버지의 해방일지』의 작가 정지아의 초기작 『봄빛』이 창비 리마스터 소설선으로 새롭게 출간되었다.,2024-02-28,https://image.aladin.co.kr/product/33493/56/coversum/8936439502_1.jpg,국내도서>소설/시/희곡>한국소설>2000년대 이후 한국소설
봄빛,정지아,창비,대덕소프트웨어마이스터고등학교,EM00009758,813.6 정78ㅂ c.2,대형 베스트셀러의 입지를 확고히 할 만큼 폭발적인 독자의 호응을 얻음과 동시에 문화 각계의 호평을 얻은 『아버지의 해방일지』의 작가 정지아의 초기작 『봄빛』이 창비 리마스터 소설선으로 새롭게 출간되었다.,2024-02-28,https://image.aladin.co.kr/product/33493/56/coversum/8936439502_1.jpg,국내도서>소설/시/희곡>한국소설>2000년대 이후 한국소설
모차르트 2  비밀의 서약,크리스티앙 자크,문학동네,대덕소프트웨어마이스터고등학교,EM00000006,863 자828ㅁ v.2,,2007-03-09,https://image.aladin.co.kr/product/88/98/coversum/8954602681_1.jpg,국내도서>소설/시/희곡>프랑스소설
 미치 앨봄의 단 하루만 더,미치 앨봄,세종서적,대덕소프트웨어마이스터고등학교,EM00000009,843 앨45ㄷ,"<모리와 함께한 화요일>의 작가 미치 앨봄의 2006년 신작. <천국에서 만난 다섯 사람>에 이어 두 번째로 발표한 소설 작품으로, 세대를 잇는 가족의 관계와 떠나간 이에 대한 그리움, 못다 나눈 정에 대해 들려준다. 결국 가장 가까운 이들에게 공감을 얻음으로써 완전해질 수 있는 우리들 삶에 대한 이야기.",2006-12-05,https://image.aladin.co.kr/product/85/89/coversum/898407229x_2.jpg,국내도서>소설/시/희곡>영미소설
달콤한 나의 도시,정이현,문학과 지성사,대덕소프트웨어마이스터고등학교,IT00006252,813.6 정68ㄷ c.4,"소설가 정이현이 등단 이후 첫 장편소설. 직장생활 7년차, 서른한 살 '오은수'를 중심으로, 도시에 거주하는 미혼 여성들의 일과 연애, 친구와 가족, 그리고 결혼에 대한 이야기가 감각적인 필치로 그려진다. 「조선일보」에 연재되었던 작품을 묶은 것으로 권신아의 삽화를 함께 실었으며, 2008년 현재 동명 드라마가 SBS TV에서 방영 중이다.",2006-07-24,https://image.aladin.co.kr/product/67/39/coversum/8932017158_3.jpg,국내도서>소설/시/희곡>한국소설>2000년대 이후 한국소설
장미의 이름 하,움베르토 에코,열린책들,대덕소프트웨어마이스터고등학교,EM00000071,883 에825ㅈ v.2,"영국의 수도사 바스커빌의 윌리엄이, 이탈리아의 한 수도원에 도착하면서 이 소설은 시작된다. 그리고 그의 도착과 더불어 수도원에서는 끔찍한 연쇄 살인 사건이 벌어지기 시작한다. 수도원장으로부터 사건 해결을 의뢰받은 윌리엄은 그의 시자 아드소와 함께 사건 수사에 착수한다.",2008-04-30,https://image.aladin.co.kr/product/24/19/coversum/8932906769_1.jpg,국내도서>소설/시/희곡>추리/미스터리소설>기타국가 추리/미스터리소설
장미의 이름 하,움베르토 에코,열린책들,대덕소프트웨어마이스터고등학교,EM00005331,883 에825ㅈ v.2 c.2,"영국의 수도사 바스커빌의 윌리엄이, 이탈리아의 한 수도원에 도착하면서 이 소설은 시작된다. 그리고 그의 도착과 더불어 수도원에서는 끔찍한 연쇄 살인 사건이 벌어지기 시작한다. 수도원장으로부터 사건 해결을 의뢰받은 윌리엄은 그의 시자 아드소와 함께 사건 수사에 착수한다.",2008-04-30,https://image.aladin.co.kr/product/24/19/coversum/8932906769_1.jpg,국내도서>소설/시/희곡>추리/미스터리소설>기타국가 추리/미스터리소설
허브를 사랑하나요,김하인,이야기,대덕소프트웨어마이스터고등학교,EM00000108,813.6 김91ㅎ,"<국화꽃 향기>의 작가 김하인의 소설. 여전히 사랑에 관한 이야기이지만, 이번엔 보다 강렬하고 다양한 종류의 사랑이 등장한다.",2001-07-12,https://image.aladin.co.kr/product/28/61/coversum/8955121350_1.gif,국내도서>소설/시/희곡>한국소설>2000년대 이후 한국소설
내 생애의 아이들,가브리엘 루아,현대문학,대덕소프트웨어마이스터고등학교,EM00012383,863 루61ㄴ c.4,"가난한 집 몇채가 고작인 쓸쓸한 마을이지만, 푸르른 자연과 그보다 더 푸른 아이들에 둘러싸인 그녀는 외롭지 않다. '학교'라는 낯선 세상에 첫발을 내딛는 아이들의 모습도 각양각색. 어떤 아이들은 부모와 떨어지지 않으려 버둥거리고, 세상에서 가장 명랑한 아이는 깡충깡충 뛰며 책상으로 향한다. 아이들 하나하나의 묘사가 그림처럼 아름다우면서도 현실감이 넘친다.",2003-07-08,https://image.aladin.co.kr/product/42/27/coversum/8972752649_2.jpg,국내도서>소설/시/희곡>세계의 소설>기타 국가 소설
제비를 기르다,윤대녕,창비,대덕소프트웨어마이스터고등학교,EM00009795,813.6 윤23ㅈ c.2,"윤대녕의 다섯 번째 소설집이 출간됐다. 2004년 출간된 <누가 걸어간다> 이후 3년 만이다. 총 여덟 편의 중단편 작품이 묶였다. 감각적인 서사를 특징으로 개인의 내면에 집중하던 이전의 작품세계를 넘어서, 성숙한 삶의 지평을 향한 작가의 농익은 시선이 묻어난다.",2007-01-25,https://image.aladin.co.kr/product/87/79/coversum/893643697x_2.jpg,국내도서>소설/시/희곡>한국소설>2000년대 이후 한국소설
붉은 손가락,히가시노 게이고,현대문학,대덕소프트웨어마이스터고등학교,IT00009266,833.6 히12ㅂ,가가 형사 시리즈 7권. 인간에 대한 깊이 있는 통찰과 현대 사회의 폐부를 날카롭게 꿰뚫는 시선 속에서도 따뜻한 휴머니즘을 잃지 않는 이야기를 들려주면서 장르문학에 국한되지 않는 하나의 문학 작품을 선사한다.,2019-07-25,https://image.aladin.co.kr/product/19822/30/coversum/8972750093_2.jpg,국내도서>소설/시/희곡>추리/미스터리소설>일본 추리/미스터리소설
봉제인형 살인사건,다니엘 콜,북플라자,대덕소프트웨어마이스터고등학교,IT00009307,843.6 콜22ㅂ,"2016년 4월 런던 도서전에서 가장 큰 주목을 받은 소설로, 다니엘 콜의 데뷔작이다. 영국, 미국, 독일, 일본을 포함한 32개국에서 출간되었다. 신체의 여섯 부위를 바늘과 실로 꿰매 이어 붙인 살인사건이라는 섬뜩한 소재를 다루면서도 진정한 정의가 무엇인지에 대해 생각하게 만드는 작품이다.",2017-10-20,https://image.aladin.co.kr/product/11997/87/coversum/8998274930_1.jpg,국내도서>소설/시/희곡>추리/미스터리소설>영미 추리/미스터리소설
토지 5부 16,박경리,마로니에북스,대덕소프트웨어마이스터고등학교,IT00016455,813.6 박14ㅌ v.16,명실상부 한국 문학사의 기념비적 작품으로 자리하고 있는 박경리의 대하소설 『토지』가 첫 집필 54년 만에 현대적 감각으로 다시 탄생했다. 한국 문학사에 다시없을 걸작이 원전을 충실하게 살린 편집과 고전에 대한 선입견을 완벽하게 깨부수어줄 디자인으로 새 시대의 새 독자를 만날 준비를 마쳤다.,2023-06-07,https://image.aladin.co.kr/product/31830/89/coversum/k482833126_1.jpg,국내도서>소설/시/희곡>역사소설>한국 역사소설
토지5부 19,박경리,마로니에북스,대덕소프트웨어마이스터고등학교,IT00016458,813.6 박14ㅌ v.19,명실상부 한국 문학사의 기념비적 작품으로 자리하고 있는 박경리의 대하소설 『토지』가 첫 집필 54년 만에 현대적 감각으로 다시 탄생했다. 한국 문학사에 다시없을 걸작이 원전을 충실하게 살린 편집과 고전에 대한 선입견을 완벽하게 깨부수어줄 디자인으로 새 시대의 새 독자를 만날 준비를 마쳤다.,2023-06-07,https://image.aladin.co.kr/product/31830/97/coversum/k792833126_1.jpg,국내도서>소설/시/희곡>역사소설>한국 역사소설
토지5부 20,박경리,마로니에북스,대덕소프트웨어마이스터고등학교,IT00016459,813.6 박14ㅌ v.20,명실상부 한국 문학사의 기념비적 작품으로 자리하고 있는 박경리의 대하소설 『토지』가 첫 집필 54년 만에 현대적 감각으로 다시 탄생했다. 한국 문학사에 다시없을 걸작이 원전을 충실하게 살린 편집과 고전에 대한 선입견을 완벽하게 깨부수어줄 디자인으로 새 시대의 새 독자를 만날 준비를 마쳤다.,2023-06-07,https://image.aladin.co.kr/product/31830/99/coversum/k852833126_1.jpg,국내도서>소설/시/희곡>역사소설>한국 역사소설
 달러구트 꿈 백화점  주문하신 꿈은 매진입니다,이미예,북닻,대덕소프트웨어마이스터고등학교,IT00013593,813.7 이38ㄲ c.2,"이미예 장편소설. 잠들어야만 입장할 수 있는 독특한 마을. 그곳에 들어온 잠든 손님들에게 가장 인기 있는 곳은, 온갖 꿈을 한데 모아 판매하는 '달러구트의 꿈 백화점'이다. 긴 잠을 자는 사람들은 물론이고, 짧은 낮잠을 자는 사람들과 동물들로 매일매일 대성황을 이룬다.",2020-07-08,https://image.aladin.co.kr/product/24512/70/coversum/k392630952_2.jpg,국내도서>소설/시/희곡>판타지/환상문학>한국판타지/환상소설
싯다르타,헤르만 헤세,민음사,대덕소프트웨어마이스터고등학교,IT00012457,808 헤54ㅅ,"요즘, 필사는 단순한 취미를 넘어 하나의 문화로 자리 잡았다. MZ세대를 중심으로 확산된 ‘필사 열풍’은 어휘력과 문해력을 키우고, 스마트폰에서 벗어나 나만의 시간을 갖는 방법으로 주목받고 있다. 하지만 무엇보다 중요한 건 ‘어떤 문장을 필사하느냐’이다.",2025-08-15,https://image.aladin.co.kr/product/37227/21/coversum/k022031704_1.jpg,국내도서>건강/취미>글씨 쓰기
은하영웅전설 2  야망편,다나카요시키,디앤씨미디어,대덕소프트웨어마이스터고등학교,EM00018027,833.6 다192ㅇ v.2,,2000-03-28,https://image.aladin.co.kr/product/23/12/coversum/897099632x_1.gif,국내도서>소설/시/희곡>판타지/환상문학>외국판타지/환상소설
은하영웅전설 3  자복편,다나카요시키,디앤씨미디어,대덕소프트웨어마이스터고등학교,EM00018028,833.6 다192ㅇ v.3,"1982년 일본에서 폭발적인 반향을 일으켰던 다나카 요시키의 소설. 이번 완전판에는 국내에 번역된 바 없는 외전소설 황금의 날개가 완역되며, 작품의 만화화를 맡은 미치하라 카츠미의 컬러, 흑백 삽화가 수록된다. 또한 작가 다나카 요시키와의 롱 인터뷰가 정전 1~10권에 권말연재로 실려있다.",2011-10-11,https://image.aladin.co.kr/product/1363/90/coversum/8926770230_1.jpg,국내도서>소설/시/희곡>판타지/환상문학>외국판타지/환상소설
은하영웅전설 6  비상편,다나카요시키,디앤씨미디어,대덕소프트웨어마이스터고등학교,EM00018031,833.6 다192ㅇ v.6,"1982년 일본에서 폭발적인 반향을 일으켰던 다나카 요시키의 소설. 이번 완전판에는 국내에 번역된 바 없는 외전소설 황금의 날개가 완역되며, 작품의 만화화를 맡은 미치하라 카츠미의 컬러, 흑백 삽화가 수록된다. 또한 작가 다나카 요시키와의 롱 인터뷰가 정전 1~10권에 권말연재로 실려있다.",2011-10-11,https://image.aladin.co.kr/product/1363/92/coversum/8926770265_1.jpg,국내도서>소설/시/희곡>판타지/환상문학>외국판타지/환상소설
은하영웅전설 10  낙일편,다나카요시키,디앤씨미디어,대덕소프트웨어마이스터고등학교,EM00018035,833.6 다192ㅇ v.10,"1982년 일본에서 폭발적인 반향을 일으켰던 다나카 요시키의 소설. 이번 완전판에는 국내에 번역된 바 없는 외전소설 황금의 날개가 완역되며, 작품의 만화화를 맡은 미치하라 카츠미의 컬러, 흑백 삽화가 수록된다. 또한 작가 다나카 요시키와의 롱 인터뷰가 정전 1~10권에 권말연재로 실려있다.",2011-10-11,https://image.aladin.co.kr/product/1364/0/coversum/8926770303_1.jpg,국내도서>소설/시/희곡>판타지/환상문학>외국판타지/환상소설
사람은 무엇으로 사는가,례프 니꼴라예비치 똘스또이,열린책들,대덕소프트웨어마이스터고등학교,EM00018681,892.83 똘57ㅅ c.21,,,,
사람은 무엇으로 사는가,례프 니꼴라예비치 똘스또이,열린책들,대덕소프트웨어마이스터고등학교,EM00018682,892.83 똘57ㅅ c.22,,,,
사람은 무엇으로 사는가,례프 니꼴라예비치 똘스또이,열린책들,대덕소프트웨어마이스터고등학교,EM00018669,892.83 똘57ㅅ c.9,,,,
사람은 무엇으로 사는가,례프 니꼴라예비치 똘스또이,열린책들,대덕소프트웨어마이스터고등학교,EM00018670,892.83 똘57ㅅ c.10,,,,
변신,프란츠 카프카,문학동네,대덕소프트웨어마이스터고등학교,EM00018695,853 카897ㅂ c.13,"「변신」에서 외판사원 그레고르 잠자는 어느 날 아침 자신이 흉측한 해충으로 변해 버린 것을 발견한다. 그는 평소 열심히 일하며 가족의 생계를 유지해 왔지만, 이제 가족과 직장 상사는 침대에서 꼼짝 못 하는 그에게 등을 돌린다. 「시골의사」에서는 눈보라가 몰아치는 밤, 시골의 사인 ‘나’가 의사를 찾는 비상 종소리에 급히 집을 나선다.",1998-08-05,https://image.aladin.co.kr/product/6/4/coversum/s972932230_1.jpg,국내도서>소설/시/희곡>독일소설
변신,프란츠 카프카,문학동네,대덕소프트웨어마이스터고등학교,EM00018701,853 카897ㅂ c.19,"「변신」에서 외판사원 그레고르 잠자는 어느 날 아침 자신이 흉측한 해충으로 변해 버린 것을 발견한다. 그는 평소 열심히 일하며 가족의 생계를 유지해 왔지만, 이제 가족과 직장 상사는 침대에서 꼼짝 못 하는 그에게 등을 돌린다. 「시골의사」에서는 눈보라가 몰아치는 밤, 시골의 사인 ‘나’가 의사를 찾는 비상 종소리에 급히 집을 나선다.",1998-08-05,https://image.aladin.co.kr/product/6/4/coversum/s972932230_1.jpg,국내도서>소설/시/희곡>독일소설
이완의 자세,김유담,창비,대덕소프트웨어마이스터고등학교,IT00016523,813.7 김66ㅇ,"2016년 서울신문 신춘문예에 단편소설 「핀 캐리」로 등단 후, 첫 소설집 『탬버린』으로 2020년 신동엽문학상을 거머쥔 든든한 신예작가 김유담의 신작소설 『이완의 자세』가 출간되었다. 창비에서 선보이는 젊은 경장편 시리즈 소설Q의 열번째 책이다.",2021-01-13,https://image.aladin.co.kr/product/26036/97/coversum/8936438352_1.jpg,국내도서>소설/시/희곡>한국소설>2000년대 이후 한국소설
해를품은달 2  정운궐장편소설,정은궐,파란,대덕소프트웨어마이스터고등학교,EM00019609,810 정67해 v.2 c.3,,,,
지켜야 할 세계,문경민,다산책방,대덕소프트웨어마이스터고등학교,EM00019747,813.7 문14ㅈ,"제13회 혼불문학상 수상작. 2023년 올해는 한국 문학의 최전선에 선 작가들을 심사위원으로 위촉해 의미 있는 작품들을 발굴해 내는 데에 힘을 보탰고, 단단한 문장과 유려한 전개 속에 ‘교권 추락,’ ‘장애,’ ‘돌봄’ 등 우리가 직시해야 할 화두를 담은 『지켜야 할 세계』가 고른 지지를 받으며 수상작으로 선정되었다.",2023-10-06,https://image.aladin.co.kr/product/32611/82/coversum/k732935544_1.jpg,국내도서>소설/시/희곡>한국소설>2000년대 이후 한국소설
내 인생은 열린 책,루시아 벌린,웅진지식하우스,대덕소프트웨어마이스터고등학교,IT00012269,843 벌298ㄴ,사후 11년이 지난 2010년대에 들어서야 비로소 재발견된 천재 소설가 루시아 벌린의 두 번째 단편소설집. 이 작품집에서 우리는 레이먼드 카버의 근성과 그레이스 페일리의 유머에 루시아 벌린만의 독특한 위트를 더한 기적 같은 일상을 만날 수 있다.,2020-05-25,https://image.aladin.co.kr/product/24082/28/coversum/8901242559_1.jpg,국내도서>소설/시/희곡>영미소설
청소부 매뉴얼,루시아 벌린,웅진지식하우스,대덕소프트웨어마이스터고등학교,IT00012281,843 벌131ㅊ,"전설적 단편소설가 루시아 벌린의 수작을 모은 단편선집. 루시아 벌린은 레이먼드 카버처럼 가난하고, 술과 마약에 중독된 사람들에 대해 썼고, 애니 프루처럼 미국 서부의 풍경을 놀랍도록 정밀하게 묘사했다.",2019-07-20,https://image.aladin.co.kr/product/19788/61/coversum/8901232863_2.jpg,국내도서>소설/시/희곡>영미소설
망원동 브라더스,김호연,현문미디어,대덕소프트웨어마이스터고등학교,IT00016408,813.7 김95ㅁ,"이렇게 유쾌하다면 루저로 사는 것도 괜찮지 않을까? 연체된 인생들, 찌질한 네 남자가 코딱지만 한 망원동 옥탑방에서 기묘한 동거를 시작한다. “개인이란 없다! 우리는 우리를 간섭한다.” 대책 없는 포 트러블 브라더스가 뒤죽박죽 뒤엉켜 펼치는 고군분투 인생 재기 프로젝트!",2024-07-19,https://image.aladin.co.kr/product/34297/51/coversum/k182932378_1.jpg,국내도서>소설/시/희곡>한국소설>2000년대 이후 한국소설
이토록 평범한 미래,김연수,문학동네,대덕소프트웨어마이스터고등학교,IT00016423,813.7 김64ㅇ,"작가 김연수가 짧지 않은 침묵을 깨고, 사월의 미, 칠월의 솔(2013) 이후 9년 만에 여섯번째 소설집을 펴낸다. 작가가 최근 2~3년간 집중적으로 단편 작업에 매진한 끝에 선보이는 소설집으로, ‘시간’을 인식하는 김연수의 변화된 시각을 확인할 수 있게 한다.",2022-10-07,https://image.aladin.co.kr/product/30211/80/coversum/8954680003_1.jpg,국내도서>소설/시/희곡>한국소설>2000년대 이후 한국소설
작은 땅의 야수들,김주혜,다산책방,대덕소프트웨어마이스터고등학교,IT00016424,843 김76ㅈ,베스트셀러 『작은 땅의 야수들』이 리커버 특별판으로 출간되었다. 호랑이와 인간이 대치하는 강렬한 프롤로그로 시작하는 『작은 땅의 야수들』은 혼란스러운 시대에 서로 다른 욕망을 품은 다양한 인간 군상들이 운명적으로 얽혀 흥망성쇠하는 장대한 대서사시다.,2023-06-19,https://image.aladin.co.kr/product/31793/43/coversum/k212833117_2.jpg,국내도서>소설/시/희곡>영미소설
토지 2부 6,박경리,마로니에북스,대덕소프트웨어마이스터고등학교,IT00016445,813.6 박14ㅌ v.6,명실상부 한국 문학사의 기념비적 작품으로 자리하고 있는 박경리의 대하소설 『토지』가 첫 집필 54년 만에 현대적 감각으로 다시 탄생했다. 한국 문학사에 다시없을 걸작이 원전을 충실하게 살린 편집과 고전에 대한 선입견을 완벽하게 깨부수어줄 디자인으로 새 시대의 새 독자를 만날 준비를 마쳤다.,2023-06-07,https://image.aladin.co.kr/product/31830/70/coversum/k742833125_1.jpg,국내도서>소설/시/희곡>역사소설>한국 역사소설
토지3부 10,박경리,마로니에북스,대덕소프트웨어마이스터고등학교,IT00016449,813.6 박14ㅌ v.10,명실상부 한국 문학사의 기념비적 작품으로 자리하고 있는 박경리의 대하소설 『토지』가 첫 집필 54년 만에 현대적 감각으로 다시 탄생했다. 한국 문학사에 다시없을 걸작이 원전을 충실하게 살린 편집과 고전에 대한 선입견을 완벽하게 깨부수어줄 디자인으로 새 시대의 새 독자를 만날 준비를 마쳤다.,2023-06-07,https://image.aladin.co.kr/product/31830/76/coversum/k012833126_1.jpg,국내도서>소설/시/희곡>역사소설>한국 역사소설
보건교사 안은영,정세랑,민음사,대덕소프트웨어마이스터고등학교,IT00012419,813.7 정54ㅂ,2015년 12월에 출간되어 꾸준한 사랑을 받아 온 보건교사 안은영이 출간 5주년과 작품 영상화를 기념하여 '리커버 특별판'으로 출간되었다. 2010년 단편소설에서 탄생한 '안은영'이 '넷플릭스 오리지널 시리즈'의 히어로가 되기까지의 소회가 담긴 작가의 편지로부터 책은 시작한다.,2020-09-11,https://image.aladin.co.kr/product/25128/11/coversum/8937479958_2.jpg,국내도서>소설/시/희곡>한국소설>2000년대 이후 한국소설
날씨의 아이,신카이마코토,하빌리스,대덕소프트웨어마이스터고등학교,IT00012420,833.6 신872ㄴ,"2019년 10월 30일 개봉하는 애니메이션 날씨의 아이의 신카이 마코토 감독이 직접 쓴 원작소설. 고등학교 1학년 여름, 가출소년 호다카는 도쿄로 향한다. 연일 쏟아지는 비, 혼잡한 대도시의 한구석에서 호다카는 신비한 능력을 가진 소녀 히나와 만난다.",2019-10-28,https://image.aladin.co.kr/product/21191/8/coversum/k452636986_1.jpg,국내도서>소설/시/희곡>일본소설>1950년대 이후 일본소설
 달러구트 꿈 백화점  주문하신 꿈은 매진입니다,이미예,북닻,대덕소프트웨어마이스터고등학교,IT00012426,813.7 이38ㄲ,"이미예 장편소설. 잠들어야만 입장할 수 있는 독특한 마을. 그곳에 들어온 잠든 손님들에게 가장 인기 있는 곳은, 온갖 꿈을 한데 모아 판매하는 '달러구트의 꿈 백화점'이다. 긴 잠을 자는 사람들은 물론이고, 짧은 낮잠을 자는 사람들과 동물들로 매일매일 대성황을 이룬다.",2020-07-08,https://image.aladin.co.kr/product/24512/70/coversum/k392630952_2.jpg,국내도서>소설/시/희곡>판타지/환상문학>한국판타지/환상소설
편의점 인간,무라타사야카,살림,대덕소프트웨어마이스터고등학교,IT00012455,833.6 무292ㅍ,제155회 아쿠타가와상 수상작. 편의점에서 18년째 알바를 하고 있는 저자가 자신의 경험을 녹여낸 자전적 소설이다. 편의점이라는 현대를 대표하는 공간을 배경으로 날카로운 현실 묘사와 유머 넘치는 풍자가 한데 어우러진 뛰어난 작품성이 이목을 사로잡는다.,2016-11-01,https://image.aladin.co.kr/product/9536/81/coversum/8952235266_2.jpg,국내도서>소설/시/희곡>일본소설>1950년대 이후 일본소설
은하영웅전설 4  책모편,다나카요시키,디앤씨미디어,대덕소프트웨어마이스터고등학교,EM00018029,833.6 다192ㅇ v.4,"1982년 일본에서 폭발적인 반향을 일으켰던 다나카 요시키의 소설. 이번 완전판에는 국내에 번역된 바 없는 외전소설 황금의 날개가 완역되며, 작품의 만화화를 맡은 미치하라 카츠미의 컬러, 흑백 삽화가 수록된다. 또한 작가 다나카 요시키와의 롱 인터뷰가 정전 1~10권에 권말연재로 실려있다.",2011-10-11,https://image.aladin.co.kr/product/1363/90/coversum/8926770249_1.jpg,국내도서>소설/시/희곡>판타지/환상문학>외국판타지/환상소설
은하영웅전설 7  노도편,다나카요시키,디앤씨미디어,대덕소프트웨어마이스터고등학교,EM00018032,833.6 다192ㅇ v.7,"1982년 일본에서 폭발적인 반향을 일으켰던 다나카 요시키의 소설. 이번 완전판에는 국내에 번역된 바 없는 외전소설 황금의 날개가 완역되며, 작품의 만화화를 맡은 미치하라 카츠미의 컬러, 흑백 삽화가 수록된다. 또한 작가 다나카 요시키와의 롱 인터뷰가 정전 1~10권에 권말연재로 실려있다.",2011-10-11,https://image.aladin.co.kr/product/1363/93/coversum/8926770273_1.jpg,국내도서>소설/시/희곡>판타지/환상문학>외국판타지/환상소설
은하영웅전설 9  회천편,다나카요시키,디앤씨미디어,대덕소프트웨어마이스터고등학교,EM00018034,833.6 다192ㅇ v.9,"1982년 일본에서 폭발적인 반향을 일으켰던 다나카 요시키의 소설. 이번 완전판에는 국내에 번역된 바 없는 외전소설 황금의 날개가 완역되며, 작품의 만화화를 맡은 미치하라 카츠미의 컬러, 흑백 삽화가 수록된다. 또한 작가 다나카 요시키와의 롱 인터뷰가 정전 1~10권에 권말연재로 실려있다.",2011-10-11,https://image.aladin.co.kr/product/1363/99/coversum/892677029x_1.jpg,국내도서>소설/시/희곡>판타지/환상문학>외국판타지/환상소설
사람은 무엇으로 사는가,례프 니꼴라예비치 똘스또이,열린책들,대덕소프트웨어마이스터고등학교,EM00018675,892.83 똘57ㅅ c.15,,,,
사람은 무엇으로 사는가,례프 니꼴라예비치 똘스또이,열린책들,대덕소프트웨어마이스터고등학교,EM00018676,892.83 똘57ㅅ c.16,,,,
사람은 무엇으로 사는가,례프 니꼴라예비치 똘스또이,열린책들,대덕소프트웨어마이스터고등학교,EM00018663,892.83 똘57ㅅ c.3,,,,
변신,프란츠 카프카,문학동네,대덕소프트웨어마이스터고등학교,EM00018689,853 카897ㅂ c.7,"「변신」에서 외판사원 그레고르 잠자는 어느 날 아침 자신이 흉측한 해충으로 변해 버린 것을 발견한다. 그는 평소 열심히 일하며 가족의 생계를 유지해 왔지만, 이제 가족과 직장 상사는 침대에서 꼼짝 못 하는 그에게 등을 돌린다. 「시골의사」에서는 눈보라가 몰아치는 밤, 시골의 사인 ‘나’가 의사를 찾는 비상 종소리에 급히 집을 나선다.",1998-08-05,https://image.aladin.co.kr/product/6/4/coversum/s972932230_1.jpg,국내도서>소설/시/희곡>독일소설
변신,프란츠 카프카,문학동네,대덕소프트웨어마이스터고등학교,EM00018697,853 카897ㅂ c.15,"「변신」에서 외판사원 그레고르 잠자는 어느 날 아침 자신이 흉측한 해충으로 변해 버린 것을 발견한다. 그는 평소 열심히 일하며 가족의 생계를 유지해 왔지만, 이제 가족과 직장 상사는 침대에서 꼼짝 못 하는 그에게 등을 돌린다. 「시골의사」에서는 눈보라가 몰아치는 밤, 시골의 사인 ‘나’가 의사를 찾는 비상 종소리에 급히 집을 나선다.",1998-08-05,https://image.aladin.co.kr/product/6/4/coversum/s972932230_1.jpg,국내도서>소설/시/희곡>독일소설
변신,프란츠 카프카,문학동네,대덕소프트웨어마이스터고등학교,EM00018699,853 카897ㅂ c.17,"「변신」에서 외판사원 그레고르 잠자는 어느 날 아침 자신이 흉측한 해충으로 변해 버린 것을 발견한다. 그는 평소 열심히 일하며 가족의 생계를 유지해 왔지만, 이제 가족과 직장 상사는 침대에서 꼼짝 못 하는 그에게 등을 돌린다. 「시골의사」에서는 눈보라가 몰아치는 밤, 시골의 사인 ‘나’가 의사를 찾는 비상 종소리에 급히 집을 나선다.",1998-08-05,https://image.aladin.co.kr/product/6/4/coversum/s972932230_1.jpg,국내도서>소설/시/희곡>독일소설
변신,프란츠 카프카,문학동네,대덕소프트웨어마이스터고등학교,EM00018700,853 카897ㅂ c.18,"「변신」에서 외판사원 그레고르 잠자는 어느 날 아침 자신이 흉측한 해충으로 변해 버린 것을 발견한다. 그는 평소 열심히 일하며 가족의 생계를 유지해 왔지만, 이제 가족과 직장 상사는 침대에서 꼼짝 못 하는 그에게 등을 돌린다. 「시골의사」에서는 눈보라가 몰아치는 밤, 시골의 사인 ‘나’가 의사를 찾는 비상 종소리에 급히 집을 나선다.",1998-08-05,https://image.aladin.co.kr/product/6/4/coversum/s972932230_1.jpg,국내도서>소설/시/희곡>독일소설
변신,프란츠 카프카,문학동네,대덕소프트웨어마이스터고등학교,EM00018704,853 카897ㅂ c.22,"「변신」에서 외판사원 그레고르 잠자는 어느 날 아침 자신이 흉측한 해충으로 변해 버린 것을 발견한다. 그는 평소 열심히 일하며 가족의 생계를 유지해 왔지만, 이제 가족과 직장 상사는 침대에서 꼼짝 못 하는 그에게 등을 돌린다. 「시골의사」에서는 눈보라가 몰아치는 밤, 시골의 사인 ‘나’가 의사를 찾는 비상 종소리에 급히 집을 나선다.",1998-08-05,https://image.aladin.co.kr/product/6/4/coversum/s972932230_1.jpg,국내도서>소설/시/희곡>독일소설
야행,모리미 도미히코,예담,대덕소프트웨어마이스터고등학교,IT00006543,833.6 모298ㅇ,"모리미 도미히코의 신작. 기존 작품들이 판타지와 현실을 넘나드는 풋풋한 로맨스를 주로 다루었다면, 미묘한 심리 묘사를 유지하면서 여행과 열차, 그리고 괴이한 경험담을 주제로 여름밤에 읽기 좋은 서늘하고 오싹한 세계를 펼치고 있다.",2017-06-30,https://image.aladin.co.kr/product/11198/93/coversum/8959135275_1.jpg,국내도서>소설/시/희곡>추리/미스터리소설>일본 추리/미스터리소설
이방인,알베르 카뮈,민음사,대덕소프트웨어마이스터고등학교,IT00006547,808 세14 v.266,"'민음사 세계문학전집' 266권. 20세기의 지성이자 실존주의 문학의 대표 작가, 알베르 카뮈의 대표작. 1942년 이방인이 처음 발표되었을 때, 카뮈는 젊은 무명작가에 불과했다. 낯선 인물과 독창적인 형식으로 현대 프랑스 문단에 이방인처럼 나타난 이 소설은 출간 이후 한순간도 프랑스 베스트셀러 목록에서 빠진 적이 없는 걸작이 되었다.",2019-09-02,https://image.aladin.co.kr/product/21224/66/coversum/8937443848_1.jpg,국내도서>소설/시/희곡>프랑스소설
바깥은 여름,김애란,문학동네,대덕소프트웨어마이스터고등학교,IT00009840,813.7 김63ㅂ c.4,비행운 이후 5년 만에 펴내는 김애란 소설집. 역대 최연소 수상으로 화제를 모은 이상문학상 수상작 '침묵의 미래'와 젊은작가상 수상작 '어디로 가고 싶으신가요'를 포함해 일곱 편의 단편이 실렸다.,2017-06-28,https://image.aladin.co.kr/product/11145/47/coversum/s532932793_1.jpg,국내도서>소설/시/희곡>한국소설>2000년대 이후 한국소설
바깥은 여름,김애란,문학동네,대덕소프트웨어마이스터고등학교,IT00009841,813.7 김63ㅂ c.5,비행운 이후 5년 만에 펴내는 김애란 소설집. 역대 최연소 수상으로 화제를 모은 이상문학상 수상작 '침묵의 미래'와 젊은작가상 수상작 '어디로 가고 싶으신가요'를 포함해 일곱 편의 단편이 실렸다.,2017-06-28,https://image.aladin.co.kr/product/11145/47/coversum/s532932793_1.jpg,국내도서>소설/시/희곡>한국소설>2000년대 이후 한국소설
바깥은 여름,김애란,문학동네,대덕소프트웨어마이스터고등학교,IT00009844,813.7 김63ㅂ c.8,비행운 이후 5년 만에 펴내는 김애란 소설집. 역대 최연소 수상으로 화제를 모은 이상문학상 수상작 '침묵의 미래'와 젊은작가상 수상작 '어디로 가고 싶으신가요'를 포함해 일곱 편의 단편이 실렸다.,2017-06-28,https://image.aladin.co.kr/product/11145/47/coversum/s532932793_1.jpg,국내도서>소설/시/희곡>한국소설>2000년대 이후 한국소설
바깥은 여름,김애란,문학동네,대덕소프트웨어마이스터고등학교,IT00009848,813.7 김63ㅂ c.12,비행운 이후 5년 만에 펴내는 김애란 소설집. 역대 최연소 수상으로 화제를 모은 이상문학상 수상작 '침묵의 미래'와 젊은작가상 수상작 '어디로 가고 싶으신가요'를 포함해 일곱 편의 단편이 실렸다.,2017-06-28,https://image.aladin.co.kr/product/11145/47/coversum/s532932793_1.jpg,국내도서>소설/시/희곡>한국소설>2000년대 이후 한국소설
나를 있게 한 모든 것들,베티 스미스,아름드리미디어,대덕소프트웨어마이스터고등학교,EM00003468,843.6 스38ㄴ,"뉴욕 빈민가에서 자라난 저자가 자신의 어린 시절 경험을 토대로 집필한 자전적인 소설이다. 1943년 발간되자마자 백만 권 이상 팔리고 영화와 브로드웨이 뮤지컬로도 공연되었으며, 저자인 베티 스미스에게는 ‘올해의 여성상’을 안겨주었다.",2002-05-15,https://image.aladin.co.kr/product/20566/87/coversum/8955825013_1.jpg,국내도서>소설/시/희곡>영미소설
내 생의 적들,이인휘,실천문학사,대덕소프트웨어마이스터고등학교,EM00003470,813.6 이68ㄴ,"<활화산>의 작가 이인휘가 8년 만에 펴낸 <내 생의 적들>은 국가보안법 문제를 정면으로 다룬 소설이다. 작가는 이 소설에서 '국가보안법'에 의해 한 청년의 삶이 뒤틀리는 과정과, 그렇게 자신의 삶을 일그러뜨린 '적'의 실체를 찾아 당당히 맞섬으로써 자기자신을 되찾아가는 모습을 그려낸다.",2004-10-05,https://image.aladin.co.kr/product/51/93/coversum/893920493x_1.gif,국내도서>소설/시/희곡>한국소설>2000년대 이후 한국소설
난장이가 쏘아올린 작은 공,조세희,이성과 힘,대덕소프트웨어마이스터고등학교,EM00003701,813.6 조53ㄴ,"한국 현대문학의 대표적인 고전으로 평가받는 『난장이가 쏘아올린 작은 공』은 1970년대 난장이로 상징되는 도시 노동자들의 모습을 담고 있다. 개정판에서는 판형과 표지를 새로이 하고, 오늘날의 표기법에 맞게 일부 단어와 문장을 다듬었다.",2024-02-15,https://image.aladin.co.kr/product/33415/76/coversum/8995151226_1.jpg,국내도서>소설/시/희곡>한국소설>2000년대 이전 한국소설
난장이가 쏘아올린 작은 공,조세희,이성과 힘,대덕소프트웨어마이스터고등학교,EM00007742,813.6 조53ㄴ c.2,"한국 현대문학의 대표적인 고전으로 평가받는 『난장이가 쏘아올린 작은 공』은 1970년대 난장이로 상징되는 도시 노동자들의 모습을 담고 있다. 개정판에서는 판형과 표지를 새로이 하고, 오늘날의 표기법에 맞게 일부 단어와 문장을 다듬었다.",2024-02-15,https://image.aladin.co.kr/product/33415/76/coversum/8995151226_1.jpg,국내도서>소설/시/희곡>한국소설>2000년대 이전 한국소설
천국의 열쇠,A. J. 크로닌,하서출판사,대덕소프트웨어마이스터고등학교,EM00003704,843 크295ㅊ,"참다운 인간애와 종교에 대한 보편적 시각으로 섬김의 삶을 살아간 치점 신부의 이야기다. 불우한 소년기를 보내고 사제의 길을 택하기까지의 과정과 주위의 오해와 멸시 속에서도 강직한 성격과 성실함으로 중국 벽지에서 자신의 삶을 바치는 모습이 감동적이면서 흥미진진하게 그려진다.
",2020-08-20,https://image.aladin.co.kr/product/25128/70/coversum/8933113916_1.jpg,국내도서>종교/역학>가톨릭>가톨릭 문학
당신 인생의 이야기,테드 창,행복한책읽기,대덕소프트웨어마이스터고등학교,EM00003822,843 C532,"단 한 권의 작품집으로 ""전 시대를 통틀어 가장 위대한 과학 단편소설 작가 중의 한 명""이라는 명성을 얻은 테드 창의 당신 인생의 이야기. 최고의 과학소설에 수여되는 네뷸러상, 휴고상, 로커스상, 스터전상, 캠벨상, 아시모프상, 세이운상, 라츠비츠상을 모두 석권하였다.",2016-10-14,https://image.aladin.co.kr/product/9401/86/coversum/k982635615_1.jpg,국내도서>소설/시/희곡>과학소설(SF)>외국 과학소설
무소의 뿔처럼 혼자서 가라,공지영,푸른숲,대덕소프트웨어마이스터고등학교,EM00009359,813.6 공79ㅁ c.2,"첫 출간 후 20년이 넘도록 독자들의 사랑을 꾸준히 받아 온 공지영 작가의 대표작 무소의 뿔처럼 혼자서 가라가 새롭게 독자들과 만난다. 여성에 대한 억압과 차별, 그리고 편견 등의 문제를 사회 전반의 문제로 끌어올린 작품으로, 출간 당시 사회적으로 주목을 받으며 페미니즘 논쟁의 중심에 자리하기도 했다.",2016-11-30,https://image.aladin.co.kr/product/9775/29/coversum/8965745748_2.jpg,국내도서>소설/시/희곡>한국소설>2000년대 이전 한국소설
삼국지 1,나관중,민음사,대덕소프트웨어마이스터고등학교,EM00007483,823.5 나15ㅅ v.1 c.2,"우리 시대 최고의 작가 황석영이 우리말로 옮긴 정역 『삼국지』를 새로운 장정으로 다시 선보인다. 명실상부하게 가장 믿을 만한 원본, 정확하고 생동감 넘치는 글맛, 고전의 참맛을 느낄 수 있는 210수의 한시, 중국 인물화의 대가 왕훙시가 그린 컬러삽화 150여장을 수록하여 사랑받았다.",2020-12-21,https://image.aladin.co.kr/product/25890/73/coversum/8936432915_1.jpg,국내도서>소설/시/희곡>역사소설>외국 역사소설
상속,은희경,문학과지성사,대덕소프트웨어마이스터고등학교,EM00004019,813.6 은97ㅅ,"그래서 독자들은 작가의 예리한 시선에 더욱 감탄하는 지도 모른다. 자기 속을 들켰다고 생각되므로! <상속>을 읽으면서도 감탄은 무뎌지지 않을 것이다. 앞으로 또 여러 편의 소설집이 추가되면, 이 복화술사는 가히 '평범한 삶'들로 가득찬 하나의 세계를 보여주겠구나, 하는 기대도 슬몃 생긴다.",2002-06-28,https://image.aladin.co.kr/product/36/38/coversum/8932013446_2.jpg,국내도서>소설/시/희곡>한국소설>2000년대 이후 한국소설
아큐   정전,루쉰,홍신문화사,대덕소프트웨어마이스터고등학교,EM00004046,823.7 루57ㅇ,"1920년대 현대 중국문학을 문자 그대로 ‘탄생시킨’ 중국 현대문학의 아버지, 루쉰은 톨스토이와 위고에 비견되는 위대한 작가이자 사상가, 혁명가다. 이 책은 중국 신문학의 개척자 루쉰의 대표 중단편선으로 1922년 작품집 《눌함》의 출간에 부쳐 루쉰이 직접 쓴 서문 〈자서〉와 그의 대표작인 〈아Q정전〉, 〈광인일기〉를 비롯한 열한 편의 중단편이 수록되었다.",2025-02-20,https://image.aladin.co.kr/product/35728/51/coversum/8931024452_1.jpg,국내도서>소설/시/희곡>중국소설
요재지이 2 2,포송령,민음사,대덕소프트웨어마이스터고등학교,EM00004065,823.5 포55ㅇ v.2,,2008-01-14,https://image.aladin.co.kr/product/170/70/coversum/8959955779_1.jpg,국내도서>외국어>중국어>중국어 독해/작문/쓰기
요재지이 5 5,포송령,민음사,대덕소프트웨어마이스터고등학교,EM00004067,823.5 포55ㅇ v.5,"단숨에 읽는 중국 5대 기서 시리즈 3권. 신선, 여우, 유령 등에 관한 중국 특유의 요소들이 가득 담긴 중국의 대표 판타지물이다. 중국의 기서 중에서도 예술적 향기가 가장 높은 걸작으로 인정받고 있으며 중국의 대표 기서 문학답게 유럽에서도 초역된 바 있다.",2012-11-28,https://image.aladin.co.kr/product/2572/99/coversum/899777025x_1.jpg,국내도서>소설/시/희곡>판타지/환상문학>외국판타지/환상소설
창룡전 4  대탈출,다나카요시키,서울문화사,대덕소프트웨어마이스터고등학교,EM00004166,833.6 다192ㅊ v.4,,2002-09-12,https://image.aladin.co.kr/product/38/93/coversum/8953295610_1.gif,국내도서>소설/시/희곡>판타지/환상문학>외국판타지/환상소설
뿌리 깊은 나무 1 1,이정명,밀리언하우스,대덕소프트웨어마이스터고등학교,EM00012536,813.6 이73ㅃ v.1,한국 팩션에 새로운 획을 그었다는 평가를 받으며 한국 사회에 '뿌나' 열풍을 불러일으켰던 이정명 장편소설 뿌리 깊은 나무가 새로운 장정과 표지로 옷을 갈아입고 은행나무에서 출간되었다.,2015-09-01,https://image.aladin.co.kr/product/6600/0/coversum/8956609268_1.jpg,국내도서>소설/시/희곡>역사소설>한국 역사소설
착한 여자  상  1,공지영,한겨레신문사,대덕소프트웨어마이스터고등학교,EM00004852,813.6 공78ㅊ v.1,,,,
 자선대표작품집 풀밭에서,조세희,청아출판사,대덕소프트웨어마이스터고등학교,EM00000443,813.6 조53ㅍ c.3,「난장이가 쏘아올린 작은 공」으로 많은 독자를 확보하고 있는 저자가 지금까지 발표한 작품 중 재발표하고 싶은 작품을 스스로 간추려 뽑았다. 현실의 치열한 탐색 후에 보여주는 초월적 희망의 논리와 가능한 반성의 논리를 환상적 기법으로 다룰 줄 아는 작가로 정평이 나있는 저자는 70년대 길을 잃은 우리의 모습을 난쟁이를 통해,1994-04-01,https://image.aladin.co.kr/product/19/3/coversum/8936802216_1.gif,국내도서>소설/시/희곡>한국소설>2000년대 이전 한국소설
 자선대표작품집 풀밭에서,조세희,청아출판사,대덕소프트웨어마이스터고등학교,EM00000434,813.6 조53ㅍ c.2,「난장이가 쏘아올린 작은 공」으로 많은 독자를 확보하고 있는 저자가 지금까지 발표한 작품 중 재발표하고 싶은 작품을 스스로 간추려 뽑았다. 현실의 치열한 탐색 후에 보여주는 초월적 희망의 논리와 가능한 반성의 논리를 환상적 기법으로 다룰 줄 아는 작가로 정평이 나있는 저자는 70년대 길을 잃은 우리의 모습을 난쟁이를 통해,1994-04-01,https://image.aladin.co.kr/product/19/3/coversum/8936802216_1.gif,국내도서>소설/시/희곡>한국소설>2000년대 이전 한국소설
초당,강용흘,범우사,대덕소프트웨어마이스터고등학교,EM00006970,813.6 강66ㅊ c.9,언어와 생활의 차이 등으로 외국의 성장소설을 읽으며 `자아 정체성`에 혼란이 와 오히려 씁쓸했던 경험이 있었다면， 강용홀의 <초당>은 문명의 잡스런 충돌로 인해 찢어진 자아를 `재통합`하는데 큰 도움을 줄 것이다．...,1994-01-01,https://image.aladin.co.kr/img/noimg_sum_b.gif,국내도서>소설/시/희곡>한국소설>2000년대 이전 한국소설
아버지의 세월,이진하,백양,대덕소프트웨어마이스터고등학교,EM00000533,813.6 이79ㅇ,,2002-02-25,https://image.aladin.co.kr/product/33/13/coversum/8974001314_1.gif,국내도서>소설/시/희곡>한국소설>2000년대 이후 한국소설
흰소가 끄는 수레,박범신,創作과批評社,대덕소프트웨어마이스터고등학교,EM00000581,813.6 박43ㅎ,"소설가 박범신의 중단편소설을 총망라한 전집. 4권 흰 소가 끄는 수레. 1993년 절필을 선언하고 용인 근교의 외딴집 '한터산방'에 스스로를 유폐시켰던 작가 박범신. 흰 소가 끄는 수레는 3년여의 침묵을 깨고 발표한 작품으로, 절필 시절 내면을 여행하며 얻은 성찰의 기록이자 자전적 연작소설집이다.",2015-10-22,https://image.aladin.co.kr/product/6833/25/coversum/8954637906_1.jpg,국내도서>소설/시/희곡>한국소설>2000년대 이전 한국소설
눈먼 자들의 도시,주제 사라마구,해냄,대덕소프트웨어마이스터고등학교,EM00000584,879 사231ㄴ,노벨문학상을 수상한 세계적인 거장 주제 사라마구의 탄생 100주년을 기념하기 위해 그의 대표작 『눈먼 자들의 도시』가 스페셜 에디션으로 출간되었다. 많은 독자들이 요청해왔던 초판 버전의 표지로 리뉴얼하여 새롭게 단장했다.,2022-10-20,https://image.aladin.co.kr/product/30307/98/coversum/k392839030_1.jpg,국내도서>소설/시/희곡>세계의 소설>기타 국가 소설
참을 수 없는 존재의 가벼움,밀란 쿤데라,민음사,대덕소프트웨어마이스터고등학교,EM00010887,892.96 쿤23ㅊ c.6,"현재에서 멀지 않은 20세기 작가이지만 이미 살아 있는 신화가 된 작가, 밀란 쿤데라. 쿤데라 작품을 독점 계약, 출판하고 있는 민음사가 밀란 쿤데라 국내 소개 30주년을 맞아 선보이는 참을 수 없는 존재의 가벼움 리뉴얼 판이다.",2018-06-20,https://image.aladin.co.kr/product/34797/80/coversum/8937437562_1.jpg,국내도서>소설/시/희곡>세계의 소설>동유럽소설
한강 9 9,조정래,해냄,대덕소프트웨어마이스터고등학교,EM00000702,813.6 조73ㅎ,아리랑을 지나 태백산맥을 거쳐 우리 민족의 파란만장한 근현대사 1세기를 완성한 한국문학의 기념비 한강이 100쇄를 돌파하고 조정래 작가 등단 50주년을 맞이하여 개정판으로 출간되었다.,2020-11-30,https://image.aladin.co.kr/product/25726/31/coversum/8965743990_1.jpg,국내도서>소설/시/희곡>한국소설>2000년대 이후 한국소설
한강 9 9,조정래,해냄,대덕소프트웨어마이스터고등학교,EM00006678,813.6 조73ㅎ v.9,아리랑을 지나 태백산맥을 거쳐 우리 민족의 파란만장한 근현대사 1세기를 완성한 한국문학의 기념비 한강이 100쇄를 돌파하고 조정래 작가 등단 50주년을 맞이하여 개정판으로 출간되었다.,2020-11-30,https://image.aladin.co.kr/product/25726/31/coversum/8965743990_1.jpg,국내도서>소설/시/희곡>한국소설>2000년대 이후 한국소설
좀머 씨 이야기,파트리크쥐스킨트,열린책들,대덕소프트웨어마이스터고등학교,EM00000707,853 파838ㅈ,한 소년의 눈에 비친 이웃 사람 좀머 씨의 기이한 인생을 담담하면서도 섬세한 필치로 그려 나간 좀머 씨 이야기는 한 편의 동화 같은 소설이다. 국내에서도 많은 사랑을 받은 좀머 씨 이야기는 '광복 이후 최대 베스트셀러 50'에 선정되기도 했다.,2020-04-20,https://image.aladin.co.kr/product/23775/82/coversum/8932920222_1.jpg,국내도서>소설/시/희곡>독일소설
포세이돈 어드벤처 1  카리브 해의 풍운,오세영,동방미디어,대덕소프트웨어마이스터고등학교,EM00000803,813.6 오53ㅍ,"<베니스의 개성상인>의 작가 오세영의 어드벤처 소설이다. 구한말, 영국의 탐사선 '포세이돈' 호를 타고 오대양 육대주를 탐험하며 인류박애와 사민평등을 실현하고자 했던 조선인 청년 '제프리 유'의 장쾌한 세계일주기.",2001-11-05,https://image.aladin.co.kr/product/30/35/coversum/898457094x_1.gif,국내도서>소설/시/희곡>한국소설>2000년대 이후 한국소설
착한 여자  하 ,공지영,한겨레신문사,대덕소프트웨어마이스터고등학교,EM00000866,813.6 공79ㅊ c.2,"<착한 여자>는 전투적 페미니즘 요소를 거의 배제하고 `따뜻하고 부드러운 여성성의 사회화, 남성에게 종속되지 않는 진정한 힘으로서의 여성성에 대한 확인`을 시도하고 있다. 작가가 소설 속에서 인용한 `영원히 여성적인 것이 세상을 구원한다`는 괴테의 말은 곧 작가 자신이 이 소설에서 하고 싶은 말을 함축한다....",1997-04-30,https://image.aladin.co.kr/product/18/98/coversum/8985505661_1.jpg,국내도서>소설/시/희곡>한국소설>2000년대 이후 한국소설
아주 오래된 농담,박완서,실천문학,대덕소프트웨어마이스터고등학교,EM00000874,813.6 박66ㅇ,"1999년 계간 「실천문학」에 분재한 후, 2000년 가을에 장편소설로 출간한 박완서의 아주 오래된 농담 개정판. 박완서 소설의 오랜 축은 자본주의 속에서 살아가는 인간 본연의 모습이다. 그 속에 숨겨진 허위와 위선을 꼬집어냈던 그는 이 소설에서 돈과 결탁한 권력과 눈가림, 그 속에서 불거지는 상처와 고통을 더욱 극단적이면서도 현실적인 특유의 필체로 그려내고 있다.",2011-01-26,https://image.aladin.co.kr/product/872/12/coversum/8939206487_1.jpg,국내도서>소설/시/희곡>한국소설>2000년대 이후 한국소설
아버지,김정현,문이당,대덕소프트웨어마이스터고등학교,EM00000916,813.6 김73ㅇ,,2013-11-29,https://image.aladin.co.kr/product/3432/54/coversum/8994154256_1.jpg,국내도서>소설/시/희곡>한국소설>2000년대 이후 한국소설
손님,황석영,창작과비평사,대덕소프트웨어마이스터고등학교,EM00009767,813.6 황53ㅅ c.2,지은이는 1950년 황해도 신천 대학살사건을 배경으로 이땅에 들어와 엄청난 민중의 희생을 강요하고 씻을 수 없는 상흔을 남긴 이데올로기(기독교와 맑스주의)와 그 소용돌이에 휩쓸렸던 인간군상들의 원한과 해원(解怨)을 그려냈다.,2001-06-01,https://image.aladin.co.kr/product/28/0/coversum/8936433415_1.jpg,국내도서>소설/시/희곡>한국소설>2000년대 이후 한국소설
못난 것도 힘이 된다 2,이상석,자인,대덕소프트웨어마이스터고등학교,EM00001139,818 이51ㅁ v.2,"<사랑으로 매긴 성적표>의 이상석이 쓴 성장 소설. 자연의 품에서 마음만은 넉넉하게 자란 어린시절, 꼴통이라 불리며 문제 학생으로 찬란하게 추락해가던 청소년 시절, 만화가 박재동과의 운명적인 만남, 군대에서의 온갖 해프닝, 선생님이 되기까지 도움을 주신 분들에 대해서 썼다. 같은 반 선생님과 학생이 함께 읽기에 좋은 소설.",2001-12-15,https://image.aladin.co.kr/product/30/86/coversum/8989276047_1.gif,국내도서>소설/시/희곡>한국소설>2000년대 이후 한국소설
홍어,김주영,문이당,대덕소프트웨어마이스터고등학교,EM00001159,813.6 김77ㅎ,"'문학동네 한국문학 전집' 5권. 김주영 장편소설. 폭설로 고립된 산골 마을에서 가족을 떠난 아버지를 기다리는 열세 살의 소년을 화자로 내세운 작품으로, 시적 상징과 서정적 묘사를 통해 한 폭의 수묵화와 같은 아름다움을 보여준다.",2014-01-15,https://image.aladin.co.kr/product/3538/81/coversum/895462328x_1.jpg,국내도서>소설/시/희곡>한국소설>2000년대 이전 한국소설
그 남자네 집,박완서,현대문학,대덕소프트웨어마이스터고등학교,EM00001926,813.6 박66ㄱ c.2,《현대문학》 창간 50주년을 기념하는 소설이자 박완서 작가의 마지막 장편소설이 된 2004년 작. 일흔을 훌쩍 넘기고 생의 끝자락에 선 박완서 작가가 수십 년간 가슴에 소중히 품어온 '첫사랑'의 기억을 풀어놓은 특별한 작품이다.,2021-01-22,https://image.aladin.co.kr/product/26094/25/coversum/k842737250_1.jpg,국내도서>소설/시/희곡>한국소설>2000년대 이후 한국소설
몽고반점,한강,문학사상사,대덕소프트웨어마이스터고등학교,EM00001586,813.608 외91ㅁ,"한 해 동안 발표된 중단편소설을 결산하는 이상문학상 작품집. 2005년 대상 수상작으로 한강의 '몽고반점'이 선정됐다. 1970년대 생 작가로서는 첫 번째 수상이며, 아버지 한승원(1988년 '해변의 길손'으로 수상)에 이어 부녀 2대가 수상하는 기록을 세웠다.",2005-01-20,https://image.aladin.co.kr/product/53/83/coversum/8970126740_3.jpg,국내도서>소설/시/희곡>한국소설>2000년대 이후 한국소설
     측천무후  ,샨사,현대문학,대덕소프트웨어마이스터고등학교,EM00001638,863 샨51ㅊ v.上,,2004-10-08,https://image.aladin.co.kr/product/52/2/coversum/8972752924_1.gif,국내도서>소설/시/희곡>역사소설>외국 역사소설
 자선대표작품집 풀밭에서,조세희,청아출판사,대덕소프트웨어마이스터고등학교,EM00007072,813.6 조53ㅍ c.6,「난장이가 쏘아올린 작은 공」으로 많은 독자를 확보하고 있는 저자가 지금까지 발표한 작품 중 재발표하고 싶은 작품을 스스로 간추려 뽑았다. 현실의 치열한 탐색 후에 보여주는 초월적 희망의 논리와 가능한 반성의 논리를 환상적 기법으로 다룰 줄 아는 작가로 정평이 나있는 저자는 70년대 길을 잃은 우리의 모습을 난쟁이를 통해,1994-04-01,https://image.aladin.co.kr/product/19/3/coversum/8936802216_1.gif,국내도서>소설/시/희곡>한국소설>2000년대 이전 한국소설
불멸 1  조선의 칼  조선의 방패,김탁환,미래지성,대덕소프트웨어마이스터고등학교,EM00000511,813.6 김831ㅂ,,,,
 자선대표 작품집 해바라기,서정인,청아,대덕소프트웨어마이스터고등학교,EM00001620,813.6 서73ㅎ c.5,,1992-07-15,https://image.aladin.co.kr/product/29/50/coversum/893680216x_1.gif,국내도서>소설/시/희곡>한국소설>2000년대 이전 한국소설
인도로 간 예수,송기원,창작과비평사,대덕소프트웨어마이스터고등학교,EM00000541,813.6 송18ㅇ,,1995-10-01,https://image.aladin.co.kr/product/26/90/coversum/893643635x_1.jpg,국내도서>소설/시/희곡>한국소설>2000년대 이전 한국소설
 제3회 한겨레문학상 수상작 홍합,한창훈,한겨레신문사,대덕소프트웨어마이스터고등학교,EM00000576,813.6 한811ㅎ,"여수의 한 홍합공장을 배경으로 마을 사람들의 건강한 생명력을 토속적인 입담과 해학적인 문체로 그려낸 한창훈의 홍합 개정판. 전라도 사투리의 말맛이 훌륭하게 느껴지고, 공장에서 일하는 중년 여성들의 고단하지만 소소한 기쁨이 함께하는 어촌 생활이 곡진히 묘사되어 있다.",2021-08-30,https://image.aladin.co.kr/product/27877/36/coversum/k372734892_1.jpg,국내도서>소설/시/희곡>한국소설>2000년대 이후 한국소설
비밀의 문 2,구효서,해냄,대덕소프트웨어마이스터고등학교,EM00000599,813 구96ㅂ,,2004-09-10,https://image.aladin.co.kr/product/51/50/coversum/897337625x_1.gif,국내도서>소설/시/희곡>한국소설>2000년대 이후 한국소설
관계,안도현,문학동네,대덕소프트웨어마이스터고등학교,EM00000703,813.8 안25ㄱ,"안도현의 어른들을 위한 동화. 도토리와 낙엽의 공생적 삶을 그린 표제작 <관계>를 비롯, 이 책의 각각의 이야기는 사람과 사람 사이, 꽃과 열매 사이, 갈매기와 바다 사이, 그리고 사람과 만물 사이의 조화로운 관계를 시인 특유의 해맑은 눈빛으로 읽어낸다.

시인은 관계를 통해 삶이 무엇인지, 사랑이 무엇인지를 일깨워주 ...",1998-01-22,https://image.aladin.co.kr/product/1/33/coversum/8982810986_2.jpg,국내도서>소설/시/희곡>한국소설>2000년대 이전 한국소설
세상에서 가장 아름다운 이별,노희경,한민사,대덕소프트웨어마이스터고등학교,EM00001237,813.6 노98ㅅ c.2,고정 시청자 팬을 확보하고 있는 드라마 작가 노희경의 화제작 세상에서 가장 아름다운 이별을 원작으로 한 소설이 2015년 더욱 새로운 모습으로 재탄생했다.,2015-05-10,https://image.aladin.co.kr/product/5915/21/coversum/s272635772_1.jpg,국내도서>소설/시/희곡>한국소설>2000년대 이후 한국소설
포세이돈 어드벤처 2  아마존의 수호신,오세영,동방미디어,대덕소프트웨어마이스터고등학교,EM00000800,800 오53ㅍ,,2001-11-05,https://image.aladin.co.kr/product/30/35/coversum/8984570958_1.gif,국내도서>소설/시/희곡>한국소설>2000년대 이후 한국소설
포세이돈 어드벤처 3  파란 타히리,오세영,동방미디어,대덕소프트웨어마이스터고등학교,EM00000801,800 오53ㅍ,,,,
오만과 몽상,박완서,세계사,대덕소프트웨어마이스터고등학교,EM00000813,813.6 박66ㅂ c.2,'박완서 소설전집 결정판' 9~10권 오만과 몽상. 박완서는 대립되는 두 가계의 후손으로 태어난 두 젊은이가 (세상의) 더러운 상식에 나름의 방법으로 항거하는 이야기를 쓰고자 했다고 오만과 몽상 서문에서 밝히고 있다. 오만과 몽상에는 자신을 둘러싼 태생적 굴레를 나름의 방법으로 타파하고자 하는 두 주인공이 번갈아 등장한다.,2012-01-22,https://image.aladin.co.kr/product/1494/46/coversum/8933801820_2.jpg,국내도서>소설/시/희곡>한국소설>2000년대 이전 한국소설
오만과 몽상,박완서,세계사,대덕소프트웨어마이스터고등학교,EM00000814,813.6 박66ㅂ c.3,'박완서 소설전집 결정판' 9~10권 오만과 몽상. 박완서는 대립되는 두 가계의 후손으로 태어난 두 젊은이가 (세상의) 더러운 상식에 나름의 방법으로 항거하는 이야기를 쓰고자 했다고 오만과 몽상 서문에서 밝히고 있다. 오만과 몽상에는 자신을 둘러싼 태생적 굴레를 나름의 방법으로 타파하고자 하는 두 주인공이 번갈아 등장한다.,2012-01-22,https://image.aladin.co.kr/product/1494/46/coversum/8933801820_2.jpg,국내도서>소설/시/희곡>한국소설>2000년대 이전 한국소설
희망 하,양귀자,살림,대덕소프트웨어마이스터고등학교,EM00001239,813.6 양17ㅎ v.하 c.2,,2000-01-01,https://image.aladin.co.kr/product/23/47/coversum/8985577271_1.gif,국내도서>소설/시/희곡>한국소설>2000년대 이전 한국소설
착한 여자  하 ,공지영,한겨레신문사,대덕소프트웨어마이스터고등학교,EM00000852,813.6 공79ㅊ,"<착한 여자>는 전투적 페미니즘 요소를 거의 배제하고 `따뜻하고 부드러운 여성성의 사회화, 남성에게 종속되지 않는 진정한 힘으로서의 여성성에 대한 확인`을 시도하고 있다. 작가가 소설 속에서 인용한 `영원히 여성적인 것이 세상을 구원한다`는 괴테의 말은 곧 작가 자신이 이 소설에서 하고 싶은 말을 함축한다....",1997-04-30,https://image.aladin.co.kr/product/18/98/coversum/8985505661_1.jpg,국내도서>소설/시/희곡>한국소설>2000년대 이후 한국소설
아주 오래된 농담,박완서,실천문학,대덕소프트웨어마이스터고등학교,EM00009495,813.6 박65ㅇ c.2,"1999년 계간 「실천문학」에 분재한 후, 2000년 가을에 장편소설로 출간한 박완서의 아주 오래된 농담 개정판. 박완서 소설의 오랜 축은 자본주의 속에서 살아가는 인간 본연의 모습이다. 그 속에 숨겨진 허위와 위선을 꼬집어냈던 그는 이 소설에서 돈과 결탁한 권력과 눈가림, 그 속에서 불거지는 상처와 고통을 더욱 극단적이면서도 현실적인 특유의 필체로 그려내고 있다.",2011-01-26,https://image.aladin.co.kr/product/872/12/coversum/8939206487_1.jpg,국내도서>소설/시/희곡>한국소설>2000년대 이후 한국소설
사랑을 선택하는 특별한 기준 2,김형경,문이당,대덕소프트웨어마이스터고등학교,EM00009407,813.6 김94ㅅ v.2 c.2,"김형경의 장편소설. 진실한 사랑에 눈떠가는 카피라이터 인혜와 진짜 내 마음을 찾아가는 건축가 세진의 각자 3인칭, 1인칭의 목소리로 진솔하게 드러내는 소설이다. 소설이라기보다 삶의 해부학과 같은 우리 마음의 사용설명서라 평가 받고 있다.",2012-07-27,https://image.aladin.co.kr/product/1851/83/coversum/899677328x_1.jpg,국내도서>소설/시/희곡>한국소설>2000년대 이후 한국소설
눈길,이청준,문학과지성사,대덕소프트웨어마이스터고등학교,EM00000943,813.6 이82ㄴ,"청소년들이 읽어야 하는 한국 대표 작가들의 중요 작품들을 엄선하여 모은 소설 선집 ‘사피엔스 한국문학 중.단편소설’ 시리즈. [눈길], [서편제], [벌레 이야기] 등 인간의 내면과 사회에 대한 깊은 성찰을 끊임없이 이어간 작가 이청준의 단편 세 편이 실려 있다.
",2012-02-13,https://image.aladin.co.kr/product/1522/59/coversum/8965880769_1.jpg,국내도서>소설/시/희곡>한국소설>2000년대 이전 한국소설
여인천하  중 ,박종화,범우사,대덕소프트웨어마이스터고등학교,EM00001034,813.6 박75ㅇ,"이 책은 조선조 중종을 둘러싸고 벌어지는 후궁들의 음모와 암투가 생생하게 그려져 있으며, 문정왕후 윤씨의 정권 쟁탈과정이 치밀하게 묘사되어 있는 역사소설이다. 정치개혁을 부르짖은 조광조 중심의 유림세력은 후궁을 배경으로 한 대신들의 모함으로 기묘사화의 참변을 당한다.",2001-02-01,https://image.aladin.co.kr/product/26/43/coversum/6000132810_1.jpg,국내도서>소설/시/희곡>역사소설>한국 역사소설
그 남자네 집,박완서,현대문학,대덕소프트웨어마이스터고등학교,EM00001579,813.6 박66ㄱ,《현대문학》 창간 50주년을 기념하는 소설이자 박완서 작가의 마지막 장편소설이 된 2004년 작. 일흔을 훌쩍 넘기고 생의 끝자락에 선 박완서 작가가 수십 년간 가슴에 소중히 품어온 '첫사랑'의 기억을 풀어놓은 특별한 작품이다.,2021-01-22,https://image.aladin.co.kr/product/26094/25/coversum/k842737250_1.jpg,국내도서>소설/시/희곡>한국소설>2000년대 이후 한국소설
종소리,신경숙,문학동네,대덕소프트웨어마이스터고등학교,EM00001590,813.6 신14ㅈ,"2002년 출간되었던 신경숙의 다섯번째 소설집 『종소리』가 새 장정으로 선보인다. 10년, 적지 않은 시간을 두고 다시 읽는 소설들은, 그 시간의 힘까지 더해, 더욱 깊숙이 가슴을 파고든다.",2012-12-20,https://image.aladin.co.kr/product/2194/46/coversum/8954619940_1.jpg,국내도서>소설/시/희곡>한국소설>2000년대 이후 한국소설
종소리,신경숙,문학동네,대덕소프트웨어마이스터고등학교,EM00011930,813.6 신14ㅈ c.3,"2002년 출간되었던 신경숙의 다섯번째 소설집 『종소리』가 새 장정으로 선보인다. 10년, 적지 않은 시간을 두고 다시 읽는 소설들은, 그 시간의 힘까지 더해, 더욱 깊숙이 가슴을 파고든다.",2012-12-20,https://image.aladin.co.kr/product/2194/46/coversum/8954619940_1.jpg,국내도서>소설/시/희곡>한국소설>2000년대 이후 한국소설
이문열 세계명작산책 4  환상과기상,이문열,살림,대덕소프트웨어마이스터고등학교,EM00001615,808.3 이37ㅇ,,,,
검은 꽃,김영하,문학동네,대덕소프트웨어마이스터고등학교,EM00001691,813.6 김64ㄱ,"2020년 김영하 등단 25주년을 맞아, '복복서가x김영하_소설'이라는 이름으로 장편소설과 소설집을 새로이 출간한다. 『검은 꽃』은 대한제국이 “물에 떨어진 잉크방울처럼 서서히 사라져가”고 있던 1905년, 좋은 일자리와 미래가 있을 것이라는 기대를 안고 멕시코로 떠난 한국인들의 실제 이야기를 바탕으로 한 이민사를 그려낸 장편소설이다.",2020-07-20,https://image.aladin.co.kr/product/32336/19/coversum/k282935264_2.jpg,국내도서>소설/시/희곡>한국소설>2000년대 이후 한국소설
가을,앨리 스미스,민음사,대덕소프트웨어마이스터고등학교,IT00013538,843 스38ㄱ,"앨리 스미스는 독특한 방식의 글쓰기와 신화와 회화를 자유자재로 넘나드는 지적인 주제, 그리고 사회에 대한 적극적인 참여의식 등으로 영국에서 독보적인 작가라는 평가를 받는 영국 작가다. 가을은 출간되자마자 전 세계 도서 시장에서 화제가 되었으며, 맨부커상 최종 후보에 오른 작품이다.",2019-03-22,https://image.aladin.co.kr/product/18754/74/coversum/8937439786_1.jpg,국내도서>소설/시/희곡>영미소설
그 산이 정말 거기 있었을까,박완서,웅진지식하우스,대덕소프트웨어마이스터고등학교,IT00013556,813.7 박65ㄱ c.4,"한국 문학의 거목, 박완서 작가의 대표작인 ‘소설로 그린 자화상’ 연작 『그 많던 싱아는 누가 다 먹었을까』와 『그 산이 정말 거기 있었을까』가 리커버 특별판으로 독자들을 찾아왔다. ‘2025서울국제도서전’을 뜨겁게 달군 사진작가 이옥토의 작품으로 표지를 갈아입고 장정을 새롭게 꾸며, 그 치열하고도 아름다운 기억의 공간을 지금 이곳으로 되살린다.",2025-08-18,https://image.aladin.co.kr/product/36931/16/coversum/8901296918_2.jpg,국내도서>소설/시/희곡>한국소설>2000년대 이후 한국소설
그 산이 정말 거기 있었을까,박완서,웅진지식하우스,대덕소프트웨어마이스터고등학교,IT00013559,813.7 박65ㄱ c.7,"한국 문학의 거목, 박완서 작가의 대표작인 ‘소설로 그린 자화상’ 연작 『그 많던 싱아는 누가 다 먹었을까』와 『그 산이 정말 거기 있었을까』가 리커버 특별판으로 독자들을 찾아왔다. ‘2025서울국제도서전’을 뜨겁게 달군 사진작가 이옥토의 작품으로 표지를 갈아입고 장정을 새롭게 꾸며, 그 치열하고도 아름다운 기억의 공간을 지금 이곳으로 되살린다.",2025-08-18,https://image.aladin.co.kr/product/36931/16/coversum/8901296918_2.jpg,국내도서>소설/시/희곡>한국소설>2000년대 이후 한국소설
그 산이 정말 거기 있었을까,박완서,웅진지식하우스,대덕소프트웨어마이스터고등학교,IT00013560,813.7 박65ㄱ c.8,"한국 문학의 거목, 박완서 작가의 대표작인 ‘소설로 그린 자화상’ 연작 『그 많던 싱아는 누가 다 먹었을까』와 『그 산이 정말 거기 있었을까』가 리커버 특별판으로 독자들을 찾아왔다. ‘2025서울국제도서전’을 뜨겁게 달군 사진작가 이옥토의 작품으로 표지를 갈아입고 장정을 새롭게 꾸며, 그 치열하고도 아름다운 기억의 공간을 지금 이곳으로 되살린다.",2025-08-18,https://image.aladin.co.kr/product/36931/16/coversum/8901296918_2.jpg,국내도서>소설/시/희곡>한국소설>2000년대 이후 한국소설
꿈꾸는 책들의 도시,발터 뫼르스,들녘,대덕소프트웨어마이스터고등학교,IT00013575,853 뫼297ㄲ,"'세계문학의 천재들' 2권. 목숨을 걸지 않으면 읽을 수 없는 책이 있을까? 이 책의 저자는 발터 뫼르스로 되어 있지만, 그는 자신이 이 책을 쓰지 않았고 다만 번역하고 삽화를 그렸을 뿐이라고 밝힌다. 원 저작은 차모니아 출신의 공룡족인 힌데군스트 폰 미텐메츠의 장편소설이이라는 것이다.",2014-08-04,https://image.aladin.co.kr/product/4429/25/coversum/8975276295_1.jpg,국내도서>소설/시/희곡>판타지/환상문학>외국판타지/환상소설
나보다 어렸던 엄마에게,정진영,무블,대덕소프트웨어마이스터고등학교,IT00013582,813.7 정78ㄴ,드라마 허쉬의 원작소설 작가인 정진영의 신작 장편소설. 이 소설에서 주인공이 찾아가는 어머니의 옛 흔적에서 발견하는 것은 어머니의 삶 그 자체다. 그 여정에서 주인공인 아들(범우)은 인간과 인간 사이의 진정한 소통의 방법에 대해 배우게 된다.,2021-07-19,https://image.aladin.co.kr/product/27587/66/coversum/k342733015_1.jpg,국내도서>소설/시/희곡>한국소설>2000년대 이후 한국소설
오늘 밤  세계에서 이 사랑이 사라진다 해도,이치조 미사키,모모,대덕소프트웨어마이스터고등학교,IT00013691,833.6 이86ㅇ,제26회 전격소설대상 ‘미디어워크스문고상’ 수상작. 밤에 자고 일어나면 기억이 리셋되는 ‘선행성 기억상실증’을 앓는 소녀 히노 마오리와 무미건조한 인생을 살고 있는 평범한 고등학생 가미야 도루의 풋풋하고 애틋한 사랑 이야기를 담았다.,2021-06-21,https://image.aladin.co.kr/product/27407/79/coversum/k362732558_3.jpg,국내도서>소설/시/희곡>일본소설>1950년대 이후 일본소설
오늘 밤  세계에서 이 사랑이 사라진다 해도,이치조 미사키,모모,대덕소프트웨어마이스터고등학교,IT00013694,833.6 이86ㅇ c.4,제26회 전격소설대상 ‘미디어워크스문고상’ 수상작. 밤에 자고 일어나면 기억이 리셋되는 ‘선행성 기억상실증’을 앓는 소녀 히노 마오리와 무미건조한 인생을 살고 있는 평범한 고등학생 가미야 도루의 풋풋하고 애틋한 사랑 이야기를 담았다.,2021-06-21,https://image.aladin.co.kr/product/27407/79/coversum/k362732558_3.jpg,국내도서>소설/시/희곡>일본소설>1950년대 이후 일본소설
오늘 밤  세계에서 이 사랑이 사라진다 해도,이치조 미사키,모모,대덕소프트웨어마이스터고등학교,IT00013695,833.6 이86ㅇ c.5,제26회 전격소설대상 ‘미디어워크스문고상’ 수상작. 밤에 자고 일어나면 기억이 리셋되는 ‘선행성 기억상실증’을 앓는 소녀 히노 마오리와 무미건조한 인생을 살고 있는 평범한 고등학생 가미야 도루의 풋풋하고 애틋한 사랑 이야기를 담았다.,2021-06-21,https://image.aladin.co.kr/product/27407/79/coversum/k362732558_3.jpg,국내도서>소설/시/희곡>일본소설>1950년대 이후 일본소설
나미야 잡화점의 기적,히가시노게이고,현대문학,대덕소프트웨어마이스터고등학교,EM00019384,833.6 히12ㄴ,히가시노 게이고의 가장 경이로운 대표작 『나미야 잡화점의 기적』이 국내 출간 10주년을 맞아 무선 보급판으로 발간된다. 초판 표지의 감동을 그대로 담아낸 무선판은 다소 무게감 있었던 양장판과 다르게 누구나 가볍게 들고 다니며 읽을 수 있도록 했다.,2022-12-19,https://image.aladin.co.kr/product/30768/99/coversum/k252830652_2.jpg,국내도서>소설/시/희곡>일본소설>1950년대 이후 일본소설
그 산이 정말 거기 있었을까,박완서,웅진지식하우스,대덕소프트웨어마이스터고등학교,IT00013553,813.7 박65ㄱ,"한국 문학의 거목, 박완서 작가의 대표작인 ‘소설로 그린 자화상’ 연작 『그 많던 싱아는 누가 다 먹었을까』와 『그 산이 정말 거기 있었을까』가 리커버 특별판으로 독자들을 찾아왔다. ‘2025서울국제도서전’을 뜨겁게 달군 사진작가 이옥토의 작품으로 표지를 갈아입고 장정을 새롭게 꾸며, 그 치열하고도 아름다운 기억의 공간을 지금 이곳으로 되살린다.",2025-08-18,https://image.aladin.co.kr/product/36931/16/coversum/8901296918_2.jpg,국내도서>소설/시/희곡>한국소설>2000년대 이후 한국소설
그 산이 정말 거기 있었을까,박완서,웅진지식하우스,대덕소프트웨어마이스터고등학교,IT00013562,813.7 박65ㄱ c.10,"한국 문학의 거목, 박완서 작가의 대표작인 ‘소설로 그린 자화상’ 연작 『그 많던 싱아는 누가 다 먹었을까』와 『그 산이 정말 거기 있었을까』가 리커버 특별판으로 독자들을 찾아왔다. ‘2025서울국제도서전’을 뜨겁게 달군 사진작가 이옥토의 작품으로 표지를 갈아입고 장정을 새롭게 꾸며, 그 치열하고도 아름다운 기억의 공간을 지금 이곳으로 되살린다.",2025-08-18,https://image.aladin.co.kr/product/36931/16/coversum/8901296918_2.jpg,국내도서>소설/시/희곡>한국소설>2000년대 이후 한국소설
그 산이 정말 거기 있었을까,박완서,웅진지식하우스,대덕소프트웨어마이스터고등학교,IT00013570,813.7 박65ㄱ c.18,"한국 문학의 거목, 박완서 작가의 대표작인 ‘소설로 그린 자화상’ 연작 『그 많던 싱아는 누가 다 먹었을까』와 『그 산이 정말 거기 있었을까』가 리커버 특별판으로 독자들을 찾아왔다. ‘2025서울국제도서전’을 뜨겁게 달군 사진작가 이옥토의 작품으로 표지를 갈아입고 장정을 새롭게 꾸며, 그 치열하고도 아름다운 기억의 공간을 지금 이곳으로 되살린다.",2025-08-18,https://image.aladin.co.kr/product/36931/16/coversum/8901296918_2.jpg,국내도서>소설/시/희곡>한국소설>2000년대 이후 한국소설
그 산이 정말 거기 있었을까,박완서,웅진지식하우스,대덕소프트웨어마이스터고등학교,IT00013571,813.7 박65ㄱ c.19,"한국 문학의 거목, 박완서 작가의 대표작인 ‘소설로 그린 자화상’ 연작 『그 많던 싱아는 누가 다 먹었을까』와 『그 산이 정말 거기 있었을까』가 리커버 특별판으로 독자들을 찾아왔다. ‘2025서울국제도서전’을 뜨겁게 달군 사진작가 이옥토의 작품으로 표지를 갈아입고 장정을 새롭게 꾸며, 그 치열하고도 아름다운 기억의 공간을 지금 이곳으로 되살린다.",2025-08-18,https://image.aladin.co.kr/product/36931/16/coversum/8901296918_2.jpg,국내도서>소설/시/희곡>한국소설>2000년대 이후 한국소설
그 산이 정말 거기 있었을까,박완서,웅진지식하우스,대덕소프트웨어마이스터고등학교,IT00013572,813.7 박65ㄱ c.20,"한국 문학의 거목, 박완서 작가의 대표작인 ‘소설로 그린 자화상’ 연작 『그 많던 싱아는 누가 다 먹었을까』와 『그 산이 정말 거기 있었을까』가 리커버 특별판으로 독자들을 찾아왔다. ‘2025서울국제도서전’을 뜨겁게 달군 사진작가 이옥토의 작품으로 표지를 갈아입고 장정을 새롭게 꾸며, 그 치열하고도 아름다운 기억의 공간을 지금 이곳으로 되살린다.",2025-08-18,https://image.aladin.co.kr/product/36931/16/coversum/8901296918_2.jpg,국내도서>소설/시/희곡>한국소설>2000년대 이후 한국소설
날마다 만우절,윤성희,문학동네,대덕소프트웨어마이스터고등학교,IT00013583,813.7 윤54ㄴ,완숙하고 예리한 시선을 바탕으로 인간과 삶에 대한 긍정으로 나아가는 이야기를 선보이는 작가 윤성희의 여섯번째 소설집. 우리가 지나온 시간과 앞으로 통과할 시간의 주름을 펼쳐 보이며 더 나은 사람이 되고자 하는 마음을 불러일으키는 11편의 이야기를 한 권에 담았다.,2021-07-07,https://image.aladin.co.kr/product/27478/52/coversum/8954680690_1.jpg,국내도서>소설/시/희곡>한국소설>2000년대 이후 한국소설
녹나무의 파수꾼,히가시노 게이고,소미미디어,대덕소프트웨어마이스터고등학교,IT00013592,833.6 히12녹,"천애고아, 무직, 절도죄로 유치장 수감 중. 그야말로 막장인생 그 자체인 청년 레이토. 그런 그에게 일생일대의 기묘한 제안이 찾아온다. 변호사를 써서 감옥에 가지 않도록 해줄 테니 그 대신 시키는 대로 하라는 것. 제안을 받아들인 레이토 앞에 나타난 사람은 지금까지 존재를 알지 못했던 이모라고 하는데...",2020-03-17,https://image.aladin.co.kr/product/23456/86/coversum/k362638685_1.jpg,국내도서>소설/시/희곡>일본소설>1950년대 이후 일본소설
달콤한 복수 주식회사,요나스 요나손,열린책들,대덕소프트웨어마이스터고등학교,IT00013596,859.7 요192ㄷ,"스웨덴 스톡홀름에 사는 빅토르는 교활하고 위선적인 미술품 거래인으로, 비열한 방법으로 아내의 재산을 빼앗고 이혼한다. 또 창녀와의 관계에서 낳은 아들 케빈을 죽이려고 케냐 사바나에 데리고 가서 버린다. 케빈은 원주민 치유사 올레 음바티안의 구조를 받아 마사이 전사로 거듭난다.",2021-09-05,https://image.aladin.co.kr/product/27839/11/coversum/8932921431_1.jpg,국내도서>소설/시/희곡>세계의 소설>북유럽소설
불편한 편의점,김호연,나무옆의자,대덕소프트웨어마이스터고등학교,IT00014599,813.7 김95ㅂ c.2,,2021-04-20,https://image.aladin.co.kr/product/29045/74/coversum/k192836746_2.jpg,국내도서>소설/시/희곡>한국소설>2000년대 이후 한국소설
수의 여왕,가와조에 아이,청미래,대덕소프트웨어마이스터고등학교,IT00013643,833.6 가65ㅅ c.5,"운명수로 상대방에게 저주를 거는, 아름답지만 피도 눈물도 없는 메르세인 왕국의 왕비에 대항하여 왕비의 양녀 나쟈가 자신의 잔혹한 운명을 극복하는 환상적인 모험의 이야기이다. 나쟈의 이야기를 따라가다 보면, 학교에서 배웠던 수학 이론들이 생생하고 재미있게 응용될 수 있다.",2020-08-25,https://image.aladin.co.kr/product/25019/39/coversum/8986836718_2.jpg,국내도서>소설/시/희곡>판타지/환상문학>외국판타지/환상소설
작별하지 않는다,한강,문학동네,대덕소프트웨어마이스터고등학교,IT00013711,813.7 한12ㅈ,2016년 채식주의자로 인터내셔널 부커상을 수상하고 2018년 흰으로 같은 상 최종 후보에 오른 한강 작가의 5년 만의 장편소설. 2019년 겨울부터 이듬해 봄까지 계간 문학동네에 전반부를 연재하며 큰 관심을 모은 작품이다.,2021-09-09,https://image.aladin.co.kr/product/27877/5/coversum/8954682154_3.jpg,국내도서>소설/시/희곡>한국소설>2000년대 이후 한국소설
김 박사는 누구인가 ,이기호,문학과지성사,대덕소프트웨어마이스터고등학교,EM00019470,813.6 이18ㄱ,이기호 소설집. 제11회 이효석문학상 수상작을 비롯한 여덟 편의 소설이 수록돼 있다. 이번 소설집은 작가가 기억과 기억 사이의 공백을 '이야기'로 보수해가면서 삶과 '이야기'가 서로 영향을 주고받는 방식을 규명하는 데 주력하는 모습이 눈길을 끈다.,2013-04-15,https://image.aladin.co.kr/product/2588/3/coversum/893202393x_1.jpg,국내도서>소설/시/희곡>한국소설>2000년대 이후 한국소설
오래된 골동품 상점,찰스 디킨스,B612,대덕소프트웨어마이스터고등학교,EM00019477,843 디878ㅇ,"『오래된 골동품 상점』은 많은 매혹적인 이야기들처럼 이루 말할 수 없는 원초적인 불안들과 금기들―광기, 가학증, 분리 불안, 그리고 죽음―을 이상하리만치 유순하면서도 강렬한 무언가로 바꿔놓는 뛰어난 작품이다.",2024-11-01,https://image.aladin.co.kr/product/35068/16/coversum/8998427451_2.jpg,국내도서>소설/시/희곡>영미소설
체체파리의 비법,제임스 팁트리 주니어,아작(디자인콤마),대덕소프트웨어마이스터고등학교,EM00019484,843 주198ㅊ,활동할 당시 '페미니즘 SF'의 기수로 인정받았고 사후에는 '팁트리 상'으로 기림받는 작가인 제임스 팁트리 주니어의 주요 작품들을 담은 중단편선집이다. 팁트리의 작품이 단행본으로 묶여나오는 것은 국내에서 처음으로 '체체파리 비법'을 표제작으로 하여 7개의 작품이 수록되었다.,2016-03-25,https://image.aladin.co.kr/product/7492/6/coversum/k052434530_1.jpg,국내도서>소설/시/희곡>과학소설(SF)>외국 과학소설
타인들 속에서,조 월튼,아작(디자인콤마),대덕소프트웨어마이스터고등학교,EM00019485,843 월887ㅌ,"2012년 휴고상과 네뷸러상, 영국판타지문학상을 수상한 조 월튼의 대표작. 만약 내 어머니가 세상을 지배하려는 사악한 마녀라면? 어머니의 음모를 저지하려다가, 쌍둥이 자매를 잃고 불구의 몸까지 된 열다섯 살 소녀는 홀로 본 적도 없는 아버지를 찾아간다.",2016-02-25,https://image.aladin.co.kr/product/7492/5/coversum/k572434924_1.jpg,국내도서>소설/시/희곡>과학소설(SF)>외국 과학소설
삼대,염상섭,새움,대덕소프트웨어마이스터고등학교,EM00019493,813.6 염52ㅅ c.3,우리 문학사의 주옥같은 작품을 한자리에 모은 한국문학전집이 발간되었다. 책은 그 세 번째로 한국 근대 장편소설의 대표작으로 꼽히는 염상섭의 <삼대>. 1930년대 서울의 중산층 가족사를 통해 들여다본 우리 근대의 자화상을 담은 작품이다.,2004-12-03,https://image.aladin.co.kr/product/53/3/coversum/8932015554_2.jpg,국내도서>소설/시/희곡>한국소설>2000년대 이전 한국소설
칼의 노래,김훈,문학동네,대덕소프트웨어마이스터고등학교,EM00019507,813.6 김96ㅋ c.2,"2001년 동인문학상 수상작. 작가 김훈은 소설 칼의 노래를 통해 공동체와 역사에 책임을 져야 할 위치에 선 자들이 지녀야 할 윤리, 사회 안에서 개인이 가질 수 있는 삶의 태도, 문(文)의 복잡함에 대별되는 무(武)의 단순미, 4백 년이라는 시간 속에서도 달라진 바 없는 한국 문화의 혼미한 정체성을 이야기 한다.",2012-01-05,https://image.aladin.co.kr/product/1462/87/coversum/8954617247_1.jpg,국내도서>소설/시/희곡>역사소설>한국 역사소설
칼의 노래,김훈,문학동네,대덕소프트웨어마이스터고등학교,EM00019509,813.6 김96ㅋ c.4,"2001년 동인문학상 수상작. 작가 김훈은 소설 칼의 노래를 통해 공동체와 역사에 책임을 져야 할 위치에 선 자들이 지녀야 할 윤리, 사회 안에서 개인이 가질 수 있는 삶의 태도, 문(文)의 복잡함에 대별되는 무(武)의 단순미, 4백 년이라는 시간 속에서도 달라진 바 없는 한국 문화의 혼미한 정체성을 이야기 한다.",2012-01-05,https://image.aladin.co.kr/product/1462/87/coversum/8954617247_1.jpg,국내도서>소설/시/희곡>역사소설>한국 역사소설
반월의 나라 2,유오디아,예담,대덕소프트웨어마이스터고등학교,EM00019559,813.6 유65ㅂ v.2,"유오디아의 로맨스 소설. 조선시대 왕들 중 가장 인지도가 낮은 왕 '헌종'을 주인공을 내세운 이번 이야기는 헌종과 관련된 민담과 야사, 정사 등 다양한 자료들을 모티브로 삼아 신비로운 사랑 이야기를 구성했다.",2015-04-15,https://image.aladin.co.kr/product/5637/93/coversum/8959139009_1.jpg,국내도서>소설/시/희곡>로맨스소설>한국 로맨스소설
새벽거리에서,하가시노 게이고,재인,대덕소프트웨어마이스터고등학교,EM00012327,830 게68ㅅ c.2,,,,
연어 2,안도현,문학동네,대덕소프트웨어마이스터고등학교,EM00012445,813.8 안463연 v.2,,,,
행복한 프랑스 책방,마르크 레비,노블마인(웅진씽크빅),대덕소프트웨어마이스터고등학교,EM00012446,860 레48ㅎ,"굿바이 파리, 봉주르 런던! 삶이 지루하고 일상이 권태롭던 어느 날, 런던의 프랑스인 구역으로 이사하기로 결정하다. 런던에서 건축가로 살고 있는 단짝친구 앙투안의 설득에 못 이기는 척, 파리를 떠나 런던의 프랑스인 구역으로 이사한 마티아스. 영국인 노신사가 운영하던 작고 오래된 프랑스 서점을 넘겨받으며 그의 행복한 두 번째 인생이 시작된다.",2008-08-15,https://image.aladin.co.kr/product/245/80/coversum/8901086875_1.jpg,국내도서>소설/시/희곡>프랑스소설
고구려 1 1,김진명,새움,대덕소프트웨어마이스터고등학교,EM00012540,810 김78ㄱ v.1,"베스트셀러 작가 김진명 필생의 역작 『고구려』의 개정판과 신작이 동시에 묶여 출간된다. 기존 출시되어있는 여섯 권의 개정판에, 소수림왕 후기를 다룬 신간 7권이 더해져 고구려 최전성기를 관통하는 왕들의 살아 숨 쉬는 일대기를 한 번에 만나볼 수 있다.",2021-06-14,https://image.aladin.co.kr/product/27242/4/coversum/k612732593_2.jpg,국내도서>소설/시/희곡>역사소설>한국 역사소설
고구려 2,김진명,새움,대덕소프트웨어마이스터고등학교,EM00012543,810 김78ㄱ v.2 c.2,"베스트셀러 작가 김진명 필생의 역작 『고구려』의 개정판과 신작이 동시에 묶여 출간된다. 기존 출시되어있는 여섯 권의 개정판에, 소수림왕 후기를 다룬 신간 7권이 더해져 고구려 최전성기를 관통하는 왕들의 살아 숨 쉬는 일대기를 한 번에 만나볼 수 있다.",2021-06-14,https://image.aladin.co.kr/product/27242/7/coversum/k642732593_2.jpg,국내도서>소설/시/희곡>역사소설>한국 역사소설
동물농장,조지 오웰,청목,대덕소프트웨어마이스터고등학교,EM00012606,843 조78ㄷ,1945년에 간행된 조지 오웰의 대표작. 어떤 농장의 동물들이 늙은 돼지 메이저의 부추김에 빠져 농장주의 압제에 대항해 반란을 일으켜 인간의 착취가 없는 '모든 동물이 평등한 이상사회'를 건설한다. 그러나 돼지들이 지도자가 되어 다시 동물들을 압박하기 시작하는데...,1998-08-05,https://image.aladin.co.kr/product/4/6/coversum/s93746005x_3.jpg,국내도서>소설/시/희곡>영미소설
두근두근내인생,김애란,창비,대덕소프트웨어마이스터고등학교,EM00012680,810 김63ㄷ,"2002년, 약관의 나이로 등단한 이래 달려라 아비 침이 고인다 두 권의 소설집만으로 한국일보문학상, 오늘의 젊은 예술가상, 신동엽창작상, 이효석문학상, 김유정문학상, 젊은작가상 등을 수상하며 2천년대 한국문학을 대표하는 작가로 자리매김한 김애란의 첫번째 장편소설. 가장 어린 부모와 가장 늙은 자식의 청춘과 사랑에 대한 눈부신 이야기를 다룬다.",2011-06-20,https://image.aladin.co.kr/product/1190/50/coversum/8936433873_2.jpg,국내도서>소설/시/희곡>한국소설>2000년대 이후 한국소설
세얼간이,체탄바갓,북스퀘어,대덕소프트웨어마이스터고등학교,EM00012761,890 체882ㅅ c.2,"인도에서 개봉 당시 세계적으로 돌풍을 일으킨 영화 [아바타]를 누르며 발리우드 흥행 기록을 갈아치운 영화 [세 얼간이] 원작 소설. 영화의 흥행 실적 못지않게 성공을 거둔 원작 소설은, 국내에 처음 소개되는 젊은 작가 체탄 바갓의 작품이다. 일류 최고 공학도들의 우정, 사랑, 미래에 대한 고민과 방황을 매력적인 캐릭터와 흥미 있는 사건들로 실감나게 그려냈다.",2011-07-28,https://image.aladin.co.kr/product/1248/1/coversum/8994136673_2.jpg,국내도서>소설/시/희곡>세계의 소설>기타 국가 소설
발자크와 바느질하는 중국소녀,다이 시지에,현대문학,대덕소프트웨어마이스터고등학교,EM00019474,863 시78ㅂ,"2000년 <소설 속으로 사라진 여자>라는 제목으로 출간된 다이 시지에의 첫 장편소설이 재출간되었다. 중국의 문화혁명 기간 중 '부르주아 지식인'으로 분류되어 농촌으로 재교육을 받으러 간 두 소년과, 농촌에서 만난 바느질하는 소녀와의 낭만적인 사랑을 그린 작품. 영화로 만들어져 2002년 칸 영화제에서 상영되기도 했다.",2005-04-11,https://image.aladin.co.kr/product/55/44/coversum/8972753165_1.jpg,국내도서>소설/시/희곡>프랑스소설
광해의 연인 외전,유오디아,시간여행,대덕소프트웨어마이스터고등학교,EM00019556,813.6 유65ㄱ v.외전,"유오디아의 로맨스 소설 광해의 연인이 새롭게 돌아왔다. 개정판은 전 5권이었던 구판을 새롭게 편집하고 미공개 단편을 추가해 본편 3권, 외전 1권으로 구성했다. 연재 당시 독자들의 사랑을 담뿍 받았던 그림작가 하이진이 새로 표지를 그렸다.",2015-07-10,https://image.aladin.co.kr/product/6270/95/coversum/k852433735_1.jpg,국내도서>소설/시/희곡>로맨스소설>한국 로맨스소설
반월의 나라 1,유오디아,예담,대덕소프트웨어마이스터고등학교,EM00019558,813.6 유65ㅂ v.1,"유오디아의 로맨스 소설. 조선시대 왕들 중 가장 인지도가 낮은 왕 '헌종'을 주인공을 내세운 이번 이야기는 헌종과 관련된 민담과 야사, 정사 등 다양한 자료들을 모티브로 삼아 신비로운 사랑 이야기를 구성했다.",2015-04-15,https://image.aladin.co.kr/product/5637/91/coversum/8959138991_1.jpg,국내도서>소설/시/희곡>로맨스소설>한국 로맨스소설
보보경심 1,동화,새파란상상(파란미디어),대덕소프트웨어마이스터고등학교,EM00019561,823 동95ㅂ v.1,"2006년 독자들의 입소문을 타고 그해 베스트셀러로 선정되었고, 드라마 방영과 함께 개정판이 출간되며 구간 포함 120만 부의 판매고를 올린 화제의 밀리언셀러. 2011년 호남위성TV에서 드라마화되며 일약 중국의 국민드라마로 엄청난 인기를 누렸다.",2013-02-04,https://image.aladin.co.kr/product/2350/43/coversum/s032532482_1.jpg,국내도서>소설/시/희곡>로맨스소설>외국 로맨스소설
보보경심 2,동화,새파란상상(파란미디어),대덕소프트웨어마이스터고등학교,EM00019562,823 동95ㅂ v.2,"2006년 독자들의 입소문을 타고 그해 베스트셀러로 선정되었고, 드라마 방영과 함께 개정판이 출간되며 구간 포함 120만 부의 판매고를 올린 화제의 밀리언셀러. 2011년 호남위성TV에서 드라마화되며 일약 중국의 국민드라마로 엄청난 인기를 누렸다.",2013-02-04,https://image.aladin.co.kr/product/2350/44/coversum/s152532482_1.jpg,국내도서>소설/시/희곡>로맨스소설>외국 로맨스소설
위험한관계,더글라스 케네디,밝은세상,대덕소프트웨어마이스터고등학교,EM00012347,840 케194ㅇ c.2,"빅 픽처의 작가 더글라스 케네디의 장편소설. 유럽 독자들의 입에 가장 빈번하게 오르내리는 화제작이다. 그 이유는 워킹우먼(이 소설에서는 신문기자)인 샐리 굿차일드가 소설의 주인공이며, 그녀가 겪는 고통이 일하는 여성들의 위기감을 제대로 반영하고 있다는 평가 때문이다. 이 소설의 주인공 샐리는 곧 일하는 여성들의 분신이자 자화상인 셈이다.",2011-05-25,https://image.aladin.co.kr/product/1161/12/coversum/8984371092_2.jpg,국내도서>소설/시/희곡>영미소설
그래도 널 사랑해,교코 모리,노블마인,대덕소프트웨어마이스터고등학교,EM00012386,833.6 모298ㄱ,"시즈코는 하나밖에 없는 자식이자 삶의 빛이었던 유키를 남기고 자살을 한다. 어린 나이에 지울 수 없는 상처를 얻게 된 유키는 마음의 문을 굳게 걸어 잠그고 달리는 일에만 몰두한다. 가슴이 먹먹할 때, 누군가에게 폭발하듯 화가 날 때, 사랑 때문에 아플 때, 유키는 달리고 또 달린다.",2005-09-30,https://image.aladin.co.kr/product/58/84/coversum/8901051788_1.jpg,국내도서>소설/시/희곡>일본소설>1950년대 이후 일본소설
658 우연히,존버든,비채,대덕소프트웨어마이스터고등학교,EM00012567,840 존44ㅇ c.3,"""1부터 1000 사이 숫자를 하나 생각해. 그 숫자를 말해봐. 이제 봉투를 열고 확인해봐."" 누구나 한번쯤 해보았을, 익숙한 '숫자 게임'을 매혹적으로 변주한 존 버든의 소설로, '데이브 거니' 시리즈 첫번째 책이다.",2011-08-24,https://image.aladin.co.kr/product/1286/42/coversum/8994343369_1.jpg,국내도서>소설/시/희곡>추리/미스터리소설>영미 추리/미스터리소설
나무,베르나르 베르베르,열린책들,대덕소프트웨어마이스터고등학교,EM00012462,863 베297ㄴ,"<개미>, <뇌> 등으로 폭발적인 반응을 얻어 온 베르베르의 신작. 2002년 프랑스에서 발표된 직후 베스트셀러 1위에 오르며 '베르베르가 전성기를 누리고 있다'는 평을 받았다. 인간 세계에 대한 독특한 시각과 유연한 필치가 여전하다.",2008-03-01,https://image.aladin.co.kr/product/195/14/coversum/8932907870_2.jpg,국내도서>소설/시/희곡>프랑스소설
너무 친한 친구들,넬리 노이 하우스,북로드,대덕소프트웨어마이스터고등학교,EM00012511,850 하66ㄴ,,,,
고구려 2,김진명,새움,대덕소프트웨어마이스터고등학교,EM00012542,810 김78ㄱ v.2,"베스트셀러 작가 김진명 필생의 역작 『고구려』의 개정판과 신작이 동시에 묶여 출간된다. 기존 출시되어있는 여섯 권의 개정판에, 소수림왕 후기를 다룬 신간 7권이 더해져 고구려 최전성기를 관통하는 왕들의 살아 숨 쉬는 일대기를 한 번에 만나볼 수 있다.",2021-06-14,https://image.aladin.co.kr/product/27242/7/coversum/k642732593_2.jpg,국내도서>소설/시/희곡>역사소설>한국 역사소설
두근두근내인생,김애란,창비,대덕소프트웨어마이스터고등학교,EM00012681,810 김63ㄷ c.2,"2002년, 약관의 나이로 등단한 이래 달려라 아비 침이 고인다 두 권의 소설집만으로 한국일보문학상, 오늘의 젊은 예술가상, 신동엽창작상, 이효석문학상, 김유정문학상, 젊은작가상 등을 수상하며 2천년대 한국문학을 대표하는 작가로 자리매김한 김애란의 첫번째 장편소설. 가장 어린 부모와 가장 늙은 자식의 청춘과 사랑에 대한 눈부신 이야기를 다룬다.",2011-06-20,https://image.aladin.co.kr/product/1190/50/coversum/8936433873_2.jpg,국내도서>소설/시/희곡>한국소설>2000년대 이후 한국소설
사람은 무엇으로 사는가 7,톨스토이,소담출판사,대덕소프트웨어마이스터고등학교,EM00012696,892.83 톨756사 v.7,,1991-06-01,https://image.aladin.co.kr/product/6/73/coversum/8973810073_1.jpg,국내도서>소설/시/희곡>러시아소설
 마니아를 위한 세계 미스터리 걸작선,아서 코난 도일,도솔,대덕소프트웨어마이스터고등학교,EM00012699,808.3 외79ㅅ,,,,
마법교사 클로얀 3  여행의 시작,담덤,발해,대덕소프트웨어마이스터고등학교,EM00012716,810 담24ㅁ,,,,
고역열차,나시무라 켄타,다산책방,대덕소프트웨어마이스터고등학교,EM00012757,830 켄882ㄱ c.2,,,,
나는 유령작가입니다,김연수,창비,대덕소프트웨어마이스터고등학교,EM00010776,813.6 김64ㄴ,"""응축미 있는 구성과 사건에 대한 새로운 해석, 거기에 예상을 뒤엎는 결말 처리가 돋보였다""는 평을 받으며 제13회 대산문학상을 수상한 김연수의 세번째 소설집 나는 유령작가입니다가 문학동네에서 재출간되었다.",2016-04-17,https://image.aladin.co.kr/product/7492/7/coversum/8954640168_1.jpg,국내도서>소설/시/희곡>한국소설>2000년대 이후 한국소설
티치아노 미스터리,이언 피어스,서해문집,대덕소프트웨어마이스터고등학교,EM00010789,843 피64ㅌ,,2008-07-21,https://image.aladin.co.kr/product/237/46/coversum/8974833549_1.jpg,국내도서>소설/시/희곡>추리/미스터리소설>영미 추리/미스터리소설
요노스케 이야기,요시다슈이치,은행나무,대덕소프트웨어마이스터고등학교,EM00010845,833.6 요58ㅇ,"요시다 슈이치가 퍼레이드 이후 7년 만에 발표하는 청춘소설. 2008년 4월부터 2009년 3월에 걸쳐 「마이치니신문」에 인기리에 연재된 작품으로, 한국과 일본 양국에서 동시에 출간된다. 요코미치 요노스케는 대학 입학을 앞두고 도쿄로 상경한 규슈 태생의 열여덟 청년. 소설은 요노스케의 소란스럽고도 유쾌한 홀로서기를 그린다.",2009-11-10,https://image.aladin.co.kr/product/459/25/coversum/8956603189_1.jpg,국내도서>소설/시/희곡>일본소설>1950년대 이후 일본소설
모던 타임스,이사카코타로,웅진지식하우스(웅진씽크빅),대덕소프트웨어마이스터고등학교,EM00010852,833.6 이52ㅁ,"사신 치바 마왕, 골든 슬럼버의 작가 이사카 코타로 장편소설. 지금껏 한 번도 시도되지 않았던 만화와 소설이 절묘하게 결합된 새로운 유형의 일러스트 소설로, 이사카 코타로 특유의 치밀한 이야기 구성에 '20세기 소년'을 연상시키는 풍부한 만화 100여 컷이 삽입된 독특한 장정의 작품이다.",2009-08-20,https://image.aladin.co.kr/product/445/3/coversum/8901099314_1.jpg,국내도서>소설/시/희곡>일본소설>1950년대 이후 일본소설
야수 2  왕수편  인간의 운명을 가를 무섭고도 아름다운 괴수,우에하시나호코,노블마인(웅진씽크빅),대덕소프트웨어마이스터고등학교,EM00010868,833.6 우64ㅇ v.2,"애니메이션 [정령의 수호자] 원작자의 본격 판타지소설. 일본 「책의잡지」가 선택한 2007년 상반기 베스트 1위를 차지했다. 소설은 중세 일본의 역사와 문화, 그리고 자연을 모티프로 한 사실주의적 판타지다. 소심하고 눈물 많은 소녀 에린이 왕국의 운명을 가르는 지혜롭고 당당한 여인으로 변신하는 과정을 보여준다.",2008-07-07,https://image.aladin.co.kr/product/232/16/coversum/8901083329_1.jpg,국내도서>소설/시/희곡>판타지/환상문학>외국판타지/환상소설
봉제인형 살인사건,다니엘 콜,북플라자,대덕소프트웨어마이스터고등학교,IT00009870,843.6 콜22ㅂ,"2016년 4월 런던 도서전에서 가장 큰 주목을 받은 소설로, 다니엘 콜의 데뷔작이다. 영국, 미국, 독일, 일본을 포함한 32개국에서 출간되었다. 신체의 여섯 부위를 바늘과 실로 꿰매 이어 붙인 살인사건이라는 섬뜩한 소재를 다루면서도 진정한 정의가 무엇인지에 대해 생각하게 만드는 작품이다.",2017-10-20,https://image.aladin.co.kr/product/11997/87/coversum/8998274930_1.jpg,국내도서>소설/시/희곡>추리/미스터리소설>영미 추리/미스터리소설
우리들의 행복한 시간,공지영,해냄,대덕소프트웨어마이스터고등학교,IT00009889,813.6 공78ㅇ,2005년 첫 출간 후 100만 부 이상 판매되며 지금까지도 꾸준히 사랑받고 있는 공지영 장편소설 우리들의 행복한 시간이 새롭게 출간된다. 사형제 문제를 전면으로 다루어 출간 당시부터 큰 사회적 반향을 불러일으키며 이듬해 영화로도 만들어져 300만이 넘는 관객을 동원하기도 한 작품이다.,2016-08-20,https://image.aladin.co.kr/product/9002/36/coversum/8965745721_2.jpg,국내도서>소설/시/희곡>한국소설>2000년대 이후 한국소설
우리들의 행복한 시간,공지영,해냄,대덕소프트웨어마이스터고등학교,IT00009893,813.6 공78ㅇ c.5,2005년 첫 출간 후 100만 부 이상 판매되며 지금까지도 꾸준히 사랑받고 있는 공지영 장편소설 우리들의 행복한 시간이 새롭게 출간된다. 사형제 문제를 전면으로 다루어 출간 당시부터 큰 사회적 반향을 불러일으키며 이듬해 영화로도 만들어져 300만이 넘는 관객을 동원하기도 한 작품이다.,2016-08-20,https://image.aladin.co.kr/product/9002/36/coversum/8965745721_2.jpg,국내도서>소설/시/희곡>한국소설>2000년대 이후 한국소설
마이 시스터즈 키퍼,조디 피코,Siso,대덕소프트웨어마이스터고등학교,IT00009900,843 피875ㅁ c.4,조디 피코의 대표작 마이 시스터즈 키퍼는 발행된 지 10년이 넘은 지금도 중요한 사회적인 논쟁이 일 때마다 회자되는 책이다. 백혈병에 걸린 언니를 치료하기 위해 조작된 유전자를 갖고 태어난 주인공이 열세 살이 되어 자신의 권리와 존재를 찾아가는 과정을 그려냈다.,2017-11-15,https://image.aladin.co.kr/product/12257/54/coversum/k432531850_1.jpg,국내도서>소설/시/희곡>영미소설
마리카의 장갑,오가와 이토,작가정신,대덕소프트웨어마이스터고등학교,IT00009936,833.6 오12ㅁ,"대대로 이어지는 아름답고 화려한 엄지장갑, 수제로 만든 흑빵과 소박하지만 세련된 식탁, 숲과 호수에 둘러싸인 곳에서 살아가는 사람들의 밝은 미소. 반짝반짝 빛나는 작은 장갑 나라에서 펼쳐지는 한 편의 아름다운 동화 같은 이야기.",2018-12-28,https://image.aladin.co.kr/product/17671/29/coversum/k652534517_1.jpg,국내도서>소설/시/희곡>일본소설>1950년대 이후 일본소설
카모메 식당,무레 요코,푸른숲,대덕소프트웨어마이스터고등학교,IT00010010,833.6 무294ㅋ,"'디 아더스 The Others' 7권. 일본의 중년 여성이 핀란드 헬싱키 어느 길모퉁이에 오니기리(일본식 주먹밥)를 파는 식당을 내면서 일어나는 이야기를 담은 영화 [카모메 식당]의 원작소설이다. [카모메 식당]의 오기가미 나오코 감독은 영화를 만들기 전 무레 요코에게 이 소설의 집필을 의뢰 했고, 완성된 소설을 직접 각색하여 영화로 만들었다고 한다.",2011-02-28,https://image.aladin.co.kr/product/1098/85/coversum/s622935676_1.jpg,국내도서>소설/시/희곡>일본소설>1950년대 이후 일본소설
구해줘,기욤 뮈소,밝은세상,대덕소프트웨어마이스터고등학교,EM00002741,863 뮈55ㄱ c.2,"샘과 줄리에트, 그레이스와 마크 루텔리는 사랑을 지키기 위해 주어진 운명을 거부하고 현실과 싸워나간다. 화해와 용서는 어둠을 극복하고 밝고 환한 세계로 나아가고자 하는 그들이 가장 우선적으로 해결해야 할 숙제이다.",2022-01-19,https://image.aladin.co.kr/product/28692/8/coversum/8984374393_1.jpg,국내도서>소설/시/희곡>프랑스소설
해리포터와 불사조 기사단 제5권  ,조앤 K. 롤링,문학수첩,대덕소프트웨어마이스터고등학교,EM00002726,843.8 롤299ㅎ,"그리핀도르, 슬리데린, 래번클로, 후플푸프 등, 호그와트 마법학교의 네 기숙사를 상징하는 색깔과 마법 동물을 활용해 화려한 디자인, 고급스러운 장정으로 재탄생한 《해리 포터》 시리즈의 기숙사 에디션 한국어판이 양장본으로 출간되었다.",2023-06-12,https://image.aladin.co.kr/product/31702/47/coversum/k562833684_1.jpg,국내도서>소설/시/희곡>판타지/환상문학>외국판타지/환상소설
새의 선물,은희경,문학동네,대덕소프트웨어마이스터고등학교,EM00003028,813.6 은98ㅅ c.2,언제나 새로운 질문과 도약으로 한국문학을 이끌어온 작가 은희경의 첫 장편소설이자 제1회 문학동네소설상 수상작. 100쇄 출간을 기념해 장정을 새롭게 하고 문장과 표현을 다듬은 개정판으로 선보인다. 짧지 않은 시간 동안 작가가 작품에 쏟아부은 에너지와 열기는 27년이 지난 현재의 우리에게 여전히 생생하게 다가온다.,2022-06-03,https://image.aladin.co.kr/product/29548/60/coversum/8954687040_1.jpg,국내도서>소설/시/희곡>한국소설>2000년대 이후 한국소설
새의 선물,은희경,문학동네,대덕소프트웨어마이스터고등학교,EM00004623,813.6 은98ㅅ c.3,언제나 새로운 질문과 도약으로 한국문학을 이끌어온 작가 은희경의 첫 장편소설이자 제1회 문학동네소설상 수상작. 100쇄 출간을 기념해 장정을 새롭게 하고 문장과 표현을 다듬은 개정판으로 선보인다. 짧지 않은 시간 동안 작가가 작품에 쏟아부은 에너지와 열기는 27년이 지난 현재의 우리에게 여전히 생생하게 다가온다.,2022-06-03,https://image.aladin.co.kr/product/29548/60/coversum/8954687040_1.jpg,국내도서>소설/시/희곡>한국소설>2000년대 이후 한국소설
해리포터와 혼혈왕자 제6권 4,조앤.K. 롤링,문학수첩,대덕소프트웨어마이스터고등학교,EM00002775,843 롤239ㅎ v.4,"선과 악의 대립 속에서 평범한 어린 소년이 한 사람의 영웅으로 성장해나간다는 보편적인 테마를 정교한 환상 세계의 묘사로 접목시킨 '해리포터' 시리즈. 전 세계적인 신드롬을 일으키고 21세기의 고전으로 자리매김한 '해리포터' 시리즈의 국내 출간 15주년을 맞아, 문학수첩에서 전권 개정판을 선보인다.",2019-01-20,https://image.aladin.co.kr/product/22685/29/coversum/k752636035_1.jpg,국내도서>소설/시/희곡>판타지/환상문학>외국판타지/환상소설
공무도하,김훈,문학동네,대덕소프트웨어마이스터고등학교,EM00010727,813.6 김96ㄱ,"<칼의 노래>, <남한산성>의 작가 김훈의 신작 장편소설. <공무도하>는 작가로서보다 기자로서 더 많이 살아온 김훈이 기자의 눈으로 보고, 작가의 손끝으로 풀어낸 우리 삶의 이야기다. 첫 장편 <빗살무늬토기의 추억>과 단편들을 제외하면 작가는 언제나 과거 안에서 현재를 이야기해왔다. 이제 그가 오늘, 지금 이 자리에서 우리의 이야기를 시작한다.",2009-10-06,https://image.aladin.co.kr/product/458/38/coversum/895460899x_3.jpg,국내도서>소설/시/희곡>한국소설>2000년대 이후 한국소설
사랑이라니  선영아,김연수,작가정신,대덕소프트웨어마이스터고등학교,EM00010777,813.6 김64ㅅ,"김연수 장편소설. 1994년 가면을 가리키며 걷기로 등단한 이후 총 13권의 소설집과 장편소설을 발표하며, 오직 '쓴다'라는 동사로만 존재해온 작가, 김연수. 다채로운 그의 소설세계에서 유독 눈에 띄는 한 편이 있다. 작가 스스로 밝히듯, '팬들을 위해 쓴 특별판 소설'인 사랑이라니, 선영아가 그것이다.",2015-10-03,https://image.aladin.co.kr/product/6752/37/coversum/8954637817_1.jpg,국내도서>소설/시/희곡>한국소설>2000년대 이후 한국소설
로아나 여왕의 신비한 불꽃 하,움베르토 에코,열린책들,대덕소프트웨어마이스터고등학교,EM00010779,883 에875ㄹ v.하,"장미의 이름의 작가 움베르토 에코의 삽화소설. 세상에 대한 모든 백과사전적 기록들을 다 기억하면서도 정작 자신의 이름은 기억하지 못하는 주인공이 상실된 기억의 조각들을 복원해 가는 과정을 그렸다. 소설은 작가가 직접 제작한 몽타주를 비롯해 1940~1950년대 이탈리아를 생생하게 되살리는 다양한 이미지 자료들이 텍스트들과 병치되어 있다. 
",2008-07-01,https://image.aladin.co.kr/product/228/47/coversum/8932908370_1.jpg,국내도서>소설/시/희곡>세계의 소설>이탈리아소설
고백,미나토가나에,비채,대덕소프트웨어마이스터고등학교,EM00010803,833.6 미192ㄱ,"""내 딸을 죽인 사람은 바로 우리 반에 있습니다""라는 충격적인 고백과 함께 시작하는 미나토 가나에의 강렬한 데뷔작. 비채에서는 한국어판 출간 10주년을 기념하여 세심하게 번역을 다듬고, 세련된 디자인과 한결 가벼운 장정으로 독서의 맛을 배가한 개정판을 선보인다.",2018-08-23,https://image.aladin.co.kr/product/16364/72/coversum/k882533543_1.jpg,국내도서>소설/시/희곡>일본소설>1950년대 이후 일본소설
아버지들의 아버지 상,베르나르 베르베르,열린책들,대덕소프트웨어마이스터고등학교,EM00010825,863 베297ㅇ v.상,,1999-06-20,https://image.aladin.co.kr/product/19/71/coversum/8932902488_1.gif,국내도서>소설/시/희곡>프랑스소설
아버지들의 아버지 하,베르나르 베르베르,열린책들,대덕소프트웨어마이스터고등학교,EM00010826,863 베297ㅇ v.하,"이 소설은 두 개의 플롯을 지닌다. 하나는 살해 사건을 둘러싸고 두 기자가 풀어 나가는 인류 기원의 비밀이라면, 다른 하나는 370만년 전의 직접적인 인류의 조상, '잃어버린 고리'에 해당하는 존재의 일상을 작가의 상상력을 동원해 묘사한 장면들이다.",1999-06-20,https://image.aladin.co.kr/product/19/78/coversum/8932902496_1.gif,국내도서>소설/시/희곡>프랑스소설
야수 1  투사편  인간의 운명을 가를 무섭고도 아름다운 괴수,우에하시나호코,노블마인(웅진씽크빅),대덕소프트웨어마이스터고등학교,EM00010867,833.6 우64ㅇ v.1,"애니메이션 [정령의 수호자] 원작자의 본격 판타지소설. 일본 「책의잡지」가 선택한 2007년 상반기 베스트 1위를 차지했다. 소설은 중세 일본의 역사와 문화, 그리고 자연을 모티프로 한 사실주의적 판타지다. 소심하고 눈물 많은 소녀 에린이 왕국의 운명을 가르는 지혜롭고 당당한 여인으로 변신하는 과정을 보여준다.",2008-07-07,https://image.aladin.co.kr/product/232/15/coversum/8901083310_1.jpg,국내도서>소설/시/희곡>판타지/환상문학>외국판타지/환상소설
엄마의 말뚝,박완서,세계사,대덕소프트웨어마이스터고등학교,IT00009823,813.6 박65ㅇ c.4,"한국 현대 소설의 대표 단편작을 뽑아 한국어.영어로 동시 수록한 '바이링궐 에디션'. 엄마의 말뚝 연작은 한 소녀의 성장 과정을 그린 성장소설이면서, 한국 사회가 걸어온 지난 시절을 충실하게 재현한 사실주의의 성격을 동시에 지니고 있다.",2012-07-25,https://image.aladin.co.kr/product/1849/71/coversum/8994006214_1.jpg,국내도서>소설/시/희곡>한국소설>2000년대 이전 한국소설
엄마의 말뚝,박완서,세계사,대덕소프트웨어마이스터고등학교,IT00009827,813.6 박65ㅇ c.8,"한국 현대 소설의 대표 단편작을 뽑아 한국어.영어로 동시 수록한 '바이링궐 에디션'. 엄마의 말뚝 연작은 한 소녀의 성장 과정을 그린 성장소설이면서, 한국 사회가 걸어온 지난 시절을 충실하게 재현한 사실주의의 성격을 동시에 지니고 있다.",2012-07-25,https://image.aladin.co.kr/product/1849/71/coversum/8994006214_1.jpg,국내도서>소설/시/희곡>한국소설>2000년대 이전 한국소설
엄마의 말뚝,박완서,세계사,대덕소프트웨어마이스터고등학교,IT00009830,813.6 박65ㅇ c.11,"한국 현대 소설의 대표 단편작을 뽑아 한국어.영어로 동시 수록한 '바이링궐 에디션'. 엄마의 말뚝 연작은 한 소녀의 성장 과정을 그린 성장소설이면서, 한국 사회가 걸어온 지난 시절을 충실하게 재현한 사실주의의 성격을 동시에 지니고 있다.",2012-07-25,https://image.aladin.co.kr/product/1849/71/coversum/8994006214_1.jpg,국내도서>소설/시/희곡>한국소설>2000년대 이전 한국소설
엄마의 말뚝,박완서,세계사,대덕소프트웨어마이스터고등학교,IT00009832,813.6 박65ㅇ c.13,"한국 현대 소설의 대표 단편작을 뽑아 한국어.영어로 동시 수록한 '바이링궐 에디션'. 엄마의 말뚝 연작은 한 소녀의 성장 과정을 그린 성장소설이면서, 한국 사회가 걸어온 지난 시절을 충실하게 재현한 사실주의의 성격을 동시에 지니고 있다.",2012-07-25,https://image.aladin.co.kr/product/1849/71/coversum/8994006214_1.jpg,국내도서>소설/시/희곡>한국소설>2000년대 이전 한국소설
책을 지키려는 고양이,나쓰카와 소스케,아르테,대덕소프트웨어마이스터고등학교,IT00009869,833.6 소58ㅊ c.4,희귀본이 가득한 고서점을 배경으로 책을 지키려는 고양이와 외톨이 소년의 기이한 모험을 담은 소설. 따뜻한 인간애를 그리는 의사 작가로 독자들의 큰 사랑을 받은 나쓰카와 소스케가 오랜만에 선보인 작품이다.,2018-01-12,https://image.aladin.co.kr/product/27501/73/coversum/8950995921_1.jpg,국내도서>소설/시/희곡>일본소설>1950년대 이후 일본소설
우리들의 행복한 시간,공지영,해냄,대덕소프트웨어마이스터고등학교,IT00009891,813.6 공78ㅇ c.3,2005년 첫 출간 후 100만 부 이상 판매되며 지금까지도 꾸준히 사랑받고 있는 공지영 장편소설 우리들의 행복한 시간이 새롭게 출간된다. 사형제 문제를 전면으로 다루어 출간 당시부터 큰 사회적 반향을 불러일으키며 이듬해 영화로도 만들어져 300만이 넘는 관객을 동원하기도 한 작품이다.,2016-08-20,https://image.aladin.co.kr/product/9002/36/coversum/8965745721_2.jpg,국내도서>소설/시/희곡>한국소설>2000년대 이후 한국소설
마이 시스터즈 키퍼,조디 피코,Siso,대덕소프트웨어마이스터고등학교,IT00009899,843 피875ㅁ c.3,조디 피코의 대표작 마이 시스터즈 키퍼는 발행된 지 10년이 넘은 지금도 중요한 사회적인 논쟁이 일 때마다 회자되는 책이다. 백혈병에 걸린 언니를 치료하기 위해 조작된 유전자를 갖고 태어난 주인공이 열세 살이 되어 자신의 권리와 존재를 찾아가는 과정을 그려냈다.,2017-11-15,https://image.aladin.co.kr/product/12257/54/coversum/k432531850_1.jpg,국내도서>소설/시/희곡>영미소설
남한산성,김훈,학고재,대덕소프트웨어마이스터고등학교,EM00009274,813.6 김96ㄴ c.2,김훈 장편소설 남한산성이 나온 지 십 년을 맞았다. 십 년에 걸쳐 100쇄를 찍었다. 이 책은 소설 남한산성의 개정판이다. 초판 발행(2007년) 이후 작가 김훈이 십 년 세월을 지나 비로소 털어놓는 '못다 한 말'을 새로 써 넣었다.,2017-07-07,https://image.aladin.co.kr/product/11295/22/coversum/s212531446_1.jpg,국내도서>소설/시/희곡>역사소설>한국 역사소설
웃지마,츠츠이야스다카,북스토리,대덕소프트웨어마이스터고등학교,EM00002711,833.6 츠818ㅇ,"시간을 달리는 소녀, 파프리카,의 작가 츠츠이 야스타카의 단편집. 유머와 부조리, 재치와 독설이 뒤섞인 30여 편의 짧은 이야기가 수록되었다. 독특한 상상력에 키득거리다가도 단순한 웃음으로 흘리기엔 독설의 씁쓸함이 끝에 맴돈다. 2005년 웃지마라는 제목으로 국내에 처음 소개되었던 책을 새로운 제목으로 다시 펴낸 개정판이다.",2007-12-12,https://image.aladin.co.kr/product/101/88/coversum/8989675871_1.jpg,국내도서>에세이>유머/풍자/우화
바리데기,황석영,창비,대덕소프트웨어마이스터고등학교,EM00002752,813.6 황54ㅂ,"한겨레신문에 연재된 황석영의 새 소설 <바리데기>가 출간됐다. 소설가 공지영은 이 작품을 읽고 ""절망 이길 힘을 보았다. 소설이 언제 끝나는지도 모를 정도로 재미있었다. 타국에서 우리 말과 신화를 가지고 분투한 작가에게 존경과 감사를 보낸다""고 찬사를 보냈다.",2007-07-13,https://image.aladin.co.kr/product/93/57/coversum/893643358x_3.jpg,국내도서>소설/시/희곡>한국소설>2000년대 이후 한국소설
바리데기,황석영,창비,대덕소프트웨어마이스터고등학교,EM00007853,813.6 황53ㅂ c.6,"한겨레신문에 연재된 황석영의 새 소설 <바리데기>가 출간됐다. 소설가 공지영은 이 작품을 읽고 ""절망 이길 힘을 보았다. 소설이 언제 끝나는지도 모를 정도로 재미있었다. 타국에서 우리 말과 신화를 가지고 분투한 작가에게 존경과 감사를 보낸다""고 찬사를 보냈다.",2007-07-13,https://image.aladin.co.kr/product/93/57/coversum/893643358x_3.jpg,국내도서>소설/시/희곡>한국소설>2000년대 이후 한국소설
바리데기,황석영,창비,대덕소프트웨어마이스터고등학교,EM00002987,813.6 황53ㅂ c.3,"한겨레신문에 연재된 황석영의 새 소설 <바리데기>가 출간됐다. 소설가 공지영은 이 작품을 읽고 ""절망 이길 힘을 보았다. 소설이 언제 끝나는지도 모를 정도로 재미있었다. 타국에서 우리 말과 신화를 가지고 분투한 작가에게 존경과 감사를 보낸다""고 찬사를 보냈다.",2007-07-13,https://image.aladin.co.kr/product/93/57/coversum/893643358x_3.jpg,국내도서>소설/시/희곡>한국소설>2000년대 이후 한국소설
 플라타너스 나무 위의 줄리,웬들린 밴 드라닌,황매,대덕소프트웨어마이스터고등학교,EM00002802,843 드231ㅈ,"이웃에 사는 줄리와 브라이스, 두 소년 소녀의 7년 간에 걸친 우정과 사랑을 그린 소설. 두 주인공이 교대로 화자가 되어, 감미로운 첫사랑의 이야기를 들려준다. 푸른 눈을 가진 소년 브라이스에게 첫 눈에 반한 줄리. 그러나 브라이스는 7년이 지나서야 자신이 줄리에게 갖게 된 그 마음을 깨닫는다.",2006-01-26,https://image.aladin.co.kr/product/62/3/coversum/8991312144_1.jpg,국내도서>소설/시/희곡>영미소설
걸,오쿠다히데오,북스토리,대덕소프트웨어마이스터고등학교,EM00002824,833.6 오827ㄱ c.3,"『공중그네』『인더풀』 등으로 일본은 물론 한국에서도 큰 인기를 누리고 있는 오쿠다 히데오가 직장여성들의 심리를 유쾌하게 풀어낸 동명의 소설을 만화화한 작품이다. 일과 사랑, 결혼, 육아 등 30대 여성들의 고민을 다루었으며, 우리 주변에서 흔히 볼 수 있지만 결코 쉽지 않은 일하는 여성들의 고민을 이해하도록 도와주면서, 그녀들의 아픈 곳을 어루만지는 마법을 부린다. 이야기에 빠져들어 화도 내고 울기도 하다보면 오쿠다 히데오의 따뜻한 손길에 입가에 미소가 생기는 그런 이야기다.",2011-01-05,https://image.aladin.co.kr/product/887/87/coversum/8952215184_1.jpg,국내도서>만화>순정만화>레이디스 코믹
암흑의 핵심,조셉 콘레드,민음사,대덕소프트웨어마이스터고등학교,EM00003089,808.9 세14 v.7,영화 '지옥의 묵시록'의 원작 소설. 제국주의를 비판한 정치·사회소설로도 읽을 수 있겠지만 그것보다는 아프리카로 대변되는 인간의 어두운 면에 대한 성찰로 읽는 것이 더 옳다.,1998-08-05,https://image.aladin.co.kr/product/9/69/coversum/8937460076_3.jpg,국내도서>소설/시/희곡>영미소설
어른도 길을 잃는다,박정요,창작과비평사,대덕소프트웨어마이스터고등학교,EM00003098,813.6 박73ㅇ,"바닷가 마을의 한 딸부잣집 소녀가 가부장적 가족질서와 좌우대립의 사회구조 속에서 사회와 역사에 눈떠가는 과정을 그린 장편소설. 남도 땅끝마을 사람들의 핍박과 수난의 세월을 보여주는 이 소설은 정부주도의 강력한 산업화와 월남전 참전, 분단이데올기의 공고화로 요약되는 60년대 말과 70년대 초의 남도 농촌으로 독자를 이끌어간다.",1998-01-01,https://image.aladin.co.kr/product/19/3/coversum/8936433334_1.gif,국내도서>소설/시/희곡>한국소설>2000년대 이전 한국소설
인간 실격,다자이 오사무,민음사,대덕소프트웨어마이스터고등학교,EM00003184,808.9 세14 v.103,"자살 미수와 약물 중독, 39세의 젊은 나이에 자살로 생을 마감한 다자이 오사무의 작품 <인간 실격>이 출간됐다. 오직 순수함만을 갈망하는 한 젊은이가 파멸해가는 과정이 그려진다. 뉴욕 타임스는 '인간의 나약함을 드러내는 데 있어 다자이보다 뛰어난 작가는 드물다'고 평했다.",2004-05-15,https://image.aladin.co.kr/product/49/16/coversum/893746103x_3.jpg,국내도서>소설/시/희곡>일본소설>1950년대 이전 일본소설
즐거운 나의 집,공지영,푸른숲,대덕소프트웨어마이스터고등학교,EM00008118,813.6 공79ㅈ c.4,2008년 출간 이래 80만 부 이상 판매되며 독자들의 뜨거운 사랑을 받아온 공지영 작가의 에세이 네가 어떤 삶을 살든 나는 너를 응원할 것이다를 새롭게 펴냈다. 이 책은 공지영 작가가 이제 막 스물이 되어 새로운 세상과 만나고 있는 딸에게 전하는 편지이다.,2016-08-20,https://image.aladin.co.kr/product/9006/22/coversum/8965745713_1.jpg,국내도서>에세이>명사에세이>문인에세이
즐거운 나의 집,공지영,푸른숲,대덕소프트웨어마이스터고등학교,EM00009601,813.6 공78ㅈ c.6,2008년 출간 이래 80만 부 이상 판매되며 독자들의 뜨거운 사랑을 받아온 공지영 작가의 에세이 네가 어떤 삶을 살든 나는 너를 응원할 것이다를 새롭게 펴냈다. 이 책은 공지영 작가가 이제 막 스물이 되어 새로운 세상과 만나고 있는 딸에게 전하는 편지이다.,2016-08-20,https://image.aladin.co.kr/product/9006/22/coversum/8965745713_1.jpg,국내도서>에세이>명사에세이>문인에세이
천 개의 찬란한 태양,할레드 호세이니,현대문학,대덕소프트웨어마이스터고등학교,EM00003228,843 호53ㅊ,아프가니스탄의 굴곡진 현대사와 그 속에서 살아가는 사람들의 삶을 감동적으로 그려내 사랑과 구원의 인간 드라마를 전 세계에 선사한 아프가니스탄 출신 미국 작가 할레드 호세이니의 대표작 『천 개의 찬란한 태양』이 15년 만에 개정판으로 돌아왔다.,2022-08-20,https://image.aladin.co.kr/product/30005/31/coversum/k482838350_1.jpg,국내도서>소설/시/희곡>영미소설
칼의 노래,김훈,생각의나무,대덕소프트웨어마이스터고등학교,EM00009639,813.6 김97ㅋ c.2,"2001년 동인문학상 수상작. 작가 김훈은 소설 칼의 노래를 통해 공동체와 역사에 책임을 져야 할 위치에 선 자들이 지녀야 할 윤리, 사회 안에서 개인이 가질 수 있는 삶의 태도, 문(文)의 복잡함에 대별되는 무(武)의 단순미, 4백 년이라는 시간 속에서도 달라진 바 없는 한국 문화의 혼미한 정체성을 이야기 한다.",2012-01-05,https://image.aladin.co.kr/product/1462/87/coversum/8954617247_1.jpg,국내도서>소설/시/희곡>역사소설>한국 역사소설
포르노그라피아 102,비톨트 곰브로비치,민음사,대덕소프트웨어마이스터고등학교,EM00009653,808.9 세14 v.102 c.2,"<포르노그라피아>는 <페르디두르케>에서 출발한 작품이다. 폴란드 향촌소설적인 요소에 멜로드라마적인 광대극과 미스터리, 정치적 요소를 뒤섞은 이 작품은, 정돈된 어른의 세계에 잠입하여 질서를 전복시키는 젊음의 힘과 매혹을 노래한다.",2004-05-15,https://image.aladin.co.kr/product/49/16/coversum/8937461021_2.jpg,국내도서>소설/시/희곡>세계의 소설>동유럽소설
해리포터와 혼혈왕자 제7권 ,조앤 K. 롤링,문학수첩,대덕소프트웨어마이스터고등학교,EM00003306,843 롤239ㅎ v.7-1 c.2,,,,
해리포터와 혼혈왕자 제7권 ,조앤 K. 롤링,문학수첩,대덕소프트웨어마이스터고등학교,EM00003307,843 롤239ㅎ v.7-1 c.3,,,,
해리포터와 혼혈왕자 제7권 ,조앤 K. 롤링,문학수첩,대덕소프트웨어마이스터고등학교,EM00003315,843 롤239ㅎ v.7-4 c.2,,,,
그가 돌아왔다,티무르 베르메스,마시멜로,대덕소프트웨어마이스터고등학교,EM00014030,853 베297ㄱ,"히틀러가 현재 다시 깨어나면서 일어나는 해프닝을 그린 사회풍자 소설. 2012년 독일에서 출간 즉시 140만 부, 오디오북은 52만 부가 팔려 베스트셀러에 올랐다. 편협한 히틀러의 분노와 광기는 기득권에 대한 풍자로 재해석되어 마침내 새로운 정당을 창당하는 과정을 유머와 풍자를 통해 보여주는 블랙코미디이다.",2014-10-23,https://image.aladin.co.kr/product/4796/98/coversum/8947529842_1.jpg,국내도서>소설/시/희곡>독일소설
느리게 배우는 사람,토머스 핀찬,창비,대덕소프트웨어마이스터고등학교,EM00014073,843 핀82ㄴ,,,,
박사가 사랑한 수식,오가와요코,이레,대덕소프트웨어마이스터고등학교,EM00002990,833.6 오11ㅂ,"아쿠타가와상 수상 작가 오가와 요코의 대표작. 2004년 제1회 일본서점대상과 제55회 요미우리문학상을 수상하며 전 일본을 휩쓸고, 한국에서도 입소문을 타며 꾸준히 판매된 스테디셀러가 새로운 번역과 '박사'의 모델인 수학자 후지와라 마사히코의 해설이 추가된 개정판으로 독자에게 다가간다.",2014-08-14,https://image.aladin.co.kr/product/4468/20/coversum/897275708x_1.jpg,국내도서>소설/시/희곡>일본소설>1950년대 이후 일본소설
박사가 사랑한 수식,오가와요코,이레,대덕소프트웨어마이스터고등학교,EM00002992,833.6 오11ㅂ c.3,"아쿠타가와상 수상 작가 오가와 요코의 대표작. 2004년 제1회 일본서점대상과 제55회 요미우리문학상을 수상하며 전 일본을 휩쓸고, 한국에서도 입소문을 타며 꾸준히 판매된 스테디셀러가 새로운 번역과 '박사'의 모델인 수학자 후지와라 마사히코의 해설이 추가된 개정판으로 독자에게 다가간다.",2014-08-14,https://image.aladin.co.kr/product/4468/20/coversum/897275708x_1.jpg,국내도서>소설/시/희곡>일본소설>1950년대 이후 일본소설
씁쓸한 초콜릿,미리암 프레슬러,낭기열라,대덕소프트웨어마이스터고등학교,EM00003086,853 프233ㅆ c.3,"독일 청소년문학계의 대표적인 반(反)권위주의적 작가이자 '제2의 루이제 린저'로 평가받는 미리암 프레슬러 소설. 소설은 15세 소녀 에바가 뚱뚱한 몸매로 인해 느끼고 겪는 일상에 대한 평이한 서사에도 불구하고, 인물의 의식에 대한 날카로운 포착과 정확한 묘사로 인해 실제적으로 다가온다.",2017-03-15,https://image.aladin.co.kr/product/10248/49/coversum/896170589x_1.jpg,국내도서>소설/시/희곡>독일소설
 생텍쥐페리의 우연한 여행자,생텍쥐페리,세시,대덕소프트웨어마이스터고등학교,EM00003164,863 생833ㅇ,"생텍쥐페리가 직업비행사로서 살았던 15년 동안의 경험과 모험을 토대로 쓴 자전소설이다. 사막에 불시착하여 죽음의 문턱까지 갔다가 돌아온 체험, 그 극한 상황에서 느꼈던 절박함과 애절함을 서정적인 필체로 그려낸 8편의 에피소드로 구성되어 있다.",2013-01-04,https://image.aladin.co.kr/product/2231/37/coversum/8985982001_1.jpg,국내도서>소설/시/희곡>프랑스소설
즐거운 나의 집,공지영,푸른숲,대덕소프트웨어마이스터고등학교,EM00003221,813.6 공79ㅈ,2008년 출간 이래 80만 부 이상 판매되며 독자들의 뜨거운 사랑을 받아온 공지영 작가의 에세이 네가 어떤 삶을 살든 나는 너를 응원할 것이다를 새롭게 펴냈다. 이 책은 공지영 작가가 이제 막 스물이 되어 새로운 세상과 만나고 있는 딸에게 전하는 편지이다.,2016-08-20,https://image.aladin.co.kr/product/9006/22/coversum/8965745713_1.jpg,국내도서>에세이>명사에세이>문인에세이
천 개의 찬란한 태양,할레드 호세이니,현대문학,대덕소프트웨어마이스터고등학교,EM00008145,843 호53ㅊ c.5,아프가니스탄의 굴곡진 현대사와 그 속에서 살아가는 사람들의 삶을 감동적으로 그려내 사랑과 구원의 인간 드라마를 전 세계에 선사한 아프가니스탄 출신 미국 작가 할레드 호세이니의 대표작 『천 개의 찬란한 태양』이 15년 만에 개정판으로 돌아왔다.,2022-08-20,https://image.aladin.co.kr/product/30005/31/coversum/k482838350_1.jpg,국내도서>소설/시/희곡>영미소설
천 개의 찬란한 태양,할레드 호세이니,현대문학,대덕소프트웨어마이스터고등학교,EM00008146,843 호53ㅊ c.6,아프가니스탄의 굴곡진 현대사와 그 속에서 살아가는 사람들의 삶을 감동적으로 그려내 사랑과 구원의 인간 드라마를 전 세계에 선사한 아프가니스탄 출신 미국 작가 할레드 호세이니의 대표작 『천 개의 찬란한 태양』이 15년 만에 개정판으로 돌아왔다.,2022-08-20,https://image.aladin.co.kr/product/30005/31/coversum/k482838350_1.jpg,국내도서>소설/시/희곡>영미소설
칼의 노래,김훈,생각의나무,대덕소프트웨어마이스터고등학교,EM00003280,813.6 김97ㅋ,"2001년 동인문학상 수상작. 작가 김훈은 소설 칼의 노래를 통해 공동체와 역사에 책임을 져야 할 위치에 선 자들이 지녀야 할 윤리, 사회 안에서 개인이 가질 수 있는 삶의 태도, 문(文)의 복잡함에 대별되는 무(武)의 단순미, 4백 년이라는 시간 속에서도 달라진 바 없는 한국 문화의 혼미한 정체성을 이야기 한다.",2012-01-05,https://image.aladin.co.kr/product/1462/87/coversum/8954617247_1.jpg,국내도서>소설/시/희곡>역사소설>한국 역사소설
퀴즈쇼,김영하,문학동네,대덕소프트웨어마이스터고등학교,EM00008175,813.6 김64ㅋ c.2,김영하 등단 25주년을 맞이해 시작된 ‘복복서가×김영하 소설’ 시리즈 2차분 6권 가운데 앞서 출간된 『오직 두 사람』 『나는 나를 파괴할 권리가 있다』 『빛의 제국』에 이어 나머지 3종이 모두 출간되었다.,2022-09-22,https://image.aladin.co.kr/product/30170/85/coversum/k012839682_1.jpg,국내도서>소설/시/희곡>한국소설>2000년대 이후 한국소설
페르디두르케,비톨트 곰브로비치,민음사,대덕소프트웨어마이스터고등학교,EM00003292,808.9 세14 v.101,"현대 문학의 거장으로 꼽히는 폴란드 작가 비톨트 곰브로비치가 국내 최초로 소개된다. 수잔 손택, 존 업다이크, 질 들뢰즈, 밀란 쿤데라 등 세계적인 작가와 학자들이 이 시대의 알려지지 않은 거장으로 그를 꼽기에 주저하지 않았다.",2004-05-15,https://image.aladin.co.kr/product/49/15/coversum/8937461013_2.jpg,국내도서>소설/시/희곡>세계의 소설>동유럽소설
 한권으로 읽는 잃어버린 시간을 찾아서,마르셀 프루스트,국일미디어,대덕소프트웨어마이스터고등학교,EM00003299,863 프237ㅇ,,2022-12-01,https://image.aladin.co.kr/product/31455/64/coversum/8974258684_1.jpg,국내도서>소설/시/희곡>프랑스소설
현의 노래,김훈,생각의나무,대덕소프트웨어마이스터고등학교,EM00009687,813.6 김96ㅎ c.2,"칼의 노래로 동인문학상을, 단편 '화장(火葬)'으로 이상문학상을 수상한 김훈의 장편소설. 김훈이 칼의 노래 집필 이전부터 기획해온 현의 노래는 가야금의 예인 우륵의 생애를 그리고 있다. 특유의 유려하고 밀도 높은 언어로 왕과 장수, 대장장이와 궁녀, 관리와 범부- 먼 옛날 우리 땅의 풍경과 사람들을 되살려낸다.",2012-01-05,https://image.aladin.co.kr/product/1462/94/coversum/8954617255_1.jpg,국내도서>소설/시/희곡>역사소설>한국 역사소설
삼한지 5  여왕시대,김정산,예담(위즈덤하우스),대덕소프트웨어마이스터고등학교,EM00003341,813.6 김73ㅅ v.5,"고구려, 백제, 신라를 통칭하는 삼한을 배경으로 쓴 대하 역사 소설. 고구려, 백제, 신라가 700년 간 복잡하게 얽혀 팽팽한 긴장을 이루다가 그 대립과 경쟁이 정점에 다다르며 마침내 삼국통일에 이르는, 반만년 한반도 역사를 통틀어 가장 변화무쌍한 격변기인 서기 580년부터 676년까지 100년간을 생생하게 복원한 작품이다.",2009-12-14,https://image.aladin.co.kr/product/590/71/coversum/8991819443_1.jpg,국내도서>소설/시/희곡>역사소설>한국 역사소설
삼한지 9  아아  백제여 ,김정산,예담(위즈덤하우스),대덕소프트웨어마이스터고등학교,EM00003345,813.6 김73ㅅ v.9,"고구려, 백제, 신라를 통칭하는 삼한을 배경으로 쓴 대하 역사 소설. 고구려, 백제, 신라가 700년 간 복잡하게 얽혀 팽팽한 긴장을 이루다가 그 대립과 경쟁이 정점에 다다르며 마침내 삼국통일에 이르는, 반만년 한반도 역사를 통틀어 가장 변화무쌍한 격변기인 서기 580년부터 676년까지 100년간을 생생하게 복원한 작품이다.",2009-12-14,https://image.aladin.co.kr/product/590/71/coversum/8991819486_1.jpg,국내도서>소설/시/희곡>역사소설>한국 역사소설
열광금지  에바로드,장강명,연합뉴스,대덕소프트웨어마이스터고등학교,EM00014044,813.7 장12ㅇ,제2회 수림문학상 수상작. 일본 애니메이션 '에반게리온'에 열광하는 한 오타쿠 청년의 실화를 소재로 한 성장 소설이다. 기자 출신인 장강명 작가는 자신의 취재 경험을 바탕으로 '에바로드'라는 다큐멘터리를 만든 오타쿠 청년의 성장담을 픽션을 가미해 취재기 형식으로 그렸다.,2014-10-20,https://image.aladin.co.kr/product/4798/96/coversum/8974331144_1.jpg,국내도서>소설/시/희곡>한국소설>2000년대 이후 한국소설
까칠한 가족,조반니노 과레스키,부키,대덕소프트웨어마이스터고등학교,EM00014063,883 과294ㄲ,"'신부님 우리들의 신부님'의 작가 죠반니노 과레스끼가 자신의 가족을 모델로 쓴 연작 소설집. 죠반니노와 그의 아내, 그리고 어린 남매가 펼치는 따뜻하고 유쾌한 에피소드가 담겼다. 가족간의 애증과 오해, 갈등, 그리고 사랑을 유머러스하면서도 날카로운 필치로 그려낸 작품이다.",2006-12-08,https://image.aladin.co.kr/product/86/11/coversum/6000205358_1.jpg,국내도서>소설/시/희곡>세계의 소설>이탈리아소설
일리아스,호메로스,홍신문화사,대덕소프트웨어마이스터고등학교,EM00002493,892.11 호33ㅇ,"강대진의 고전 산책 3권.  ‘강대진의 고전 산책’ 시리즈의 세 번째 책으로 총 1만 5천행에 달하는 장대한 서사시 『일리아스』를 전투일별로 6부로 나누어, 장면별로 소제목을 붙이고 희랍 서사시의 구조를 이해할 수 있도록 구성하였다.",2019-04-22,https://image.aladin.co.kr/product/19054/84/coversum/8976829840_1.jpg,국내도서>인문학>교양 인문학
데미안,헤르만 헤세,홍신문화사,대덕소프트웨어마이스터고등학교,EM00002495,853 헤53ㄷ,"헤르만 헤세의 대표작 《데미안》은 주인공 싱클레어가 삶의 고비마다 데미안이라는 인물의 목소리를 따라 자기 내면을 탐색하고, 마침내 진정한 자아를 찾아가는 과정을 담은 성장의 기록이다. 이 책은 《데미안》 속 사유 중심의 철학적 문장 40가지를 골라 엮었다.",2025-08-15,https://image.aladin.co.kr/product/37227/19/coversum/k922031704_1.jpg,국내도서>건강/취미>글씨 쓰기
이상 이상 이상,박성원,문학과 지성사,대덕소프트웨어마이스터고등학교,EM00002516,813.6 박53ㅇ,"젊은 심리학자의 시선으로 조금 ‘제정신이 아닌’ 행동들이 왜 전혀 이상하지 않은지, 어떻게 하면 우리가 자신의 ‘조금 이상한 면’을 바로잡을 수 있는지, 어떤 경우에 정신건강을 진지하게 고민해야 할지를 상담치료와 본인의 경험에 비유하여 매우 유쾌하게 풀어낸다.",2020-04-29,https://image.aladin.co.kr/product/23178/94/coversum/8998229765_1.jpg,국내도서>인문학>심리학/정신분석학>심리치료
고기잡이는 갈대를 꺾지 않는다,김주영,문이당,대덕소프트웨어마이스터고등학교,EM00002560,813.6 김77ㄱ,김주영 작가의 대표적인 자전적 성장소설. 김주영 작가는 자신의 유년 시절을 꾸밈없이 그려냄으로써 읽는 이로 하여금 각자의 유년 시절을 떠올리게 한다. 해방 이후 한국전쟁 즈음 가난하고 힘없는 보통 사람들의 모습을 시골 작은 마을을 배경으로 그리고 있다.,2013-11-29,https://image.aladin.co.kr/product/3378/28/coversum/8954623131_2.jpg,국내도서>소설/시/희곡>한국소설>2000년대 이전 한국소설
우상의 눈물,전상국,민음사,대덕소프트웨어마이스터고등학교,IT00005144,813.6 전52ㅇ c.6,"한국을 대표하는 명불허전 작가들의 명불허전 작품들을 엄선하여 모은 '사피엔스 한국문학 중.단편소설'. 18권은 전쟁의 상처와 사회의 모순을 성찰하는 작가 전상국의 선집이다. '우상의 눈물', '아베의 가족' 두 작품이 수록되어 있다.",2012-07-06,https://image.aladin.co.kr/product/1824/62/coversum/8965881404_1.jpg,국내도서>소설/시/희곡>한국소설>2000년대 이전 한국소설
우상의 눈물,전상국,민음사,대덕소프트웨어마이스터고등학교,IT00005158,813.6 전52ㅇ c.20,"한국을 대표하는 명불허전 작가들의 명불허전 작품들을 엄선하여 모은 '사피엔스 한국문학 중.단편소설'. 18권은 전쟁의 상처와 사회의 모순을 성찰하는 작가 전상국의 선집이다. '우상의 눈물', '아베의 가족' 두 작품이 수록되어 있다.",2012-07-06,https://image.aladin.co.kr/product/1824/62/coversum/8965881404_1.jpg,국내도서>소설/시/희곡>한국소설>2000년대 이전 한국소설
우상의 눈물,전상국,민음사,대덕소프트웨어마이스터고등학교,IT00005142,813.6 전52ㅇ c.4,"한국을 대표하는 명불허전 작가들의 명불허전 작품들을 엄선하여 모은 '사피엔스 한국문학 중.단편소설'. 18권은 전쟁의 상처와 사회의 모순을 성찰하는 작가 전상국의 선집이다. '우상의 눈물', '아베의 가족' 두 작품이 수록되어 있다.",2012-07-06,https://image.aladin.co.kr/product/1824/62/coversum/8965881404_1.jpg,국내도서>소설/시/희곡>한국소설>2000년대 이전 한국소설
바리데기,황석영,창비,대덕소프트웨어마이스터고등학교,IT00005219,813.6 황54ㅂ,"한겨레신문에 연재된 황석영의 새 소설 <바리데기>가 출간됐다. 소설가 공지영은 이 작품을 읽고 ""절망 이길 힘을 보았다. 소설이 언제 끝나는지도 모를 정도로 재미있었다. 타국에서 우리 말과 신화를 가지고 분투한 작가에게 존경과 감사를 보낸다""고 찬사를 보냈다.",2007-07-13,https://image.aladin.co.kr/product/93/57/coversum/893643358x_3.jpg,국내도서>소설/시/희곡>한국소설>2000년대 이후 한국소설
바리데기,황석영,창비,대덕소프트웨어마이스터고등학교,IT00005230,813.6 황54ㅂ c.12,"한겨레신문에 연재된 황석영의 새 소설 <바리데기>가 출간됐다. 소설가 공지영은 이 작품을 읽고 ""절망 이길 힘을 보았다. 소설이 언제 끝나는지도 모를 정도로 재미있었다. 타국에서 우리 말과 신화를 가지고 분투한 작가에게 존경과 감사를 보낸다""고 찬사를 보냈다.",2007-07-13,https://image.aladin.co.kr/product/93/57/coversum/893643358x_3.jpg,국내도서>소설/시/희곡>한국소설>2000년대 이후 한국소설
바리데기,황석영,창비,대덕소프트웨어마이스터고등학교,IT00005237,813.6 황54ㅂ c.19,"한겨레신문에 연재된 황석영의 새 소설 <바리데기>가 출간됐다. 소설가 공지영은 이 작품을 읽고 ""절망 이길 힘을 보았다. 소설이 언제 끝나는지도 모를 정도로 재미있었다. 타국에서 우리 말과 신화를 가지고 분투한 작가에게 존경과 감사를 보낸다""고 찬사를 보냈다.",2007-07-13,https://image.aladin.co.kr/product/93/57/coversum/893643358x_3.jpg,국내도서>소설/시/희곡>한국소설>2000년대 이후 한국소설
바리데기,황석영,창비,대덕소프트웨어마이스터고등학교,IT00005229,813.6 황54ㅂ c.11,"한겨레신문에 연재된 황석영의 새 소설 <바리데기>가 출간됐다. 소설가 공지영은 이 작품을 읽고 ""절망 이길 힘을 보았다. 소설이 언제 끝나는지도 모를 정도로 재미있었다. 타국에서 우리 말과 신화를 가지고 분투한 작가에게 존경과 감사를 보낸다""고 찬사를 보냈다.",2007-07-13,https://image.aladin.co.kr/product/93/57/coversum/893643358x_3.jpg,국내도서>소설/시/희곡>한국소설>2000년대 이후 한국소설
바리데기,황석영,창비,대덕소프트웨어마이스터고등학교,IT00005234,813.6 황54ㅂ c.16,"한겨레신문에 연재된 황석영의 새 소설 <바리데기>가 출간됐다. 소설가 공지영은 이 작품을 읽고 ""절망 이길 힘을 보았다. 소설이 언제 끝나는지도 모를 정도로 재미있었다. 타국에서 우리 말과 신화를 가지고 분투한 작가에게 존경과 감사를 보낸다""고 찬사를 보냈다.",2007-07-13,https://image.aladin.co.kr/product/93/57/coversum/893643358x_3.jpg,국내도서>소설/시/희곡>한국소설>2000년대 이후 한국소설
바리데기,황석영,창비,대덕소프트웨어마이스터고등학교,IT00005221,813.6 황54ㅂ c.3,"한겨레신문에 연재된 황석영의 새 소설 <바리데기>가 출간됐다. 소설가 공지영은 이 작품을 읽고 ""절망 이길 힘을 보았다. 소설이 언제 끝나는지도 모를 정도로 재미있었다. 타국에서 우리 말과 신화를 가지고 분투한 작가에게 존경과 감사를 보낸다""고 찬사를 보냈다.",2007-07-13,https://image.aladin.co.kr/product/93/57/coversum/893643358x_3.jpg,국내도서>소설/시/희곡>한국소설>2000년대 이후 한국소설
퍼디도 스트리트 정거장 1,차이나 미에빌,아고라,대덕소프트웨어마이스터고등학교,IT00005408,843 미64ㅍ v.1,"영국환상문학상, 아서 C. 클라크 상 수상작. 영국 작가 차이나 메에빌의 두 번째 장편소설로, <상처The Scar>, <강철의회Iron Council>와 함께 작가의 '어번 판타지 3부작'으로 불리며 호평을 받은 작품이다. 가상의 공간이지만 현실 세계와 꼭 닮은 도시국가 뉴크로부존을 배경으로 한다.",2009-04-30,https://image.aladin.co.kr/product/363/14/coversum/8992055242_1.jpg,국내도서>소설/시/희곡>과학소설(SF)>외국 과학소설
너의 췌장을 먹고 싶어,스미노 요루,소미미디어,대덕소프트웨어마이스터고등학교,IT00009865,833.6 스38ㄴ c.5,"일본 청춘 소설의 대표 작가 스미노 요루. 혜성처럼 등장해 베스트셀러에 오른 스미노 요루의 데뷔작 너의 췌장을 먹고 싶어 리커버 에디션. 너의 췌장을 먹고 싶어는 2016년 일본 서점 대상 2위는 물론이고 일본의 각종 도서 관련 집계에서 1, 2위를 기록했다.",2023-01-20,https://image.aladin.co.kr/product/30705/77/coversum/k102830149_1.jpg,국내도서>소설/시/희곡>일본소설>1950년대 이후 일본소설
내 영혼이 따뜻했던 날들,포리스트 카터,아름드리미디어,대덕소프트웨어마이스터고등학교,IT00010635,843 카884ㄴ c.6,"포리스트 카터의 자전적인 소설로, 이야기는 주인공인 '작은나무'가 홀어머니의 죽음으로 조부모와 함께 살게 되는 것으로 시작한다. 체로키족인 할아버지, 할머니와 함께 산 속 오두막에 살면서 '작은나무'는 산사람으로, 또 인디언으로 자연과 더불어 살아가면서 자연의 이치로 세상을 보고 판단하는 지혜를 배워간다.",2014-05-30,https://image.aladin.co.kr/product/19025/43/coversum/8955824955_1.jpg,국내도서>소설/시/희곡>영미소설
두 도시 이야기,찰스 디킨스,창비,대덕소프트웨어마이스터고등학교,IT00005433,843 디878ㄷ,"'창비세계문학' 34권. 찰스 디킨스의 문학적 원숙함이 무르익은 후기를 대표하는 장편소설로, 프랑스 혁명 당시 빠리와 런던을 오가며 격변하는 사회상과 그 격변의 순간을 살아가는 다양한 인물들, 위기 속에서 더욱 빛을 발하는 인간적 가치들을 다룬다.",2014-07-10,https://image.aladin.co.kr/product/4365/36/coversum/8936464345_2.jpg,국내도서>소설/시/희곡>영미소설
오버로드 2  칠흑의 전사,마루야마 쿠가네,영상노트,대덕소프트웨어마이스터고등학교,IT00005465,833.6 마296ㅇ v.2,일대 붐을 일으켰던 게임이 서비스 종료를 맞이했다. 로그아웃을 하지 못한 주인공은 게임에서의 모습과 힘 그대로 이세계로 전이하고 만다. 갑자기 새로운 세계에 떨어진 주인공이 어떻게 이 상황을 하나하나 대처해나가는지를 세밀하게 보여주는 작품이다.,2013-01-15,https://image.aladin.co.kr/product/2263/74/coversum/8967303513_1.jpg,국내도서>소설/시/희곡>라이트 노벨>노블엔진(Novel Engine)
오버로드 7  대분묘의 침입자,마루야마 쿠가네,영상노트,대덕소프트웨어마이스터고등학교,IT00005468,833.6 마296ㅇ v.7,"기대와 욕망에 눈을 빛내던 ‘워커’의 집단이 미지의 유적. 지하대분묘에 발을 들이려 하고 있었다. 그 위대한 땅으로 가라는 의뢰를 받아 감히 침입한 자들은 ‘탈락자’. 가슴에 하나의 마음을 품고, 모험자의 어두운 이면을 추구하는 자들.",2015-01-29,https://image.aladin.co.kr/product/5232/72/coversum/1131904524_1.jpg,국내도서>소설/시/희곡>라이트 노벨>노블엔진(Novel Engine)
군함도 1,한수산,창비,대덕소프트웨어마이스터고등학교,IT00005487,813.6 한56ㄱ v.1,일제강점기 하시마섬 강제징용과 나가사끼 피폭의 문제를 다룬 한수산의 장편소설. 한수산은 1988년 일본에 체류하던 중 토오꾜오의 한 서점에서 오까 마사하루 목사가 쓴 원폭과 조선인이라는 책을 접한 뒤 하시마 탄광의 조선인 강제징용과 나가사끼 피폭에 대한 작품을 쓰기로 결심한다.,2016-05-18,https://image.aladin.co.kr/product/7492/7/coversum/8936434217_2.jpg,국내도서>소설/시/희곡>역사소설>한국 역사소설
내가 되는 꿈,최진영,현대문학,대덕소프트웨어마이스터고등학교,IT00014541,813.7 최78ㄴ,"현대문학 핀 33권. 최진영 소설. 존재를 지우고 싶을 만큼 상처 깊은 한 여성이 유년 시절부터 함께 지냈던 할머니의 죽음을 계기로 외면했던 과거와 마주보고 나라는 존재, 나와 얽힌 관계에 대한 진정한 의미를 찾아가는 과정을 섬세하게 그려낸 작품이다.",2021-02-25,https://image.aladin.co.kr/product/35086/27/coversum/k812934498_1.jpg,국내도서>소설/시/희곡>한국소설>2000년대 이후 한국소설
일주일,최진영,자음과모음,대덕소프트웨어마이스터고등학교,IT00014667,813.7 최78일,"트리플 시리즈 8권.청년 세대의 고뇌를 진솔한 언어로 그려내며 폭넓은 공감대를 획득해온 최진영 작가가 이번에는 성장이란 단어보다 생존이란 단어에 익숙해진 십대 청소년들의 ‘일주일’의 표정을 담아냈다. 작가는 그들의 목소리에 귀를 기울이고, 다정한 위로를 건넨다.",2021-09-01,https://image.aladin.co.kr/product/27896/95/coversum/8954447546_1.jpg,국내도서>소설/시/희곡>한국소설>2000년대 이후 한국소설
수레바퀴 밑에서,헤르만 헤세,홍신문화사,대덕소프트웨어마이스터고등학교,EM00002492,808 홍59H,헤르만 헤세의 자전적 경험이 듬뿍 녹아들어간 성장소설. 신학교에서의 체험을 토대로 썼다. 소년 한스는 마을 사람들의 기대와 격려를 한 몸에 받으며 마울브론 신학교에 입학한다. 하지만 끊임없는 압박으로 다가오는 가족과 고루한 신학교의 종교적 엄숙주의 아래서 한스는 점점 마음이 병들어간다.,2001-08-10,https://image.aladin.co.kr/product/29/21/coversum/s172933259_1.jpg,국내도서>소설/시/희곡>독일소설
상실의 시대,무라카미하루키,문학사상사,대덕소프트웨어마이스터고등학교,EM00008726,833.6 무292ㅅ c.2,"페이지를 처음 펼치는 오늘의 젊음들에게, 그리고 오랜 기억 속에 책의 한 구절을 간직하고 있는 어제의 젊음들에게, 한결같은 울림으로 예민하고 섬세한 청춘의 감성을 전하며 영원한 필독서로 사랑받고 있는 무라카미 하루키의 대표작이다.",2017-08-07,https://image.aladin.co.kr/product/11561/49/coversum/8937434482_1.jpg,국내도서>소설/시/희곡>일본소설>1950년대 이후 일본소설
폭풍의 언덕,에밀리 브론테,소담,대덕소프트웨어마이스터고등학교,EM00002541,808.3 브235ㅍ,"서른 살의 나이에 요절한 에밀리 브론테가 죽기 1년 전에 발표한 유일한 소설. '워더링 하이츠'를 무대로 펼쳐지는 캐서린과 히스클리프의 비극적인 사랑, 에드거와 이사벨을 향한 히스클리프의 잔인한 복수를 그린 이 작품은, 발표 당시 그 음산함과 등장인물의 야만성으로 인해 반도덕적이라는 비난을 받았다.",2005-03-15,https://image.aladin.co.kr/product/54/93/coversum/8937461188_3.jpg,국내도서>소설/시/희곡>영미소설
까라마조프 씨네 형제들  하 ,표도르 미하일로비치 도스또예프스끼,열린책들,대덕소프트웨어마이스터고등학교,EM00002542,892.8 도58ㄲ,"욕망과 증오의 까마라조프 제국, 세계문학의 거장 도스토예프스키의 대표작. 도스또예프스끼의 마지막 장편 소설로, 40여 년에 걸친 작가 창작의 결산으로서 도스또예프스끼의 작품 가운데 가장 심오한 사상적 깊이와 이에 걸맞은 예술적 구조를 구현한 작품이다.",2009-12-20,https://image.aladin.co.kr/product/603/80/coversum/893290944x_1.jpg,국내도서>소설/시/희곡>러시아소설
까라마조프 씨네 형제들  상 ,표도르 미하일로비치 도스또예프스끼,열린책들,대덕소프트웨어마이스터고등학교,EM00002543,892.8 도58ㄲ,"욕망과 증오의 까마라조프 제국, 세계문학의 거장 도스토예프스키의 대표작. 도스또예프스끼의 마지막 장편 소설로, 40여 년에 걸친 작가 창작의 결산으로서 도스또예프스끼의 작품 가운데 가장 심오한 사상적 깊이와 이에 걸맞은 예술적 구조를 구현한 작품이다.",2009-12-20,https://image.aladin.co.kr/product/603/79/coversum/8932909423_1.jpg,국내도서>소설/시/희곡>러시아소설
칼의 노래 1,김훈,생각의나무,대덕소프트웨어마이스터고등학교,EM00002553,813.6 김97ㅋ v.1,"임진왜란의 명장 이순신의 고뇌를 담은 김훈의 <a href=""/catalog/book.asp?ISBN=8984980692""><칼의 노래></a>를 호쾌한 액션이 펼쳐지는 선굵은 만화로 다시 본다. 이순신 장군이 노량해전에서 전사하기까지 2년동안의 삶과 싸움을 그리고 있다. 원작자 김훈의 감수를 거쳤고, 어린이들의 눈높이에 맞추어 사건 중심으로 빠르게 이야기를 전개했다.",2004-04-20,https://image.aladin.co.kr/product/4457/8/coversum/6000754284_1.jpg,국내도서>어린이>초등 전학년>학습만화
칼의 노래 2,김훈,생각의나무,대덕소프트웨어마이스터고등학교,EM00002554,813.6 김97ㅋ v.2,"김훈의 역사장편소설. 동인문학상 수상작이며, 당대의 사건들 속에 이순신이라는 개인을 다루며 이순신을 인간적인 존재로 표현하는 칼의 노래, 병자호란 당시 주전파와 주화파의 다툼, 고통 받는 민초들의 삶을 그린 남한산성 두 권으로 구성된 세트.",2012-01-05,https://image.aladin.co.kr/product/4482/28/coversum/6000755573_1.jpg,국내도서>소설/시/희곡>역사소설>한국 역사소설
하얀전쟁,안정효,고려원,대덕소프트웨어마이스터고등학교,EM00002582,813.6 안73ㅎ,정지영 감독의 대표작 중 하나로 작가 안정효의 월남전 참전 경험을 살린 동명의 자전적 소설을 영화화한 작품이다. 실존적 시각에 초점을 맞춘 원작을 사회적 맥락에서 재구성하면서 집단화된 폭력이 어떻게 개인의 인간성을 말살하는지 조망하고 있다.,2021-05-14,https://image.aladin.co.kr/product/27151/10/coversum/k122731544_1.jpg,국내도서>예술/대중문화>영화/드라마>시나리오/시나리오작법
그저 좋은 사람,줌파 라히리,마음산책,대덕소프트웨어마이스터고등학교,IT00005133,843 라98ㄱ,"세계적인 베스트셀러 작가이자 퓰리처상 수상자이기도 한 줌파 라히리의 소설집. 이 책은 출간 이후 '뉴욕 타임스 선정 10대 책', '타임지 선정 최고의 책' 등 유수 매체에서 '최고의 책'으로 선정되는 영예를 누렸다. 각 작품들은 하나같이 가족, 연인, 친구 등 밀착된 관계를 다루면서도 그 속에 담긴 복잡함과 불화 등을 묘파한다.",2009-09-05,https://image.aladin.co.kr/product/447/24/coversum/8960900605_2.jpg,국내도서>소설/시/희곡>영미소설
우상의 눈물,전상국,민음사,대덕소프트웨어마이스터고등학교,IT00005150,813.6 전52ㅇ c.12,"한국을 대표하는 명불허전 작가들의 명불허전 작품들을 엄선하여 모은 '사피엔스 한국문학 중.단편소설'. 18권은 전쟁의 상처와 사회의 모순을 성찰하는 작가 전상국의 선집이다. '우상의 눈물', '아베의 가족' 두 작품이 수록되어 있다.",2012-07-06,https://image.aladin.co.kr/product/1824/62/coversum/8965881404_1.jpg,국내도서>소설/시/희곡>한국소설>2000년대 이전 한국소설
바리데기,황석영,창비,대덕소프트웨어마이스터고등학교,IT00005228,813.6 황54ㅂ c.10,"한겨레신문에 연재된 황석영의 새 소설 <바리데기>가 출간됐다. 소설가 공지영은 이 작품을 읽고 ""절망 이길 힘을 보았다. 소설이 언제 끝나는지도 모를 정도로 재미있었다. 타국에서 우리 말과 신화를 가지고 분투한 작가에게 존경과 감사를 보낸다""고 찬사를 보냈다.",2007-07-13,https://image.aladin.co.kr/product/93/57/coversum/893643358x_3.jpg,국내도서>소설/시/희곡>한국소설>2000년대 이후 한국소설
바리데기,황석영,창비,대덕소프트웨어마이스터고등학교,IT00005232,813.6 황54ㅂ c.14,"한겨레신문에 연재된 황석영의 새 소설 <바리데기>가 출간됐다. 소설가 공지영은 이 작품을 읽고 ""절망 이길 힘을 보았다. 소설이 언제 끝나는지도 모를 정도로 재미있었다. 타국에서 우리 말과 신화를 가지고 분투한 작가에게 존경과 감사를 보낸다""고 찬사를 보냈다.",2007-07-13,https://image.aladin.co.kr/product/93/57/coversum/893643358x_3.jpg,국내도서>소설/시/희곡>한국소설>2000년대 이후 한국소설
바리데기,황석영,창비,대덕소프트웨어마이스터고등학교,IT00005222,813.6 황54ㅂ c.4,"한겨레신문에 연재된 황석영의 새 소설 <바리데기>가 출간됐다. 소설가 공지영은 이 작품을 읽고 ""절망 이길 힘을 보았다. 소설이 언제 끝나는지도 모를 정도로 재미있었다. 타국에서 우리 말과 신화를 가지고 분투한 작가에게 존경과 감사를 보낸다""고 찬사를 보냈다.",2007-07-13,https://image.aladin.co.kr/product/93/57/coversum/893643358x_3.jpg,국내도서>소설/시/희곡>한국소설>2000년대 이후 한국소설
바리데기,황석영,창비,대덕소프트웨어마이스터고등학교,IT00005235,813.6 황54ㅂ c.17,"한겨레신문에 연재된 황석영의 새 소설 <바리데기>가 출간됐다. 소설가 공지영은 이 작품을 읽고 ""절망 이길 힘을 보았다. 소설이 언제 끝나는지도 모를 정도로 재미있었다. 타국에서 우리 말과 신화를 가지고 분투한 작가에게 존경과 감사를 보낸다""고 찬사를 보냈다.",2007-07-13,https://image.aladin.co.kr/product/93/57/coversum/893643358x_3.jpg,국내도서>소설/시/희곡>한국소설>2000년대 이후 한국소설
셈을 할 줄 아는 까막눈이 여자,요나스 요나손,열린책들,대덕소프트웨어마이스터고등학교,IT00005251,859.7 요192ㅅ,'100세 노인 현상'을 일으키며 화제가 되었던 소설 창문 넘어 도망친 100세 노인의 작가 요나스 요나손의 장편소설. 출간 6개월 만에 전 세계 판매 부수 150만 부를 돌파하며 26개국에 판권이 팔리는 등 또다시 '요나손 열풍'을 이어 가고 있다.,2014-07-15,https://image.aladin.co.kr/product/4333/99/coversum/8932916632_1.jpg,국내도서>소설/시/희곡>세계의 소설>북유럽소설
할머니는 죽지 않는다,공지영,해냄,대덕소프트웨어마이스터고등학교,IT00005363,813.6 공78ㅎ,"인간에 대한 예의, 존재는 눈물을 흘린다, 별들의 들판 출간 이후 13년 만에 출간하는 공지영 작가의 소설집. 2000년 이후 집필, 발표한 작품들 중 21세기문학상, 한국소설문학상, 이상문학상 등의 수상작과 신작 단편소설을 모았다.",2017-04-03,https://image.aladin.co.kr/product/10611/17/coversum/8965746124_2.jpg,국내도서>소설/시/희곡>한국소설>2000년대 이후 한국소설
반지의 제왕 7  해설편,J. R. R. Tolkien,씨앗을뿌리는사람들,대덕소프트웨어마이스터고등학교,IT00005382,843 톨878ㅂ v.7,,2007-05-28,https://image.aladin.co.kr/product/92/44/coversum/8956371067_1.jpg,국내도서>소설/시/희곡>판타지/환상문학>외국판타지/환상소설
내 영혼이 따뜻했던 날들,포리스트 카터,아름드리미디어,대덕소프트웨어마이스터고등학교,IT00010636,843 카884ㄴ c.7,"포리스트 카터의 자전적인 소설로, 이야기는 주인공인 '작은나무'가 홀어머니의 죽음으로 조부모와 함께 살게 되는 것으로 시작한다. 체로키족인 할아버지, 할머니와 함께 산 속 오두막에 살면서 '작은나무'는 산사람으로, 또 인디언으로 자연과 더불어 살아가면서 자연의 이치로 세상을 보고 판단하는 지혜를 배워간다.",2014-05-30,https://image.aladin.co.kr/product/19025/43/coversum/8955824955_1.jpg,국내도서>소설/시/희곡>영미소설
오버로드 5  왕국의 사나이들 상 ,마루야마 쿠가네,영상노트,대덕소프트웨어마이스터고등학교,IT00005466,833.6 마296ㅇ v.5,"절대지배자 앞을 가로막는 나자릭 계층수호자, PC 대 NPC. 절대복종을 맹세했던 수호자 샤르티아의 예상치도 못했던 반역. 아인즈가 모험자로서 에 란텔에 잠입한 동안, 수호자들에게 무슨 일이 일어났단 말인가?",2014-03-21,https://image.aladin.co.kr/product/3871/86/coversum/1156277000_1.jpg,국내도서>소설/시/희곡>라이트 노벨>노블엔진(Novel Engine)
오버로드 8  두 명의 지도자,마루야마 쿠가네,영상노트,대덕소프트웨어마이스터고등학교,IT00005469,833.6 마296ㅇ v.8,시리즈 최초의 완전 오리지널 단편을 포함한 어나더 스토리 2편. ‘숲의 현왕’이 떠나 숲의 균형이 무너지면서 새로운 위협이 다가오고 있었다……. ‘엔리의 격동적이며 화급한 나날’. 위대한 나자릭 대분묘를 지배하는 자의 고뇌 어린 나날이 밝혀진다. ‘나자릭의 하루’.,2015-05-29,https://image.aladin.co.kr/product/6016/5/coversum/6000852448_1.jpg,국내도서>소설/시/희곡>라이트 노벨>노블엔진(Novel Engine)
반지의 제왕 2  반지원정대 ,J. R. R. Tolkien,씨앗을뿌리는사람들,대덕소프트웨어마이스터고등학교,IT00005493,843 돌878ㅂ v.2,,2007-05-28,https://image.aladin.co.kr/product/888/41/coversum/8956372195_1.jpg,국내도서>소설/시/희곡>판타지/환상문학>외국판타지/환상소설
반지의 제왕 6  왕의 귀환 2,J.R.R. 톨킨,씨앗을뿌리는사람,대덕소프트웨어마이스터고등학교,IT00005497,843 돌878ㅂ v.6,,2007-05-28,https://image.aladin.co.kr/product/888/41/coversum/8956372233_1.jpg,국내도서>소설/시/희곡>판타지/환상문학>외국판타지/환상소설
미 비포 유,조조 모예스,살림,대덕소프트웨어마이스터고등학교,IT00005499,843 모64ㅁ,"2014년 초판이 출간된 이후 쇄를 거듭하며 사랑받은 소설 『미 비포 유』가 10년 만에 전면 개정판으로 돌아왔다. 럭셔리 브랜드와의 협업, 더현대 사진전 11만 관람객을 동원한 봄을 찍는 포토그래퍼 ‘테레사 프레이타스’와 협업한 표지로 새로운 시작을 화사하게 알린다.",2024-04-25,https://image.aladin.co.kr/product/33850/54/coversum/k082930104_2.jpg,국내도서>소설/시/희곡>영미소설
듄 4  듄의 신황제,프랭크 허버트,황금가지,대덕소프트웨어마이스터고등학교,IT00014566,843 허43ㄷ v.4,"듄(Dune), 모래행성, 아라키스, 사막행성, 혹은 사구(砂丘). 프랭크 허버트의 SF 고전 '듄 연대기' 6부작의 완역본이다. 이미 한 출판사에서 4부까지 번역하여 소개한 바 있으나 끝을 맺지 못해 더더욱 갈증을 남긴 바 있다.",2021-01-22,https://image.aladin.co.kr/product/26297/23/coversum/k242738793_1.jpg,국내도서>소설/시/희곡>과학소설(SF)>외국 과학소설
미드나잇 라이브러리,매트 헤이그,인플루엔셜,대덕소프트웨어마이스터고등학교,IT00014583,843 헤68ㅁ,"20대에 심한 우울증을 겪으며 정신적 붕괴를 경험했던 작가 매트 헤이그는 ‘살아야 할 이유’에 대해서 끊임없이 고민해왔고, 신작 장편소설 《미드나잇 라이브러리》에서 자신만의 해답을 구한다.",2021-04-28,https://image.aladin.co.kr/product/26987/37/coversum/s622931315_1.jpg,국내도서>소설/시/희곡>영미소설
밤이여 오라,이성아,은행나무,대덕소프트웨어마이스터고등학교,IT00014588,813.7 이54ㅂ,내전과 인종청소의 고통스러운 시간을 통과해온 발칸반도와 한국 현대사의 참혹한 사건인 제주4·3을 동시에 공명시키며 여전히 끝나지 않은 국가폭력에 대한 역사적 질문을 좀 더 폭넓은 문학적 시선으로 옮겨놓았다.,2021-11-29,https://image.aladin.co.kr/product/28409/99/coversum/k372835011_1.jpg,국내도서>소설/시/희곡>한국소설>2000년대 이후 한국소설
인간 조건,앙드레 말로,홍신문화사,대덕소프트웨어마이스터고등학교,EM00006896,863 말295ㅇ c.2,"이방인의 작가 알베르 카뮈가 ‘이미지로 표현된 철학’이라고 말한 인간의 조건, 그 명작의 비밀을 최초로 밝혀낸 인문학 교양서이다. 정부(교육부)의 재원으로 한국연구재단의 지원을 받아 집필된 책이다.",2018-09-12,https://image.aladin.co.kr/product/17008/15/coversum/k652534576_1.jpg,국내도서>인문학>교양 인문학
아우라지로 가는 길,김원일,문학과지성사,대덕소프트웨어마이스터고등학교,EM00002559,813.6 김67ㅇ,"김원일 소설전집 6권. 김원일의 소설은 ‘소설의 아우라지’가 있는 듯이 쓰인다. 말하기 어려운, 그러나 말할 수밖에 없는 시간을 소설 속으로 불러들여서 누군가로 하여금 그 시간을 묵묵히 견뎌내게 한다.",2014-07-05,https://image.aladin.co.kr/product/4350/40/coversum/8982181938_1.jpg,국내도서>소설/시/희곡>한국소설>2000년대 이후 한국소설
표절,장 자크 피슈테르,책세상,대덕소프트웨어마이스터고등학교,EM00002567,863 피57ㅍ,"인간의 선과 악, 강자와 약자, 열등함과 우월함 등의 모순을 주제로 하여 언론·출판·지식인 사회의 은밀한 부분을 리얼하게 그려내고 있다. 또한 이 소설은 사랑과 우정, 배신과 멸시 그리고 복수라는 고전적 소재들이 등장하지만, 선이 악을 이기고 악이 선을 다시 이기는 등의 과정에서 새로운 이야기를 길어 올린다....",1994-08-01,https://image.aladin.co.kr/product/15/44/coversum/8970130454_2.jpg,국내도서>소설/시/희곡>프랑스소설
표절,장 자크 피슈테르,책세상,대덕소프트웨어마이스터고등학교,EM00002568,863 피57ㅍ,"인간의 선과 악, 강자와 약자, 열등함과 우월함 등의 모순을 주제로 하여 언론·출판·지식인 사회의 은밀한 부분을 리얼하게 그려내고 있다. 또한 이 소설은 사랑과 우정, 배신과 멸시 그리고 복수라는 고전적 소재들이 등장하지만, 선이 악을 이기고 악이 선을 다시 이기는 등의 과정에서 새로운 이야기를 길어 올린다....",1994-08-01,https://image.aladin.co.kr/product/15/44/coversum/8970130454_2.jpg,국내도서>소설/시/희곡>프랑스소설
표절,장 자크 피슈테르,책세상,대덕소프트웨어마이스터고등학교,EM00002569,863 피57ㅍ,"인간의 선과 악, 강자와 약자, 열등함과 우월함 등의 모순을 주제로 하여 언론·출판·지식인 사회의 은밀한 부분을 리얼하게 그려내고 있다. 또한 이 소설은 사랑과 우정, 배신과 멸시 그리고 복수라는 고전적 소재들이 등장하지만, 선이 악을 이기고 악이 선을 다시 이기는 등의 과정에서 새로운 이야기를 길어 올린다....",1994-08-01,https://image.aladin.co.kr/product/15/44/coversum/8970130454_2.jpg,국내도서>소설/시/희곡>프랑스소설
쇼코의 미소,최은영,문학동네,대덕소프트웨어마이스터고등학교,IT00005130,813.6 최67ㅅ c.2,"2013년 겨울, 「작가세계」 신인상에 중편소설 '쇼코의 미소'가 당선되어 등단, 그 작품으로 다음해 젊은작가상을 수상하면서 많은 사람들에게 특별한 인상으로 다가갔던 최은영 작가의 첫 소설집.",2016-07-07,https://image.aladin.co.kr/product/8679/95/coversum/8954641636_1.jpg,국내도서>소설/시/희곡>한국소설>2000년대 이후 한국소설
쇼코의 미소,최은영,문학동네,대덕소프트웨어마이스터고등학교,IT00005129,813.6 최67ㅅ,"2013년 겨울, 「작가세계」 신인상에 중편소설 '쇼코의 미소'가 당선되어 등단, 그 작품으로 다음해 젊은작가상을 수상하면서 많은 사람들에게 특별한 인상으로 다가갔던 최은영 작가의 첫 소설집.",2016-07-07,https://image.aladin.co.kr/product/8679/95/coversum/8954641636_1.jpg,국내도서>소설/시/희곡>한국소설>2000년대 이후 한국소설
우상의 눈물,전상국,민음사,대덕소프트웨어마이스터고등학교,IT00005145,813.6 전52ㅇ c.7,"한국을 대표하는 명불허전 작가들의 명불허전 작품들을 엄선하여 모은 '사피엔스 한국문학 중.단편소설'. 18권은 전쟁의 상처와 사회의 모순을 성찰하는 작가 전상국의 선집이다. '우상의 눈물', '아베의 가족' 두 작품이 수록되어 있다.",2012-07-06,https://image.aladin.co.kr/product/1824/62/coversum/8965881404_1.jpg,국내도서>소설/시/희곡>한국소설>2000년대 이전 한국소설
우상의 눈물,전상국,민음사,대덕소프트웨어마이스터고등학교,IT00005143,813.6 전52ㅇ c.5,"한국을 대표하는 명불허전 작가들의 명불허전 작품들을 엄선하여 모은 '사피엔스 한국문학 중.단편소설'. 18권은 전쟁의 상처와 사회의 모순을 성찰하는 작가 전상국의 선집이다. '우상의 눈물', '아베의 가족' 두 작품이 수록되어 있다.",2012-07-06,https://image.aladin.co.kr/product/1824/62/coversum/8965881404_1.jpg,국내도서>소설/시/희곡>한국소설>2000년대 이전 한국소설
우상의 눈물,전상국,민음사,대덕소프트웨어마이스터고등학교,IT00005139,813.6 전52ㅇ,"한국을 대표하는 명불허전 작가들의 명불허전 작품들을 엄선하여 모은 '사피엔스 한국문학 중.단편소설'. 18권은 전쟁의 상처와 사회의 모순을 성찰하는 작가 전상국의 선집이다. '우상의 눈물', '아베의 가족' 두 작품이 수록되어 있다.",2012-07-06,https://image.aladin.co.kr/product/1824/62/coversum/8965881404_1.jpg,국내도서>소설/시/희곡>한국소설>2000년대 이전 한국소설
우상의 눈물,전상국,민음사,대덕소프트웨어마이스터고등학교,IT00005152,813.6 전52ㅇ c.14,"한국을 대표하는 명불허전 작가들의 명불허전 작품들을 엄선하여 모은 '사피엔스 한국문학 중.단편소설'. 18권은 전쟁의 상처와 사회의 모순을 성찰하는 작가 전상국의 선집이다. '우상의 눈물', '아베의 가족' 두 작품이 수록되어 있다.",2012-07-06,https://image.aladin.co.kr/product/1824/62/coversum/8965881404_1.jpg,국내도서>소설/시/희곡>한국소설>2000년대 이전 한국소설
바리데기,황석영,창비,대덕소프트웨어마이스터고등학교,IT00005226,813.6 황54ㅂ c.8,"한겨레신문에 연재된 황석영의 새 소설 <바리데기>가 출간됐다. 소설가 공지영은 이 작품을 읽고 ""절망 이길 힘을 보았다. 소설이 언제 끝나는지도 모를 정도로 재미있었다. 타국에서 우리 말과 신화를 가지고 분투한 작가에게 존경과 감사를 보낸다""고 찬사를 보냈다.",2007-07-13,https://image.aladin.co.kr/product/93/57/coversum/893643358x_3.jpg,국내도서>소설/시/희곡>한국소설>2000년대 이후 한국소설
바리데기,황석영,창비,대덕소프트웨어마이스터고등학교,IT00005220,813.6 황54ㅂ c.2,"한겨레신문에 연재된 황석영의 새 소설 <바리데기>가 출간됐다. 소설가 공지영은 이 작품을 읽고 ""절망 이길 힘을 보았다. 소설이 언제 끝나는지도 모를 정도로 재미있었다. 타국에서 우리 말과 신화를 가지고 분투한 작가에게 존경과 감사를 보낸다""고 찬사를 보냈다.",2007-07-13,https://image.aladin.co.kr/product/93/57/coversum/893643358x_3.jpg,국내도서>소설/시/희곡>한국소설>2000년대 이후 한국소설
바리데기,황석영,창비,대덕소프트웨어마이스터고등학교,IT00005233,813.6 황54ㅂ c.15,"한겨레신문에 연재된 황석영의 새 소설 <바리데기>가 출간됐다. 소설가 공지영은 이 작품을 읽고 ""절망 이길 힘을 보았다. 소설이 언제 끝나는지도 모를 정도로 재미있었다. 타국에서 우리 말과 신화를 가지고 분투한 작가에게 존경과 감사를 보낸다""고 찬사를 보냈다.",2007-07-13,https://image.aladin.co.kr/product/93/57/coversum/893643358x_3.jpg,국내도서>소설/시/희곡>한국소설>2000년대 이후 한국소설
바리데기,황석영,창비,대덕소프트웨어마이스터고등학교,IT00005223,813.6 황54ㅂ c.5,"한겨레신문에 연재된 황석영의 새 소설 <바리데기>가 출간됐다. 소설가 공지영은 이 작품을 읽고 ""절망 이길 힘을 보았다. 소설이 언제 끝나는지도 모를 정도로 재미있었다. 타국에서 우리 말과 신화를 가지고 분투한 작가에게 존경과 감사를 보낸다""고 찬사를 보냈다.",2007-07-13,https://image.aladin.co.kr/product/93/57/coversum/893643358x_3.jpg,국내도서>소설/시/희곡>한국소설>2000년대 이후 한국소설
스토너,존 윌리엄스,RHK(알에이치코리아),대덕소프트웨어마이스터고등학교,IT00005438,843 윌298ㅅ,"내셔널 북 어워드 수상작가 존 윌리엄스의 장편소설. 2013년 영국 최대의 체인 서점인 '워터스톤' 올해의 책으로 선정된 도서이다. 1965년 미국에서 발표된 후, 오랜 시간 동안 독자들에게 잊힌 스토너는 유럽 출판계와 평론가, 독자들의 열렬한 반응을 이끌어내며 베스트셀러가 되었다.",2015-01-02,https://image.aladin.co.kr/product/5100/19/coversum/8925554992_3.jpg,국내도서>소설/시/희곡>영미소설
오버로드 1  불사자의 왕,마루야마 쿠가네,영상노트,대덕소프트웨어마이스터고등학교,IT00005473,833.6 마296ㅇ v.1,일대 붐을 일으켰던 게임이 서비스 종료를 맞이했다. 로그아웃을 하지 못한 주인공은 게임에서의 모습과 힘 그대로 이세계로 전이하고 만다. 갑자기 새로운 세계에 떨어진 주인공이 어떻게 이 상황을 하나하나 대처해나가는지를 세밀하게 보여주는 작품이다.,2012-09-11,https://image.aladin.co.kr/product/1949/1/coversum/8967301413_1.jpg,국내도서>소설/시/희곡>라이트 노벨>노블엔진(Novel Engine)
오버로드 4  리저드맨 용사들,마루야마 쿠가네,영상노트,대덕소프트웨어마이스터고등학교,IT00005474,833.6 마296ㅇ v.4,"절대지배자 앞을 가로막는 나자릭 계층수호자, PC 대 NPC. 절대복종을 맹세했던 수호자 샤르티아의 예상치도 못했던 반역. 아인즈가 모험자로서 에 란텔에 잠입한 동안, 수호자들에게 무슨 일이 일어났단 말인가?",2013-10-01,https://image.aladin.co.kr/product/3160/31/coversum/8967307942_1.jpg,국내도서>소설/시/희곡>라이트 노벨>노블엔진(Novel Engine)
반지의 제왕 3  두 개의 탑 ,J. R. R. Tolkien,씨앗을뿌리는사람들,대덕소프트웨어마이스터고등학교,IT00005494,843 돌878ㅂ v.3,"1954년 7월 29일 처음 출간된 이래로 타의 추종을 불허하는 신화와 광활한 서사, 장대한 모험으로 남녀노소 모두의 마음을 사로잡으며 전 세계 1억 5천만 부 이상 판매, 불멸의 판타지 고전이라 불리는 J.R.R. 톨킨의 『반지의 제왕』이 출간 70주년을 기념하여 비기너 에디션으로 국내에 새롭게 출간된다.",2024-07-29,https://image.aladin.co.kr/product/34248/72/coversum/k222931556_1.jpg,국내도서>소설/시/희곡>판타지/환상문학>외국판타지/환상소설
듄 5  듄의 이단자들,프랭크 허버트,황금가지,대덕소프트웨어마이스터고등학교,IT00014567,843 허44ㄷ v.5,"역사상 가장 많이 팔린 SF이자 독자들이 뽑은 역대 최고의 SF인 프랭크 허버트의 대작 『듄』이 신장판 전집으로 출간되었다. 2001년 첫 번역본이 출간된 이후 20년 만에 재출간된 신장판은, 기존의 18권 반양장본을 원서와 동일한 6권으로 묶은 양장본이다.",2021-01-22,https://image.aladin.co.kr/product/26297/33/coversum/k382738793_1.jpg,국내도서>소설/시/희곡>과학소설(SF)>외국 과학소설
클락워크 플래닛 3,카미야 유,학산문화사,대덕소프트웨어마이스터고등학교,IT00001785,833.6 카38ㅋ v.3,,,,
헝거게임,수잔 콜린스,북폴리오,대덕소프트웨어마이스터고등학교,IT00001788,843 콜298ㅎ,베스트셀러 《헝거 게임》 시리즈 신작. 기존 헝거 게임 트릴로지에서 판엠을 통치한 악랄한 독재자 코리올라누스 스노우. 《노래하는 새와 뱀의 발라드》는 몰락한 가문을 극복하고 자신의 운명을 변화시킬 기회만 엿보고 있던 18세의 스노우가 제10회 헝거 게임의 학생 멘토가 되면서 시작한다.,2020-09-08,https://image.aladin.co.kr/product/24887/91/coversum/k952632373_2.jpg,국내도서>소설/시/희곡>판타지/환상문학>외국판타지/환상소설
웬만해선 아무렇지 않다,이기호,마음산책,대덕소프트웨어마이스터고등학교,IT00003216,813.6 이18ㅇ c.2,2000년대 등장한 이래 희비극적이라 할 그만의 월드를 축조했던 작가 이기호. 등단 15년이 넘었음에도 어떠한 피로감 없이 소모 없이 새로운 감각의 독보적 이야기꾼이라는 신뢰가 여전하다. 그의 특별한 짧은 소설을 한 권에 담았다.,2016-02-25,https://image.aladin.co.kr/product/7779/47/coversum/8960902578_1.jpg,국내도서>소설/시/희곡>한국소설>2000년대 이후 한국소설
홀,편혜영,문학과지성사,대덕소프트웨어마이스터고등학교,IT00001918,813.6 편94ㅎ,"편혜영의 네번째 장편소설. 이 책의 이야기는 「작가세계」를 통해 발표한 단편 '식물 애호'에서 시작되었다. 느닷없는 교통사고와 아내의 죽음으로 완전히 달라진 오기의 삶을 큰 줄기로 삼으면서, 장면 사이사이에 내면 심리의 층을 정밀하게 쌓아 올렸다.",2016-03-23,https://image.aladin.co.kr/product/8077/31/coversum/8932028478_1.jpg,국내도서>소설/시/희곡>한국소설>2000년대 이후 한국소설
동정 없는 세상,박현욱,문학동네,대덕소프트웨어마이스터고등학교,IT00013056,813.7 박94ㄷ,"제6회 문학동네작가상 수상작이자 박현욱의 첫 장편소설. 이제 막 수능을 치렀으나 대학 진학에는 별 뜻이 없고 여자친구와 ""한번 하""는 것이 유일한 목표인 주인공 준호가 어떻게 그 시절을 통과해나가는지를 경쾌하게 다루고 있다.",2013-01-14,https://image.aladin.co.kr/product/2289/28/coversum/8954620213_1.jpg,국내도서>소설/시/희곡>한국소설>2000년대 이후 한국소설
미드나잇 선 1,스테프니 메이어,북폴리오,대덕소프트웨어마이스터고등학교,IT00013152,843 메68ㅁ v.1,"전 세계적으로 1억 6천만 부 이상이 팔린 《트와일라잇》 시리즈의 완결판. 지금까지 독자들은 벨라의 입장에서 이야기를 들었을 뿐이다. 드디어 오랫동안 기다려 온 나머지 이야기, 《미드나잇 선》을 통해 에드워드의 마음을 경험할 차례다.",2020-12-24,https://image.aladin.co.kr/product/25811/0/coversum/k852736333_1.jpg,국내도서>소설/시/희곡>판타지/환상문학>외국판타지/환상소설
미드나잇 선 2,스테프니 메이어,북폴리오,대덕소프트웨어마이스터고등학교,IT00013153,843 메68ㅁ v.2,"전 세계적으로 1억 6천만 부 이상이 팔린 《트와일라잇》 시리즈의 완결판. 지금까지 독자들은 벨라의 입장에서 이야기를 들었을 뿐이다. 드디어 오랫동안 기다려 온 나머지 이야기, 《미드나잇 선》을 통해 에드워드의 마음을 경험할 차례다.",2020-12-24,https://image.aladin.co.kr/product/25811/1/coversum/k872736333_1.jpg,국내도서>소설/시/희곡>판타지/환상문학>외국판타지/환상소설
비행사,예브게니 보돌라스킨,은행나무,대덕소프트웨어마이스터고등학교,IT00013200,892.83 보25ㅂ,"‘러시아의 움베르토 에코’라 불리는 작가 예브게니 보돌라스킨의 소설. 한 세기의 시간을 뛰어넘은 인노켄티 페트로비치 플라토노프의 일생을 통해 20세기 러시아의 모습을 생생히 재현하고, 역사와 개인의 관계와 삶과 죽음의 의미에 대해 성찰한다.",2021-03-05,https://image.aladin.co.kr/product/26645/21/coversum/k242739234_1.jpg,국내도서>소설/시/희곡>러시아소설
두 사람의 거리 추정,요네자와 호노부,엘릭시르,대덕소프트웨어마이스터고등학교,IT00013250,833.6 고74 v.5,고전부 시리즈 다섯 번째 권. 네 명의 고전부가 2학년으로 진급한 직후에 벌어진 신입 부원 가입 철회 사건(?)을 풀어가는 이야기다. 고전부의 탐정 오레키는 동아리 가입 신청 마감날 열린 학교 마라톤 대회에서 달리며 관련자들과 이야기를 나누는 것으로 퍼즐을 맞춘다.,2015-04-24,https://image.aladin.co.kr/product/5641/11/coversum/8954635938_1.jpg,국내도서>소설/시/희곡>추리/미스터리소설>일본 추리/미스터리소설
내 영혼이 따뜻했던 날들,포리스트 카터,아름드리미디어,대덕소프트웨어마이스터고등학교,IT00013262,843 카884ㄴ c.3,"포리스트 카터의 자전적인 소설로, 이야기는 주인공인 '작은나무'가 홀어머니의 죽음으로 조부모와 함께 살게 되는 것으로 시작한다. 체로키족인 할아버지, 할머니와 함께 산 속 오두막에 살면서 '작은나무'는 산사람으로, 또 인디언으로 자연과 더불어 살아가면서 자연의 이치로 세상을 보고 판단하는 지혜를 배워간다.",2014-05-30,https://image.aladin.co.kr/product/19025/43/coversum/8955824955_1.jpg,국내도서>소설/시/희곡>영미소설
내 영혼이 따뜻했던 날들,포리스트 카터,아름드리미디어,대덕소프트웨어마이스터고등학교,IT00013263,843 카884ㄴ c.4,"포리스트 카터의 자전적인 소설로, 이야기는 주인공인 '작은나무'가 홀어머니의 죽음으로 조부모와 함께 살게 되는 것으로 시작한다. 체로키족인 할아버지, 할머니와 함께 산 속 오두막에 살면서 '작은나무'는 산사람으로, 또 인디언으로 자연과 더불어 살아가면서 자연의 이치로 세상을 보고 판단하는 지혜를 배워간다.",2014-05-30,https://image.aladin.co.kr/product/19025/43/coversum/8955824955_1.jpg,국내도서>소설/시/희곡>영미소설
내 영혼이 따뜻했던 날들,포리스트 카터,아름드리미디어,대덕소프트웨어마이스터고등학교,IT00013272,843 카884ㄴ c.13,"포리스트 카터의 자전적인 소설로, 이야기는 주인공인 '작은나무'가 홀어머니의 죽음으로 조부모와 함께 살게 되는 것으로 시작한다. 체로키족인 할아버지, 할머니와 함께 산 속 오두막에 살면서 '작은나무'는 산사람으로, 또 인디언으로 자연과 더불어 살아가면서 자연의 이치로 세상을 보고 판단하는 지혜를 배워간다.",2014-05-30,https://image.aladin.co.kr/product/19025/43/coversum/8955824955_1.jpg,국내도서>소설/시/희곡>영미소설
내 영혼이 따뜻했던 날들,포리스트 카터,아름드리미디어,대덕소프트웨어마이스터고등학교,IT00013275,843 카884ㄴ c.16,"포리스트 카터의 자전적인 소설로, 이야기는 주인공인 '작은나무'가 홀어머니의 죽음으로 조부모와 함께 살게 되는 것으로 시작한다. 체로키족인 할아버지, 할머니와 함께 산 속 오두막에 살면서 '작은나무'는 산사람으로, 또 인디언으로 자연과 더불어 살아가면서 자연의 이치로 세상을 보고 판단하는 지혜를 배워간다.",2014-05-30,https://image.aladin.co.kr/product/19025/43/coversum/8955824955_1.jpg,국내도서>소설/시/희곡>영미소설
내 영혼이 따뜻했던 날들,포리스트 카터,아름드리미디어,대덕소프트웨어마이스터고등학교,IT00013278,843 카884ㄴ c.19,"포리스트 카터의 자전적인 소설로, 이야기는 주인공인 '작은나무'가 홀어머니의 죽음으로 조부모와 함께 살게 되는 것으로 시작한다. 체로키족인 할아버지, 할머니와 함께 산 속 오두막에 살면서 '작은나무'는 산사람으로, 또 인디언으로 자연과 더불어 살아가면서 자연의 이치로 세상을 보고 판단하는 지혜를 배워간다.",2014-05-30,https://image.aladin.co.kr/product/19025/43/coversum/8955824955_1.jpg,국내도서>소설/시/희곡>영미소설
내 영혼이 따뜻했던 날들,포리스트 카터,아름드리미디어,대덕소프트웨어마이스터고등학교,IT00013279,843 카884ㄴ c.20,"포리스트 카터의 자전적인 소설로, 이야기는 주인공인 '작은나무'가 홀어머니의 죽음으로 조부모와 함께 살게 되는 것으로 시작한다. 체로키족인 할아버지, 할머니와 함께 산 속 오두막에 살면서 '작은나무'는 산사람으로, 또 인디언으로 자연과 더불어 살아가면서 자연의 이치로 세상을 보고 판단하는 지혜를 배워간다.",2014-05-30,https://image.aladin.co.kr/product/19025/43/coversum/8955824955_1.jpg,국내도서>소설/시/희곡>영미소설
고백,미나토 가나에,비채,대덕소프트웨어마이스터고등학교,IT00001733,833.6 미192ㄱ,"""내 딸을 죽인 사람은 바로 우리 반에 있습니다""라는 충격적인 고백과 함께 시작하는 미나토 가나에의 강렬한 데뷔작. 비채에서는 한국어판 출간 10주년을 기념하여 세심하게 번역을 다듬고, 세련된 디자인과 한결 가벼운 장정으로 독서의 맛을 배가한 개정판을 선보인다.",2018-08-23,https://image.aladin.co.kr/product/16364/72/coversum/k882533543_1.jpg,국내도서>소설/시/희곡>일본소설>1950년대 이후 일본소설
모킹제이,수잔 콜린스,미래엔,대덕소프트웨어마이스터고등학교,IT00001789,843 콜298ㅁ,"액션 판타지 소설의 역사를 새로 쓴 ‘헝거 게임 시리즈’의 세 번째 작으로 출간과 동시에 각종 베스트셀러 차트와 올해의 책을 휩쓸었으며, 전 세계 44개국 언어로 번역 출간되었다. 디스토피아 소설 열풍을 몰고 온 수잔 콜린스의 매혹적인 3부작 시리즈의 대망의 완결편.",2011-04-01,https://image.aladin.co.kr/product/32969/67/coversum/k672936353_1.jpg,국내도서>소설/시/희곡>판타지/환상문학>외국판타지/환상소설
캣칭 파이어,수잔 콜린스,북플리오,대덕소프트웨어마이스터고등학교,IT00001790,843 콜298ㅋ,"액션 판타지 소설의 역사를 새로 쓴 ‘헝거 게임 시리즈’의 두 번째 작으로 출간과 동시에 각종 베스트셀러 차트와 올해의 책을 휩쓸었으며, 전 세계 44개국 언어로 번역 출간되었다.",2010-09-01,https://image.aladin.co.kr/product/32969/49/coversum/k032936353_1.jpg,국내도서>소설/시/희곡>판타지/환상문학>외국판타지/환상소설
폭낭의 기억 1  떠나간 사람들,박산,간디서원,대덕소프트웨어마이스터고등학교,IT00013031,813.7 박52ㅍ v.1,,2020-12-31,https://image.aladin.co.kr/product/26837/11/coversum/8997533398_1.jpg,국내도서>소설/시/희곡>역사소설>한국 역사소설
아무도 기억하지 않았다,안재성,창비,대덕소프트웨어마이스터고등학교,IT00013083,813.7 안73ㅇ,"한국 근현대사의 숨겨진 인물과 진실을 발굴해 다수의 평전과 노동.역사 소설을 묵묵히 집필해온 우직한 작가 안재성의 장편소설. 북한 엘리트로 한국전쟁에 참가했다가 포로로 잡혀 10년간의 수용소, 감옥 생활을 겪은 실존인물 정찬우의 수기를 바탕으로 전쟁의 참상을 생생하게 그리고 있는 소설이다.",2018-03-15,https://image.aladin.co.kr/product/13680/53/coversum/8936434292_1.jpg,국내도서>소설/시/희곡>한국소설>2000년대 이후 한국소설
심장에 수놓은 이야기,구병모,아르테,대덕소프트웨어마이스터고등학교,IT00013148,813.7 구44ㅅ,"가장 강렬하고 아름다운 판타지를 선사하는 ‘스토리텔러’ 작가 구병모의 신작으로, 삶 속에 도사린 폭력에 맞선 사람들을 구원해주는 환상적 순간을 눈앞에 펼쳐 보인다. 평범한 중년 여성 ‘시미’는 동료 ‘화인’을 통해 미제 사건들의 연결 고리를 따라가며 비밀을 공모하듯 낯선 세계로 발을 들인다.",2020-03-18,https://image.aladin.co.kr/product/23577/67/coversum/8950986736_1.jpg,국내도서>소설/시/희곡>한국소설>2000년대 이후 한국소설
어둠 속에서도 바다는 푸르다 2,이철환,특별한서재,대덕소프트웨어마이스터고등학교,IT00013197,813.7 이83ㅇ v.2,"이철환 작가의 소설. 부모를 잃은 남매에게 공짜로 짜장면 한 그릇을 내어준 『연탄길』의 한 장면에서 출발했다. 2,000매에 가까운 원고 중 12매의 『연탄길』 원고가 포함되어 있다.",2021-03-15,https://image.aladin.co.kr/product/26620/54/coversum/k142739133_2.jpg,국내도서>소설/시/희곡>한국소설>2000년대 이후 한국소설
빛과 물질에 관한 이론,앤드루 포터,문학동네,대덕소프트웨어마이스터고등학교,IT00013199,843 포884ㅂ,"데뷔작 하나만으로 일약 미국 단편 문학의 신성으로 떠오른 앤드루 포터. 그의 데뷔작 빛과 물질에 관한 이론이 문학동네에서 출간되었다. 섬세한 문체로 깊은 울림을 이끌어내는 열 편의 단편소설이 실린 소설집으로, 단편 부문 플래너리 오코너상을 수상했다.",2019-05-13,https://image.aladin.co.kr/product/19166/33/coversum/8954656161_1.jpg,국내도서>소설/시/희곡>영미소설
3차 면접에서 돌발 행동을 보인    에 관하여,박지리,욜로욜로,대덕소프트웨어마이스터고등학교,IT00013534,813.7 박78ㅅ c.2,"맨홀, 합체, 다윈 영의 악의 기원 작가 박지리의 장편소설. 작가 사후에 출간되는 첫 책이다. 제목부터 독특한 이 작품은 대한민국에서 나고 자라 제도권 교육을 받은 사람이라면 누구나 공감할 만한 내용을 다루고 있다.",2017-12-15,https://image.aladin.co.kr/product/12596/16/coversum/k192532871_1.jpg,국내도서>소설/시/희곡>한국소설>2000년대 이후 한국소설
바보의 엔드 크레디트,요네자와 호노부,엘릭시르,대덕소프트웨어마이스터고등학교,IT00013249,833.6 고74 v.2,"고등학교의 특별 활동 동아리 '고전부'에 소속되어 있는 학생들이 일상에서 벌어지는 수수께끼를 해결해 나가는 학원 청춘 미스터리 소설. 다양한 장르에 도전하며 발표하는 작품마다 호평을 얻는 작가 요네자와 호노부의 데뷔 소설이자, 애니메이션 [빙과]의 원작 소설이다.",2013-11-15,https://image.aladin.co.kr/product/3185/57/coversum/8954622623_2.jpg,국내도서>소설/시/희곡>추리/미스터리소설>일본 추리/미스터리소설
내 영혼이 따뜻했던 날들,포리스트 카터,아름드리미디어,대덕소프트웨어마이스터고등학교,IT00013270,843 카884ㄴ c.11,"포리스트 카터의 자전적인 소설로, 이야기는 주인공인 '작은나무'가 홀어머니의 죽음으로 조부모와 함께 살게 되는 것으로 시작한다. 체로키족인 할아버지, 할머니와 함께 산 속 오두막에 살면서 '작은나무'는 산사람으로, 또 인디언으로 자연과 더불어 살아가면서 자연의 이치로 세상을 보고 판단하는 지혜를 배워간다.",2014-05-30,https://image.aladin.co.kr/product/19025/43/coversum/8955824955_1.jpg,국내도서>소설/시/희곡>영미소설
구토,J.P. 샤르트르,홍신문화사,대덕소프트웨어마이스터고등학교,EM00008798,863 샤297ㄱ,,,,
지극히 내성적인,최정화,창비,대덕소프트웨어마이스터고등학교,IT00001921,813.6 최74ㅈ,2012년 단편소설 '팜비치'로 창비신인소설상을 수상하며 작품활동을 시작한 최정화의 첫 소설집. 일상 속의 균열과 파동을 예민하게 감지하는 작가 최정화가 등단 이래 활발한 활동으로 쌓아온 열편의 소설이 묶였다.,2016-02-15,https://image.aladin.co.kr/product/7492/4/coversum/8936437372_1.jpg,국내도서>소설/시/희곡>한국소설>2000년대 이후 한국소설
피프티 피플,정세랑,창비,대덕소프트웨어마이스터고등학교,IT00013067,813.7 정54ㅍ,스테디셀러 『피프티 피플』의 10만부 판매 기념 전면개정판. 그는 이 작품을 기점으로 소설 속 세상에 사회문제를 적극적으로 반영하기 시작했다고 말해도 과언이 아닐 것이다. 지금의 감수성에 걸맞도록 문장 표현을 다듬었고 출간 이후 달라진 의료 정보 등을 손보아 전보다 한층 섬세해지고 정확해졌다.,2021-08-13,https://image.aladin.co.kr/product/27721/47/coversum/8936434543_2.jpg,국내도서>소설/시/희곡>한국소설>2000년대 이후 한국소설
아무도 기억하지 않았다,안재성,창비,대덕소프트웨어마이스터고등학교,IT00013084,813.7 안73ㅇ c.2,"한국 근현대사의 숨겨진 인물과 진실을 발굴해 다수의 평전과 노동.역사 소설을 묵묵히 집필해온 우직한 작가 안재성의 장편소설. 북한 엘리트로 한국전쟁에 참가했다가 포로로 잡혀 10년간의 수용소, 감옥 생활을 겪은 실존인물 정찬우의 수기를 바탕으로 전쟁의 참상을 생생하게 그리고 있는 소설이다.",2018-03-15,https://image.aladin.co.kr/product/13680/53/coversum/8936434292_1.jpg,국내도서>소설/시/희곡>한국소설>2000년대 이후 한국소설
이반 일리치의 죽음,레프 니꼴라예비치 똘스또이,창비,대덕소프트웨어마이스터고등학교,IT00013146,892.83 똘57ㅇ,'창비세계문학' 7권. 똘스또이의 중단편 중에서 가장 훌륭한 작품이라는 평가를 받는 이반 일리치의 죽음은 삶에 대한 똘스또이의 생각과 문제의식이 잘 나타나 있다. 이 작품은 한 인간의 삶과 죽음을 냉철하게 관찰하고 분석하고 묘사했다.,2012-10-09,https://image.aladin.co.kr/product/2013/23/coversum/8936464078_2.jpg,국내도서>소설/시/희곡>러시아소설
어쩌면 스무 번,편혜영,문학동네,대덕소프트웨어마이스터고등학교,IT00013202,813.7 편94ㅇ,"우리를 둘러싼 일상을 고밀도로 압축해 보여줌으로써 표면화되지 않은 삶의 뒷모습을 감각하게 하는 작가 편혜영의 여섯번째 소설집. 이번 소설집은 우리에게 익숙한 장소와 관계를 새로이 돌아보게 함으로써 한국문학의 예외적인 시간을 경험하게 하는, 등단 22년 차에 접어든 편혜영 세계의 한 절정이라 할 수 있다.",2021-03-17,https://image.aladin.co.kr/product/26655/54/coversum/8954677606_1.jpg,국내도서>소설/시/희곡>한국소설>2000년대 이후 한국소설
내 영혼이 따뜻했던 날들,포리스트 카터,아름드리미디어,대덕소프트웨어마이스터고등학교,IT00013268,843 카884ㄴ c.9,"포리스트 카터의 자전적인 소설로, 이야기는 주인공인 '작은나무'가 홀어머니의 죽음으로 조부모와 함께 살게 되는 것으로 시작한다. 체로키족인 할아버지, 할머니와 함께 산 속 오두막에 살면서 '작은나무'는 산사람으로, 또 인디언으로 자연과 더불어 살아가면서 자연의 이치로 세상을 보고 판단하는 지혜를 배워간다.",2014-05-30,https://image.aladin.co.kr/product/19025/43/coversum/8955824955_1.jpg,국내도서>소설/시/희곡>영미소설
내 영혼이 따뜻했던 날들,포리스트 카터,아름드리미디어,대덕소프트웨어마이스터고등학교,IT00013277,843 카884ㄴ c.18,"포리스트 카터의 자전적인 소설로, 이야기는 주인공인 '작은나무'가 홀어머니의 죽음으로 조부모와 함께 살게 되는 것으로 시작한다. 체로키족인 할아버지, 할머니와 함께 산 속 오두막에 살면서 '작은나무'는 산사람으로, 또 인디언으로 자연과 더불어 살아가면서 자연의 이치로 세상을 보고 판단하는 지혜를 배워간다.",2014-05-30,https://image.aladin.co.kr/product/19025/43/coversum/8955824955_1.jpg,국내도서>소설/시/희곡>영미소설
땀 흘리는 소설,김혜진 김세희 김애란 서유미 구병모 김재영 윤고은 장강명,창비교육,대덕소프트웨어마이스터고등학교,IT00016037,813.7 김94ㄸ c.6,"현직 교사들이 사회에 첫발을 내딛을 제자들을 걱정하며, 앞으로의 사회생활에 지표가 되어 줄 8편의 소설을 가려 엮은 책. 책에는 동시대 청년들의 애환을 섬세하게 그려 내고 있는 작가 8명의 단편 소설이 실려 있다.",2019-03-01,https://image.aladin.co.kr/product/18570/39/coversum/k002635860_1.jpg,국내도서>소설/시/희곡>한국소설>2000년대 이후 한국소설
부끄러움을 가르칩니다,박완서,문학동네,대덕소프트웨어마이스터고등학교,IT00011118,813.6 박65ㅂ c.2,박완서의 단편소설 전집이 새로운 장정으로 선보인다. 1권 <부끄러움을 가르칩니다>에는 1971년 3월부터 1975년 6월까지 발표한 작품들을 실었다. 이 초기소설들에서는 부조리한 현실세계에 안주함으로써 더 큰 절망감에 빠지는 인물의 모습이 집중적으로 묘사된다.,2013-06-04,https://image.aladin.co.kr/product/68/25/coversum/8954601936_3.jpg,국내도서>소설/시/희곡>한국소설>2000년대 이전 한국소설
그의 외롭고 쓸쓸한 밤,박완서,문학동네,대덕소프트웨어마이스터고등학교,IT00011120,813.6 박65 v.3,"박완서의 단편소설 전집 제3권. 1979년 3월부터 1983년 8월까지 발표한 작품들을 수록했다. 이 책에서는 특히 속물성과 위선이 난무하는 현실에 대한 비판이 두드러진다. 젊은이들의 무관심과 조롱 속에서 욀보게 늙어가는 노인들의 모습을 담아낸 '황혼', '천변풍경'과, 출세한 자들의 허위를 그린 '내가 놓친 화합', '그의 외롭고 쓸쓸한 밤'을 비롯, 모두 열일곱 편의 소설이 실렸다.",2013-06-04,https://image.aladin.co.kr/product/68/25/coversum/8954601952_2.jpg,국내도서>소설/시/희곡>한국소설>2000년대 이전 한국소설
룬의 아이들 윈터러 1  겨울의 검,전민희,제우미디어,대덕소프트웨어마이스터고등학교,EM00012088,813.6 전38ㄹ v.1 c.2,"아름다운 세계관과 개성 넘치는 캐릭터, 유려한 문체와 깊이 있는 감성으로 한국 판타지를 이끌어온 전민희 작가의 대표작 룬의 아이들 - 윈터러(전7권)가 엘릭시르에서 새롭게 출간되었다.",2019-06-21,https://image.aladin.co.kr/product/19521/63/coversum/8954656234_1.jpg,국내도서>소설/시/희곡>판타지/환상문학>한국판타지/환상소설
룬의 아이들 6  봉인의 딸이 부르는 소리,전민희,제우미디어,대덕소프트웨어마이스터고등학교,EM00012098,813.6 전38ㄹ v.6 c.2,,,,
룬의 아이들 2부 데모닉 2 1,전민희,제우미디어,대덕소프트웨어마이스터고등학교,EM00012102,813.6 전38ㄹ v.2-1 c.2,전민희 작가의 대표작 룬의 아이들 - 윈터러에 이어 시리즈 2부인 룬의 아이들 - 데모닉이 엘릭시르에서 새롭게 출간되었다. '룬의 아이들' 시리즈는 국내 판매량 총 160만 부를 넘은 밀리언셀러다.,2020-06-10,https://image.aladin.co.kr/product/24258/47/coversum/895467187x_1.jpg,국내도서>소설/시/희곡>판타지/환상문학>한국판타지/환상소설
룬의 아이들 2부 데모닉 2 2,전민희,제우미디어,대덕소프트웨어마이스터고등학교,EM00012103,813.6 전38ㄹ v.2-2,전민희 작가의 대표작 룬의 아이들 - 윈터러에 이어 시리즈 2부인 룬의 아이들 - 데모닉이 엘릭시르에서 새롭게 출간되었다. '룬의 아이들' 시리즈는 국내 판매량 총 160만 부를 넘은 밀리언셀러다.,2020-06-10,https://image.aladin.co.kr/product/24258/47/coversum/895467187x_1.jpg,국내도서>소설/시/희곡>판타지/환상문학>한국판타지/환상소설
룬의 아이들 2부 데모닉 2 4,전민희,제우미디어,대덕소프트웨어마이스터고등학교,EM00012108,813.6 전38ㄹ v.2-4 c.2,전민희 작가의 대표작 룬의 아이들 - 윈터러에 이어 시리즈 2부인 룬의 아이들 - 데모닉이 엘릭시르에서 새롭게 출간되었다. '룬의 아이들' 시리즈는 국내 판매량 총 160만 부를 넘은 밀리언셀러다.,2020-06-10,https://image.aladin.co.kr/product/24258/44/coversum/8954671918_2.jpg,국내도서>소설/시/희곡>판타지/환상문학>한국판타지/환상소설
룬의 아이들 2부 데모닉 2 7,전민희,제우미디어,대덕소프트웨어마이스터고등학교,EM00012114,813.6 전38ㄹ v.2-7 c.2,전민희 작가의 대표작 룬의 아이들 - 윈터러에 이어 시리즈 2부인 룬의 아이들 - 데모닉이 엘릭시르에서 새롭게 출간되었다. '룬의 아이들' 시리즈는 국내 판매량 총 160만 부를 넘은 밀리언셀러다.,2020-06-10,https://image.aladin.co.kr/product/24258/45/coversum/8954671950_1.jpg,국내도서>소설/시/희곡>판타지/환상문학>한국판타지/환상소설
백설공주에게 죽음을,넬레 노이하우스,북로드,대덕소프트웨어마이스터고등학교,EM00019560,853 노68ㅂ c.3,전 세계에 독일 미스터리를 각인시킨 작가 넬레 노이하우스의 대표작이자 유럽 최고 인기 시리즈인 '타우누스 시리즈'의 네 번째 작품이다. 이 책은 2010년 출간 사흘 만에 베스트셀러 순위에 올라 무려 32주 동안 1위를 지키는 기염을 토했다.,2024-05-24,https://image.aladin.co.kr/product/33976/65/coversum/k622930548_2.jpg,국내도서>소설/시/희곡>추리/미스터리소설>기타국가 추리/미스터리소설
수수께끼 풀이는 저녁식사 후에,히가시가와도쿠야,21세기북스,대덕소프트웨어마이스터고등학교,EM00012187,833.6 히12ㅅ,"일본에서 해리 포터 신작보다 많이 팔렸고(2011년 오리콘 차트 집계), 미스터리 장르에서는 처음으로 일본 서점대상을 수상했으며, 드라마, 연극, 영화로도 만들어져 '수수께끼 열풍'을 불러일으킨 히가시가와 도쿠야의 수수께끼 풀이는 저녁 식사 후에 시리즈.",2016-09-30,https://image.aladin.co.kr/product/9398/12/coversum/8950966603_1.jpg,국내도서>소설/시/희곡>추리/미스터리소설>일본 추리/미스터리소설
7년의 밤,정유정,은행나무,대덕소프트웨어마이스터고등학교,IT00008349,813.6 정66ㅊ c.5,"제1회 세계청소년문학상 수상작 내 인생의 스프링 캠프, 제5회 세계문학상 수상작 내 심장을 쏴라 작가 정유정의 장편소설. 수상 이후 오랜 시간 준비하여 야심 차게 내놓는 소설로, 치밀한 사전 조사와 압도적인 상상력으로 무장한 작품이다. 7년의 밤 동안 아버지와 아들에게 일어난 슬프고 신비로우며 통렬한 이야기가 펼쳐진다.",2011-03-23,https://image.aladin.co.kr/product/988/67/coversum/8956604991_3.jpg,국내도서>소설/시/희곡>한국소설>2000년대 이후 한국소설
초한지 4  서초 패왕,이문열,민음사,대덕소프트웨어마이스터고등학교,EM00012277,823.5 이36ㅊ v.4,"한 시대를 대표한 거장 이문열 작가의 역사 소설 『이문열 초한지』가 초판 이후 10여 년이 지난 지금, 코로나라는 극명한 난세 앞에 다시 나타났다. 이번 개정 신판은 작가가 환골탈태의 마음으로 6개월 동안 시대 상황을 고려한 보완 및 수정 작업을 거듭해 탄생한 책이다.",2020-11-05,https://image.aladin.co.kr/product/25493/66/coversum/8925589702_1.jpg,국내도서>소설/시/희곡>역사소설>외국 역사소설
초한지 8  밝아오는 한의 동녘,이문열,민음사,대덕소프트웨어마이스터고등학교,EM00012281,823.5 이36ㅊ v.8,,,,
초한지 9  오강에 지다,이문열,민음사,대덕소프트웨어마이스터고등학교,EM00012282,823.5 이36ㅊ v.9,,2020-11-05,https://image.aladin.co.kr/product/25493/73/coversum/8925589656_1.jpg,국내도서>소설/시/희곡>역사소설>외국 역사소설
내가 필요하면 전화해,레이먼드 카버,문학동네,대덕소프트웨어마이스터고등학교,IT00008255,840.81 카44ㄴ,"레이먼드 카버는 1988년에 세상을 떠났다. 그리고 10여 년 뒤, 그가 남긴 자료들을 정리하는 과정에서 생전에 발표되지 않은 단편소설 다섯 편이 발견되었다. 내가 필요하면 전화해는 이 미발표 단편들을 모은, 카버가 남긴 '마지막의 마지막' 목소리를 들려주는 책이다.",2015-08-28,https://image.aladin.co.kr/product/6537/96/coversum/8954637272_1.jpg,국내도서>소설/시/희곡>영미소설
사랑을 말할 때 우리가 이야기하는 것,레이먼드 카버,문학동네,대덕소프트웨어마이스터고등학교,IT00008256,843 카44ㅅ,미국 현대문학을 대표하는 소설가이자 시인 레이먼드 카버의 소설집 <사랑을 말할 때 우리가 이야기하는 것>이 출간됐다. 레이먼드 카버의 미망인과 공식 계약한 판본인 카버 전집은 작가의 작품집 구성 의도가 고스란히 살아 있는 완역본.,2005-02-24,https://image.aladin.co.kr/product/54/49/coversum/8982817239_1.jpg,국내도서>소설/시/희곡>영미소설
                       2 8,Felicity Everett,Usborne,대덕소프트웨어마이스터고등학교,EL00000115,747 U84 v.Y-2-8,,,,
룬의 아이들 윈터러 1  겨울의 검,전민희,제우미디어,대덕소프트웨어마이스터고등학교,EM00012087,813.6 전38ㄹ v.1,"아름다운 세계관과 개성 넘치는 캐릭터, 유려한 문체와 깊이 있는 감성으로 한국 판타지를 이끌어온 전민희 작가의 대표작 룬의 아이들 - 윈터러(전7권)가 엘릭시르에서 새롭게 출간되었다.",2019-06-21,https://image.aladin.co.kr/product/19521/63/coversum/8954656234_1.jpg,국내도서>소설/시/희곡>판타지/환상문학>한국판타지/환상소설
룬의아이들 5,전민희,제우미디어,대덕소프트웨어마이스터고등학교,EM00012095,813.6 전38ㄹ v.5,전민희 작가의 대표작 룬의 아이들 '블러디드' 편. '룬의 아이들' 시리즈 3부에 해당하는 이번 작품은 속도감 있는 전개와 새로운 캐릭터의 등장으로 첫 권부터 독자들의 호기심을 불러일으킨다.,2022-05-30,https://image.aladin.co.kr/product/29536/33/coversum/8954686664_2.jpg,국내도서>소설/시/희곡>판타지/환상문학>한국판타지/환상소설
룬의 아이들 6  봉인의 딸이 부르는 소리,전민희,제우미디어,대덕소프트웨어마이스터고등학교,EM00012097,813.6 전38ㄹ v.6,,,,
룬의 아이들 윈터러 7  새벽을 택하라,전민희,제우미디어,대덕소프트웨어마이스터고등학교,EM00012099,813.6 전38ㄹ v.7,전민희 작가의 대표작 룬의 아이들 '블러디드' 편. '룬의 아이들' 시리즈 3부에 해당하는 이번 작품은 실종된 오빠에 얽힌 비밀과 맞서 분투하는 공녀 샤를로트를 중심으로 '블러디드'라는 힘에 관한 이야기를 다루고 있다.,2019-06-21,https://image.aladin.co.kr/product/19521/98/coversum/8954656595_1.jpg,국내도서>소설/시/희곡>판타지/환상문학>한국판타지/환상소설
룬의 아이들 윈터러 7  새벽을 택하라,전민희,제우미디어,대덕소프트웨어마이스터고등학교,EM00012100,813.6 전38ㄹ v.7 c.2,전민희 작가의 대표작 룬의 아이들 '블러디드' 편. '룬의 아이들' 시리즈 3부에 해당하는 이번 작품은 실종된 오빠에 얽힌 비밀과 맞서 분투하는 공녀 샤를로트를 중심으로 '블러디드'라는 힘에 관한 이야기를 다루고 있다.,2019-06-21,https://image.aladin.co.kr/product/19521/98/coversum/8954656595_1.jpg,국내도서>소설/시/희곡>판타지/환상문학>한국판타지/환상소설
룬의 아이들 2부 데모닉 2 3,전민희,제우미디어,대덕소프트웨어마이스터고등학교,EM00012106,813.6 전39ㄷ v.2-3 c.2,전민희 작가의 대표작 룬의 아이들 - 윈터러에 이어 시리즈 2부인 룬의 아이들 - 데모닉이 엘릭시르에서 새롭게 출간되었다. '룬의 아이들' 시리즈는 국내 판매량 총 160만 부를 넘은 밀리언셀러다.,2020-06-10,https://image.aladin.co.kr/product/24258/43/coversum/895467190x_2.jpg,국내도서>소설/시/희곡>판타지/환상문학>한국판타지/환상소설
룬의 아이들 2부 데모닉 2 6,전민희,제우미디어,대덕소프트웨어마이스터고등학교,EM00012111,813.6 전38ㄹ v.2-6,전민희 작가의 대표작 룬의 아이들 - 윈터러에 이어 시리즈 2부인 룬의 아이들 - 데모닉이 엘릭시르에서 새롭게 출간되었다. '룬의 아이들' 시리즈는 국내 판매량 총 160만 부를 넘은 밀리언셀러다.,2020-06-10,https://image.aladin.co.kr/product/24258/45/coversum/8954671942_1.jpg,국내도서>소설/시/희곡>판타지/환상문학>한국판타지/환상소설
백설공주에게 죽음을,넬레 노이하우스,북로드,대덕소프트웨어마이스터고등학교,EM00012175,853 노68ㅂ c.2,전 세계에 독일 미스터리를 각인시킨 작가 넬레 노이하우스의 대표작이자 유럽 최고 인기 시리즈인 '타우누스 시리즈'의 네 번째 작품이다. 이 책은 2010년 출간 사흘 만에 베스트셀러 순위에 올라 무려 32주 동안 1위를 지키는 기염을 토했다.,2024-05-24,https://image.aladin.co.kr/product/33976/65/coversum/k622930548_2.jpg,국내도서>소설/시/희곡>추리/미스터리소설>기타국가 추리/미스터리소설
7년의 밤,정유정,은행나무,대덕소프트웨어마이스터고등학교,IT00017653,813.6 정66ㅊ c.6,"제1회 세계청소년문학상 수상작 내 인생의 스프링 캠프, 제5회 세계문학상 수상작 내 심장을 쏴라 작가 정유정의 장편소설. 수상 이후 오랜 시간 준비하여 야심 차게 내놓는 소설로, 치밀한 사전 조사와 압도적인 상상력으로 무장한 작품이다. 7년의 밤 동안 아버지와 아들에게 일어난 슬프고 신비로우며 통렬한 이야기가 펼쳐진다.",2011-03-23,https://image.aladin.co.kr/product/988/67/coversum/8956604991_3.jpg,국내도서>소설/시/희곡>한국소설>2000년대 이후 한국소설
종이 여자,기욤 뮈소,밝은 세상,대덕소프트웨어마이스터고등학교,EM00012255,863 뮈55ㅈ,"기욤 뮈소의 대표작 《종이 여자》가 새로운 표지를 제작해 새롭게 만난다. 가슴 설레게 만드는 로맨스, 심장을 뛰게 만드는 서스펜스, 한시도 눈을 뗄 수 없게 만드는 영화적 긴장감, 현실과 상상의 세계를 자유롭게 넘나드는 판타지, 아무도 상상할 수 없는 기발한 결말이 함께한다.",2023-06-01,https://image.aladin.co.kr/product/31730/29/coversum/898437461x_1.jpg,국내도서>소설/시/희곡>프랑스소설
브리다,파울로 코엘료,문학동네,대덕소프트웨어마이스터고등학교,EM00012256,879 코64ㅂ,"연금술사, 베로니카, 죽기로 결심하다의 작가 파울로 코엘료가 들려주는 운명과 사랑에 관한 이야기. 브리다는 운명을 찾아나선 스무 살 브리다가 사랑을 찾고 더 나아가 자아를 발견하면서 변모해가는 가슴 뭉클한 여정의 기록이다. 1990년 출간되어 지금까지 전세계 독자들에게 큰 사랑을 받고 있다.",2010-10-20,https://image.aladin.co.kr/product/788/4/coversum/8954612997_1.jpg,국내도서>소설/시/희곡>스페인/중남미소설
초한지 3  칼과 영광,이문열,민음사,대덕소프트웨어마이스터고등학교,EM00012276,823.5 이36ㅊ v.3,"한 시대를 대표한 거장 이문열 작가의 역사 소설 『이문열 초한지』가 초판 이후 10여 년이 지난 지금, 코로나라는 극명한 난세 앞에 다시 나타났다. 이번 개정 신판은 작가가 환골탈태의 마음으로 6개월 동안 시대 상황을 고려한 보완 및 수정 작업을 거듭해 탄생한 책이다.",2020-11-05,https://image.aladin.co.kr/product/25493/66/coversum/8925589710_1.jpg,국내도서>소설/시/희곡>역사소설>외국 역사소설
풋내기들,레이먼드 카버,문학동네,대덕소프트웨어마이스터고등학교,IT00008254,843.5 카44ㅍ,레이먼드 카버의 두번째 소설집 사랑을 말할 때 우리가 이야기하는 것의 원본이다. 사랑을 말할 때 우리가 이야기하는 것에 포함된 17편의 단편이 편집자의 손을 거치지 않은 상태의 오리지널 버전 그대로 실렸다.,2015-03-05,https://image.aladin.co.kr/product/5370/44/coversum/8954635083_1.jpg,국내도서>소설/시/희곡>영미소설
대성당,레이먼드 카버,문학동네,대덕소프트웨어마이스터고등학교,IT00008259,843.5 카44ㄷ,"'문학동네 세계문학전집' 119권. '헤밍웨이 이후 가장 영향력 있는 소설가', '리얼리즘의 대가', '미국의 체호프' 등으로 불리며 미국 현대문학의 대표작가로 꼽히는 레이먼드 카버. 대성당은 단편작가로서 절정기에 올라 있던 레이먼드 카버의 문학적 성과가 고스란히 담겨 있는, 그의 대표작이다.",2014-05-23,https://image.aladin.co.kr/product/4036/7/coversum/8954624863_2.jpg,국내도서>소설/시/희곡>영미소설
룬의 아이들 윈터러 2,전민희,제우미디어,대덕소프트웨어마이스터고등학교,EM00012089,813.6 전38ㄹ v.2,"아름다운 세계관과 개성 넘치는 캐릭터, 유려한 문체와 깊이 있는 감성으로 한국 판타지를 이끌어온 전민희 작가의 대표작 룬의 아이들 - 윈터러(전7권)가 엘릭시르에서 새롭게 출간되었다.",2019-06-21,https://image.aladin.co.kr/product/19521/71/coversum/8954656544_1.jpg,국내도서>소설/시/희곡>판타지/환상문학>한국판타지/환상소설
룬의 아이들 2부 데모닉 2 6,전민희,제우미디어,대덕소프트웨어마이스터고등학교,EM00012112,813.6 전38ㄹ v.2-6 c.2,전민희 작가의 대표작 룬의 아이들 - 윈터러에 이어 시리즈 2부인 룬의 아이들 - 데모닉이 엘릭시르에서 새롭게 출간되었다. '룬의 아이들' 시리즈는 국내 판매량 총 160만 부를 넘은 밀리언셀러다.,2020-06-10,https://image.aladin.co.kr/product/24258/45/coversum/8954671942_1.jpg,국내도서>소설/시/희곡>판타지/환상문학>한국판타지/환상소설
7년의 밤,정유정,은행나무,대덕소프트웨어마이스터고등학교,EM00012422,813.6 정66ㅊ c.2,"제1회 세계청소년문학상 수상작 내 인생의 스프링 캠프, 제5회 세계문학상 수상작 내 심장을 쏴라 작가 정유정의 장편소설. 수상 이후 오랜 시간 준비하여 야심 차게 내놓는 소설로, 치밀한 사전 조사와 압도적인 상상력으로 무장한 작품이다. 7년의 밤 동안 아버지와 아들에게 일어난 슬프고 신비로우며 통렬한 이야기가 펼쳐진다.",2011-03-23,https://image.aladin.co.kr/product/988/67/coversum/8956604991_3.jpg,국내도서>소설/시/희곡>한국소설>2000년대 이후 한국소설
7년의 밤,정유정,은행나무,대덕소프트웨어마이스터고등학교,EM00012423,813.6 정66ㅊ c.3,"제1회 세계청소년문학상 수상작 내 인생의 스프링 캠프, 제5회 세계문학상 수상작 내 심장을 쏴라 작가 정유정의 장편소설. 수상 이후 오랜 시간 준비하여 야심 차게 내놓는 소설로, 치밀한 사전 조사와 압도적인 상상력으로 무장한 작품이다. 7년의 밤 동안 아버지와 아들에게 일어난 슬프고 신비로우며 통렬한 이야기가 펼쳐진다.",2011-03-23,https://image.aladin.co.kr/product/988/67/coversum/8956604991_3.jpg,국내도서>소설/시/희곡>한국소설>2000년대 이후 한국소설
초한지 1  짧은 제국의 황혼,이문열,민음사,대덕소프트웨어마이스터고등학교,EM00012274,823.5 이36ㅊ v.1,"한 시대를 대표한 거장 이문열 작가의 역사 소설 『이문열 초한지』가 초판 이후 10여 년이 지난 지금, 코로나라는 극명한 난세 앞에 다시 나타났다. 이번 개정 신판은 작가가 환골탈태의 마음으로 6개월 동안 시대 상황을 고려한 보완 및 수정 작업을 거듭해 탄생한 책이다.",2020-11-05,https://image.aladin.co.kr/product/25493/56/coversum/8925589737_1.jpg,국내도서>소설/시/희곡>역사소설>외국 역사소설
해를품은달 2  정운궐장편소설,정은궐,파란,대덕소프트웨어마이스터고등학교,EM00012837,810 정67해 v.2 c.2,,,,
창가의그림자 12  매그레시리즈,조르주심농,열린책들,대덕소프트웨어마이스터고등학교,EM00012833,860 조297창 v.12,"전 세계 50개 이상의 언어로 번역되어 5억 권 이상의 작품이 팔려 나간 작가 조르주 심농의 '매그레 시리즈' 12권. 파리 보주 광장 61번지의 혈청 제조실에서 사장 쿠셰가 살해당한 채로 발견된다. 의문스러운 점은 그가 금고 앞에 앉은 채로 쓰러져 있는데, 금고 속 돈은 감쪽같이 사라졌다는 것. 쿠셰의 세 여자와 아들, 그리고 보주 광장 61번지의 의심스러운 주민들 가운데 범인은 누구?",2011-09-20,https://image.aladin.co.kr/product/1306/16/coversum/8932915121_1.jpg,국내도서>소설/시/희곡>추리/미스터리소설>기타국가 추리/미스터리소설
더 리더 책 읽어주는 남자,베른하르트 슐링크,이레,대덕소프트웨어마이스터고등학교,EM00009874,853 슐298ㄷ,"베른하르트 슐링크의 대표작이자 영화 [더 리더]의 원작으로 잘 알려진 책 읽어주는 남자가 새롭게 출간되었다. 15세 소년과 36세 여인의 파격적인 사랑 이야기 속에 역사와 인간의 죄의식, 사랑, 윤리에 관한 깊은 통찰을 담은 소설이다.",2013-03-25,https://image.aladin.co.kr/product/2523/7/coversum/8952768566_1.jpg,국내도서>소설/시/희곡>독일소설
녹두장군  8 8,송기숙,시대의창출판사,대덕소프트웨어마이스터고등학교,EM00010072,813.6 송18ㄴ v.8,,2008-07-10,https://image.aladin.co.kr/product/232/23/coversum/8959401196_1.jpg,국내도서>소설/시/희곡>역사소설>한국 역사소설
당신  거기 있어줄래요 ,기욤 뮈소,밝은 세상,대덕소프트웨어마이스터고등학교,IT00006254,863 뮈55ㄷ c.2,"&lt구해줘&gt, &lt완전한 죽음&gt 등의 작품으로 주목받아온 프랑스 작가 기욤 뮈소의 장편소설. 과거로 돌아갈 수 있는 열 번의 기회를 얻게 된 한 남자의 이야기다. 기욤 뮈소 소설의 두드러진 특징인 로맨스와 미스터리 장르의 결합, 영상미가 돋보이는 생생한 화면 구성, 빠른 전개가 유감없이 발휘되어 있다.",2022-01-19,https://image.aladin.co.kr/product/28692/28/coversum/8984374407_1.jpg,국내도서>소설/시/희곡>프랑스소설
녹즙 배달원 강정민,김현진,한겨레출판,대덕소프트웨어마이스터고등학교,EM00019785,813.7 김94ㄴ,"에세이 네 멋대로 해라, 내가 죽고 싶다고 하자 삶이 농담을 시작했다의 저자 김현진이 슬프고도 명랑한 장편소설로 돌아왔다. 저자는 녹즙 배달원으로 2년 가까이 일한 경험을 바탕으로 녹즙 배달의 세계를 소설로써 구축해낸다.",2021-04-28,https://image.aladin.co.kr/product/27045/67/coversum/k332731787_1.jpg,국내도서>소설/시/희곡>한국소설>2000년대 이후 한국소설
트와일라잇,스테프니 메이어,북폴리오(대한교과서),대덕소프트웨어마이스터고등학교,EM00010105,843 메68ㅌ,"<트와일라잇> <뉴문> <이클립스>에 이은 나의 뱀파이어 연인 '트와일라잇' 시리즈 4부로, 마지막 이야기다. '트와일라잇' 시리즈는 인간이 뱀파이어와 사랑에 빠진다는 설정의 러브스토리로, 미국에서만 500만부 이상 판매된 세계적인 베스트셀러. 영화판은 2008년 12월부터 시작해, 시리즈 전 편이 차례로 한 편씩 개봉된다.",2009-06-15,https://image.aladin.co.kr/product/409/25/coversum/8937832542_3.jpg,국내도서>소설/시/희곡>판타지/환상문학>외국판타지/환상소설
엄마를 절에 버리러,이서수,자음과모음,대덕소프트웨어마이스터고등학교,EM00019750,813.7 이54ㅇ,"한국문학의 새로운 작가들을 만나는 가장 빠른 길을 안내하는 [자음과모음 트리플 시리즈]의 열일곱 번째 작품. 황산벌청년문학상, 이효석문학상, 젊은작가상을 수상한 작가 이서수의 첫 번째 소설집이다.",2023-04-07,https://image.aladin.co.kr/product/31448/38/coversum/8954448860_2.jpg,국내도서>소설/시/희곡>한국소설>2000년대 이후 한국소설
공주의남자 3  조선판 로미오와 줄리엣,김정민,페이퍼스토리,대덕소프트웨어마이스터고등학교,EM00012810,810 김74공 v.3,"드라마 [공주의 남자]를 소설로 만난다. 왕이 되고자 하는 열망에 들뜬 수양대군이 대신 김종서를 무참히 살해한 사건, 이른바 계유정난(1453)이다. 소설은 김종서의 아들 승유와 수양대군의 딸 세령 간의 운명적인 사랑을 다루고 있다. 여기에 승유를 사랑한 단종의 누이 경혜공주, 세령을 사랑한 신숙주의 아들 신면이 엇갈린 애정구도를 형성한다.",2011-11-10,https://image.aladin.co.kr/product/1340/92/coversum/899658343x_1.jpg,국내도서>소설/시/희곡>로맨스소설>한국 로맨스소설
삼미 슈퍼스타즈의 마지막 팬클럽,박민규,한겨레신문사,대덕소프트웨어마이스터고등학교,EM00010034,813.6 박38ㅅ,"필요 이상으로 일하고, 필요 이상으로 빠르게 흘러가는 세상에서 우리는 어떻게 살아남아야 할까. 이 질문에 대한 도발적인 대답으로 제8회 한겨레문학상을 수상한 박민규 작가의 삼미슈퍼스타즈의 마지막 팬클럽 개정 2판이 출간됐다.",2020-12-31,https://image.aladin.co.kr/product/25954/59/coversum/k962737805_1.jpg,국내도서>소설/시/희곡>한국소설>2000년대 이후 한국소설
내 심장을 쏴라,정유정,은행나무,대덕소프트웨어마이스터고등학교,EM00010369,813.6 정66ㄴ c.2,"<내 인생의 스프링캠프>로 세계청소년문학상을 수상했던 정유정의 장편소설. 1억원 고료 2009년 제5회 세계문학상을 수상했다. 김화영, 황석영, 박범신, 구효서, 하응백, 김형경, 은희경, 서영채, 김미현 등이 심사위원으로 나선 세계문학상 심사에서 '뜨거운 감동과 생에 대한 각성이 꿈틀대며, 희망에 대한 끈을 다시 움켜잡게 만드는 마력이 깃든 작품'이라는 평을 받았다.",2009-05-20,https://image.aladin.co.kr/product/364/94/coversum/s956602999_1.jpg,국내도서>소설/시/희곡>한국소설>2000년대 이후 한국소설
치유를 파는 찻집,모리사와 아키오,북플라자,대덕소프트웨어마이스터고등학교,EM00019725,833.6 모298ㅊ,찻집 쇼와당의 사장인 키리코는 엉뚱하고 신기한 매력을 가진 미인이다. 한가로운 것처럼 보이지만 사실 그녀의 숨겨진 직업은 사람들의 고민을 해결해주는 ‘치유사’다. 어떤 어려운 의뢰라도 기상천외한 방법으로 해결하는 그녀에게도 가슴 아픈 과거가 있었는데….,2023-08-16,https://image.aladin.co.kr/product/32286/0/coversum/k132834753_1.jpg,국내도서>소설/시/희곡>추리/미스터리소설>일본 추리/미스터리소설
동해 2,김경진,들녘,대덕소프트웨어마이스터고등학교,EM00009949,813.6 김14ㄷ v.2,"소설의 소재는 한반도 주변 해역, 그것도 바다 밑에서 벌어지는 잠수함전이다. 한국 해군이 장비할 독일제 212급 잠수함의 작전배치를 둘러싸고 벌어지는 미, 러, 중, 일 4개국 해군의 신경전이 결국 우발적인 실전으로 확대된다는 시나리오다.",2006-05-04,https://image.aladin.co.kr/product/4/15/coversum/897527537x_1.jpg,국내도서>소설/시/희곡>한국소설>2000년대 이전 한국소설
변명 2,정길연,이룸,대덕소프트웨어마이스터고등학교,EM00010027,813.6 정18ㅂ v.2,"SBS TV 일일드라마 [두 아내] 원작 소설. 누가 봐도 남부러울 것 없는 결혼 생활을 이어가던 현강과 태희, 눈에 넣어도 아프지 않을 딸 마리. 이들의 평범한 결혼 생활에 변화가 나타난다. 현강의 첫사랑 은묘. 현강은 은묘를 다시 만난 순간부터 그녀와의 사랑에 급격히 빠져든다. 그런 현강을 태희는 사랑할 권리를 존중해준다는 이유로 아무런 제지도 하지 않는다. 그러던 어느 날 현강이 교통사고로 의식불명 상태가 되는데…",2009-05-01,https://image.aladin.co.kr/product/367/21/coversum/8957074554_1.jpg,국내도서>소설/시/희곡>한국소설>2000년대 이후 한국소설
녹두장군  3 3,송기숙,시대의창출판사,대덕소프트웨어마이스터고등학교,EM00010067,813.6 송18ㄴ v.3,,2008-07-10,https://image.aladin.co.kr/product/232/22/coversum/8959401145_1.jpg,국내도서>소설/시/희곡>역사소설>한국 역사소설
사실은  단 한 사람이면 되었다,정해연,북멘토,대덕소프트웨어마이스터고등학교,EM00019751,813.7 정93ㅅ,"SF, 판타지, 추리, 공포 등 여러 장르를 포괄하는 문학 시리즈 ‘텔레포터’의 첫 번째 책이다. 이 작품은 한국 미스터리 스릴러 소설 분야에서 가장 주목받는 작가 중 한 명인 정해연 작가의 판타지 소설로 시공을 초월한 시간 여행을 다루고 있다.",2023-02-13,https://image.aladin.co.kr/product/31016/16/coversum/8963195031_1.jpg,국내도서>소설/시/희곡>판타지/환상문학>한국판타지/환상소설
해를품은달 1  정은궐장편소설,정은궐,파란,대덕소프트웨어마이스터고등학교,EM00019608,810 정67해 v.1 c.3,,,,
공주의남자 2  조선판 로미오와 줄리엣,김종민,페이퍼스토리,대덕소프트웨어마이스터고등학교,EM00012840,810 김75공 v.2,,,,
고래여인의 속삭임,알론소 꾸에또,들녘,대덕소프트웨어마이스터고등학교,EM00009935,873 꾸64ㄱ,"과거의 악몽이 현실에서 되살아나고, 두 여인의 해묵은 상처가 고개를 든다. 모티프는 두 가지다. '여성'과 '완벽한 몸을 향한 숭배와 욕망'. 2007년 역량 있는 스페인어권의 라틴아메리카 소설가를 발굴하기 위해 제정된 '플라네타―카사 데 아메리카 상'의 제1회 수상작.",2008-03-03,https://image.aladin.co.kr/product/185/5/coversum/897527604x_1.jpg,국내도서>소설/시/희곡>스페인/중남미소설
왕은 웃었다 1,류재빈,파피루스,대덕소프트웨어마이스터고등학교,IT00004372,813.7 류73ㅇ v.1,"비를 내릴 수 있는 단 한 사람인 왕과, 그 왕을 지키는 군위를 꿈꾸는 소년 라야의 이야기. 이 책은 작가가 관찰한 사람의 이야기에서 출발한다. 새로운 세계를 설득력 있게 그려 낸 이 작품은 작가의 자연에 대한, 환경에 대한 관심을 담고 있다. 물이 부족한 척박한 세계에서 조금씩 성장해 나가는 라야라는 소년의 이야기는 환상소설이 자칫 빠지기 쉬운 세계관의 구축이라는 함정을 가뿐하게 뛰어넘는다. 다른 세계라는 이질감보다는 라야라는 인물에 집중해 이야기를 전개시킴으로써 독자들의 재미를 극대화시킨다.",2011-09-02,https://image.aladin.co.kr/product/1303/44/coversum/8926709949_1.jpg,국내도서>소설/시/희곡>판타지/환상문학>한국판타지/환상소설
잘못된 장소 잘못된 시간,질리언 매캘리스터,시옷북스,대덕소프트웨어마이스터고등학교,EM00019724,843 매873ㅈ,이야기는 10월 말의 어느 날 밤 젠이 얼마 전 열여덟 살이 된 아들 토드의 귀가를 기다리는 장면으로 시작한다. 막 통금 시간이 지날 무렵 드디어 집 앞에 모습을 드러낸 토드. 그런데 아들은 갑자기 나타난 낯선 남자를 칼로 찔러 살해한다,2023-07-27,https://image.aladin.co.kr/product/32145/31/coversum/k952834116_1.jpg,국내도서>소설/시/희곡>추리/미스터리소설>영미 추리/미스터리소설
가장 질긴 족쇄  가장 지긋지긋한 족속  가족,류현재,자음과모음,대덕소프트웨어마이스터고등학교,EM00019756,813.7 류94ㄱ,"제8회 교보문고 스토리공모전 우수상 수상작. ‘가족 간병’이라는 예민한 소재를 흡입력 넘치는 스토리로 녹여낸, 인간의 가장 본질적이고 강렬한 사랑과 증오가 뒤얽힌 관계에 관한 이야기다. 한때 누구보다 사랑하는 존재였지만 남보다 못한 사이가 된, 그러고도 끊을 수 없는 ‘가장 질긴 족쇄’인 가족에 대해 사실적이고 집요하게 조명한다.",2022-05-06,https://image.aladin.co.kr/product/29369/54/coversum/8954448259_1.jpg,국내도서>소설/시/희곡>한국소설>2000년대 이후 한국소설
날개의 날개,아사히나 아스카,미래지향,대덕소프트웨어마이스터고등학교,EM00019757,833.6 아52ㄴ,육아 문제로 전업주부가 된 아리이즈미 마도카. 이제는 삶의 목표가 된 그녀의 초등학교 2학년 아들 츠바사(날개)는 시험 삼아 우연히 본 전국 경시대회에서 우수한 성적을 얻는다. 이를 계기로 대형 입시 학원 ‘에이치’에 들어간 츠바사는 명문 중학교 입학시험에 도전하기로 하고 입시 준비반에 들어가는데...,2023-06-15,https://image.aladin.co.kr/product/31836/43/coversum/k062833224_1.jpg,국내도서>소설/시/희곡>일본소설>1950년대 이후 일본소설
엄마라는 이름의 별,카렌 수산 페셀,뜨인돌,대덕소프트웨어마이스터고등학교,EM00004368,853 페54ㅇ,"죽음을 앞두고 생의 기쁨을 어린 딸에게 알려주고 싶어하는 엄마와, 얼마 안 남은 엄마와의 시간을 씩씩하게 견뎌내는 가족들의 심정을 그린 성장소설. 11살 소녀 루이제의 시점으로 이야기가 전개된다. 긴 이별인 죽음을 마주한 가족들의 모습을 통해 죽음과 가정의 의미를 되새기게 하는 책.",2003-11-04,https://image.aladin.co.kr/product/44/1/coversum/8986183994_1.gif,국내도서>소설/시/희곡>독일소설
둠즈데이 북,코니 윌리스,열린책들,대덕소프트웨어마이스터고등학교,EM00004559,843 윌298ㄷ,"지금까지 휴고상 11회, 네뷸러상 7회, 로커스상 12회를 수상하며 명실상부한 SF 그랜드마스터이자 지존으로 자리잡은 코니 윌리스의 대표작이자, 단편 '화재감시원'의 세계관을 이은 옥스퍼드 시간 여행 연작의 첫 장편 소설.",2018-02-22,https://image.aladin.co.kr/product/13400/37/coversum/k722532203_1.jpg,국내도서>소설/시/희곡>과학소설(SF)>외국 과학소설
일식,히라노게이치로,문학동네,대덕소프트웨어마이스터고등학교,EM00004572,833.6 히292ㅇ,"120회 일본 아쿠타가와상 수상작. 연금술적인 깨달음을 소재로 한다. 아쿠타가와 사상 대학생이 23년만에 처음으로 상을 받은 데다, 소재와 표현기법이 특이해 당시 일본열도를 떠들썩하게 했다. 소설은 초로의 성직자가 16세기 초반 시점에서 젊은 수도사 시절(1482년)에 겪은 비밀스런 기적을 회상하는 형식으로 전개된다.",2009-06-01,https://image.aladin.co.kr/product/407/49/coversum/8954608132_1.jpg,국내도서>소설/시/희곡>일본소설>1950년대 이후 일본소설
19세,이순원,세계사,대덕소프트웨어마이스터고등학교,EM00012118,813.6 이57ㅅ c.3,단비 청소년 문학 42.195 34권. 우리나라 성장 소설의 원조라 불리는 이순원 작가의 장편소설이다. 작가는 이 소설의 주인공과 같은 나이의 청소년들이 그의 모험과 고민을 자신의 고민으로 유쾌하게 읽어낼 수 있도록 이야기를 많이 다듬었다고 말한다.,2022-01-05,https://image.aladin.co.kr/product/28619/72/coversum/k762835050_1.jpg,국내도서>청소년>청소년 문학>청소년 소설
19세,이순원,세계사,대덕소프트웨어마이스터고등학교,EM00009713,813.6 이57ㅅ c.2,단비 청소년 문학 42.195 34권. 우리나라 성장 소설의 원조라 불리는 이순원 작가의 장편소설이다. 작가는 이 소설의 주인공과 같은 나이의 청소년들이 그의 모험과 고민을 자신의 고민으로 유쾌하게 읽어낼 수 있도록 이야기를 많이 다듬었다고 말한다.,2022-01-05,https://image.aladin.co.kr/product/28619/72/coversum/k762835050_1.jpg,국내도서>청소년>청소년 문학>청소년 소설
유부남 이야기,마르셀로 비르마헤르,문학동네,대덕소프트웨어마이스터고등학교,EM00004612,873 비297ㅇ,"한끝 차이로 자꾸 비껴가는 삶, 마음껏 소리지를 수조차 없는 마음의 감옥에서 탈출하고 싶은 유부남들의 이야기. 아르헨티나의 유대인 작가 마르셀로 비르마헤르가 쓴 '유부남 이야기' 시리즈 세 권 중에서, 작가가 추천하는 일곱 작품을 묶었다. 비르마헤르는 늘 유대인을 주인공으로 하여 아이러니한 유머를 구사한다는 점에서 '아르헨티나의 우디 앨런'이라는 평을 받는 인물.",2006-05-02,https://image.aladin.co.kr/product/64/83/coversum/8954601472_1.jpg,국내도서>소설/시/희곡>스페인/중남미소설
비밀과 거짓말,은희경,문학동네,대덕소프트웨어마이스터고등학교,EM00009399,813.6 은97ㅂ c.2,"3년만에 은희경이 새 소설을 펴냈다. 여덟 번째 책이자 다섯 번째 장편소설로, 2003년 여름부터 2004년 봄까지 계간 '문학동네'에 연재되었던 글이다.",2005-01-29,https://image.aladin.co.kr/product/53/88/coversum/8982819401_2.jpg,국내도서>소설/시/희곡>한국소설>2000년대 이후 한국소설
제5도살장,커트 보네거트,아이필드,대덕소프트웨어마이스터고등학교,EM00004648,843 보194ㅈ,"문학동네 세계문학전집 150권. 드레스덴 폭격을 소재로 한, 커트 보니것의 대표작. 주인공 빌리 필그림은 시간과 시간 사이를 떠돌며 여행한다. 유쾌하고 황당한 이야기 뒤에 숨어 있는 비관론과 허무주의, 그리고 인간에 대한 희망. 오직 보니것만이 쓸 수 있는 독특한 반전(反戰)소설이다.",2016-12-09,https://image.aladin.co.kr/product/7492/11/coversum/8954643256_1.jpg,국내도서>소설/시/희곡>과학소설(SF)>외국 과학소설
 김재영 소설집 코끼리,김재영,실천문학,대덕소프트웨어마이스터고등학교,EM00004716,813.6 김73ㅋ,,,,
해리포터와 아즈카반의 죄수 제3권 하 3 2,조앤 롤링,문학수첩,대덕소프트웨어마이스터고등학교,EM00004779,843 롤298ㅎ v.3-2 c.2,,,,
멋진 신세계,올더스 헉슬리,문예출판사,대덕소프트웨어마이스터고등학교,EM00004784,843 헉57ㅁ,"올더스 헉슬리는 명문 집안 출신의 영국 작가로서 광범위한 지식뿐 아니라 예리한 지성과 우아한 문체, 그리고 때로는 냉소적인 유머 감각으로 유명하다. 그가 1932년에 발표한 작품 멋진 신세계는 금세기에 미래를 가장 깊이 있고 날카롭게 파헤친 작품 중의 하나로 평가받는다.",2015-06-12,https://image.aladin.co.kr/product/6083/61/coversum/8973814729_2.jpg,국내도서>소설/시/희곡>과학소설(SF)>외국 과학소설
슬픈약속 2,김영임,민미디어,대덕소프트웨어마이스터고등학교,EM00004797,813.6 김64ㅅ v.2,,2002-04-17,https://image.aladin.co.kr/product/34/54/coversum/8955520379_1.gif,국내도서>소설/시/희곡>한국소설>2000년대 이후 한국소설
남한강 1  잃어버린 세월 1,강승원,소담,대덕소프트웨어마이스터고등학교,EM00004924,813.6 강57ㄴ v.1,,,,
사막의 반란 상 1,T.E. 로렌스,범우사,대덕소프트웨어마이스터고등학교,EM00005056,843 로294ㅅ v.1,,,,
정체성,밀란 쿤데라,민음사,대덕소프트웨어마이스터고등학교,EM00005108,863 쿤24ㅈ,"포스트모더니즘 계열의 작가로서 세계적인 명성을 떨치고 있는 밀란 쿤데라의 장편소설. 어린 아들이 죽은 후 샹탈은 남편과 이혼하고 연하의 연인 장마르크와 살고 있다. 자신이 늙어 간다는 사실에 서글퍼하던 샹탈은 어느 날 장마르크에게 ""남자들이 더 이상 날 쳐다보지 않아.""라는 말을 던지고, 장마르크는 샹탈을 기쁘게 해 주기 위해 익명으로 그녀에게 편지를 보내기 시작한다.",2012-05-18,https://image.aladin.co.kr/product/1707/52/coversum/8937484099_1.jpg,국내도서>소설/시/희곡>세계의 소설>동유럽소설
                 ,Roald Dahl,Puffin Books,대덕소프트웨어마이스터고등학교,EM00016985,843 D131m,"『원서 읽는 단어장』의 열한 번째 책으로 20세기 최고의 인기 작가 로알드 달(Roald Dahl)의 대표 단편 작품을 영어원서로 읽도록 도와주는 책이다. 먼저 출간된 『원서 읽는 단어장』시리즈의 도서들과 마찬가지로 해당 원서에 등장하는 어려운 어휘가 본문 등장 순서대로 정리되어 있어 원서를 쉽게 읽고 자연스럽게 어휘력이 향상되도록 도와주며, 이어지는 Comprehension Quiz를 통해 본문 내용에 대한 이해도를 측정해볼 수 있도록 구성되어 있다.",2010-11-01,https://image.aladin.co.kr/product/801/56/coversum/8956054878_1.jpg,국내도서>외국어>영어독해
                 ,Roald Dahl,Puffin Books,대덕소프트웨어마이스터고등학교,EM00017001,843 D131m c.17,"『원서 읽는 단어장』의 열한 번째 책으로 20세기 최고의 인기 작가 로알드 달(Roald Dahl)의 대표 단편 작품을 영어원서로 읽도록 도와주는 책이다. 먼저 출간된 『원서 읽는 단어장』시리즈의 도서들과 마찬가지로 해당 원서에 등장하는 어려운 어휘가 본문 등장 순서대로 정리되어 있어 원서를 쉽게 읽고 자연스럽게 어휘력이 향상되도록 도와주며, 이어지는 Comprehension Quiz를 통해 본문 내용에 대한 이해도를 측정해볼 수 있도록 구성되어 있다.",2010-11-01,https://image.aladin.co.kr/product/801/56/coversum/8956054878_1.jpg,국내도서>외국어>영어독해
                 ,Roald Dahl,Puffin Books,대덕소프트웨어마이스터고등학교,EM00017004,843 D131m c.20,"『원서 읽는 단어장』의 열한 번째 책으로 20세기 최고의 인기 작가 로알드 달(Roald Dahl)의 대표 단편 작품을 영어원서로 읽도록 도와주는 책이다. 먼저 출간된 『원서 읽는 단어장』시리즈의 도서들과 마찬가지로 해당 원서에 등장하는 어려운 어휘가 본문 등장 순서대로 정리되어 있어 원서를 쉽게 읽고 자연스럽게 어휘력이 향상되도록 도와주며, 이어지는 Comprehension Quiz를 통해 본문 내용에 대한 이해도를 측정해볼 수 있도록 구성되어 있다.",2010-11-01,https://image.aladin.co.kr/product/801/56/coversum/8956054878_1.jpg,국내도서>외국어>영어독해
반쪽의 고향,이상금,샘터사,대덕소프트웨어마이스터고등학교,EM00004444,813.6 이51ㅂ,,1996-07-30,https://image.aladin.co.kr/product/5/74/coversum/8946405368_1.jpg,국내도서>소설/시/희곡>한국소설>2000년대 이전 한국소설
                                 ,Roald Dahl,Puffin Books,대덕소프트웨어마이스터고등학교,EM00017009,843 D131g c.4,"『원서 읽는 단어장』의 열한 번째 책으로 20세기 최고의 인기 작가 로알드 달(Roald Dahl)의 대표 단편 작품을 영어원서로 읽도록 도와주는 책이다. 먼저 출간된 『원서 읽는 단어장』시리즈의 도서들과 마찬가지로 해당 원서에 등장하는 어려운 어휘가 본문 등장 순서대로 정리되어 있어 원서를 쉽게 읽고 자연스럽게 어휘력이 향상되도록 도와주며, 이어지는 Comprehension Quiz를 통해 본문 내용에 대한 이해도를 측정해볼 수 있도록 구성되어 있다.",2010-11-01,https://image.aladin.co.kr/product/801/56/coversum/8956054878_1.jpg,국내도서>외국어>영어독해
                                 ,Roald Dahl,Puffin Books,대덕소프트웨어마이스터고등학교,EM00017020,843 D131g c.15,"『원서 읽는 단어장』의 열한 번째 책으로 20세기 최고의 인기 작가 로알드 달(Roald Dahl)의 대표 단편 작품을 영어원서로 읽도록 도와주는 책이다. 먼저 출간된 『원서 읽는 단어장』시리즈의 도서들과 마찬가지로 해당 원서에 등장하는 어려운 어휘가 본문 등장 순서대로 정리되어 있어 원서를 쉽게 읽고 자연스럽게 어휘력이 향상되도록 도와주며, 이어지는 Comprehension Quiz를 통해 본문 내용에 대한 이해도를 측정해볼 수 있도록 구성되어 있다.",2010-11-01,https://image.aladin.co.kr/product/801/56/coversum/8956054878_1.jpg,국내도서>외국어>영어독해
양철북,귄터 그라스,범우사,대덕소프트웨어마이스터고등학교,EM00004534,853 그292ㅇ,"1999년 노벨문학상 수상작인 독일작가 귄터 그라스의 대표작. 정신병원에 갇힌 화자 오스카의 회상을 통해 전쟁, 종교, 섹스 등 인간의 온갖 모습들을 서술로 풀어낸 작품이다. 1959년 발표된 이 책은 강렬한 언어구사, 반어와 풍자, 외설적인 성 묘사, 신성 모독 등의 숱한 화제를 뿌렸지만 독일의 권위적인 문학상을 모두 휩쓸었다.",1999-10-04,https://image.aladin.co.kr/product/20/74/coversum/s432933848_1.jpg,국내도서>소설/시/희곡>독일소설
19세,이순원,세계사,대덕소프트웨어마이스터고등학교,EM00004599,813.6 이57ㅅ,단비 청소년 문학 42.195 34권. 우리나라 성장 소설의 원조라 불리는 이순원 작가의 장편소설이다. 작가는 이 소설의 주인공과 같은 나이의 청소년들이 그의 모험과 고민을 자신의 고민으로 유쾌하게 읽어낼 수 있도록 이야기를 많이 다듬었다고 말한다.,2022-01-05,https://image.aladin.co.kr/product/28619/72/coversum/k762835050_1.jpg,국내도서>청소년>청소년 문학>청소년 소설
궁 1 1,이윤아,서울문화사,대덕소프트웨어마이스터고등학교,EM00004616,813.6 이66ㄱ v.1,,,,
비밀과 거짓말,은희경,문학동네,대덕소프트웨어마이스터고등학교,EM00004626,813.6 은97ㅂ,"3년만에 은희경이 새 소설을 펴냈다. 여덟 번째 책이자 다섯 번째 장편소설로, 2003년 여름부터 2004년 봄까지 계간 '문학동네'에 연재되었던 글이다.",2005-01-29,https://image.aladin.co.kr/product/53/88/coversum/8982819401_2.jpg,국내도서>소설/시/희곡>한국소설>2000년대 이후 한국소설
아저씨의 훈장,박완서,문학동네,대덕소프트웨어마이스터고등학교,EM00004647,813.6 박66ㅂ,,1999-11-20,https://image.aladin.co.kr/product/21/21/coversum/8982812288_1.gif,국내도서>소설/시/희곡>한국소설>2000년대 이전 한국소설
유림 2       사람에 이르는 길,최인호,열림원,대덕소프트웨어마이스터고등학교,EM00004686,813.6 최68ㅇ v.2,,2005-06-30,https://image.aladin.co.kr/product/56/92/coversum/8970634703_2.jpg,국내도서>소설/시/희곡>한국소설>2000년대 이후 한국소설
아서 고든 핌의 모험,에드거 앨런 포,황금가지,대덕소프트웨어마이스터고등학교,EM00004717,843 포64ㅇ,"창비세계문학 58, 19세기 미국을 대표하는 작가 에드거 앨런 포의 장편소설 <아서 고든 핌의 이야기>. 주인공 아서 고든 핌이 청년 시절 배를 타고 모험을 떠난 이야기를 중심으로 작가 포와 출판사 편집자가 이야기 안팎을 넘나들며 허구와 실제를 입체적으로 구성한 소설이다.",2017-06-23,https://image.aladin.co.kr/product/11234/4/coversum/8936464582_1.jpg,국내도서>소설/시/희곡>영미소설
빨간기와 1,차오원쉬엔,새움,대덕소프트웨어마이스터고등학교,EM00004767,823 차65ㅃ v.1,"이전에 <빨간 기와>, <까만 기와>로 분리되어 출간되었던 것을 <빨간 기와>라는 제목으로 묶어 다시 펴냈다. 60년대와 70년대의 중국 농촌을 배경으로 아이들이 자라는 모습을 그림같이 그려냈다.",2005-03-25,https://image.aladin.co.kr/product/55/16/coversum/8988537661_1.jpg,국내도서>소설/시/희곡>중국소설
람세스 5 5,크리스티앙 자크,문학동네,대덕소프트웨어마이스터고등학교,EM00004807,863.6 자878ㄹ v.5,"<람세스>도 소설이기에 갈등이라고 하는 것이 아주 없겠는가만, 다른 소설에 비해서 순탄하게 풀리고 만다. <람세스>에서의 갈등은 다음으로 사건을 진전시키기 위한 소도구이다.",2002-08-02,https://image.aladin.co.kr/product/37/1/coversum/8982810307_3.jpg,국내도서>소설/시/희곡>역사소설>외국 역사소설
천사들의 제국 하 2,베르나르 베르베르,열린책들,대덕소프트웨어마이스터고등학교,EM00004825,863 베297ㅊ v.2,,,,
철학자의 돌 2  제1부 뉴턴의 대포 2,그레고리 키스,항금가지,대덕소프트웨어마이스터고등학교,EM00004829,843 키57ㅊ v.2,,2002-11-05,https://image.aladin.co.kr/product/38/55/coversum/8982735232_1.gif,국내도서>소설/시/희곡>영미소설
사막의 반란 하 2,T.E. 로렌스,범우사,대덕소프트웨어마이스터고등학교,EM00005057,843 로294ㅅ v.2,,,,
네안데르탈 2,존 단튼,황금가지,대덕소프트웨어마이스터고등학교,EM00005060,843.6 단888ㄴ v.2,'손에 잡히는' 책 형태로 나온 작가의 상상력이 '먼 현실'을 물리칠 정도로 성숙하고 뛰어난 경우다．'네안데르탈'은 그런 소설이다．고고학이라는 잘 알려지지 않은 학문의 전문가를 주인공으로 내세웠기 때문인지도 모른다.,1996-08-05,https://image.aladin.co.kr/product/3/16/coversum/8982730052_1.gif,국내도서>소설/시/희곡>영미소설
나폴레옹 5 5,막스 갈로,문학동네,대덕소프트웨어마이스터고등학교,EM00005182,863.6 갈295ㄴ v.5,"거대한 스펙트럼의 소설 나폴레옹이 뮤지컬 [나폴레옹] 국내 초연에 맞춰, 새로운 표지 디자인으로 옷을 갈아입고 선보인다. 막스 갈로의 소설 나폴레옹은 1997년 프랑스 출간 당시 80만 부 이상이 팔렸다.",2017-07-17,https://image.aladin.co.kr/product/2/86/coversum/8982811389_2.jpg,국내도서>소설/시/희곡>역사소설>외국 역사소설
                 ,Roald Dahl,Puffin Books,대덕소프트웨어마이스터고등학교,EM00016987,843 D131m c.3,"『원서 읽는 단어장』의 열한 번째 책으로 20세기 최고의 인기 작가 로알드 달(Roald Dahl)의 대표 단편 작품을 영어원서로 읽도록 도와주는 책이다. 먼저 출간된 『원서 읽는 단어장』시리즈의 도서들과 마찬가지로 해당 원서에 등장하는 어려운 어휘가 본문 등장 순서대로 정리되어 있어 원서를 쉽게 읽고 자연스럽게 어휘력이 향상되도록 도와주며, 이어지는 Comprehension Quiz를 통해 본문 내용에 대한 이해도를 측정해볼 수 있도록 구성되어 있다.",2010-11-01,https://image.aladin.co.kr/product/801/56/coversum/8956054878_1.jpg,국내도서>외국어>영어독해
                 ,Roald Dahl,Puffin Books,대덕소프트웨어마이스터고등학교,EM00016998,843 D131m c.14,"『원서 읽는 단어장』의 열한 번째 책으로 20세기 최고의 인기 작가 로알드 달(Roald Dahl)의 대표 단편 작품을 영어원서로 읽도록 도와주는 책이다. 먼저 출간된 『원서 읽는 단어장』시리즈의 도서들과 마찬가지로 해당 원서에 등장하는 어려운 어휘가 본문 등장 순서대로 정리되어 있어 원서를 쉽게 읽고 자연스럽게 어휘력이 향상되도록 도와주며, 이어지는 Comprehension Quiz를 통해 본문 내용에 대한 이해도를 측정해볼 수 있도록 구성되어 있다.",2010-11-01,https://image.aladin.co.kr/product/801/56/coversum/8956054878_1.jpg,국내도서>외국어>영어독해
                                 ,Roald Dahl,Puffin Books,대덕소프트웨어마이스터고등학교,EM00017011,843 D131g c.6,"『원서 읽는 단어장』의 열한 번째 책으로 20세기 최고의 인기 작가 로알드 달(Roald Dahl)의 대표 단편 작품을 영어원서로 읽도록 도와주는 책이다. 먼저 출간된 『원서 읽는 단어장』시리즈의 도서들과 마찬가지로 해당 원서에 등장하는 어려운 어휘가 본문 등장 순서대로 정리되어 있어 원서를 쉽게 읽고 자연스럽게 어휘력이 향상되도록 도와주며, 이어지는 Comprehension Quiz를 통해 본문 내용에 대한 이해도를 측정해볼 수 있도록 구성되어 있다.",2010-11-01,https://image.aladin.co.kr/product/801/56/coversum/8956054878_1.jpg,국내도서>외국어>영어독해
                                 ,Roald Dahl,Puffin Books,대덕소프트웨어마이스터고등학교,EM00017012,843 D131g c.7,"『원서 읽는 단어장』의 열한 번째 책으로 20세기 최고의 인기 작가 로알드 달(Roald Dahl)의 대표 단편 작품을 영어원서로 읽도록 도와주는 책이다. 먼저 출간된 『원서 읽는 단어장』시리즈의 도서들과 마찬가지로 해당 원서에 등장하는 어려운 어휘가 본문 등장 순서대로 정리되어 있어 원서를 쉽게 읽고 자연스럽게 어휘력이 향상되도록 도와주며, 이어지는 Comprehension Quiz를 통해 본문 내용에 대한 이해도를 측정해볼 수 있도록 구성되어 있다.",2010-11-01,https://image.aladin.co.kr/product/801/56/coversum/8956054878_1.jpg,국내도서>외국어>영어독해
                                 ,Roald Dahl,Puffin Books,대덕소프트웨어마이스터고등학교,EM00017016,843 D131g c.11,"『원서 읽는 단어장』의 열한 번째 책으로 20세기 최고의 인기 작가 로알드 달(Roald Dahl)의 대표 단편 작품을 영어원서로 읽도록 도와주는 책이다. 먼저 출간된 『원서 읽는 단어장』시리즈의 도서들과 마찬가지로 해당 원서에 등장하는 어려운 어휘가 본문 등장 순서대로 정리되어 있어 원서를 쉽게 읽고 자연스럽게 어휘력이 향상되도록 도와주며, 이어지는 Comprehension Quiz를 통해 본문 내용에 대한 이해도를 측정해볼 수 있도록 구성되어 있다.",2010-11-01,https://image.aladin.co.kr/product/801/56/coversum/8956054878_1.jpg,국내도서>외국어>영어독해
                                 ,Roald Dahl,Puffin Books,대덕소프트웨어마이스터고등학교,EM00017021,843 D131g c.16,"『원서 읽는 단어장』의 열한 번째 책으로 20세기 최고의 인기 작가 로알드 달(Roald Dahl)의 대표 단편 작품을 영어원서로 읽도록 도와주는 책이다. 먼저 출간된 『원서 읽는 단어장』시리즈의 도서들과 마찬가지로 해당 원서에 등장하는 어려운 어휘가 본문 등장 순서대로 정리되어 있어 원서를 쉽게 읽고 자연스럽게 어휘력이 향상되도록 도와주며, 이어지는 Comprehension Quiz를 통해 본문 내용에 대한 이해도를 측정해볼 수 있도록 구성되어 있다.",2010-11-01,https://image.aladin.co.kr/product/801/56/coversum/8956054878_1.jpg,국내도서>외국어>영어독해
엘리아스의 지팡이,레트 엘리스,돋을새김,대덕소프트웨어마이스터고등학교,EM00004407,843 엘298ㅇ,"원제는 <지혜의 성(Castle of Wisdom)>. 주인공 엘리아스가 전설 속의 '지혜의 성'을 찾아 길을 떠나는 것으로 이야기는 시작된다. 전설에 의하면, 지혜의 성에는 엘리아스가 알고 싶어하는 '이 땅에 존재하는 모든 것들'에 관한 진실, 즉 '삶의 의미'를 새겨놓은 비문이 있다고 한다.",2001-12-25,https://image.aladin.co.kr/product/30/92/coversum/8988601262_1.gif,국내도서>소설/시/희곡>판타지/환상문학>외국판타지/환상소설
빨간기와 3,차오원쉬엔,새움,대덕소프트웨어마이스터고등학교,EM00004441,823 차65ㅃ v.3,"이전에 <빨간 기와>, <까만 기와>로 분리되어 출간되었던 것을 <빨간 기와>라는 제목으로 묶어 다시 펴냈다. 60년대와 70년대의 중국 농촌을 배경으로 아이들이 자라는 모습을 그림같이 그려냈다.",2005-03-25,https://image.aladin.co.kr/product/55/16/coversum/8988537688_1.jpg,국내도서>소설/시/희곡>중국소설
이상한 나라의 앨리스 거울 나라의 앨리스,루이스 캐럴,북폴리오,대덕소프트웨어마이스터고등학교,EM00004502,843 캐294ㅇ,"우리 마음속 유년기의 즐거운 기억처럼 오랜 세월 빛나는 고전 중의 고전이자, 그 어디서도 볼 수 없는 기발한 상상력과 문학적 재미를 선사하는 판타지 문학의 대명사 이상한 나라의 앨리스. 가장 완전하게 다시 만든 앨리스는 앨리스 탄생 150주년 기념 무삭제 완역본이다.",2015-05-20,https://image.aladin.co.kr/product/5996/32/coversum/6000851649_1.jpg,국내도서>어린이>동화/명작/고전>세계명작
불행한 사내에게 찾아온 행운,슈테판 슬루페츠키,문학동네,대덕소프트웨어마이스터고등학교,EM00004515,853.8 슬297ㅂ,"그의 꽁트는 사람들의 약점을 패처럼 들이민다. 인간의 허약함과 약점이 어떻게 삶의 변화시키고 행운을 가져다 주는가를 다루고 있기 때문. 삶이란, 그렇게 불가사의한 거라고 전하는 듯하다. 드문드문 수록된 삽화가 개성적이다.",2002-03-05,https://image.aladin.co.kr/product/33/40/coversum/8982814337_1.gif,국내도서>소설/시/희곡>세계의 소설>기타 국가 소설
중세의 연가,이형식,궁리,대덕소프트웨어마이스터고등학교,EM00004560,864 이94ㅈ,"이 이야기가 만들어졌던 때는 유럽인이 십자군 전쟁에 열을 올리고, 종교 재판으로 '마녀 사냥'을 본격적으로 펼치던 시기. <중세의 연가> 속 정염은 이런 시대의 보편적 슬픔과 절망을 증언하는 것일 수 있다. 지배 종교의 근간을 뒤흔드는 여성들의 대담함과 솔직함이 매력적이다.",2002-11-23,https://image.aladin.co.kr/product/39/0/coversum/8988804791_1.gif,국내도서>소설/시/희곡>프랑스소설
람세스 5 5,크리스티앙 자크,문학동네,대덕소프트웨어마이스터고등학교,EM00005988,863.6 자878ㄹ v.5 c.2,"<람세스>도 소설이기에 갈등이라고 하는 것이 아주 없겠는가만, 다른 소설에 비해서 순탄하게 풀리고 만다. <람세스>에서의 갈등은 다음으로 사건을 진전시키기 위한 소도구이다.",2002-08-02,https://image.aladin.co.kr/product/37/1/coversum/8982810307_3.jpg,국내도서>소설/시/희곡>역사소설>외국 역사소설
네안데르탈 1,존 단튼,황금가지,대덕소프트웨어마이스터고등학교,EM00005061,843.6 단888ㄴ v.1,1983년 스페인 북부에 있는 알타마라 동굴을 보고 처음 착상을 얻은 이래 단튼은 13년에 걸친 자료 조사와 검증을 통해 이 소설을 선보였다. 소설은 인류의 기원에서 흔히 <잃어버린 고리>로 불리는 네안데르탈 인의 존재와 삶을 현대인의 시각으로 재구성해 내고 있다.,1996-08-05,https://image.aladin.co.kr/product/3/16/coversum/8982730044_1.gif,국내도서>소설/시/희곡>영미소설
나폴레옹 4,막스 갈로,문학동네,대덕소프트웨어마이스터고등학교,EM00005189,863.6 갈295ㄴ v.4,"거대한 스펙트럼의 소설 나폴레옹이 뮤지컬 [나폴레옹] 국내 초연에 맞춰, 새로운 표지 디자인으로 옷을 갈아입고 선보인다. 막스 갈로의 소설 나폴레옹은 1997년 프랑스 출간 당시 80만 부 이상이 팔렸다.",2017-07-17,https://image.aladin.co.kr/product/2/86/coversum/8982811370_2.jpg,국내도서>소설/시/희곡>역사소설>외국 역사소설
                 ,Roald Dahl,Puffin Books,대덕소프트웨어마이스터고등학교,EM00016995,843 D131m c.11,"『원서 읽는 단어장』의 열한 번째 책으로 20세기 최고의 인기 작가 로알드 달(Roald Dahl)의 대표 단편 작품을 영어원서로 읽도록 도와주는 책이다. 먼저 출간된 『원서 읽는 단어장』시리즈의 도서들과 마찬가지로 해당 원서에 등장하는 어려운 어휘가 본문 등장 순서대로 정리되어 있어 원서를 쉽게 읽고 자연스럽게 어휘력이 향상되도록 도와주며, 이어지는 Comprehension Quiz를 통해 본문 내용에 대한 이해도를 측정해볼 수 있도록 구성되어 있다.",2010-11-01,https://image.aladin.co.kr/product/801/56/coversum/8956054878_1.jpg,국내도서>외국어>영어독해
                 ,Roald Dahl,Puffin Books,대덕소프트웨어마이스터고등학교,EM00016999,843 D131m c.15,"『원서 읽는 단어장』의 열한 번째 책으로 20세기 최고의 인기 작가 로알드 달(Roald Dahl)의 대표 단편 작품을 영어원서로 읽도록 도와주는 책이다. 먼저 출간된 『원서 읽는 단어장』시리즈의 도서들과 마찬가지로 해당 원서에 등장하는 어려운 어휘가 본문 등장 순서대로 정리되어 있어 원서를 쉽게 읽고 자연스럽게 어휘력이 향상되도록 도와주며, 이어지는 Comprehension Quiz를 통해 본문 내용에 대한 이해도를 측정해볼 수 있도록 구성되어 있다.",2010-11-01,https://image.aladin.co.kr/product/801/56/coversum/8956054878_1.jpg,국내도서>외국어>영어독해
                 ,Roald Dahl,Puffin Books,대덕소프트웨어마이스터고등학교,EM00017003,843 D131m c.19,"『원서 읽는 단어장』의 열한 번째 책으로 20세기 최고의 인기 작가 로알드 달(Roald Dahl)의 대표 단편 작품을 영어원서로 읽도록 도와주는 책이다. 먼저 출간된 『원서 읽는 단어장』시리즈의 도서들과 마찬가지로 해당 원서에 등장하는 어려운 어휘가 본문 등장 순서대로 정리되어 있어 원서를 쉽게 읽고 자연스럽게 어휘력이 향상되도록 도와주며, 이어지는 Comprehension Quiz를 통해 본문 내용에 대한 이해도를 측정해볼 수 있도록 구성되어 있다.",2010-11-01,https://image.aladin.co.kr/product/801/56/coversum/8956054878_1.jpg,국내도서>외국어>영어독해
                                 ,Roald Dahl,Puffin Books,대덕소프트웨어마이스터고등학교,EM00017013,843 D131g c.8,"『원서 읽는 단어장』의 열한 번째 책으로 20세기 최고의 인기 작가 로알드 달(Roald Dahl)의 대표 단편 작품을 영어원서로 읽도록 도와주는 책이다. 먼저 출간된 『원서 읽는 단어장』시리즈의 도서들과 마찬가지로 해당 원서에 등장하는 어려운 어휘가 본문 등장 순서대로 정리되어 있어 원서를 쉽게 읽고 자연스럽게 어휘력이 향상되도록 도와주며, 이어지는 Comprehension Quiz를 통해 본문 내용에 대한 이해도를 측정해볼 수 있도록 구성되어 있다.",2010-11-01,https://image.aladin.co.kr/product/801/56/coversum/8956054878_1.jpg,국내도서>외국어>영어독해
                                 ,Roald Dahl,Puffin Books,대덕소프트웨어마이스터고등학교,EM00017017,843 D131g c.12,"『원서 읽는 단어장』의 열한 번째 책으로 20세기 최고의 인기 작가 로알드 달(Roald Dahl)의 대표 단편 작품을 영어원서로 읽도록 도와주는 책이다. 먼저 출간된 『원서 읽는 단어장』시리즈의 도서들과 마찬가지로 해당 원서에 등장하는 어려운 어휘가 본문 등장 순서대로 정리되어 있어 원서를 쉽게 읽고 자연스럽게 어휘력이 향상되도록 도와주며, 이어지는 Comprehension Quiz를 통해 본문 내용에 대한 이해도를 측정해볼 수 있도록 구성되어 있다.",2010-11-01,https://image.aladin.co.kr/product/801/56/coversum/8956054878_1.jpg,국내도서>외국어>영어독해
                                 ,Roald Dahl,Puffin Books,대덕소프트웨어마이스터고등학교,EM00017022,843 D131g c.17,"『원서 읽는 단어장』의 열한 번째 책으로 20세기 최고의 인기 작가 로알드 달(Roald Dahl)의 대표 단편 작품을 영어원서로 읽도록 도와주는 책이다. 먼저 출간된 『원서 읽는 단어장』시리즈의 도서들과 마찬가지로 해당 원서에 등장하는 어려운 어휘가 본문 등장 순서대로 정리되어 있어 원서를 쉽게 읽고 자연스럽게 어휘력이 향상되도록 도와주며, 이어지는 Comprehension Quiz를 통해 본문 내용에 대한 이해도를 측정해볼 수 있도록 구성되어 있다.",2010-11-01,https://image.aladin.co.kr/product/801/56/coversum/8956054878_1.jpg,국내도서>외국어>영어독해
                                 ,Roald Dahl,Puffin Books,대덕소프트웨어마이스터고등학교,EM00017026,843 D131g c.21,"『원서 읽는 단어장』의 열한 번째 책으로 20세기 최고의 인기 작가 로알드 달(Roald Dahl)의 대표 단편 작품을 영어원서로 읽도록 도와주는 책이다. 먼저 출간된 『원서 읽는 단어장』시리즈의 도서들과 마찬가지로 해당 원서에 등장하는 어려운 어휘가 본문 등장 순서대로 정리되어 있어 원서를 쉽게 읽고 자연스럽게 어휘력이 향상되도록 도와주며, 이어지는 Comprehension Quiz를 통해 본문 내용에 대한 이해도를 측정해볼 수 있도록 구성되어 있다.",2010-11-01,https://image.aladin.co.kr/product/801/56/coversum/8956054878_1.jpg,국내도서>외국어>영어독해
잠옷을 입으렴,이도우,예담,대덕소프트웨어마이스터고등학교,IT00008367,813.7 이25ㅈ,"시간은 무심히 같은 속도로 흐르지만, 성장기에 체감하는 시간은 유난히 밀도가 높고 풍성하다. 《잠옷을 입으렴》은 한창 민감하고 섬세한 시기에, 외가에서 함께 자라는 수안과 둘녕의 이야기이다.",2025-02-06,https://image.aladin.co.kr/product/35642/84/coversum/k582036602_1.jpg,국내도서>소설/시/희곡>한국소설>2000년대 이후 한국소설
기사단장 죽이기 2  전이하는 메타포,무라카미하루키,문학동네,대덕소프트웨어마이스터고등학교,IT00008405,833.6 하296ㄱ v.2,"모차르트 오페라 <돈 조반니>의 등장인물을 일본 아스카 시대로 옮겨놓은 듯한 그 그림을 가지고 내려온 뒤로, ‘나’의 주위에서 기이한 일들이 잇달아 일어난다. 『태엽 감는 새』 『1Q84』 등 기존의 본격 장편소설 세계관을 잇는, 현실과 비현실이 절묘하게 융합된 하루키 월드의 결정판이다.",2017-07-12,https://image.aladin.co.kr/product/11260/49/coversum/8954646131_1.jpg,국내도서>소설/시/희곡>일본소설>1950년대 이후 일본소설
살인의 문 1,히가시노게이고,재인,대덕소프트웨어마이스터고등학교,IT00008565,833.6 히12ㅅ v.1 c.4,히가시노 게이고 장편소설. 어린 시절부터 친구에게 철저히 인생을 농락당해 온 한 남자의 처절한 자기고백이다. 또한 서서히 침몰해가는 주인공이 불타는 복수심과 살인 충동을 증폭시키는 심리적 과정을 주인공 일인칭 시점의 섬세한 필치로 묘사한 문제작이다.,2018-08-31,https://image.aladin.co.kr/product/16439/1/coversum/8990982723_1.jpg,국내도서>소설/시/희곡>추리/미스터리소설>일본 추리/미스터리소설
살인의 문 2,히가시노게이고,재인,대덕소프트웨어마이스터고등학교,IT00008412,833.6 히12ㅅ v.2,히가시노 게이고 장편소설. 어린 시절부터 친구에게 철저히 인생을 농락당해 온 한 남자의 처절한 자기고백이다. 또한 서서히 침몰해가는 주인공이 불타는 복수심과 살인 충동을 증폭시키는 심리적 과정을 주인공 일인칭 시점의 섬세한 필치로 묘사한 문제작이다.,2018-08-31,https://image.aladin.co.kr/product/16439/6/coversum/8990982731_3.jpg,국내도서>소설/시/희곡>추리/미스터리소설>일본 추리/미스터리소설
당신의 과거를 지워드립니다,비프케 로렌츠,레드박스,대덕소프트웨어마이스터고등학교,IT00008475,853 로294ㄷ,평론가와 독자에게 좋은 평가를 받는 독일의 인기 작가 비프케 로렌츠의 대표작. 독일에서 출간된 이후 입소문만으로 10년 넘게 스테디셀러로 자리매김한 이 소설은 과거를 지운 한 여자가 새로운 인생을 살게 되면서 벌어지는 이야기를 그리고 있다.,2018-04-25,https://image.aladin.co.kr/product/14090/34/coversum/k892532035_1.jpg,국내도서>소설/시/희곡>독일소설
풀꽃들의 조용한 맹세,미야모토테루,랜덤하우스코리아,대덕소프트웨어마이스터고등학교,IT00008477,833.6 미63ㅍ,"아쿠타가와상 수상 작가, 현대 일본 서정의 진수, 미야모토 테루의 장편소설. 일본 현지 신문에서 호평 속에 연재된 후 바로 단행본으로 출간된 이 작품은 죽은 고모에게서 막대한 유산을 상속받게 된 남자가 감추어져 있던 비밀을 마주하게 되는 이야기를 담고 있다.",2018-04-25,https://image.aladin.co.kr/product/14229/96/coversum/k492532633_1.jpg,국내도서>소설/시/희곡>일본소설>1950년대 이후 일본소설
아몬드,손원평,창비,대덕소프트웨어마이스터고등학교,IT00008348,813.7 손66ㅇ c.3,"2017년 처음 출간된 이래 국내 종이책 기준 100만 부 판매를 기록한 베스트셀러이자 스테디 셀러 『아몬드』가 절판기간을 거쳐 재출간된다. 강렬하고 새로운 2종의 표지로 청소년과 성인 독자에게 새롭게 다가가며, 단편 외전이 함께 수록돼 상상력과 읽는 재미를 배가시킨다.",2023-07-14,https://image.aladin.co.kr/product/31893/32/coversum/k212833749_2.jpg,국내도서>소설/시/희곡>한국소설>2000년대 이후 한국소설
돌이킬 수 없는 약속,야쿠마루가쿠,북플라자,대덕소프트웨어마이스터고등학교,IT00009478,833.6 야876ㄷ c.12,"불우한 어린 시절을 보내다 도박에 빠져 빚을 지고 쫓기는 신세가 된 무카이는 삶이 얼마 남지 않은 노파와 만나게 된다. 노파는 큰돈을 주며, 자신의 딸을 살해한 놈들이 교도소에서 나오면 죽여달라고 부탁하고, 무카이는 그 부탁을 꼭 들어주겠다고 약속한다.",2022-12-26,https://image.aladin.co.kr/product/30763/8/coversum/k772830457_1.jpg,국내도서>소설/시/희곡>추리/미스터리소설>일본 추리/미스터리소설
돌이킬 수 없는 약속,야쿠마루가쿠,북플라자,대덕소프트웨어마이스터고등학교,IT00009479,833.6 야876ㄷ c.13,"불우한 어린 시절을 보내다 도박에 빠져 빚을 지고 쫓기는 신세가 된 무카이는 삶이 얼마 남지 않은 노파와 만나게 된다. 노파는 큰돈을 주며, 자신의 딸을 살해한 놈들이 교도소에서 나오면 죽여달라고 부탁하고, 무카이는 그 부탁을 꼭 들어주겠다고 약속한다.",2022-12-26,https://image.aladin.co.kr/product/30763/8/coversum/k772830457_1.jpg,국내도서>소설/시/희곡>추리/미스터리소설>일본 추리/미스터리소설
돌이킬 수 없는 약속,야쿠마루가쿠,북플라자,대덕소프트웨어마이스터고등학교,IT00009470,833.6 야876ㄷ c.4,"불우한 어린 시절을 보내다 도박에 빠져 빚을 지고 쫓기는 신세가 된 무카이는 삶이 얼마 남지 않은 노파와 만나게 된다. 노파는 큰돈을 주며, 자신의 딸을 살해한 놈들이 교도소에서 나오면 죽여달라고 부탁하고, 무카이는 그 부탁을 꼭 들어주겠다고 약속한다.",2022-12-26,https://image.aladin.co.kr/product/30763/8/coversum/k772830457_1.jpg,국내도서>소설/시/희곡>추리/미스터리소설>일본 추리/미스터리소설
돌이킬 수 없는 약속,야쿠마루가쿠,북플라자,대덕소프트웨어마이스터고등학교,IT00009473,833.6 야876ㄷ c.7,"불우한 어린 시절을 보내다 도박에 빠져 빚을 지고 쫓기는 신세가 된 무카이는 삶이 얼마 남지 않은 노파와 만나게 된다. 노파는 큰돈을 주며, 자신의 딸을 살해한 놈들이 교도소에서 나오면 죽여달라고 부탁하고, 무카이는 그 부탁을 꼭 들어주겠다고 약속한다.",2022-12-26,https://image.aladin.co.kr/product/30763/8/coversum/k772830457_1.jpg,국내도서>소설/시/희곡>추리/미스터리소설>일본 추리/미스터리소설
그리고 아무도 어디로 가는지 모른다   볼프강 보르헤르트 전집,볼프강 보르헤르트,현대문학,대덕소프트웨어마이스터고등학교,IT00008473,850.81 보297ㄱ,"독일의 천재 작가, 볼프강 보르헤르트의 시와 단편, 희곡을 한 권에 담은 전집. 스물여섯 살의 젊은 나이로 생을 마감한 보르헤르트. 그의 작품은 포로수용소에서 함부르크로 돌아온 후 병상에서 쓴 2년 동안의 글이 대부분이지만, 짧은 활동 기간에도 그가 현대 독일문학사에 남긴 영향은 지대하다.",2018-05-20,https://image.aladin.co.kr/product/14325/98/coversum/8972759856_1.jpg,국내도서>소설/시/희곡>독일소설
돌이킬 수 없는 약속,야쿠마루가쿠,북플라자,대덕소프트웨어마이스터고등학교,IT00009471,833.6 야876ㄷ c.5,"불우한 어린 시절을 보내다 도박에 빠져 빚을 지고 쫓기는 신세가 된 무카이는 삶이 얼마 남지 않은 노파와 만나게 된다. 노파는 큰돈을 주며, 자신의 딸을 살해한 놈들이 교도소에서 나오면 죽여달라고 부탁하고, 무카이는 그 부탁을 꼭 들어주겠다고 약속한다.",2022-12-26,https://image.aladin.co.kr/product/30763/8/coversum/k772830457_1.jpg,국내도서>소설/시/희곡>추리/미스터리소설>일본 추리/미스터리소설
돌이킬 수 없는 약속,야쿠마루가쿠,북플라자,대덕소프트웨어마이스터고등학교,IT00009474,833.6 야876ㄷ c.8,"불우한 어린 시절을 보내다 도박에 빠져 빚을 지고 쫓기는 신세가 된 무카이는 삶이 얼마 남지 않은 노파와 만나게 된다. 노파는 큰돈을 주며, 자신의 딸을 살해한 놈들이 교도소에서 나오면 죽여달라고 부탁하고, 무카이는 그 부탁을 꼭 들어주겠다고 약속한다.",2022-12-26,https://image.aladin.co.kr/product/30763/8/coversum/k772830457_1.jpg,국내도서>소설/시/희곡>추리/미스터리소설>일본 추리/미스터리소설
메트로 2034,드미트리 글루코프스키,제우미디어,대덕소프트웨어마이스터고등학교,IT00008644,892.8 글296ㅁ,출간 당시 러시아 출판계로서는 경이적인 속도인 6개월 만에 30만부 이상의 판매고를 보이며 러시아 소설 중 최고의 베스트셀러로 자리매김한 화제작. 메트로 2033 이후 1년. 아르티옴에게 임무를 맡기고 죽은 줄만 알았던 헌터가 1년 만에 살아 돌아왔다. 인류의 마지막 생존자들을 위해 그는 메트로에서 또 다시 해결사를 자처하게 된다.,2011-05-11,https://image.aladin.co.kr/product/1147/58/coversum/8959522317_3.jpg,국내도서>소설/시/희곡>과학소설(SF)>외국 과학소설
13번째 인격,기시유스케,창해,대덕소프트웨어마이스터고등학교,IT00008648,833.6 기58ㅇ,"검은 집 천사의 속삭임 푸른 불꽃의 작가 기시 유스케의 소설 데뷔작. 1996년에 발표된 작품으로, 제3회 일본 호러소설 대상 장편부 가작에 선정됐으며, 2000년에 [ISOLA 다중인격 소녀]라는 제목으로 영화화되기도 했다. 이 작품은 실제 작가가 1995년 고베대지진 당시의 충격을 소설로 옮긴 것이다.",2009-07-16,https://image.aladin.co.kr/product/433/59/coversum/8979199279_1.jpg,국내도서>소설/시/희곡>일본소설>1950년대 이후 일본소설
매스커레이드 나이트,히가시노게이고,현대문학,대덕소프트웨어마이스터고등학교,IT00008658,833.6 히12ㅁ,"일본 추리소설계의 거장 히가시노 게이고의 ‘호텔 추리 수사극’. 2011년 작가 데뷔 25주년 기념작 매스커레이드 호텔, 2014년 일본 문예지 '다 빈치' 선정 올해의 책 1위로 꼽힌 매스커레이드 이브에 이어 3년 만에 선보인 '매스커레이드 시리즈' 세 번째 작품이다.",2018-08-30,https://image.aladin.co.kr/product/16497/13/coversum/897275899x_2.jpg,국내도서>소설/시/희곡>추리/미스터리소설>일본 추리/미스터리소설
매스커레이드 호텔,히가시노게이고,현대문학,대덕소프트웨어마이스터고등학교,IT00009858,833.6 히12ㅁ c.2,히가시노 게이고의 작가 생활 25주년 기념작. 새로운 캐릭터 닛타 고스케가 이번 작품에서 새롭게 등장한다. 범죄 해결의 실마리를 풀어가는 수사 과정이 호텔이란 특정 공간에서 일어나는 예측 불가능한 사건들과 교차하면서 숨 가쁘게 이어지는 소설이다.,2012-07-31,https://image.aladin.co.kr/product/1849/11/coversum/8972756121_1.jpg,국내도서>소설/시/희곡>추리/미스터리소설>일본 추리/미스터리소설
도로시 죽이기,고바야시야스미,검은숲,대덕소프트웨어마이스터고등학교,IT00008670,833.6 고42ㄷ,"2018년 첫 역주행 베스트셀러로 독자들의 사랑을 받은 앨리스 죽이기의 최신 후속작 도로시 죽이기가 전례를 깨고 한국, 일본에서 동시 출간된다. 이는 앨리스 죽이기를 향한 국내 독자들의 뜨거운 애정에 보답하고자 하는 고바야시 야스미 작가의 의지로 인해 가능했다.",2018-05-18,https://image.aladin.co.kr/product/14656/50/coversum/8952790715_1.jpg,국내도서>소설/시/희곡>추리/미스터리소설>일본 추리/미스터리소설
쿠드랴프카의 차례,요네자와호노부,엘릭시르,대덕소프트웨어마이스터고등학교,IT00013253,833.6 고74 v.4 c.2,다양한 장르에 도전하며 발표하는 작품마다 호평을 얻는 작가 요네자와 호노부의 데뷔작이자 애니메이션 [빙과]의 원작 소설인 '고전부' 시리즈. 쿠드랴프카의 차례는 빙과와 바보의 엔드 크레디트에 이은 고전부 세 번째 작품이다.,2014-01-20,https://image.aladin.co.kr/product/3531/6/coversum/895462362x_1.jpg,국내도서>소설/시/희곡>추리/미스터리소설>일본 추리/미스터리소설
                ,Roald Dahl,Puffin Books,대덕소프트웨어마이스터고등학교,IT00002361,843 D111t c.2,"『원서 읽는 단어장』의 열한 번째 책으로 20세기 최고의 인기 작가 로알드 달(Roald Dahl)의 대표 단편 작품을 영어원서로 읽도록 도와주는 책이다. 먼저 출간된 『원서 읽는 단어장』시리즈의 도서들과 마찬가지로 해당 원서에 등장하는 어려운 어휘가 본문 등장 순서대로 정리되어 있어 원서를 쉽게 읽고 자연스럽게 어휘력이 향상되도록 도와주며, 이어지는 Comprehension Quiz를 통해 본문 내용에 대한 이해도를 측정해볼 수 있도록 구성되어 있다.",2010-11-01,https://image.aladin.co.kr/product/801/56/coversum/8956054878_1.jpg,국내도서>외국어>영어독해
                ,Roald Dahl,Puffin Books,대덕소프트웨어마이스터고등학교,IT00002370,843 D111t c.11,"『원서 읽는 단어장』의 열한 번째 책으로 20세기 최고의 인기 작가 로알드 달(Roald Dahl)의 대표 단편 작품을 영어원서로 읽도록 도와주는 책이다. 먼저 출간된 『원서 읽는 단어장』시리즈의 도서들과 마찬가지로 해당 원서에 등장하는 어려운 어휘가 본문 등장 순서대로 정리되어 있어 원서를 쉽게 읽고 자연스럽게 어휘력이 향상되도록 도와주며, 이어지는 Comprehension Quiz를 통해 본문 내용에 대한 이해도를 측정해볼 수 있도록 구성되어 있다.",2010-11-01,https://image.aladin.co.kr/product/801/56/coversum/8956054878_1.jpg,국내도서>외국어>영어독해
                ,Roald Dahl,Puffin Books,대덕소프트웨어마이스터고등학교,IT00002377,843 D111t c.18,"『원서 읽는 단어장』의 열한 번째 책으로 20세기 최고의 인기 작가 로알드 달(Roald Dahl)의 대표 단편 작품을 영어원서로 읽도록 도와주는 책이다. 먼저 출간된 『원서 읽는 단어장』시리즈의 도서들과 마찬가지로 해당 원서에 등장하는 어려운 어휘가 본문 등장 순서대로 정리되어 있어 원서를 쉽게 읽고 자연스럽게 어휘력이 향상되도록 도와주며, 이어지는 Comprehension Quiz를 통해 본문 내용에 대한 이해도를 측정해볼 수 있도록 구성되어 있다.",2010-11-01,https://image.aladin.co.kr/product/801/56/coversum/8956054878_1.jpg,국내도서>외국어>영어독해
                ,Roald Dahl,Puffin Books,대덕소프트웨어마이스터고등학교,IT00002408,843 D111t c.49,"『원서 읽는 단어장』의 열한 번째 책으로 20세기 최고의 인기 작가 로알드 달(Roald Dahl)의 대표 단편 작품을 영어원서로 읽도록 도와주는 책이다. 먼저 출간된 『원서 읽는 단어장』시리즈의 도서들과 마찬가지로 해당 원서에 등장하는 어려운 어휘가 본문 등장 순서대로 정리되어 있어 원서를 쉽게 읽고 자연스럽게 어휘력이 향상되도록 도와주며, 이어지는 Comprehension Quiz를 통해 본문 내용에 대한 이해도를 측정해볼 수 있도록 구성되어 있다.",2010-11-01,https://image.aladin.co.kr/product/801/56/coversum/8956054878_1.jpg,국내도서>외국어>영어독해
                ,Roald Dahl,Puffin Books,대덕소프트웨어마이스터고등학교,IT00002411,843 D111t c.52,"『원서 읽는 단어장』의 열한 번째 책으로 20세기 최고의 인기 작가 로알드 달(Roald Dahl)의 대표 단편 작품을 영어원서로 읽도록 도와주는 책이다. 먼저 출간된 『원서 읽는 단어장』시리즈의 도서들과 마찬가지로 해당 원서에 등장하는 어려운 어휘가 본문 등장 순서대로 정리되어 있어 원서를 쉽게 읽고 자연스럽게 어휘력이 향상되도록 도와주며, 이어지는 Comprehension Quiz를 통해 본문 내용에 대한 이해도를 측정해볼 수 있도록 구성되어 있다.",2010-11-01,https://image.aladin.co.kr/product/801/56/coversum/8956054878_1.jpg,국내도서>외국어>영어독해
                ,Roald Dahl,Puffin Books,대덕소프트웨어마이스터고등학교,IT00002386,843 D111t c.27,"『원서 읽는 단어장』의 열한 번째 책으로 20세기 최고의 인기 작가 로알드 달(Roald Dahl)의 대표 단편 작품을 영어원서로 읽도록 도와주는 책이다. 먼저 출간된 『원서 읽는 단어장』시리즈의 도서들과 마찬가지로 해당 원서에 등장하는 어려운 어휘가 본문 등장 순서대로 정리되어 있어 원서를 쉽게 읽고 자연스럽게 어휘력이 향상되도록 도와주며, 이어지는 Comprehension Quiz를 통해 본문 내용에 대한 이해도를 측정해볼 수 있도록 구성되어 있다.",2010-11-01,https://image.aladin.co.kr/product/801/56/coversum/8956054878_1.jpg,국내도서>외국어>영어독해
                ,Roald Dahl,Puffin Books,대덕소프트웨어마이스터고등학교,IT00002363,843 D111t c.4,"『원서 읽는 단어장』의 열한 번째 책으로 20세기 최고의 인기 작가 로알드 달(Roald Dahl)의 대표 단편 작품을 영어원서로 읽도록 도와주는 책이다. 먼저 출간된 『원서 읽는 단어장』시리즈의 도서들과 마찬가지로 해당 원서에 등장하는 어려운 어휘가 본문 등장 순서대로 정리되어 있어 원서를 쉽게 읽고 자연스럽게 어휘력이 향상되도록 도와주며, 이어지는 Comprehension Quiz를 통해 본문 내용에 대한 이해도를 측정해볼 수 있도록 구성되어 있다.",2010-11-01,https://image.aladin.co.kr/product/801/56/coversum/8956054878_1.jpg,국내도서>외국어>영어독해
                ,Roald Dahl,Puffin Books,대덕소프트웨어마이스터고등학교,IT00002423,843 D111t c.64,"『원서 읽는 단어장』의 열한 번째 책으로 20세기 최고의 인기 작가 로알드 달(Roald Dahl)의 대표 단편 작품을 영어원서로 읽도록 도와주는 책이다. 먼저 출간된 『원서 읽는 단어장』시리즈의 도서들과 마찬가지로 해당 원서에 등장하는 어려운 어휘가 본문 등장 순서대로 정리되어 있어 원서를 쉽게 읽고 자연스럽게 어휘력이 향상되도록 도와주며, 이어지는 Comprehension Quiz를 통해 본문 내용에 대한 이해도를 측정해볼 수 있도록 구성되어 있다.",2010-11-01,https://image.aladin.co.kr/product/801/56/coversum/8956054878_1.jpg,국내도서>외국어>영어독해
                ,Roald Dahl,Puffin Books,대덕소프트웨어마이스터고등학교,IT00002364,843 D111t c.5,"『원서 읽는 단어장』의 열한 번째 책으로 20세기 최고의 인기 작가 로알드 달(Roald Dahl)의 대표 단편 작품을 영어원서로 읽도록 도와주는 책이다. 먼저 출간된 『원서 읽는 단어장』시리즈의 도서들과 마찬가지로 해당 원서에 등장하는 어려운 어휘가 본문 등장 순서대로 정리되어 있어 원서를 쉽게 읽고 자연스럽게 어휘력이 향상되도록 도와주며, 이어지는 Comprehension Quiz를 통해 본문 내용에 대한 이해도를 측정해볼 수 있도록 구성되어 있다.",2010-11-01,https://image.aladin.co.kr/product/801/56/coversum/8956054878_1.jpg,국내도서>외국어>영어독해
                ,Roald Dahl,Puffin Books,대덕소프트웨어마이스터고등학교,IT00002369,843 D111t c.10,"『원서 읽는 단어장』의 열한 번째 책으로 20세기 최고의 인기 작가 로알드 달(Roald Dahl)의 대표 단편 작품을 영어원서로 읽도록 도와주는 책이다. 먼저 출간된 『원서 읽는 단어장』시리즈의 도서들과 마찬가지로 해당 원서에 등장하는 어려운 어휘가 본문 등장 순서대로 정리되어 있어 원서를 쉽게 읽고 자연스럽게 어휘력이 향상되도록 도와주며, 이어지는 Comprehension Quiz를 통해 본문 내용에 대한 이해도를 측정해볼 수 있도록 구성되어 있다.",2010-11-01,https://image.aladin.co.kr/product/801/56/coversum/8956054878_1.jpg,국내도서>외국어>영어독해
                ,Roald Dahl,Puffin Books,대덕소프트웨어마이스터고등학교,IT00002426,843 D111t c.67,"『원서 읽는 단어장』의 열한 번째 책으로 20세기 최고의 인기 작가 로알드 달(Roald Dahl)의 대표 단편 작품을 영어원서로 읽도록 도와주는 책이다. 먼저 출간된 『원서 읽는 단어장』시리즈의 도서들과 마찬가지로 해당 원서에 등장하는 어려운 어휘가 본문 등장 순서대로 정리되어 있어 원서를 쉽게 읽고 자연스럽게 어휘력이 향상되도록 도와주며, 이어지는 Comprehension Quiz를 통해 본문 내용에 대한 이해도를 측정해볼 수 있도록 구성되어 있다.",2010-11-01,https://image.aladin.co.kr/product/801/56/coversum/8956054878_1.jpg,국내도서>외국어>영어독해
                ,Roald Dahl,Puffin Books,대덕소프트웨어마이스터고등학교,IT00002372,843 D111t c.13,"『원서 읽는 단어장』의 열한 번째 책으로 20세기 최고의 인기 작가 로알드 달(Roald Dahl)의 대표 단편 작품을 영어원서로 읽도록 도와주는 책이다. 먼저 출간된 『원서 읽는 단어장』시리즈의 도서들과 마찬가지로 해당 원서에 등장하는 어려운 어휘가 본문 등장 순서대로 정리되어 있어 원서를 쉽게 읽고 자연스럽게 어휘력이 향상되도록 도와주며, 이어지는 Comprehension Quiz를 통해 본문 내용에 대한 이해도를 측정해볼 수 있도록 구성되어 있다.",2010-11-01,https://image.aladin.co.kr/product/801/56/coversum/8956054878_1.jpg,국내도서>외국어>영어독해
                ,Roald Dahl,Puffin Books,대덕소프트웨어마이스터고등학교,IT00002433,843 D111t c.74,"『원서 읽는 단어장』의 열한 번째 책으로 20세기 최고의 인기 작가 로알드 달(Roald Dahl)의 대표 단편 작품을 영어원서로 읽도록 도와주는 책이다. 먼저 출간된 『원서 읽는 단어장』시리즈의 도서들과 마찬가지로 해당 원서에 등장하는 어려운 어휘가 본문 등장 순서대로 정리되어 있어 원서를 쉽게 읽고 자연스럽게 어휘력이 향상되도록 도와주며, 이어지는 Comprehension Quiz를 통해 본문 내용에 대한 이해도를 측정해볼 수 있도록 구성되어 있다.",2010-11-01,https://image.aladin.co.kr/product/801/56/coversum/8956054878_1.jpg,국내도서>외국어>영어독해
                ,Roald Dahl,Puffin Books,대덕소프트웨어마이스터고등학교,IT00002373,843 D111t c.14,"『원서 읽는 단어장』의 열한 번째 책으로 20세기 최고의 인기 작가 로알드 달(Roald Dahl)의 대표 단편 작품을 영어원서로 읽도록 도와주는 책이다. 먼저 출간된 『원서 읽는 단어장』시리즈의 도서들과 마찬가지로 해당 원서에 등장하는 어려운 어휘가 본문 등장 순서대로 정리되어 있어 원서를 쉽게 읽고 자연스럽게 어휘력이 향상되도록 도와주며, 이어지는 Comprehension Quiz를 통해 본문 내용에 대한 이해도를 측정해볼 수 있도록 구성되어 있다.",2010-11-01,https://image.aladin.co.kr/product/801/56/coversum/8956054878_1.jpg,국내도서>외국어>영어독해
                ,Roald Dahl,Puffin Books,대덕소프트웨어마이스터고등학교,IT00002434,843 D111t c.75,"『원서 읽는 단어장』의 열한 번째 책으로 20세기 최고의 인기 작가 로알드 달(Roald Dahl)의 대표 단편 작품을 영어원서로 읽도록 도와주는 책이다. 먼저 출간된 『원서 읽는 단어장』시리즈의 도서들과 마찬가지로 해당 원서에 등장하는 어려운 어휘가 본문 등장 순서대로 정리되어 있어 원서를 쉽게 읽고 자연스럽게 어휘력이 향상되도록 도와주며, 이어지는 Comprehension Quiz를 통해 본문 내용에 대한 이해도를 측정해볼 수 있도록 구성되어 있다.",2010-11-01,https://image.aladin.co.kr/product/801/56/coversum/8956054878_1.jpg,국내도서>외국어>영어독해
                ,Roald Dahl,Puffin Books,대덕소프트웨어마이스터고등학교,IT00002403,843 D111t c.44,"『원서 읽는 단어장』의 열한 번째 책으로 20세기 최고의 인기 작가 로알드 달(Roald Dahl)의 대표 단편 작품을 영어원서로 읽도록 도와주는 책이다. 먼저 출간된 『원서 읽는 단어장』시리즈의 도서들과 마찬가지로 해당 원서에 등장하는 어려운 어휘가 본문 등장 순서대로 정리되어 있어 원서를 쉽게 읽고 자연스럽게 어휘력이 향상되도록 도와주며, 이어지는 Comprehension Quiz를 통해 본문 내용에 대한 이해도를 측정해볼 수 있도록 구성되어 있다.",2010-11-01,https://image.aladin.co.kr/product/801/56/coversum/8956054878_1.jpg,국내도서>외국어>영어독해
                ,Roald Dahl,Puffin Books,대덕소프트웨어마이스터고등학교,IT00002437,843 D111t c.78,"『원서 읽는 단어장』의 열한 번째 책으로 20세기 최고의 인기 작가 로알드 달(Roald Dahl)의 대표 단편 작품을 영어원서로 읽도록 도와주는 책이다. 먼저 출간된 『원서 읽는 단어장』시리즈의 도서들과 마찬가지로 해당 원서에 등장하는 어려운 어휘가 본문 등장 순서대로 정리되어 있어 원서를 쉽게 읽고 자연스럽게 어휘력이 향상되도록 도와주며, 이어지는 Comprehension Quiz를 통해 본문 내용에 대한 이해도를 측정해볼 수 있도록 구성되어 있다.",2010-11-01,https://image.aladin.co.kr/product/801/56/coversum/8956054878_1.jpg,국내도서>외국어>영어독해
                ,Roald Dahl,Puffin Books,대덕소프트웨어마이스터고등학교,IT00002418,843 D111t c.59,"『원서 읽는 단어장』의 열한 번째 책으로 20세기 최고의 인기 작가 로알드 달(Roald Dahl)의 대표 단편 작품을 영어원서로 읽도록 도와주는 책이다. 먼저 출간된 『원서 읽는 단어장』시리즈의 도서들과 마찬가지로 해당 원서에 등장하는 어려운 어휘가 본문 등장 순서대로 정리되어 있어 원서를 쉽게 읽고 자연스럽게 어휘력이 향상되도록 도와주며, 이어지는 Comprehension Quiz를 통해 본문 내용에 대한 이해도를 측정해볼 수 있도록 구성되어 있다.",2010-11-01,https://image.aladin.co.kr/product/801/56/coversum/8956054878_1.jpg,국내도서>외국어>영어독해
                ,Roald Dahl,Puffin Books,대덕소프트웨어마이스터고등학교,IT00002419,843 D111t c.60,"『원서 읽는 단어장』의 열한 번째 책으로 20세기 최고의 인기 작가 로알드 달(Roald Dahl)의 대표 단편 작품을 영어원서로 읽도록 도와주는 책이다. 먼저 출간된 『원서 읽는 단어장』시리즈의 도서들과 마찬가지로 해당 원서에 등장하는 어려운 어휘가 본문 등장 순서대로 정리되어 있어 원서를 쉽게 읽고 자연스럽게 어휘력이 향상되도록 도와주며, 이어지는 Comprehension Quiz를 통해 본문 내용에 대한 이해도를 측정해볼 수 있도록 구성되어 있다.",2010-11-01,https://image.aladin.co.kr/product/801/56/coversum/8956054878_1.jpg,국내도서>외국어>영어독해
                ,Roald Dahl,Puffin Books,대덕소프트웨어마이스터고등학교,IT00002420,843 D111t c.61,"『원서 읽는 단어장』의 열한 번째 책으로 20세기 최고의 인기 작가 로알드 달(Roald Dahl)의 대표 단편 작품을 영어원서로 읽도록 도와주는 책이다. 먼저 출간된 『원서 읽는 단어장』시리즈의 도서들과 마찬가지로 해당 원서에 등장하는 어려운 어휘가 본문 등장 순서대로 정리되어 있어 원서를 쉽게 읽고 자연스럽게 어휘력이 향상되도록 도와주며, 이어지는 Comprehension Quiz를 통해 본문 내용에 대한 이해도를 측정해볼 수 있도록 구성되어 있다.",2010-11-01,https://image.aladin.co.kr/product/801/56/coversum/8956054878_1.jpg,국내도서>외국어>영어독해
                ,Roald Dahl,Puffin Books,대덕소프트웨어마이스터고등학교,IT00002388,843 D111t c.29,"『원서 읽는 단어장』의 열한 번째 책으로 20세기 최고의 인기 작가 로알드 달(Roald Dahl)의 대표 단편 작품을 영어원서로 읽도록 도와주는 책이다. 먼저 출간된 『원서 읽는 단어장』시리즈의 도서들과 마찬가지로 해당 원서에 등장하는 어려운 어휘가 본문 등장 순서대로 정리되어 있어 원서를 쉽게 읽고 자연스럽게 어휘력이 향상되도록 도와주며, 이어지는 Comprehension Quiz를 통해 본문 내용에 대한 이해도를 측정해볼 수 있도록 구성되어 있다.",2010-11-01,https://image.aladin.co.kr/product/801/56/coversum/8956054878_1.jpg,국내도서>외국어>영어독해
                ,Roald Dahl,Puffin Books,대덕소프트웨어마이스터고등학교,IT00002389,843 D111t c.30,"『원서 읽는 단어장』의 열한 번째 책으로 20세기 최고의 인기 작가 로알드 달(Roald Dahl)의 대표 단편 작품을 영어원서로 읽도록 도와주는 책이다. 먼저 출간된 『원서 읽는 단어장』시리즈의 도서들과 마찬가지로 해당 원서에 등장하는 어려운 어휘가 본문 등장 순서대로 정리되어 있어 원서를 쉽게 읽고 자연스럽게 어휘력이 향상되도록 도와주며, 이어지는 Comprehension Quiz를 통해 본문 내용에 대한 이해도를 측정해볼 수 있도록 구성되어 있다.",2010-11-01,https://image.aladin.co.kr/product/801/56/coversum/8956054878_1.jpg,국내도서>외국어>영어독해
                ,Roald Dahl,Puffin Books,대덕소프트웨어마이스터고등학교,IT00002425,843 D111t c.66,"『원서 읽는 단어장』의 열한 번째 책으로 20세기 최고의 인기 작가 로알드 달(Roald Dahl)의 대표 단편 작품을 영어원서로 읽도록 도와주는 책이다. 먼저 출간된 『원서 읽는 단어장』시리즈의 도서들과 마찬가지로 해당 원서에 등장하는 어려운 어휘가 본문 등장 순서대로 정리되어 있어 원서를 쉽게 읽고 자연스럽게 어휘력이 향상되도록 도와주며, 이어지는 Comprehension Quiz를 통해 본문 내용에 대한 이해도를 측정해볼 수 있도록 구성되어 있다.",2010-11-01,https://image.aladin.co.kr/product/801/56/coversum/8956054878_1.jpg,국내도서>외국어>영어독해
                ,Roald Dahl,Puffin Books,대덕소프트웨어마이스터고등학교,IT00002427,843 D111t c.68,"『원서 읽는 단어장』의 열한 번째 책으로 20세기 최고의 인기 작가 로알드 달(Roald Dahl)의 대표 단편 작품을 영어원서로 읽도록 도와주는 책이다. 먼저 출간된 『원서 읽는 단어장』시리즈의 도서들과 마찬가지로 해당 원서에 등장하는 어려운 어휘가 본문 등장 순서대로 정리되어 있어 원서를 쉽게 읽고 자연스럽게 어휘력이 향상되도록 도와주며, 이어지는 Comprehension Quiz를 통해 본문 내용에 대한 이해도를 측정해볼 수 있도록 구성되어 있다.",2010-11-01,https://image.aladin.co.kr/product/801/56/coversum/8956054878_1.jpg,국내도서>외국어>영어독해
                ,Roald Dahl,Puffin Books,대덕소프트웨어마이스터고등학교,IT00002428,843 D111t c.69,"『원서 읽는 단어장』의 열한 번째 책으로 20세기 최고의 인기 작가 로알드 달(Roald Dahl)의 대표 단편 작품을 영어원서로 읽도록 도와주는 책이다. 먼저 출간된 『원서 읽는 단어장』시리즈의 도서들과 마찬가지로 해당 원서에 등장하는 어려운 어휘가 본문 등장 순서대로 정리되어 있어 원서를 쉽게 읽고 자연스럽게 어휘력이 향상되도록 도와주며, 이어지는 Comprehension Quiz를 통해 본문 내용에 대한 이해도를 측정해볼 수 있도록 구성되어 있다.",2010-11-01,https://image.aladin.co.kr/product/801/56/coversum/8956054878_1.jpg,국내도서>외국어>영어독해
                ,Roald Dahl,Puffin Books,대덕소프트웨어마이스터고등학교,IT00002400,843 D111t c.41,"『원서 읽는 단어장』의 열한 번째 책으로 20세기 최고의 인기 작가 로알드 달(Roald Dahl)의 대표 단편 작품을 영어원서로 읽도록 도와주는 책이다. 먼저 출간된 『원서 읽는 단어장』시리즈의 도서들과 마찬가지로 해당 원서에 등장하는 어려운 어휘가 본문 등장 순서대로 정리되어 있어 원서를 쉽게 읽고 자연스럽게 어휘력이 향상되도록 도와주며, 이어지는 Comprehension Quiz를 통해 본문 내용에 대한 이해도를 측정해볼 수 있도록 구성되어 있다.",2010-11-01,https://image.aladin.co.kr/product/801/56/coversum/8956054878_1.jpg,국내도서>외국어>영어독해
 김동인 단편선  감자,김동인,문학과지성사,대덕소프트웨어마이스터고등학교,IT00002528,813.6 김25ㄱ,한국문학전집의 첫 번째 권은 김동인의 단편선 <감자>. 극단적인 상황과 비극적 운명에 빠진 인물 군상들을 냉정하게 서술해낸 한국 근대 단편 문학의 선구자 김동인의 단편 12편을 수록했다. 인간과 환경에 대한 근대적 인식을 빼어난 문체와 서술로 형상화한 김동인의 빼어난 작품들을 만나볼 수 있다.,2004-12-03,https://image.aladin.co.kr/product/53/3/coversum/8932015538_1.jpg,국내도서>소설/시/희곡>한국소설>2000년대 이전 한국소설
 김동인 단편선  감자,김동인,문학과지성사,대덕소프트웨어마이스터고등학교,IT00002531,813.6 김25ㄱ c.4,한국문학전집의 첫 번째 권은 김동인의 단편선 <감자>. 극단적인 상황과 비극적 운명에 빠진 인물 군상들을 냉정하게 서술해낸 한국 근대 단편 문학의 선구자 김동인의 단편 12편을 수록했다. 인간과 환경에 대한 근대적 인식을 빼어난 문체와 서술로 형상화한 김동인의 빼어난 작품들을 만나볼 수 있다.,2004-12-03,https://image.aladin.co.kr/product/53/3/coversum/8932015538_1.jpg,국내도서>소설/시/희곡>한국소설>2000년대 이전 한국소설
광장 구운몽,최인훈,문학과지성사,대덕소프트웨어마이스터고등학교,IT00002509,813.6 최68ㄱ c.3,"최인훈 전집 1권. 광장은 분단 상황에서 이데올로기의 대립 속에 고뇌하던 청년의 모습을 그린 장편소설. 전후의 문제소설로 평가받고 있다. 한 지식인의 외로운 자기성찰을 밀실과 광장, 즉 남과 북의 대비를 통해 묘사하고 있다.",2008-11-13,https://image.aladin.co.kr/product/281/47/coversum/8932019150_1.jpg,국내도서>소설/시/희곡>한국소설>2000년대 이전 한국소설
 김동인 단편선  감자,김동인,문학과지성사,대덕소프트웨어마이스터고등학교,IT00002537,813.6 김25ㄱ c.10,한국문학전집의 첫 번째 권은 김동인의 단편선 <감자>. 극단적인 상황과 비극적 운명에 빠진 인물 군상들을 냉정하게 서술해낸 한국 근대 단편 문학의 선구자 김동인의 단편 12편을 수록했다. 인간과 환경에 대한 근대적 인식을 빼어난 문체와 서술로 형상화한 김동인의 빼어난 작품들을 만나볼 수 있다.,2004-12-03,https://image.aladin.co.kr/product/53/3/coversum/8932015538_1.jpg,국내도서>소설/시/희곡>한국소설>2000년대 이전 한국소설
광장 구운몽,최인훈,문학과지성사,대덕소프트웨어마이스터고등학교,IT00002510,813.6 최68ㄱ c.4,"최인훈 전집 1권. 광장은 분단 상황에서 이데올로기의 대립 속에 고뇌하던 청년의 모습을 그린 장편소설. 전후의 문제소설로 평가받고 있다. 한 지식인의 외로운 자기성찰을 밀실과 광장, 즉 남과 북의 대비를 통해 묘사하고 있다.",2008-11-13,https://image.aladin.co.kr/product/281/47/coversum/8932019150_1.jpg,국내도서>소설/시/희곡>한국소설>2000년대 이전 한국소설
광장 구운몽,최인훈,문학과지성사,대덕소프트웨어마이스터고등학교,IT00002513,813.6 최68ㄱ c.7,"최인훈 전집 1권. 광장은 분단 상황에서 이데올로기의 대립 속에 고뇌하던 청년의 모습을 그린 장편소설. 전후의 문제소설로 평가받고 있다. 한 지식인의 외로운 자기성찰을 밀실과 광장, 즉 남과 북의 대비를 통해 묘사하고 있다.",2008-11-13,https://image.aladin.co.kr/product/281/47/coversum/8932019150_1.jpg,국내도서>소설/시/희곡>한국소설>2000년대 이전 한국소설
광장 구운몽,최인훈,문학과지성사,대덕소프트웨어마이스터고등학교,IT00002514,813.6 최68ㄱ c.8,"최인훈 전집 1권. 광장은 분단 상황에서 이데올로기의 대립 속에 고뇌하던 청년의 모습을 그린 장편소설. 전후의 문제소설로 평가받고 있다. 한 지식인의 외로운 자기성찰을 밀실과 광장, 즉 남과 북의 대비를 통해 묘사하고 있다.",2008-11-13,https://image.aladin.co.kr/product/281/47/coversum/8932019150_1.jpg,국내도서>소설/시/희곡>한국소설>2000년대 이전 한국소설
 김동인 단편선  감자,김동인,문학과지성사,대덕소프트웨어마이스터고등학교,IT00002533,813.6 김25ㄱ c.6,한국문학전집의 첫 번째 권은 김동인의 단편선 <감자>. 극단적인 상황과 비극적 운명에 빠진 인물 군상들을 냉정하게 서술해낸 한국 근대 단편 문학의 선구자 김동인의 단편 12편을 수록했다. 인간과 환경에 대한 근대적 인식을 빼어난 문체와 서술로 형상화한 김동인의 빼어난 작품들을 만나볼 수 있다.,2004-12-03,https://image.aladin.co.kr/product/53/3/coversum/8932015538_1.jpg,국내도서>소설/시/희곡>한국소설>2000년대 이전 한국소설
 김동인 단편선  감자,김동인,문학과지성사,대덕소프트웨어마이스터고등학교,IT00002536,813.6 김25ㄱ c.9,한국문학전집의 첫 번째 권은 김동인의 단편선 <감자>. 극단적인 상황과 비극적 운명에 빠진 인물 군상들을 냉정하게 서술해낸 한국 근대 단편 문학의 선구자 김동인의 단편 12편을 수록했다. 인간과 환경에 대한 근대적 인식을 빼어난 문체와 서술로 형상화한 김동인의 빼어난 작품들을 만나볼 수 있다.,2004-12-03,https://image.aladin.co.kr/product/53/3/coversum/8932015538_1.jpg,국내도서>소설/시/희곡>한국소설>2000년대 이전 한국소설
 김동인 단편선  감자,김동인,문학과지성사,대덕소프트웨어마이스터고등학교,IT00002540,813.6 김25ㄱ c.13,한국문학전집의 첫 번째 권은 김동인의 단편선 <감자>. 극단적인 상황과 비극적 운명에 빠진 인물 군상들을 냉정하게 서술해낸 한국 근대 단편 문학의 선구자 김동인의 단편 12편을 수록했다. 인간과 환경에 대한 근대적 인식을 빼어난 문체와 서술로 형상화한 김동인의 빼어난 작품들을 만나볼 수 있다.,2004-12-03,https://image.aladin.co.kr/product/53/3/coversum/8932015538_1.jpg,국내도서>소설/시/희곡>한국소설>2000년대 이전 한국소설
상록수,심훈,문학과지성사,대덕소프트웨어마이스터고등학교,IT00002541,813.6 심96ㅅ,"심훈의 장편소설 『상록수』는 1935년 동아일보 창간 15주년을 기념하여 기획된 장편소설 현상모집에 당선되어, 같은 신문 1935년 9월 10일부터 1936년 2월 15일까지 연재되었다.",2025-10-15,https://image.aladin.co.kr/product/37399/73/coversum/k132032892_1.jpg,국내도서>청소년>청소년 인물
상록수,심훈,문학과지성사,대덕소프트웨어마이스터고등학교,IT00002543,813.6 심96ㅅ c.3,"심훈의 장편소설 『상록수』는 1935년 동아일보 창간 15주년을 기념하여 기획된 장편소설 현상모집에 당선되어, 같은 신문 1935년 9월 10일부터 1936년 2월 15일까지 연재되었다.",2025-10-15,https://image.aladin.co.kr/product/37399/73/coversum/k132032892_1.jpg,국내도서>청소년>청소년 인물
상록수,심훈,문학과지성사,대덕소프트웨어마이스터고등학교,IT00002546,813.6 심96ㅅ c.6,"심훈의 장편소설 『상록수』는 1935년 동아일보 창간 15주년을 기념하여 기획된 장편소설 현상모집에 당선되어, 같은 신문 1935년 9월 10일부터 1936년 2월 15일까지 연재되었다.",2025-10-15,https://image.aladin.co.kr/product/37399/73/coversum/k132032892_1.jpg,국내도서>청소년>청소년 인물
상록수,심훈,문학과지성사,대덕소프트웨어마이스터고등학교,IT00002550,813.6 심96ㅅ c.10,"심훈의 장편소설 『상록수』는 1935년 동아일보 창간 15주년을 기념하여 기획된 장편소설 현상모집에 당선되어, 같은 신문 1935년 9월 10일부터 1936년 2월 15일까지 연재되었다.",2025-10-15,https://image.aladin.co.kr/product/37399/73/coversum/k132032892_1.jpg,국내도서>청소년>청소년 인물
아몬드,손원평,창비,대덕소프트웨어마이스터고등학교,IT00008347,813.7 손66ㅇ c.2,"2017년 처음 출간된 이래 국내 종이책 기준 100만 부 판매를 기록한 베스트셀러이자 스테디 셀러 『아몬드』가 절판기간을 거쳐 재출간된다. 강렬하고 새로운 2종의 표지로 청소년과 성인 독자에게 새롭게 다가가며, 단편 외전이 함께 수록돼 상상력과 읽는 재미를 배가시킨다.",2023-07-14,https://image.aladin.co.kr/product/31893/32/coversum/k212833749_2.jpg,국내도서>소설/시/희곡>한국소설>2000년대 이후 한국소설
28,정유정,은행나무,대덕소프트웨어마이스터고등학교,IT00008353,813.7 정66ㅇ c.2,"내 인생의 스프링 캠프, 내 심장을 쏴라의 작가 정유정의 장편소설 세트. 28과 7년의 밤으로 구성되었다.",2013-06-16,https://image.aladin.co.kr/product/2986/66/coversum/6000652182_2.jpg,국내도서>소설/시/희곡>한국소설>2000년대 이후 한국소설
살인의 문 2,히가시노게이고,재인,대덕소프트웨어마이스터고등학교,IT00008413,833.6 히12ㅅ v.2 c.2,히가시노 게이고 장편소설. 어린 시절부터 친구에게 철저히 인생을 농락당해 온 한 남자의 처절한 자기고백이다. 또한 서서히 침몰해가는 주인공이 불타는 복수심과 살인 충동을 증폭시키는 심리적 과정을 주인공 일인칭 시점의 섬세한 필치로 묘사한 문제작이다.,2018-08-31,https://image.aladin.co.kr/product/16439/6/coversum/8990982731_3.jpg,국내도서>소설/시/희곡>추리/미스터리소설>일본 추리/미스터리소설
돌이킬 수 없는 약속,야쿠마루가쿠,북플라자,대덕소프트웨어마이스터고등학교,IT00009475,833.6 야876ㄷ c.9,"불우한 어린 시절을 보내다 도박에 빠져 빚을 지고 쫓기는 신세가 된 무카이는 삶이 얼마 남지 않은 노파와 만나게 된다. 노파는 큰돈을 주며, 자신의 딸을 살해한 놈들이 교도소에서 나오면 죽여달라고 부탁하고, 무카이는 그 부탁을 꼭 들어주겠다고 약속한다.",2022-12-26,https://image.aladin.co.kr/product/30763/8/coversum/k772830457_1.jpg,국내도서>소설/시/희곡>추리/미스터리소설>일본 추리/미스터리소설
돌이킬 수 없는 약속,야쿠마루가쿠,북플라자,대덕소프트웨어마이스터고등학교,IT00008512,833.6 야876ㄷ,"불우한 어린 시절을 보내다 도박에 빠져 빚을 지고 쫓기는 신세가 된 무카이는 삶이 얼마 남지 않은 노파와 만나게 된다. 노파는 큰돈을 주며, 자신의 딸을 살해한 놈들이 교도소에서 나오면 죽여달라고 부탁하고, 무카이는 그 부탁을 꼭 들어주겠다고 약속한다.",2022-12-26,https://image.aladin.co.kr/product/30763/8/coversum/k772830457_1.jpg,국내도서>소설/시/희곡>추리/미스터리소설>일본 추리/미스터리소설
수수께끼 풀이는 저녁식사 후에 2,히가시가와 도쿠야,아르테,대덕소프트웨어마이스터고등학교,IT00008575,833.6 히929ㅅ v.2,"일본에서 해리 포터 신작보다 많이 팔렸고(2011년 오리콘 차트 집계), 미스터리 장르에서는 처음으로 일본 서점대상을 수상했으며, 드라마, 연극, 영화로도 만들어져 '수수께끼 열풍'을 불러일으킨 히가시가와 도쿠야의 수수께끼 풀이는 저녁 식사 후에 시리즈.",2016-09-30,https://image.aladin.co.kr/product/9398/12/coversum/895096659x_1.jpg,국내도서>소설/시/희곡>추리/미스터리소설>일본 추리/미스터리소설
메트로 2034,드미트리 글루코프스키,제우미디어,대덕소프트웨어마이스터고등학교,IT00009250,892.8 글296ㅁ c.2,출간 당시 러시아 출판계로서는 경이적인 속도인 6개월 만에 30만부 이상의 판매고를 보이며 러시아 소설 중 최고의 베스트셀러로 자리매김한 화제작. 메트로 2033 이후 1년. 아르티옴에게 임무를 맡기고 죽은 줄만 알았던 헌터가 1년 만에 살아 돌아왔다. 인류의 마지막 생존자들을 위해 그는 메트로에서 또 다시 해결사를 자처하게 된다.,2011-05-11,https://image.aladin.co.kr/product/1147/58/coversum/8959522317_3.jpg,국내도서>소설/시/희곡>과학소설(SF)>외국 과학소설
악의 교전 1,기시유스케,느낌이있는책,대덕소프트웨어마이스터고등학교,IT00008646,833.6 기58ㅇ v.1,"소설 속 등장하는 학교는 이미 도덕적 올바름은 잃은 지 오래. 배움의 전당이라는 허울만 남은 학교 안에서 일어나는 집단 따돌림, 폭력, 절도, 마약, 성추행 등. 학생에서 학생에게로, 그리고 교사에서 학생에게로 이어지는 악의 연쇄 속으로 상상조차 할 수 없던 ‘절대 악(惡)’이 등장한다.",2025-02-26,https://image.aladin.co.kr/product/35916/28/coversum/k692037597_1.jpg,국내도서>소설/시/희곡>추리/미스터리소설>일본 추리/미스터리소설
마인드 헌터,존 더글러스 마크 올셰이커,비채,대덕소프트웨어마이스터고등학교,IT00008657,843.6 존24ㅁ,미국 FBI의 '살아 있는 전설'이자 드라마 [크리미널 마인드]의 제이슨 기디언의 실제 모델로 잘 알려진 존 더글러스. 자신의 생애를 바쳐 범죄자들의 마음을 탐구한 그의 회고록 마인드헌터 전면개정판이 출간되었다.,2017-11-03,https://image.aladin.co.kr/product/12253/3/coversum/8934979356_1.jpg,국내도서>소설/시/희곡>추리/미스터리소설>영미 추리/미스터리소설
쿠드랴프카의 차례,요네자와호노부,엘릭시르,대덕소프트웨어마이스터고등학교,IT00008673,833.6 요194ㅋ,다양한 장르에 도전하며 발표하는 작품마다 호평을 얻는 작가 요네자와 호노부의 데뷔작이자 애니메이션 [빙과]의 원작 소설인 '고전부' 시리즈. 쿠드랴프카의 차례는 빙과와 바보의 엔드 크레디트에 이은 고전부 세 번째 작품이다.,2014-01-20,https://image.aladin.co.kr/product/3531/6/coversum/895462362x_1.jpg,국내도서>소설/시/희곡>추리/미스터리소설>일본 추리/미스터리소설
멀리 돌아가는 히나,요네자와 호노부,엘릭시르,대덕소프트웨어마이스터고등학교,IT00008674,833.6 호195ㅁ,"고전부 시리즈 네 번째 권. 고전부 시리즈는 고등학교의 특별 활동 동아리 '고전부'에 소속되어 있는 학생들이 일상에서 벌어지는 수수께끼를 해결해 나가는 학원 청춘 미스터리 소설이다. 작가 요네자와 호노부의 데뷔 시리즈이자, 애니메이션 [빙과]의 원작 소설이기도 하다.",2014-09-19,https://image.aladin.co.kr/product/4565/42/coversum/8954625487_2.jpg,국내도서>소설/시/희곡>추리/미스터리소설>일본 추리/미스터리소설
                ,Roald Dahl,Puffin Books,대덕소프트웨어마이스터고등학교,IT00006396,843 D111t c.79,"『원서 읽는 단어장』의 열한 번째 책으로 20세기 최고의 인기 작가 로알드 달(Roald Dahl)의 대표 단편 작품을 영어원서로 읽도록 도와주는 책이다. 먼저 출간된 『원서 읽는 단어장』시리즈의 도서들과 마찬가지로 해당 원서에 등장하는 어려운 어휘가 본문 등장 순서대로 정리되어 있어 원서를 쉽게 읽고 자연스럽게 어휘력이 향상되도록 도와주며, 이어지는 Comprehension Quiz를 통해 본문 내용에 대한 이해도를 측정해볼 수 있도록 구성되어 있다.",2010-11-01,https://image.aladin.co.kr/product/801/56/coversum/8956054878_1.jpg,국내도서>외국어>영어독해
                ,Roald Dahl,Puffin Books,대덕소프트웨어마이스터고등학교,IT00002365,843 D111t c.6,"『원서 읽는 단어장』의 열한 번째 책으로 20세기 최고의 인기 작가 로알드 달(Roald Dahl)의 대표 단편 작품을 영어원서로 읽도록 도와주는 책이다. 먼저 출간된 『원서 읽는 단어장』시리즈의 도서들과 마찬가지로 해당 원서에 등장하는 어려운 어휘가 본문 등장 순서대로 정리되어 있어 원서를 쉽게 읽고 자연스럽게 어휘력이 향상되도록 도와주며, 이어지는 Comprehension Quiz를 통해 본문 내용에 대한 이해도를 측정해볼 수 있도록 구성되어 있다.",2010-11-01,https://image.aladin.co.kr/product/801/56/coversum/8956054878_1.jpg,국내도서>외국어>영어독해
                ,Roald Dahl,Puffin Books,대덕소프트웨어마이스터고등학교,IT00002366,843 D111t c.7,"『원서 읽는 단어장』의 열한 번째 책으로 20세기 최고의 인기 작가 로알드 달(Roald Dahl)의 대표 단편 작품을 영어원서로 읽도록 도와주는 책이다. 먼저 출간된 『원서 읽는 단어장』시리즈의 도서들과 마찬가지로 해당 원서에 등장하는 어려운 어휘가 본문 등장 순서대로 정리되어 있어 원서를 쉽게 읽고 자연스럽게 어휘력이 향상되도록 도와주며, 이어지는 Comprehension Quiz를 통해 본문 내용에 대한 이해도를 측정해볼 수 있도록 구성되어 있다.",2010-11-01,https://image.aladin.co.kr/product/801/56/coversum/8956054878_1.jpg,국내도서>외국어>영어독해
                ,Roald Dahl,Puffin Books,대덕소프트웨어마이스터고등학교,IT00002368,843 D111t c.9,"『원서 읽는 단어장』의 열한 번째 책으로 20세기 최고의 인기 작가 로알드 달(Roald Dahl)의 대표 단편 작품을 영어원서로 읽도록 도와주는 책이다. 먼저 출간된 『원서 읽는 단어장』시리즈의 도서들과 마찬가지로 해당 원서에 등장하는 어려운 어휘가 본문 등장 순서대로 정리되어 있어 원서를 쉽게 읽고 자연스럽게 어휘력이 향상되도록 도와주며, 이어지는 Comprehension Quiz를 통해 본문 내용에 대한 이해도를 측정해볼 수 있도록 구성되어 있다.",2010-11-01,https://image.aladin.co.kr/product/801/56/coversum/8956054878_1.jpg,국내도서>외국어>영어독해
                ,Roald Dahl,Puffin Books,대덕소프트웨어마이스터고등학교,IT00002371,843 D111t c.12,"『원서 읽는 단어장』의 열한 번째 책으로 20세기 최고의 인기 작가 로알드 달(Roald Dahl)의 대표 단편 작품을 영어원서로 읽도록 도와주는 책이다. 먼저 출간된 『원서 읽는 단어장』시리즈의 도서들과 마찬가지로 해당 원서에 등장하는 어려운 어휘가 본문 등장 순서대로 정리되어 있어 원서를 쉽게 읽고 자연스럽게 어휘력이 향상되도록 도와주며, 이어지는 Comprehension Quiz를 통해 본문 내용에 대한 이해도를 측정해볼 수 있도록 구성되어 있다.",2010-11-01,https://image.aladin.co.kr/product/801/56/coversum/8956054878_1.jpg,국내도서>외국어>영어독해
                ,Roald Dahl,Puffin Books,대덕소프트웨어마이스터고등학교,IT00002375,843 D111t c.16,"『원서 읽는 단어장』의 열한 번째 책으로 20세기 최고의 인기 작가 로알드 달(Roald Dahl)의 대표 단편 작품을 영어원서로 읽도록 도와주는 책이다. 먼저 출간된 『원서 읽는 단어장』시리즈의 도서들과 마찬가지로 해당 원서에 등장하는 어려운 어휘가 본문 등장 순서대로 정리되어 있어 원서를 쉽게 읽고 자연스럽게 어휘력이 향상되도록 도와주며, 이어지는 Comprehension Quiz를 통해 본문 내용에 대한 이해도를 측정해볼 수 있도록 구성되어 있다.",2010-11-01,https://image.aladin.co.kr/product/801/56/coversum/8956054878_1.jpg,국내도서>외국어>영어독해
                ,Roald Dahl,Puffin Books,대덕소프트웨어마이스터고등학교,IT00002376,843 D111t c.17,"『원서 읽는 단어장』의 열한 번째 책으로 20세기 최고의 인기 작가 로알드 달(Roald Dahl)의 대표 단편 작품을 영어원서로 읽도록 도와주는 책이다. 먼저 출간된 『원서 읽는 단어장』시리즈의 도서들과 마찬가지로 해당 원서에 등장하는 어려운 어휘가 본문 등장 순서대로 정리되어 있어 원서를 쉽게 읽고 자연스럽게 어휘력이 향상되도록 도와주며, 이어지는 Comprehension Quiz를 통해 본문 내용에 대한 이해도를 측정해볼 수 있도록 구성되어 있다.",2010-11-01,https://image.aladin.co.kr/product/801/56/coversum/8956054878_1.jpg,국내도서>외국어>영어독해
                ,Roald Dahl,Puffin Books,대덕소프트웨어마이스터고등학교,IT00002405,843 D111t c.46,"『원서 읽는 단어장』의 열한 번째 책으로 20세기 최고의 인기 작가 로알드 달(Roald Dahl)의 대표 단편 작품을 영어원서로 읽도록 도와주는 책이다. 먼저 출간된 『원서 읽는 단어장』시리즈의 도서들과 마찬가지로 해당 원서에 등장하는 어려운 어휘가 본문 등장 순서대로 정리되어 있어 원서를 쉽게 읽고 자연스럽게 어휘력이 향상되도록 도와주며, 이어지는 Comprehension Quiz를 통해 본문 내용에 대한 이해도를 측정해볼 수 있도록 구성되어 있다.",2010-11-01,https://image.aladin.co.kr/product/801/56/coversum/8956054878_1.jpg,국내도서>외국어>영어독해
                ,Roald Dahl,Puffin Books,대덕소프트웨어마이스터고등학교,IT00002406,843 D111t c.47,"『원서 읽는 단어장』의 열한 번째 책으로 20세기 최고의 인기 작가 로알드 달(Roald Dahl)의 대표 단편 작품을 영어원서로 읽도록 도와주는 책이다. 먼저 출간된 『원서 읽는 단어장』시리즈의 도서들과 마찬가지로 해당 원서에 등장하는 어려운 어휘가 본문 등장 순서대로 정리되어 있어 원서를 쉽게 읽고 자연스럽게 어휘력이 향상되도록 도와주며, 이어지는 Comprehension Quiz를 통해 본문 내용에 대한 이해도를 측정해볼 수 있도록 구성되어 있다.",2010-11-01,https://image.aladin.co.kr/product/801/56/coversum/8956054878_1.jpg,국내도서>외국어>영어독해
                ,Roald Dahl,Puffin Books,대덕소프트웨어마이스터고등학교,IT00002407,843 D111t c.48,"『원서 읽는 단어장』의 열한 번째 책으로 20세기 최고의 인기 작가 로알드 달(Roald Dahl)의 대표 단편 작품을 영어원서로 읽도록 도와주는 책이다. 먼저 출간된 『원서 읽는 단어장』시리즈의 도서들과 마찬가지로 해당 원서에 등장하는 어려운 어휘가 본문 등장 순서대로 정리되어 있어 원서를 쉽게 읽고 자연스럽게 어휘력이 향상되도록 도와주며, 이어지는 Comprehension Quiz를 통해 본문 내용에 대한 이해도를 측정해볼 수 있도록 구성되어 있다.",2010-11-01,https://image.aladin.co.kr/product/801/56/coversum/8956054878_1.jpg,국내도서>외국어>영어독해
                ,Roald Dahl,Puffin Books,대덕소프트웨어마이스터고등학교,IT00002410,843 D111t c.51,"『원서 읽는 단어장』의 열한 번째 책으로 20세기 최고의 인기 작가 로알드 달(Roald Dahl)의 대표 단편 작품을 영어원서로 읽도록 도와주는 책이다. 먼저 출간된 『원서 읽는 단어장』시리즈의 도서들과 마찬가지로 해당 원서에 등장하는 어려운 어휘가 본문 등장 순서대로 정리되어 있어 원서를 쉽게 읽고 자연스럽게 어휘력이 향상되도록 도와주며, 이어지는 Comprehension Quiz를 통해 본문 내용에 대한 이해도를 측정해볼 수 있도록 구성되어 있다.",2010-11-01,https://image.aladin.co.kr/product/801/56/coversum/8956054878_1.jpg,국내도서>외국어>영어독해
                ,Roald Dahl,Puffin Books,대덕소프트웨어마이스터고등학교,IT00002412,843 D111t c.53,"『원서 읽는 단어장』의 열한 번째 책으로 20세기 최고의 인기 작가 로알드 달(Roald Dahl)의 대표 단편 작품을 영어원서로 읽도록 도와주는 책이다. 먼저 출간된 『원서 읽는 단어장』시리즈의 도서들과 마찬가지로 해당 원서에 등장하는 어려운 어휘가 본문 등장 순서대로 정리되어 있어 원서를 쉽게 읽고 자연스럽게 어휘력이 향상되도록 도와주며, 이어지는 Comprehension Quiz를 통해 본문 내용에 대한 이해도를 측정해볼 수 있도록 구성되어 있다.",2010-11-01,https://image.aladin.co.kr/product/801/56/coversum/8956054878_1.jpg,국내도서>외국어>영어독해
                ,Roald Dahl,Puffin Books,대덕소프트웨어마이스터고등학교,IT00002413,843 D111t c.54,"『원서 읽는 단어장』의 열한 번째 책으로 20세기 최고의 인기 작가 로알드 달(Roald Dahl)의 대표 단편 작품을 영어원서로 읽도록 도와주는 책이다. 먼저 출간된 『원서 읽는 단어장』시리즈의 도서들과 마찬가지로 해당 원서에 등장하는 어려운 어휘가 본문 등장 순서대로 정리되어 있어 원서를 쉽게 읽고 자연스럽게 어휘력이 향상되도록 도와주며, 이어지는 Comprehension Quiz를 통해 본문 내용에 대한 이해도를 측정해볼 수 있도록 구성되어 있다.",2010-11-01,https://image.aladin.co.kr/product/801/56/coversum/8956054878_1.jpg,국내도서>외국어>영어독해
                ,Roald Dahl,Puffin Books,대덕소프트웨어마이스터고등학교,IT00002416,843 D111t c.57,"『원서 읽는 단어장』의 열한 번째 책으로 20세기 최고의 인기 작가 로알드 달(Roald Dahl)의 대표 단편 작품을 영어원서로 읽도록 도와주는 책이다. 먼저 출간된 『원서 읽는 단어장』시리즈의 도서들과 마찬가지로 해당 원서에 등장하는 어려운 어휘가 본문 등장 순서대로 정리되어 있어 원서를 쉽게 읽고 자연스럽게 어휘력이 향상되도록 도와주며, 이어지는 Comprehension Quiz를 통해 본문 내용에 대한 이해도를 측정해볼 수 있도록 구성되어 있다.",2010-11-01,https://image.aladin.co.kr/product/801/56/coversum/8956054878_1.jpg,국내도서>외국어>영어독해
                ,Roald Dahl,Puffin Books,대덕소프트웨어마이스터고등학교,IT00002382,843 D111t c.23,"『원서 읽는 단어장』의 열한 번째 책으로 20세기 최고의 인기 작가 로알드 달(Roald Dahl)의 대표 단편 작품을 영어원서로 읽도록 도와주는 책이다. 먼저 출간된 『원서 읽는 단어장』시리즈의 도서들과 마찬가지로 해당 원서에 등장하는 어려운 어휘가 본문 등장 순서대로 정리되어 있어 원서를 쉽게 읽고 자연스럽게 어휘력이 향상되도록 도와주며, 이어지는 Comprehension Quiz를 통해 본문 내용에 대한 이해도를 측정해볼 수 있도록 구성되어 있다.",2010-11-01,https://image.aladin.co.kr/product/801/56/coversum/8956054878_1.jpg,국내도서>외국어>영어독해
                ,Roald Dahl,Puffin Books,대덕소프트웨어마이스터고등학교,IT00002383,843 D111t c.24,"『원서 읽는 단어장』의 열한 번째 책으로 20세기 최고의 인기 작가 로알드 달(Roald Dahl)의 대표 단편 작품을 영어원서로 읽도록 도와주는 책이다. 먼저 출간된 『원서 읽는 단어장』시리즈의 도서들과 마찬가지로 해당 원서에 등장하는 어려운 어휘가 본문 등장 순서대로 정리되어 있어 원서를 쉽게 읽고 자연스럽게 어휘력이 향상되도록 도와주며, 이어지는 Comprehension Quiz를 통해 본문 내용에 대한 이해도를 측정해볼 수 있도록 구성되어 있다.",2010-11-01,https://image.aladin.co.kr/product/801/56/coversum/8956054878_1.jpg,국내도서>외국어>영어독해
                ,Roald Dahl,Puffin Books,대덕소프트웨어마이스터고등학교,IT00002384,843 D111t c.25,"『원서 읽는 단어장』의 열한 번째 책으로 20세기 최고의 인기 작가 로알드 달(Roald Dahl)의 대표 단편 작품을 영어원서로 읽도록 도와주는 책이다. 먼저 출간된 『원서 읽는 단어장』시리즈의 도서들과 마찬가지로 해당 원서에 등장하는 어려운 어휘가 본문 등장 순서대로 정리되어 있어 원서를 쉽게 읽고 자연스럽게 어휘력이 향상되도록 도와주며, 이어지는 Comprehension Quiz를 통해 본문 내용에 대한 이해도를 측정해볼 수 있도록 구성되어 있다.",2010-11-01,https://image.aladin.co.kr/product/801/56/coversum/8956054878_1.jpg,국내도서>외국어>영어독해
                ,Roald Dahl,Puffin Books,대덕소프트웨어마이스터고등학교,IT00002390,843 D111t c.31,"『원서 읽는 단어장』의 열한 번째 책으로 20세기 최고의 인기 작가 로알드 달(Roald Dahl)의 대표 단편 작품을 영어원서로 읽도록 도와주는 책이다. 먼저 출간된 『원서 읽는 단어장』시리즈의 도서들과 마찬가지로 해당 원서에 등장하는 어려운 어휘가 본문 등장 순서대로 정리되어 있어 원서를 쉽게 읽고 자연스럽게 어휘력이 향상되도록 도와주며, 이어지는 Comprehension Quiz를 통해 본문 내용에 대한 이해도를 측정해볼 수 있도록 구성되어 있다.",2010-11-01,https://image.aladin.co.kr/product/801/56/coversum/8956054878_1.jpg,국내도서>외국어>영어독해
                ,Roald Dahl,Puffin Books,대덕소프트웨어마이스터고등학교,IT00002429,843 D111t c.70,"『원서 읽는 단어장』의 열한 번째 책으로 20세기 최고의 인기 작가 로알드 달(Roald Dahl)의 대표 단편 작품을 영어원서로 읽도록 도와주는 책이다. 먼저 출간된 『원서 읽는 단어장』시리즈의 도서들과 마찬가지로 해당 원서에 등장하는 어려운 어휘가 본문 등장 순서대로 정리되어 있어 원서를 쉽게 읽고 자연스럽게 어휘력이 향상되도록 도와주며, 이어지는 Comprehension Quiz를 통해 본문 내용에 대한 이해도를 측정해볼 수 있도록 구성되어 있다.",2010-11-01,https://image.aladin.co.kr/product/801/56/coversum/8956054878_1.jpg,국내도서>외국어>영어독해
                ,Roald Dahl,Puffin Books,대덕소프트웨어마이스터고등학교,IT00002430,843 D111t c.71,"『원서 읽는 단어장』의 열한 번째 책으로 20세기 최고의 인기 작가 로알드 달(Roald Dahl)의 대표 단편 작품을 영어원서로 읽도록 도와주는 책이다. 먼저 출간된 『원서 읽는 단어장』시리즈의 도서들과 마찬가지로 해당 원서에 등장하는 어려운 어휘가 본문 등장 순서대로 정리되어 있어 원서를 쉽게 읽고 자연스럽게 어휘력이 향상되도록 도와주며, 이어지는 Comprehension Quiz를 통해 본문 내용에 대한 이해도를 측정해볼 수 있도록 구성되어 있다.",2010-11-01,https://image.aladin.co.kr/product/801/56/coversum/8956054878_1.jpg,국내도서>외국어>영어독해
                ,Roald Dahl,Puffin Books,대덕소프트웨어마이스터고등학교,IT00002396,843 D111t c.37,"『원서 읽는 단어장』의 열한 번째 책으로 20세기 최고의 인기 작가 로알드 달(Roald Dahl)의 대표 단편 작품을 영어원서로 읽도록 도와주는 책이다. 먼저 출간된 『원서 읽는 단어장』시리즈의 도서들과 마찬가지로 해당 원서에 등장하는 어려운 어휘가 본문 등장 순서대로 정리되어 있어 원서를 쉽게 읽고 자연스럽게 어휘력이 향상되도록 도와주며, 이어지는 Comprehension Quiz를 통해 본문 내용에 대한 이해도를 측정해볼 수 있도록 구성되어 있다.",2010-11-01,https://image.aladin.co.kr/product/801/56/coversum/8956054878_1.jpg,국내도서>외국어>영어독해
                ,Roald Dahl,Puffin Books,대덕소프트웨어마이스터고등학교,IT00002399,843 D111t c.40,"『원서 읽는 단어장』의 열한 번째 책으로 20세기 최고의 인기 작가 로알드 달(Roald Dahl)의 대표 단편 작품을 영어원서로 읽도록 도와주는 책이다. 먼저 출간된 『원서 읽는 단어장』시리즈의 도서들과 마찬가지로 해당 원서에 등장하는 어려운 어휘가 본문 등장 순서대로 정리되어 있어 원서를 쉽게 읽고 자연스럽게 어휘력이 향상되도록 도와주며, 이어지는 Comprehension Quiz를 통해 본문 내용에 대한 이해도를 측정해볼 수 있도록 구성되어 있다.",2010-11-01,https://image.aladin.co.kr/product/801/56/coversum/8956054878_1.jpg,국내도서>외국어>영어독해
광장 구운몽,최인훈,문학과지성사,대덕소프트웨어마이스터고등학교,IT00002512,813.6 최68ㄱ c.6,"최인훈 전집 1권. 광장은 분단 상황에서 이데올로기의 대립 속에 고뇌하던 청년의 모습을 그린 장편소설. 전후의 문제소설로 평가받고 있다. 한 지식인의 외로운 자기성찰을 밀실과 광장, 즉 남과 북의 대비를 통해 묘사하고 있다.",2008-11-13,https://image.aladin.co.kr/product/281/47/coversum/8932019150_1.jpg,국내도서>소설/시/희곡>한국소설>2000년대 이전 한국소설
 김동인 단편선  감자,김동인,문학과지성사,대덕소프트웨어마이스터고등학교,IT00002534,813.6 김25ㄱ c.7,한국문학전집의 첫 번째 권은 김동인의 단편선 <감자>. 극단적인 상황과 비극적 운명에 빠진 인물 군상들을 냉정하게 서술해낸 한국 근대 단편 문학의 선구자 김동인의 단편 12편을 수록했다. 인간과 환경에 대한 근대적 인식을 빼어난 문체와 서술로 형상화한 김동인의 빼어난 작품들을 만나볼 수 있다.,2004-12-03,https://image.aladin.co.kr/product/53/3/coversum/8932015538_1.jpg,국내도서>소설/시/희곡>한국소설>2000년대 이전 한국소설
 김동인 단편선  감자,김동인,문학과지성사,대덕소프트웨어마이스터고등학교,IT00002535,813.6 김25ㄱ c.8,한국문학전집의 첫 번째 권은 김동인의 단편선 <감자>. 극단적인 상황과 비극적 운명에 빠진 인물 군상들을 냉정하게 서술해낸 한국 근대 단편 문학의 선구자 김동인의 단편 12편을 수록했다. 인간과 환경에 대한 근대적 인식을 빼어난 문체와 서술로 형상화한 김동인의 빼어난 작품들을 만나볼 수 있다.,2004-12-03,https://image.aladin.co.kr/product/53/3/coversum/8932015538_1.jpg,국내도서>소설/시/희곡>한국소설>2000년대 이전 한국소설
상록수,심훈,문학과지성사,대덕소프트웨어마이스터고등학교,IT00002544,813.6 심96ㅅ c.4,"심훈의 장편소설 『상록수』는 1935년 동아일보 창간 15주년을 기념하여 기획된 장편소설 현상모집에 당선되어, 같은 신문 1935년 9월 10일부터 1936년 2월 15일까지 연재되었다.",2025-10-15,https://image.aladin.co.kr/product/37399/73/coversum/k132032892_1.jpg,국내도서>청소년>청소년 인물
상록수,심훈,문학과지성사,대덕소프트웨어마이스터고등학교,IT00002551,813.6 심96ㅅ c.11,"심훈의 장편소설 『상록수』는 1935년 동아일보 창간 15주년을 기념하여 기획된 장편소설 현상모집에 당선되어, 같은 신문 1935년 9월 10일부터 1936년 2월 15일까지 연재되었다.",2025-10-15,https://image.aladin.co.kr/product/37399/73/coversum/k132032892_1.jpg,국내도서>청소년>청소년 인물
 심훈 장편소설 상록수,심훈,문학과지성사,대덕소프트웨어마이스터고등학교,IT00002586,813.6 심96ㅅ,"작가 이경자가 청소년 시기에 심훈의 작품을 읽었을 때 느꼈던 당시의 경험과 감동을 추억하며 심훈의 작품을 즐겁게 소개하고 있다. 심훈의 장편소설 상록수는 1936년 동아일보 창간 15주년 기념 문예현상모집에 응모하여 당선된 작품으로, 농촌계몽운동을 시대적 배경으로 하고 있다. 
",2014-06-16,https://image.aladin.co.kr/product/4195/20/coversum/8994353429_1.jpg,국내도서>소설/시/희곡>한국소설>2000년대 이전 한국소설
불편한 편의점 2,김호연,나무옆의자,대덕소프트웨어마이스터고등학교,IT00016055,813.7 김95ㅂ v.2,"출간 후 1년이 넘도록 독자의 사랑을 받으며 베스트셀러 상위권을 지키고 있는 소설, 김호연 작가의 『불편한 편의점』이 그 두 번째 이야기로 다시 찾아왔다. 청파동 골목의 작은 편의점을 무대로 힘겨운 시대를 살아가는 우리 이웃들의 삶을 따뜻하고 유쾌하게 그렸다.",2022-08-10,https://image.aladin.co.kr/product/30370/64/coversum/s122834213_1.jpg,국내도서>소설/시/희곡>한국소설>2000년대 이후 한국소설
불편한 편의점 2,김호연,나무옆의자,대덕소프트웨어마이스터고등학교,IT00016056,813.7 김95ㅂ v.2 c.2,"출간 후 1년이 넘도록 독자의 사랑을 받으며 베스트셀러 상위권을 지키고 있는 소설, 김호연 작가의 『불편한 편의점』이 그 두 번째 이야기로 다시 찾아왔다. 청파동 골목의 작은 편의점을 무대로 힘겨운 시대를 살아가는 우리 이웃들의 삶을 따뜻하고 유쾌하게 그렸다.",2022-08-10,https://image.aladin.co.kr/product/30370/64/coversum/s122834213_1.jpg,국내도서>소설/시/희곡>한국소설>2000년대 이후 한국소설
재수사 2,장강명,은행나무,대덕소프트웨어마이스터고등학교,IT00016093,813.7 장12ㅈ v.2,"발표하는 작품마다 우리 삶과 연관된 가장 사실적인 순간을 포착해온, 그야말로 장르불문의 올라운더 소설가 장강명의 신작으로, 강력범죄수사대 소속 형사 연지혜가 22년 전 발생한 신촌 여대생 살인사건을 재수사하며 벌어지는 일을 다룬다.",2022-08-22,https://image.aladin.co.kr/product/29982/29/coversum/k992838349_1.jpg,국내도서>소설/시/희곡>추리/미스터리소설>한국 추리/미스터리소설
하얼빈,김훈,문학동네,대덕소프트웨어마이스터고등학교,IT00016100,813.7 김96ㅎ,‘우리 시대 최고의 문장가’ ‘작가들의 작가’로 일컬어지는 소설가 김훈의 신작 장편소설 『하얼빈』이 출간되었다. 『하얼빈』은 김훈이 작가로 활동하는 내내 인생 과업으로 삼아왔던 특별한 작품이다.,2022-08-03,https://image.aladin.co.kr/product/29857/0/coversum/895469991x_3.jpg,국내도서>소설/시/희곡>역사소설>한국 역사소설
아버지의 해방일지,정지아,창비,대덕소프트웨어마이스터고등학교,IT00016073,813.7 정78ㅇ,김유정문학상 심훈문학대상 이효석문학상 등을 수상하며 문학성을 두루 입증받은 ‘리얼리스트’ 정지아가 무려 32년 만에 장편소설을 발표했다. 역사의 상흔과 가족의 사랑을 엮어낸 대작을 선보임으로써 선 굵은 서사에 목마른 독자들에게 한모금 청량음료 같은 해갈을 선사한다.,2022-09-02,https://image.aladin.co.kr/product/30048/51/coversum/8936438832_2.jpg,국내도서>소설/시/희곡>한국소설>2000년대 이후 한국소설
어서 오세요  휴남동 서점입니다,황보름,클레이하우스,대덕소프트웨어마이스터고등학교,IT00016074,813.7 황45ㅇ,"황보름 장편소설 『어서 오세요, 휴남동 서점입니다』가 2024년 일본 서점대상 1위(번역소설부문)를 수상했다. 일본 서점대상은 2004년 제정된 일본의 문학상으로, 서점 직원들의 ‘가장 팔고 싶은 책’ 직접 투표로 수상작이 선정된다. 2012년부터는 번역소설부문의 시상도 시작되었으며, 한국소설이 이 부문 1위를 수상한 건 손원평 작가의 『아몬드』와 『서른의 반격』에 이어 이번이 세 번째다.",2022-01-17,https://image.aladin.co.kr/product/33783/53/coversum/k872930470_1.jpg,국내도서>소설/시/희곡>한국소설>2000년대 이후 한국소설
레슨 인 케미스트리 1,보니 가머스,다산책방,대덕소프트웨어마이스터고등학교,IT00016038,843 가34ㄹ v.1,애플TV+ 드라마 레슨 인 케미스트리 원작 소설. 예순다섯 살 신인 작가의 데뷔 소설 『레슨 인 케미스트리』은 출간되자마자 각종 베스트셀러 차트의 1위를 차지했다. 이번에 출간 1주년과 애플TV+ 드라마화를 기념해 리커버판을 출간한다.,2023-10-13,https://image.aladin.co.kr/product/32628/13/coversum/k232935455_2.jpg,국내도서>소설/시/희곡>영미소설
악화의 진실,박준수,밀리언하우스,대덕소프트웨어마이스터고등학교,EM00011915,813.6 박76ㅇ,"경제 멘토 공병호 소장이 강력 추천한 책으로, 조선 말 대원군이 발행한 악화 당백전을 둘러싸고 양반, 장사치, 장돌뱅이, 노름꾼, 도둑, 술청여인 등 시대를 살아가는 인간 군상의 욕망과 다툼을 그린 한국형 역사경제팩션이다. 인류가 화폐 경제 시대로 접어들면서 자주 발생하는 '화폐의 타락'을 주제로 삼고 있다.",2010-08-05,https://image.aladin.co.kr/product/741/4/coversum/8991643671_2.jpg,국내도서>소설/시/희곡>역사소설>한국 역사소설
악의,히가시노게이고,현대문학,대덕소프트웨어마이스터고등학교,EM00011934,833.6 히12ㅇ,"히가시노 게이고의 대표작 '가가 형사 시리즈'가 한국 출간 10여 년 만에 완전히 새로운 모습으로 독자들을 만난다. 악의는 '가가 형사 시리즈' 3번째 작품으로, 히가시노 게이고의 초기 대표작이자 많은 미스터리 팬들의 필독서 겸 입문서로 사랑받는 소설이다.",2019-07-25,https://image.aladin.co.kr/product/19822/35/coversum/8972750034_2.jpg,국내도서>소설/시/희곡>추리/미스터리소설>일본 추리/미스터리소설
나는 절대 저렇게 추하게 늙지 말아야지   심너울 소설집,심너울,아작,대덕소프트웨어마이스터고등학교,IT00011935,813.7 심194ㄴ,,,,
일곱 해의 마지막,김연수,문학동네,대덕소프트웨어마이스터고등학교,IT00012090,813.7 김64ㅇ,"파도가 바다의 일이라면 이후 8년 만에 펴내는 김연수 장편소설. 청춘, 사랑, 역사, 개인이라는 그간의 김연수 소설의 핵심 키워드를 모두 아우르는 작품으로, 한국전쟁 이후 급격히 변한 세상 앞에 선 시인 '기행'의 삶을 그려낸다.",2020-07-01,https://image.aladin.co.kr/product/24292/56/coversum/s472630412_1.jpg,국내도서>소설/시/희곡>한국소설>2000년대 이후 한국소설
조선왕비간택사건 1,월우,아름다운날,대덕소프트웨어마이스터고등학교,IT00012102,813.7 월66ㅈ v.1,월우의 로맨스 소설. 장안 모든 여인들의 흠모의 대상이자 조선 최고의 미공자라 불리는 현무군 이윤. 그가 조선 최고의 한량 자리를 포기하기 싫어 사촌 형인 임금 학의 명을 받들어 왕비간택 암행에 나선다.,2013-07-07,https://image.aladin.co.kr/product/2835/41/coversum/8993876371_1.jpg,국내도서>소설/시/희곡>로맨스소설>한국 로맨스소설
페인트,이희영,창비,대덕소프트웨어마이스터고등학교,IT00012127,813.7 이98ㅍ,제12회 창비청소년문학상 수상작. 심사위원 전원의 압도적인 지지와 청소년심사단 134명의 열렬한 찬사 속에 수상작으로 선정되어 세상에 나온 작품이다. 이희영 작가는 페인트를 통해 누구나 한 번쯤 품어 보았을 도발적인 상상력을 펼쳐 보인다.,2019-04-19,https://image.aladin.co.kr/product/18958/95/coversum/893645689x_1.jpg,국내도서>청소년>청소년 문학>청소년 소설
당신들의 천국,이청준,문학과지성사,대덕소프트웨어마이스터고등학교,EM00017791,813.6 이82ㄷ c.12,'문학과지성 소설 명작선' 2권. 이청준의 장편소설. 풍광 화려한 소록도에서 끈질기게 투병하고 있는 주민들의 삶을 통해 우리 저마다가 갖고 있는 유토피아에의 열정과 그것을 배반하는 메커니즘과의 갈등을 예리하게 해부하여 '자유와 사랑의 실천적 화해'를 제시한다.,1996-11-05,https://image.aladin.co.kr/product/3/60/coversum/8932008426_2.jpg,국내도서>소설/시/희곡>한국소설>2000년대 이전 한국소설
당신들의 천국,이청준,문학과지성사,대덕소프트웨어마이스터고등학교,EM00017781,813.6 이82ㄷ c.2,'문학과지성 소설 명작선' 2권. 이청준의 장편소설. 풍광 화려한 소록도에서 끈질기게 투병하고 있는 주민들의 삶을 통해 우리 저마다가 갖고 있는 유토피아에의 열정과 그것을 배반하는 메커니즘과의 갈등을 예리하게 해부하여 '자유와 사랑의 실천적 화해'를 제시한다.,1996-11-05,https://image.aladin.co.kr/product/3/60/coversum/8932008426_2.jpg,국내도서>소설/시/희곡>한국소설>2000년대 이전 한국소설
시선으로부터,정세랑,문학동네,대덕소프트웨어마이스터고등학교,IT00013312,813.7 정54ㅅ c.2,"데뷔 10년, 장르를 넘나들며 다양한 방식으로 이야기를 펼쳐내면서도 우리를 단 한 번도 실망시킨 적이 없는 정세랑 작가가 돌아왔다. 구상부터 완성까지 5년이 걸린 대작으로, 한국일보문학상을 수상한 피프티 피플 이후 4년 만에 내놓는 신작 장편소설이다.",2020-06-05,https://image.aladin.co.kr/product/24131/37/coversum/s962738283_1.jpg,국내도서>소설/시/희곡>한국소설>2000년대 이후 한국소설
시선으로부터,정세랑,문학동네,대덕소프트웨어마이스터고등학교,IT00013313,813.7 정54ㅅ c.3,"데뷔 10년, 장르를 넘나들며 다양한 방식으로 이야기를 펼쳐내면서도 우리를 단 한 번도 실망시킨 적이 없는 정세랑 작가가 돌아왔다. 구상부터 완성까지 5년이 걸린 대작으로, 한국일보문학상을 수상한 피프티 피플 이후 4년 만에 내놓는 신작 장편소설이다.",2020-06-05,https://image.aladin.co.kr/product/24131/37/coversum/s962738283_1.jpg,국내도서>소설/시/희곡>한국소설>2000년대 이후 한국소설
시선으로부터,정세랑,문학동네,대덕소프트웨어마이스터고등학교,IT00014620,813.7 정54ㅅ c.4,"데뷔 10년, 장르를 넘나들며 다양한 방식으로 이야기를 펼쳐내면서도 우리를 단 한 번도 실망시킨 적이 없는 정세랑 작가가 돌아왔다. 구상부터 완성까지 5년이 걸린 대작으로, 한국일보문학상을 수상한 피프티 피플 이후 4년 만에 내놓는 신작 장편소설이다.",2020-06-05,https://image.aladin.co.kr/product/24131/37/coversum/s962738283_1.jpg,국내도서>소설/시/희곡>한국소설>2000년대 이후 한국소설
일곱 해의 마지막,김연수,문학동네,대덕소프트웨어마이스터고등학교,IT00013143,813.7 김64ㅇ c.4,"파도가 바다의 일이라면 이후 8년 만에 펴내는 김연수 장편소설. 청춘, 사랑, 역사, 개인이라는 그간의 김연수 소설의 핵심 키워드를 모두 아우르는 작품으로, 한국전쟁 이후 급격히 변한 세상 앞에 선 시인 '기행'의 삶을 그려낸다.",2020-07-01,https://image.aladin.co.kr/product/24292/56/coversum/s472630412_1.jpg,국내도서>소설/시/희곡>한국소설>2000년대 이후 한국소설
탐,황석영,문학동네,대덕소프트웨어마이스터고등학교,IT00012149,813.62 황54ㅌ,,,,
삼포 가는 길,황석영,문학동네,대덕소프트웨어마이스터고등학교,IT00012150,813.62 황54ㅅ,한국 현대 소설의 대표 단편작을 뽑아 한국어.영어로 동시 수록한 '바이링궐 에디션 : 한국 현대 소설' 시리즈 7권. 삼포 가는 길의 미학적 성취는 완벽하게 구축된 장면과 오감을 파고드는 상징체계에서 그 빛을 더한다.,2012-07-25,https://image.aladin.co.kr/product/1850/89/coversum/8994006265_1.jpg,국내도서>소설/시/희곡>한국소설>2000년대 이전 한국소설
당신들의 천국,이청준,문학과지성사,대덕소프트웨어마이스터고등학교,EM00017785,813.6 이82ㄷ c.6,'문학과지성 소설 명작선' 2권. 이청준의 장편소설. 풍광 화려한 소록도에서 끈질기게 투병하고 있는 주민들의 삶을 통해 우리 저마다가 갖고 있는 유토피아에의 열정과 그것을 배반하는 메커니즘과의 갈등을 예리하게 해부하여 '자유와 사랑의 실천적 화해'를 제시한다.,1996-11-05,https://image.aladin.co.kr/product/3/60/coversum/8932008426_2.jpg,국내도서>소설/시/희곡>한국소설>2000년대 이전 한국소설
당신들의 천국,이청준,문학과지성사,대덕소프트웨어마이스터고등학교,EM00017790,813.6 이82ㄷ c.11,'문학과지성 소설 명작선' 2권. 이청준의 장편소설. 풍광 화려한 소록도에서 끈질기게 투병하고 있는 주민들의 삶을 통해 우리 저마다가 갖고 있는 유토피아에의 열정과 그것을 배반하는 메커니즘과의 갈등을 예리하게 해부하여 '자유와 사랑의 실천적 화해'를 제시한다.,1996-11-05,https://image.aladin.co.kr/product/3/60/coversum/8932008426_2.jpg,국내도서>소설/시/희곡>한국소설>2000년대 이전 한국소설
당신들의 천국,이청준,문학과지성사,대덕소프트웨어마이스터고등학교,EM00017793,813.6 이82ㄷ c.14,'문학과지성 소설 명작선' 2권. 이청준의 장편소설. 풍광 화려한 소록도에서 끈질기게 투병하고 있는 주민들의 삶을 통해 우리 저마다가 갖고 있는 유토피아에의 열정과 그것을 배반하는 메커니즘과의 갈등을 예리하게 해부하여 '자유와 사랑의 실천적 화해'를 제시한다.,1996-11-05,https://image.aladin.co.kr/product/3/60/coversum/8932008426_2.jpg,국내도서>소설/시/희곡>한국소설>2000년대 이전 한국소설
멋진 신세계,올더스 헉슬리,문예출판사,대덕소프트웨어마이스터고등학교,EM00017911,843 헉57ㅁ c.3,"올더스 헉슬리는 명문 집안 출신의 영국 작가로서 광범위한 지식뿐 아니라 예리한 지성과 우아한 문체, 그리고 때로는 냉소적인 유머 감각으로 유명하다. 그가 1932년에 발표한 작품 멋진 신세계는 금세기에 미래를 가장 깊이 있고 날카롭게 파헤친 작품 중의 하나로 평가받는다.",2015-06-12,https://image.aladin.co.kr/product/6083/61/coversum/8973814729_2.jpg,국내도서>소설/시/희곡>과학소설(SF)>외국 과학소설
멋진 신세계,올더스 헉슬리,문예출판사,대덕소프트웨어마이스터고등학교,EM00017912,843 헉57ㅁ c.4,"올더스 헉슬리는 명문 집안 출신의 영국 작가로서 광범위한 지식뿐 아니라 예리한 지성과 우아한 문체, 그리고 때로는 냉소적인 유머 감각으로 유명하다. 그가 1932년에 발표한 작품 멋진 신세계는 금세기에 미래를 가장 깊이 있고 날카롭게 파헤친 작품 중의 하나로 평가받는다.",2015-06-12,https://image.aladin.co.kr/product/6083/61/coversum/8973814729_2.jpg,국내도서>소설/시/희곡>과학소설(SF)>외국 과학소설
멋진 신세계,올더스 헉슬리,문예출판사,대덕소프트웨어마이스터고등학교,EM00017920,843 헉57ㅁ c.12,"올더스 헉슬리는 명문 집안 출신의 영국 작가로서 광범위한 지식뿐 아니라 예리한 지성과 우아한 문체, 그리고 때로는 냉소적인 유머 감각으로 유명하다. 그가 1932년에 발표한 작품 멋진 신세계는 금세기에 미래를 가장 깊이 있고 날카롭게 파헤친 작품 중의 하나로 평가받는다.",2015-06-12,https://image.aladin.co.kr/product/6083/61/coversum/8973814729_2.jpg,국내도서>소설/시/희곡>과학소설(SF)>외국 과학소설
멋진 신세계,올더스 헉슬리,문예출판사,대덕소프트웨어마이스터고등학교,EM00017916,843 헉57ㅁ c.8,"올더스 헉슬리는 명문 집안 출신의 영국 작가로서 광범위한 지식뿐 아니라 예리한 지성과 우아한 문체, 그리고 때로는 냉소적인 유머 감각으로 유명하다. 그가 1932년에 발표한 작품 멋진 신세계는 금세기에 미래를 가장 깊이 있고 날카롭게 파헤친 작품 중의 하나로 평가받는다.",2015-06-12,https://image.aladin.co.kr/product/6083/61/coversum/8973814729_2.jpg,국내도서>소설/시/희곡>과학소설(SF)>외국 과학소설
멋진 신세계,올더스 헉슬리,문예출판사,대덕소프트웨어마이스터고등학교,EM00017919,843 헉57ㅁ c.11,"올더스 헉슬리는 명문 집안 출신의 영국 작가로서 광범위한 지식뿐 아니라 예리한 지성과 우아한 문체, 그리고 때로는 냉소적인 유머 감각으로 유명하다. 그가 1932년에 발표한 작품 멋진 신세계는 금세기에 미래를 가장 깊이 있고 날카롭게 파헤친 작품 중의 하나로 평가받는다.",2015-06-12,https://image.aladin.co.kr/product/6083/61/coversum/8973814729_2.jpg,국내도서>소설/시/희곡>과학소설(SF)>외국 과학소설
불편한 편의점 2,김호연,나무옆의자,대덕소프트웨어마이스터고등학교,IT00016058,813.7 김95ㅂ v.2 c.4,"출간 후 1년이 넘도록 독자의 사랑을 받으며 베스트셀러 상위권을 지키고 있는 소설, 김호연 작가의 『불편한 편의점』이 그 두 번째 이야기로 다시 찾아왔다. 청파동 골목의 작은 편의점을 무대로 힘겨운 시대를 살아가는 우리 이웃들의 삶을 따뜻하고 유쾌하게 그렸다.",2022-08-10,https://image.aladin.co.kr/product/30370/64/coversum/s122834213_1.jpg,국내도서>소설/시/희곡>한국소설>2000년대 이후 한국소설
세상의 마지막 기차역,무라세 다케시,모모,대덕소프트웨어마이스터고등학교,IT00016063,833.6 무292ㅅ c.2,"독자들의 입소문으로 만들어진 초대형 베스트셀러, 《세상의 마지막 기차역》의 50만 부 판매 기념 리커버 에디션. 현실 너머 사고로 죽은 이들이 도착하게 될 또 다른 세상의 마지막 기차역을 상상하며 그려내 뭉클함을 더욱 강조했다.",2025-07-17,https://image.aladin.co.kr/product/36803/80/coversum/k412030900_1.jpg,국내도서>소설/시/희곡>판타지/환상문학>외국판타지/환상소설
하얼빈,김훈,문학동네,대덕소프트웨어마이스터고등학교,IT00016101,813.7 김96ㅎ c.2,‘우리 시대 최고의 문장가’ ‘작가들의 작가’로 일컬어지는 소설가 김훈의 신작 장편소설 『하얼빈』이 출간되었다. 『하얼빈』은 김훈이 작가로 활동하는 내내 인생 과업으로 삼아왔던 특별한 작품이다.,2022-08-03,https://image.aladin.co.kr/product/29857/0/coversum/895469991x_3.jpg,국내도서>소설/시/희곡>역사소설>한국 역사소설
하얼빈,김훈,문학동네,대덕소프트웨어마이스터고등학교,IT00016102,813.7 김96ㅎ c.3,‘우리 시대 최고의 문장가’ ‘작가들의 작가’로 일컬어지는 소설가 김훈의 신작 장편소설 『하얼빈』이 출간되었다. 『하얼빈』은 김훈이 작가로 활동하는 내내 인생 과업으로 삼아왔던 특별한 작품이다.,2022-08-03,https://image.aladin.co.kr/product/29857/0/coversum/895469991x_3.jpg,국내도서>소설/시/희곡>역사소설>한국 역사소설
삼부녀,손창섭,예옥,대덕소프트웨어마이스터고등학교,EM00011920,813.62 손82ㅅ,"2010년 6월 23일 일본 도쿄에서 타계한 손창섭 작가의 장편소설. 손창섭 작가가 한국을 떠나기 전 한국에서 발표한 마지막 작품으로, 「주간여성」에 연재되었던 세태소설이다. 지금 우리 사회가 앓고 있는 가족 해체의 문제를 다룬 이 작품은, 원조교제, 계약 가족 등 파격적인 스토리 구성으로써 한국의 인습적인 가족사회의 부조리를 비판하고 새로운 대안 가족을 제시하고 있다.",2010-08-23,https://image.aladin.co.kr/product/762/66/coversum/8993241171_1.jpg,국내도서>소설/시/희곡>한국소설>2000년대 이전 한국소설
그 칼로는 죽일 수 없어,모리카와 토모키,Book Plaza(북플라자),대덕소프트웨어마이스터고등학교,IT00011930,833.6 모446ㄱ,"아마추어 영화감독 시치사와는 이탈리아 여행 중에 멋진 칼 하나를 구입한다. 칼의 존재를 잊고 지내던 어느 날, 꿈에 나타난 어떤 사람이 “그 칼로 죽인 생명체는 다음날 4시 32분에 되살아난다”는 말을 하고 사라진다. 이후 다음 사람을 죽이는 장면을 찍기로 결심하는데….",2019-12-10,https://image.aladin.co.kr/product/22061/70/coversum/k962636916_1.jpg,국내도서>소설/시/희곡>추리/미스터리소설>일본 추리/미스터리소설
달 너머로 달리는 말,김훈,파란북,대덕소프트웨어마이스터고등학교,IT00011970,813.7 김96ㄷ,"대륙을 가로지르는 강의 이름은 나하(奈河). 이 강을 사이에 두고 북으로는 초(草), 남으로는 단(旦) 나라가 소수부족들을 통합해 지배 세력을 형성한다. 결코 화합할 수 없는 이 두 세력 사이에 전쟁과 일상은 구분되지 않는다. 전쟁은 숙명과도 같았고 그 어떤 다툼보다 잔혹했다.",2020-06-15,https://image.aladin.co.kr/product/24147/96/coversum/s482630705_1.jpg,국내도서>소설/시/희곡>한국소설>2000년대 이후 한국소설
독소 소설,히가시노 게이고,재인,대덕소프트웨어마이스터고등학교,IT00011978,833.6 히12ㄷ,본격 미스터리에 집중해 온 작가 히가시노 게이고는 1995년 『괴소 소설』이라는 단편 모음집을 발표하면서 유머 소설 장르에 처음으로 도전한다. 그 폭발적인 반응에 힘입어 이듬해 새로 내놓은 작품이 『독소 소설』이다.,2020-04-30,https://image.aladin.co.kr/product/24265/88/coversum/899098288x_1.jpg,국내도서>소설/시/희곡>일본소설>1950년대 이후 일본소설
루팡의 딸,요코제키 다이,북플라자,대덕소프트웨어마이스터고등학교,IT00011983,833.6 요875ㄹ,도둑 집안의 대부 이와오에게는 하나코라는 손녀딸이 있다. 하나코는 자신의 신분을 숨긴 채 경찰 집안의 장남 카즈마와 사귀고 있다. 그러던 어느 날 이와오가 괴한에 의해 피살되는 일이 발생하는데…. 상상치도 못할 범인의 정체는?,2019-09-25,https://image.aladin.co.kr/product/20773/98/coversum/8998274418_2.jpg,국내도서>소설/시/희곡>추리/미스터리소설>일본 추리/미스터리소설
살인 카드 게임,제임스 패터슨,북플라자,대덕소프트웨어마이스터고등학교,IT00012009,843 패68ㅅ,"추리소설계의 거장 제임스 패터슨이 쓴 인기 미드 [인스팅트] 원작소설. 피비린내가 진동하는 살인현장에 떨어진 한 장의 트럼프 카드, 그 카드가 다음 살인의 희생자를 예고한다는 발칙한 설정에서 출발하는 작품이다.",2018-05-25,https://image.aladin.co.kr/product/14798/82/coversum/8998274159_1.jpg,국내도서>소설/시/희곡>추리/미스터리소설>영미 추리/미스터리소설
삼생삼세십리도화   당칠공자 장편소설,당칠공자,문학동네,대덕소프트웨어마이스터고등학교,IT00012012,823.7 당86ㅅ,,,,
페인트,이희영,창비,대덕소프트웨어마이스터고등학교,IT00013757,813.7 이98ㅍ c.2,제12회 창비청소년문학상 수상작. 심사위원 전원의 압도적인 지지와 청소년심사단 134명의 열렬한 찬사 속에 수상작으로 선정되어 세상에 나온 작품이다. 이희영 작가는 페인트를 통해 누구나 한 번쯤 품어 보았을 도발적인 상상력을 펼쳐 보인다.,2019-04-19,https://image.aladin.co.kr/product/18958/95/coversum/893645689x_1.jpg,국내도서>청소년>청소년 문학>청소년 소설
화이트 호스,강화길,문학동네,대덕소프트웨어마이스터고등학교,IT00012148,813.7 강95ㅎ c.2,"'음복(飮福)'으로 2020 젊은작가상 대상을 수상하며 지금 가장 뜨겁게 주목받고 있는 소설가 강화길의 두번째 소설집. 이제 강화길은 여성의 신체에 가해지는 위협뿐만 아니라 소문과 험담, 부당한 인식과 관습처럼 눈에 보이지는 않지만 여성을 교묘하게 억압하는 거대한 구조를 파헤친다.",2020-06-12,https://image.aladin.co.kr/product/24191/87/coversum/8954672221_1.jpg,국내도서>소설/시/희곡>한국소설>2000년대 이후 한국소설
만각 스님,황석영,문학동네,대덕소프트웨어마이스터고등학교,IT00012151,813.62 황54ㅁ,"한국문학의 살아 있는 거장 황석영의 중단편전집이 새로이 출간되었다. 처음 출간된 지 20년이 지난 중단편전집의 체재와 표기 등을 가다듬고, 장정을 새롭게 하고, 신작 「만각 스님」까지 포함해 완전한 중단편전집으로 개비한 것이다.",2020-05-15,https://image.aladin.co.kr/product/24075/10/coversum/895467156x_1.jpg,국내도서>소설/시/희곡>한국소설>2000년대 이전 한국소설
당신들의 천국,이청준,문학과지성사,대덕소프트웨어마이스터고등학교,EM00017782,813.6 이82ㄷ c.3,'문학과지성 소설 명작선' 2권. 이청준의 장편소설. 풍광 화려한 소록도에서 끈질기게 투병하고 있는 주민들의 삶을 통해 우리 저마다가 갖고 있는 유토피아에의 열정과 그것을 배반하는 메커니즘과의 갈등을 예리하게 해부하여 '자유와 사랑의 실천적 화해'를 제시한다.,1996-11-05,https://image.aladin.co.kr/product/3/60/coversum/8932008426_2.jpg,국내도서>소설/시/희곡>한국소설>2000년대 이전 한국소설
당신들의 천국,이청준,문학과지성사,대덕소프트웨어마이스터고등학교,EM00017787,813.6 이82ㄷ c.8,'문학과지성 소설 명작선' 2권. 이청준의 장편소설. 풍광 화려한 소록도에서 끈질기게 투병하고 있는 주민들의 삶을 통해 우리 저마다가 갖고 있는 유토피아에의 열정과 그것을 배반하는 메커니즘과의 갈등을 예리하게 해부하여 '자유와 사랑의 실천적 화해'를 제시한다.,1996-11-05,https://image.aladin.co.kr/product/3/60/coversum/8932008426_2.jpg,국내도서>소설/시/희곡>한국소설>2000년대 이전 한국소설
멋진 신세계,올더스 헉슬리,문예출판사,대덕소프트웨어마이스터고등학교,EM00017922,843 헉57ㅁ c.14,"올더스 헉슬리는 명문 집안 출신의 영국 작가로서 광범위한 지식뿐 아니라 예리한 지성과 우아한 문체, 그리고 때로는 냉소적인 유머 감각으로 유명하다. 그가 1932년에 발표한 작품 멋진 신세계는 금세기에 미래를 가장 깊이 있고 날카롭게 파헤친 작품 중의 하나로 평가받는다.",2015-06-12,https://image.aladin.co.kr/product/6083/61/coversum/8973814729_2.jpg,국내도서>소설/시/희곡>과학소설(SF)>외국 과학소설
땀 흘리는 소설,김혜진 김세희 김애란 서유미 구병모 김재영 윤고은 장강명,창비교육,대덕소프트웨어마이스터고등학교,IT00015450,813.7 김94ㄸ c.2,"현직 교사들이 사회에 첫발을 내딛을 제자들을 걱정하며, 앞으로의 사회생활에 지표가 되어 줄 8편의 소설을 가려 엮은 책. 책에는 동시대 청년들의 애환을 섬세하게 그려 내고 있는 작가 8명의 단편 소설이 실려 있다.",2019-03-01,https://image.aladin.co.kr/product/18570/39/coversum/k002635860_1.jpg,국내도서>소설/시/희곡>한국소설>2000년대 이후 한국소설
불꽃놀이,오정희,문학과지성사,대덕소프트웨어마이스터고등학교,IT00011225,813.6 오74 v.4,"식민지 시대로부터 해방 공간, 독재 정권 시절에 이르는 비극적 역사에서 자유로울 수 없었던 가족사와 시대고를 형상화한 소설집. 인물들은 자기 존재의 진정한 정체성을 찾고자 금지와 허용의 경계선을 위태롭게 넘나들며 새로운 삶의 조건들을 꿈꾼다. 중편 「옛우물」 등 5편 수록되어 있다.",2017-12-15,https://image.aladin.co.kr/product/12548/58/coversum/8932030634_1.jpg,국내도서>소설/시/희곡>한국소설>2000년대 이전 한국소설
유품정리사,정명섭,한겨레출판,대덕소프트웨어마이스터고등학교,IT00011317,813.7 정34ㅇ,"조선 시대, 죽은 여인들을 위한 유품정리사가 있었다면? 장편소설 유품정리사: 연꽃 죽음의 비밀은 짧은 상상력에서 시작된다. 조선 정조 시대를 배경으로 유품정리사가 된 화연의 이야기를 그린 작품이다.",2019-05-15,https://image.aladin.co.kr/product/19211/69/coversum/k022635903_1.jpg,국내도서>소설/시/희곡>한국소설>2000년대 이후 한국소설
동물농장,조지 오웰,코너스톤,대덕소프트웨어마이스터고등학교,IT00011346,843 오66ㄷ,1945년에 간행된 조지 오웰의 대표작. 어떤 농장의 동물들이 늙은 돼지 메이저의 부추김에 빠져 농장주의 압제에 대항해 반란을 일으켜 인간의 착취가 없는 '모든 동물이 평등한 이상사회'를 건설한다. 그러나 돼지들이 지도자가 되어 다시 동물들을 압박하기 시작하는데...,1998-08-05,https://image.aladin.co.kr/product/4/6/coversum/s93746005x_3.jpg,국내도서>소설/시/희곡>영미소설
목숨,김상렬,나남,대덕소프트웨어마이스터고등학교,EM00007440,813.8 김52ㅁ,"사도세자의 생애 마지막 일주일을 시간적 배경으로 삼은 장편소설이다. 뒤주에 갇힌 세자가 죽은 건 아흐레(영조 38년인 1762년 윤5월 13일부터 21일까지) 만이지만, 작품 상에서는 이를 7일로 단축해 이 기간 동안 사도세자가 느꼈을 분노와 절망 지난날의 회상을 그려낸다. 소설은 사도세자를 뒤주에 가두라는 영조의 엄명으로 시작되며, 사도세자가 직접 화자로 나서 이야기를 이끌어나간다.",2008-01-25,https://image.aladin.co.kr/product/170/43/coversum/8930005845_1.jpg,국내도서>소설/시/희곡>역사소설>한국 역사소설
우리들의 행복한 시간,공지영,푸른숲,대덕소프트웨어마이스터고등학교,EM00007531,813.6 공78ㅇ,2005년 첫 출간 후 100만 부 이상 판매되며 지금까지도 꾸준히 사랑받고 있는 공지영 장편소설 우리들의 행복한 시간이 새롭게 출간된다. 사형제 문제를 전면으로 다루어 출간 당시부터 큰 사회적 반향을 불러일으키며 이듬해 영화로도 만들어져 300만이 넘는 관객을 동원하기도 한 작품이다.,2016-08-20,https://image.aladin.co.kr/product/9002/36/coversum/8965745721_2.jpg,국내도서>소설/시/희곡>한국소설>2000년대 이후 한국소설
 소설  이산 정조대왕 1,이병훈,디오네,대덕소프트웨어마이스터고등학교,EM00007536,813.6 김68ㅇ v.1,"조선 제22대 임금 정조대왕의 일대기를 그리는 드라마 '이산'의 대본을 토대로 쓴 소설. 아버지를 잃은 열한 살 나이에 찾아온 운명적 사랑, 삶의 주춧돌이 된 여인을 통해 이산은 성군이 되었을 것이라는 설정 아래 이야기를 전개시킨다. 각본에 충실하면서도 소설적 상상력을 한껏 발휘하고자 했다. 전5권으로 완간될 예정이다.",2007-09-20,https://image.aladin.co.kr/product/98/3/coversum/8992449186_1.jpg,국내도서>소설/시/희곡>역사소설>한국 역사소설
 소설  이산 정조대왕 4,이병훈,디오네,대덕소프트웨어마이스터고등학교,EM00007539,813.6 김68ㅇ v.4,"조선 제22대 임금 정조대왕의 일대기를 그리는 드라마 '이산'의 대본을 토대로 쓴 소설. 아버지를 잃은 열한 살 나이에 찾아온 운명적 사랑, 삶의 주춧돌이 된 여인을 통해 이산은 성군이 되었을 것이라는 설정 아래 이야기를 전개시킨다. 각본에 충실하면서도 소설적 상상력을 한껏 발휘하고자 했다. 전5권으로 완간될 예정이다.",2007-12-24,https://image.aladin.co.kr/product/102/42/coversum/8992449240_1.jpg,국내도서>소설/시/희곡>역사소설>한국 역사소설
 소설  이산 정조대왕 5,이병훈,디오네,대덕소프트웨어마이스터고등학교,EM00007540,813.6 김68ㅇ v.5,"조선 제22대 임금 정조대왕의 일대기를 그리는 드라마 '이산'의 대본을 토대로 쓴 소설. 아버지를 잃은 열한 살 나이에 찾아온 운명적 사랑, 삶의 주춧돌이 된 여인을 통해 이산은 성군이 되었을 것이라는 설정 아래 이야기를 전개시킨다. 각본에 충실하면서도 소설적 상상력을 한껏 발휘하고자 했다. 전5권.",2008-01-24,https://image.aladin.co.kr/product/169/90/coversum/8992449267_1.jpg,국내도서>소설/시/희곡>역사소설>한국 역사소설
늑대단 1,플로르쩌 즈비흐트만,동녘,대덕소프트웨어마이스터고등학교,EM00007767,892 즈48ㄴ v.1,"인간의 폭력성과 권력욕을 외면하고 싶을 만큼 적나라하게 묘사한 소설. 19세기 루마니아 시골 소년들의 이야기를 허구의 축으로 두고, 여기에 15세기 왈라키아(현 루마니아) 공국의 제후, 블라드 체페슈* 에 대한 해석을 더해 완성한 역사 판타지 문학이다. 2002년 출간되어 네덜란드의 대표적인 청소년문학상인 '은빛 입맞춤' 상과 벨기에와 네덜란드가 매년 합동으로 수여하는 문학상 '황금 부엉이'(2003) 상을 수상했다.",2007-02-24,https://image.aladin.co.kr/product/88/96/coversum/8972975206_2.jpg,국내도서>소설/시/희곡>판타지/환상문학>외국판타지/환상소설
늑대와 향신료 3,하세쿠라이스나,학산문화사,대덕소프트웨어마이스터고등학교,EM00007771,833.6 하54ㄴ v.3,성직자가 되고자 하는 청년 콜의 여행 길동무는 ‘오라버니와 결혼하고 싶다’며 따라온 현랑의 딸 뮤리. 해적섬을 떠난 두 사람은 풍랑을 만나 윈필 왕국의 항구도시 데자레프에 도착한다. 교회 기능이 정지된 도시 데자레프 사람들은 콜을 ‘여명의 추기경’이라 부르며 마치 구세주처럼 대접하는데...,2019-07-11,https://image.aladin.co.kr/product/19692/18/coversum/k002635939_1.jpg,국내도서>소설/시/희곡>라이트 노벨>익스트림(Extreme) 노벨
모두 다 사라진 것은 아닌,토마스 야이어,검둥소,대덕소프트웨어마이스터고등학교,EM00007829,853 야68ㅁ,"미국 개척 시대 역사 및 북미 인디언 문화 전문가인 토마스 야이어의 장편소설. 1860년대에 벌어진 인디언 섬멸전을 다룬 작품이다. 엘네 살 인디언 소녀 '올빼미여자'의 성장 과정을 통해, 미국의 서부 개척사가 곧 인디언 멸망사임을 보여준다.",2007-03-30,https://image.aladin.co.kr/product/90/34/coversum/6000219678_1.jpg,국내도서>소설/시/희곡>독일소설
바람의 눈이되어,떼레사 까르데나스,다른,대덕소프트웨어마이스터고등학교,EM00007890,873.8 까297ㅂ c.2,"한 늙은 노예가 어린 아이와 함께 탈출하며 인생말년에 사랑과 자유의 소중함을 깨닫게 되는 이야기. 간결한 묘사와 함축적인 의미전달을 통해 주제를 효과적으로 드러내고 있으며, 과거와 현재의 병치를 통해 빠르게 이야기를 전개시킨다. 라틴 아메리카 문화권의 작품에 주는 까사 데 아메리카 상과 쿠바 비평가 상을 수상하였으며, 미국, 캐나다, 영국 등에서 출간되었다.",2008-01-20,https://image.aladin.co.kr/product/169/82/coversum/8992711158_1.jpg,국내도서>소설/시/희곡>스페인/중남미소설
박완서 단편소설 전집 5  나의 가장 나종 지니인 것,박완서,문학동네,대덕소프트웨어마이스터고등학교,IT00011122,813.6 박65 v.5,"박완서의 단편소설 전집 제5권. 1987년 1월부터 1994년 4월까지 발표한 작품들을 실었다. 가족의 죽음을 다루고 있는 소설들을 다수 포함하고 있는 점이 눈에 띈다. 표제작 '나의 가장 나종 지니인 곳' 역시 아들의 죽음을 소재로 한다. 극도의 슬픔을 담담하게 전하는 주인공의 목소리가, 처음부터 끝까지 대화체로 이어진다.",2013-06-04,https://image.aladin.co.kr/product/68/25/coversum/8954601979_2.jpg,국내도서>소설/시/희곡>한국소설>2000년대 이전 한국소설
그 여자네 집,박완서,문학동네,대덕소프트웨어마이스터고등학교,IT00011123,813.6 박65 v.6,"박완서의 단편소설 전집 제6권. 1995년 1월부터 1998년 11월까지 발표되었던 작품들을 수록했다. 작가 스스로 말했듯이 다른 전작들보다 한결 편안하게 읽히면서도, 여전히 세상을 바로 보는 엄정함과 치열함이 살아 있는 작품집이다.",2013-06-04,https://image.aladin.co.kr/product/68/25/coversum/8954601987_2.jpg,국내도서>소설/시/희곡>한국소설>2000년대 이전 한국소설
그리움을 위하여,박완서,문학동네,대덕소프트웨어마이스터고등학교,IT00011124,813.6 박65 v.7,박완서의 단편소설 전집 마지막 권. 2001년 2월부터 2010년 2월까지 발표한 총 열두 편의 작품을 실었다. 노년의 삶에 대한 깊이 있는 성찰이 박완서 특유의 유려하고 생생한 필체와 어우러져 말년의 박완서 문학의 진면목을 느끼게 한다.,2013-06-04,https://image.aladin.co.kr/product/2730/78/coversum/8954621503_1.jpg,국내도서>소설/시/희곡>한국소설>2000년대 이후 한국소설
새,오정희,문학과지성사,대덕소프트웨어마이스터고등학교,IT00011226,813.6 오74 v.5,"동인문학상, 이상문학상, 독일 리베라투르 상 수상 작가, 오정희의 작품집 5종을 리뉴얼했다. 새는 부모로부터 버림받은 어린 남매의 짙은 상실감과 방황을 정갈한 언어로 형상화한 장편소설이다.",2017-12-15,https://image.aladin.co.kr/product/12547/66/coversum/8932030642_1.jpg,국내도서>소설/시/희곡>한국소설>2000년대 이전 한국소설
지구에서 한아뿐,정세랑,난다,대덕소프트웨어마이스터고등학교,IT00011322,813.7 정54ㅈ,"창비장편소설상, 한국일보문학상 수상 작가 정세랑의 두번째 장편소설. 우주 가장자리에서 일어나 모두가 기억하게 된, 외계인 경민과 지구인 한아의 아주 희귀한 종류의 사랑 이야기이다.",2019-07-31,https://image.aladin.co.kr/product/19804/82/coversum/k072635131_2.jpg,국내도서>소설/시/희곡>한국소설>2000년대 이후 한국소설
1984,조지 오웰,코너스톤,대덕소프트웨어마이스터고등학교,IT00011347,843 오66ㅊ,"민음사에서 조지 오웰 탄생 100주년을 맞아 그의 대표작 <1984>를 새롭게 펴냈다. <1984>는 널리 알려진 바와 같이 전체주의를 비판하는 디스토피아 소설로, 날카로운 풍자와 정치적 함의로 유명하다. '절대 권력은 절대 부패한다'는 명언을 탁월하게 형상화한 작품.",2003-06-16,https://image.aladin.co.kr/product/41/89/coversum/s122531356_2.jpg,국내도서>소설/시/희곡>영미소설
땀 흘리는 소설,김혜진 김세희 김애란 서유미 구병모 김재영 윤고은 장강명,창비교육,대덕소프트웨어마이스터고등학교,IT00016035,813.7 김94ㄸ c.4,"현직 교사들이 사회에 첫발을 내딛을 제자들을 걱정하며, 앞으로의 사회생활에 지표가 되어 줄 8편의 소설을 가려 엮은 책. 책에는 동시대 청년들의 애환을 섬세하게 그려 내고 있는 작가 8명의 단편 소설이 실려 있다.",2019-03-01,https://image.aladin.co.kr/product/18570/39/coversum/k002635860_1.jpg,국내도서>소설/시/희곡>한국소설>2000년대 이후 한국소설
이제야 언니에게,최진영,창비,대덕소프트웨어마이스터고등학교,IT00011378,813.7 최78ㅇ,"신동엽문학상, 한겨레문학상을 수상하고, 섬세한 감수성과 거침없는 서사로 한국문학에서 주요한 자리를 획득한 작가 최진영이 창비가 새롭게 선보이는 경장편 시리즈 '소설Q'의 첫번째 작품으로 신작 소설 이제야 언니에게를 출간했다.",2019-09-20,https://image.aladin.co.kr/product/19832/27/coversum/8936438018_1.jpg,국내도서>소설/시/희곡>한국소설>2000년대 이후 한국소설
하얀 방의 소년,카를 올스베르크,생각의집,대덕소프트웨어마이스터고등학교,IT00011382,853 올57ㅎ,"마누엘은 하얀 방에서 깨어났다. 자신이 누구인지도 어쩌다 여기로 왔는지도 모른다. 유일한 접촉 상대는 앨리스라는 이름의 컴퓨터 인공 목소리이고, 앨리스를 통해 인터넷에 접속할 수 있다. 마누엘은 조금씩 조금씩 자신에 일어난 일을 밝혀간다.",2019-08-12,https://image.aladin.co.kr/product/20089/83/coversum/k172635345_1.jpg,국내도서>소설/시/희곡>과학소설(SF)>외국 과학소설
한국인이라면 꼭 읽어야 할 한국단편소설      20,김유정,부크크,대덕소프트웨어마이스터고등학교,IT00011428,813.7 김66ㅎ c.4,,,,
한국인이라면 꼭 읽어야 할 한국단편소설      20,김유정,부크크,대덕소프트웨어마이스터고등학교,IT00011442,813.7 김66ㅎ c.18,,,,
품위 있는 삶,정소현,창비,대덕소프트웨어마이스터고등학교,IT00011516,813.7 정55ㅍ,"삶의 어둡고 적나라한 민낯을 진정성 있는 태도로 대면해온 작가 정소현이 첫 소설집 이후 7년 만의 신작 소설집. 기발한 상상력과 우리사회를 꿰뚫는 깊이 있는 시선으로 2019이효석문학상 최종심에 오른 「품위 있는 삶, 110세 보험」을 비롯해 총 여섯편의 단편이 실렸다.",2019-08-30,https://image.aladin.co.kr/product/19832/27/coversum/893643800x_2.jpg,국내도서>소설/시/희곡>한국소설>2000년대 이후 한국소설
가시나무새 1 1,콜린 맥컬러우,문학사상사,대덕소프트웨어마이스터고등학교,EM00007380,843 맥874ㄱ v.1,,,,
가시나무새 2 2,콜린 맥컬러우,문학사상사,대덕소프트웨어마이스터고등학교,EM00007381,843 맥874ㄱ v.2,,,,
영영 잊지 못할 6 25 전쟁,오정일,좋은땅,대덕소프트웨어마이스터고등학교,IT00011221,813.7 오74ㅇ,오정일 소설. 6.25 전쟁은 비참함만을 남기고 끝났다. 억울하게 죽은 사람도 많았고 산 사람도 사는 게 사는 것이 아니었다. 하지만 폭격기가 휩쓸고 간 폐허라도 누군가는 삶을 이어나갈 수밖에 없었다. 이 책은 6.25 전쟁에 참전한 어느 군인이 겪어야만 했던 참혹한 현실을 소설로 풀어낸 것이다.,2020-04-15,https://image.aladin.co.kr/product/23815/22/coversum/k612639189_1.jpg,국내도서>소설/시/희곡>한국소설>2000년대 이후 한국소설
맨드라미의 빨강 버드나무의 초록,에쿠니가오리,소담출판사,대덕소프트웨어마이스터고등학교,EM00007437,833.6 에876ㅁ,에쿠니 가오리의 2008년 단편집이 2022년 리커버판으로 새롭게 출간되었다. 1989년에서 2003년 사이에 쓴 작품들을 모은 『맨드라미의 빨강 버드나무의 초록』은 『반짝반짝 빛나는』의 뒷이야기가 담겨 있다는 것만으로도 기대와 궁금증을 자아낸다.,2022-07-15,https://image.aladin.co.kr/product/29821/32/coversum/k312838310_1.jpg,국내도서>소설/시/희곡>일본소설>1950년대 이후 일본소설
불의 강,오정희,문학과지성사,대덕소프트웨어마이스터고등학교,IT00011222,813.6 오74 v.1,"2017년 12월 15일, 곧 등단 50주년을 꽉 채워 맞는 오정희 작가의 소설 컬렉션이 출간된다. 불의 강은 내면에서 들끓는 파괴적 욕망과, 삶의 범속성을 넘어서려는 의지를 섬뜩하고도 섬세한 완벽주의로 형상화한 소설집이다.",2017-12-15,https://image.aladin.co.kr/product/12547/55/coversum/893203060x_1.jpg,국내도서>소설/시/희곡>한국소설>2000년대 이전 한국소설
바람의 화원 1,이정명,밀리언하우스,대덕소프트웨어마이스터고등학교,IT00006397,813.6 이74ㅂ v.1 c.3,조선시대 대표 화가인 김홍도와 신윤복의 이야기를 독특한 상상력으로 그려 낸 베스트셀러 바람의 화원을 10대들의 눈높이에 맞는 재미있는 동화로 각색했다. 26점의 그림을 통해 전개되는 스토리와 치밀한 구성력은 창조적인 상상력의 진수를 보여 주는 작품이다.,2008-10-30,https://image.aladin.co.kr/product/1381/99/coversum/6000503708_1.jpg,국내도서>어린이>초등5~6학년>동화/명작/고전
열녀문의 비밀  상 1,김탁환,민음사,대덕소프트웨어마이스터고등학교,EM00007519,813.6 김882ㅇ v.1,,,,
열하광인  상 1,김탁환,민음사,대덕소프트웨어마이스터고등학교,EM00007521,813.6 김882ㅇ v.1,,,,
열하광인  하 2,김탁환,민음사,대덕소프트웨어마이스터고등학교,EM00007522,813.6 김882ㅇ v.2,,,,
우주에서 만나요,잭 쳉,문학동네,대덕소프트웨어마이스터고등학교,IT00011309,843 쳉73ㅇ,"천문학자 칼 세이건은 보이저 1호와 2호를 우주로 보내며 지구의 소리를 담은 골든 레코드를 탑재했다. 언젠가 이 우주선을 발견할지도 모를 외계인들에게 지구의 존재를 알리고 교류를 제안하는 의미로 만든 녹음 기록이었다. 그리고 여기, 칼 세이건을 일생의 영웅으로 생각하는 열한 살 소년 앨릭스가 있다.",2019-10-21,https://image.aladin.co.kr/product/21203/60/coversum/8954658113_1.jpg,국내도서>소설/시/희곡>영미소설
우리들의 행복한 시간,공지영,푸른숲,대덕소프트웨어마이스터고등학교,EM00009535,813.6 공78ㅇ c.2,2005년 첫 출간 후 100만 부 이상 판매되며 지금까지도 꾸준히 사랑받고 있는 공지영 장편소설 우리들의 행복한 시간이 새롭게 출간된다. 사형제 문제를 전면으로 다루어 출간 당시부터 큰 사회적 반향을 불러일으키며 이듬해 영화로도 만들어져 300만이 넘는 관객을 동원하기도 한 작품이다.,2016-08-20,https://image.aladin.co.kr/product/9002/36/coversum/8965745721_2.jpg,국내도서>소설/시/희곡>한국소설>2000년대 이후 한국소설
 소설  이산 정조대왕 3,이병훈,디오네,대덕소프트웨어마이스터고등학교,EM00007538,813.6 김68ㅇ v.3,"조선 제22대 임금 정조대왕의 일대기를 그리는 드라마 '이산'의 대본을 토대로 쓴 소설. 아버지를 잃은 열한 살 나이에 찾아온 운명적 사랑, 삶의 주춧돌이 된 여인을 통해 이산은 성군이 되었을 것이라는 설정 아래 이야기를 전개시킨다. 각본에 충실하면서도 소설적 상상력을 한껏 발휘하고자 했다. 전5권으로 완간될 예정이다.",2007-11-20,https://image.aladin.co.kr/product/100/48/coversum/8992449224_1.jpg,국내도서>소설/시/희곡>역사소설>한국 역사소설
쿨하게 한걸음,서유미,창비,대덕소프트웨어마이스터고등학교,EM00009644,813.6 서66ㅋ c.2,"2007년 제정된 '창비장편소설상'의 제1회 당선작. '애인도 없고 직장도 없고 캐러멜라떼 한잔을 먹을 여유조차 부리기 힘들다.' 서른셋에 실직과 실연을 겪고, 다시금 사춘기의 성장통을 맞은 여주인공의 이야기. 지치고 불안한 현대 여성들의 내면과 욕망에 애정과 공감을 표하는 소설이다. 대한민국 여성의 삼십대, 반항도 투항도 할 수 없는 시절의 삶에 대한 의젓한 성찰에서 출발하되 경쾌하고 발랄한 시선과 묘사를 유지한다.",2008-03-05,https://image.aladin.co.kr/product/185/45/coversum/8936433628_1.jpg,국내도서>소설/시/희곡>한국소설>2000년대 이후 한국소설
한국인이라면 꼭 읽어야 할 한국단편소설      20,김유정,부크크,대덕소프트웨어마이스터고등학교,IT00011426,813.7 김66ㅎ c.2,,,,
한국인이라면 꼭 읽어야 할 한국단편소설      20,김유정,부크크,대덕소프트웨어마이스터고등학교,IT00011433,813.7 김66ㅎ c.9,,,,
한국인이라면 꼭 읽어야 할 한국단편소설      20,김유정,부크크,대덕소프트웨어마이스터고등학교,IT00011434,813.7 김66ㅎ c.10,,,,
한국인이라면 꼭 읽어야 할 한국단편소설      20,김유정,부크크,대덕소프트웨어마이스터고등학교,IT00011438,813.7 김66ㅎ c.14,,,,
한국인이라면 꼭 읽어야 할 한국단편소설      20,김유정,부크크,대덕소프트웨어마이스터고등학교,IT00011440,813.7 김66ㅎ c.16,,,,
한국인이라면 꼭 읽어야 할 한국단편소설      20,김유정,부크크,대덕소프트웨어마이스터고등학교,IT00011441,813.7 김66ㅎ c.17,,,,
한국인이라면 꼭 읽어야 할 한국단편소설      20,김유정,부크크,대덕소프트웨어마이스터고등학교,IT00011443,813.7 김66ㅎ c.19,,,,
한국인이라면 꼭 읽어야 할 한국단편소설      20,김유정,부크크,대덕소프트웨어마이스터고등학교,IT00011444,813.7 김66ㅎ c.20,,,,
감자 먹는 사람들,신경숙,창비,대덕소프트웨어마이스터고등학교,EM00007672,813.6 신14ㄱ,,2004-04-21,https://image.aladin.co.kr/product/48/28/coversum/8990365880_1.gif,국내도서>만화>교양만화>인문/교양
광란자,J. M. 바스콘셀로스,동녘,대덕소프트웨어마이스터고등학교,EM00007690,879.3 바57ㄱ,,2008-02-25,https://image.aladin.co.kr/product/199/41/coversum/8972975575_2.jpg,국내도서>소설/시/희곡>스페인/중남미소설
 파리의 조선궁녀  리심   2  흐를 류   ,김탁환,민음사,대덕소프트웨어마이스터고등학교,EM00007431,813.6 김882ㄹ v.2,,,,
바람의 화원 2,이정명,밀리언하우스,대덕소프트웨어마이스터고등학교,EM00009367,813.6 이74ㅂ v.2 c.2,"<뿌리 깊은 나무>의 작가 이정명의 2007년작. SBS TV 드라마 [바람의 화원]의 원작 소설이다. 조선 사회 전 분야에서 변화가 일어나던 격동의 18세기 후반. 신윤복과 김홍도는 같은 시대의 화가였지만, 그들의 화풍은 극과 극이라 할 만큼 서로 달랐다. 스승과 제자인 동시에 경쟁자인 두 화가는, 왕실과 조정을 둘러싼 고위층의 음모와 그림을 매개로 팽팽한 대결을 벌인다.",2007-08-17,https://image.aladin.co.kr/product/96/65/coversum/8991643272_1.jpg,국내도서>소설/시/희곡>역사소설>한국 역사소설
나이팅게일의 침묵,가이도다케루,위즈덤하우스,대덕소프트웨어마이스터고등학교,EM00007741,833.6 가68ㄴ,"대체 이 병원은 조용할 날이 없다. 2007년 국내 출간된 바티스타 수술 팀의 영광에 이어, 도조대학 의학부 부속병원을 무대로 펼쳐지는 두 번째 이야기. 바티스타 스캔들로부터 9개월, 소아과 병동에서 의문의 토막살인사건이 벌어졌다. 제4회 '이 미스터리가 대단하다!' 수상작인 전편을 통해 이미 수많은 팬을 확보한 다구치-시라토리 커플이 펼치는 통쾌한 콤비 플레이가, 후속편인 나이팅게일의 침묵에서도 여전한 매력을 발산한다.",2008-01-29,https://image.aladin.co.kr/product/170/54/coversum/8959132799_1.jpg,국내도서>소설/시/희곡>추리/미스터리소설>일본 추리/미스터리소설
천사와 악마 1,댄 브라운,베텔스만,대덕소프트웨어마이스터고등학교,EM00007561,843 브292ㅊ v.1,"전 세계 8,000만 부라는 경이적인 판매 기록을 세운 초대형 베스트셀러 다빈치 코드의 저자 댄 브라운이 6년 만에 펴낸 신작. 상징과 암호로 둘러싸인 미국의 수도 워싱턴 D.C.를 중심으로 도시 곳곳에 숨겨진 비밀 결사조직 '프리메이슨'의 놀라운 비밀을 파헤치며 12시간의 숨 가쁜 모험이 펼쳐진다.",2009-12-01,https://image.aladin.co.kr/product/579/63/coversum/8983923385_1.jpg,국내도서>소설/시/희곡>추리/미스터리소설>영미 추리/미스터리소설
천사와 악마 2,댄 브라운,베텔스만코리아,대덕소프트웨어마이스터고등학교,EM00007562,843 브292ㅊ v.2,"전 세계 8,000만 부라는 경이적인 판매 기록을 세운 초대형 베스트셀러 다빈치 코드의 저자 댄 브라운이 6년 만에 펴낸 신작. 상징과 암호로 둘러싸인 미국의 수도 워싱턴 D.C.를 중심으로 도시 곳곳에 숨겨진 비밀 결사조직 '프리메이슨'의 놀라운 비밀을 파헤치며 12시간의 숨 가쁜 모험이 펼쳐진다.",2009-12-01,https://image.aladin.co.kr/product/579/63/coversum/8983923393_1.jpg,국내도서>소설/시/희곡>추리/미스터리소설>영미 추리/미스터리소설
쿨하게 한걸음,서유미,창비,대덕소프트웨어마이스터고등학교,EM00007566,813.6 서66ㅋ,"2007년 제정된 '창비장편소설상'의 제1회 당선작. '애인도 없고 직장도 없고 캐러멜라떼 한잔을 먹을 여유조차 부리기 힘들다.' 서른셋에 실직과 실연을 겪고, 다시금 사춘기의 성장통을 맞은 여주인공의 이야기. 지치고 불안한 현대 여성들의 내면과 욕망에 애정과 공감을 표하는 소설이다. 대한민국 여성의 삼십대, 반항도 투항도 할 수 없는 시절의 삶에 대한 의젓한 성찰에서 출발하되 경쾌하고 발랄한 시선과 묘사를 유지한다.",2008-03-05,https://image.aladin.co.kr/product/185/45/coversum/8936433628_1.jpg,국내도서>소설/시/희곡>한국소설>2000년대 이후 한국소설
아이들은 산에 가지 않았다 2,김가원,디오네,대덕소프트웨어마이스터고등학교,EM00007628,813.6 김12ㅇ v.2,,2005-11-20,https://image.aladin.co.kr/product/59/66/coversum/8989903807_2.jpg,국내도서>소설/시/희곡>한국소설>2000년대 이후 한국소설
호징냐  나의 쪽배,J.M. 바스콘셀로스,동녘,대덕소프트웨어마이스터고등학교,EM00007653,879 바57ㅎ,"<a href=""/catalog/book.asp?ISBN=8972974633""><나의 라임오렌지 나무></a>의 작가 바스콘셀로스가 문학적 입지를 다진 작품. 아마존 유역을 배경으로 '제 오로꼬'라는 착한 사내와 '호징냐'(귀엽고 사랑스러운 작은 장미라는 뜻)라는 쪽배가 나누는 우정의 이야기가 펼쳐진다.",2003-12-10,https://image.aladin.co.kr/product/45/29/coversum/8972974609_1.gif,국내도서>소설/시/희곡>스페인/중남미소설
감자 먹는 사람들,신경숙,창비,대덕소프트웨어마이스터고등학교,EM00010040,813.6 신14ㄱ c.3,,2004-04-21,https://image.aladin.co.kr/product/48/28/coversum/8990365880_1.gif,국내도서>만화>교양만화>인문/교양
불멸의 이순신 1,김탁환,황금가지,대덕소프트웨어마이스터고등학교,EM00007879,813.6 김882ㅂ v.1,"당대 동아시아 최대의 사건이었던 7년 전쟁 임진왜란과, 세계 해전사에 전무후무한 업적을 남긴 명장 이순신을 새로운 시각으로 입체적으로 살려 낸 장편 역사 소설 불멸의 이순신이 민음사에서 재출간되었다.",2014-07-18,https://image.aladin.co.kr/product/4407/86/coversum/8937441411_1.jpg,국내도서>소설/시/희곡>역사소설>한국 역사소설
사랑하기 때문에,기욤 뮈소,밝은세상,대덕소프트웨어마이스터고등학교,EM00007893,863 뮈55ㅅ,"“상상을 초월하는 결말, 한마디로 충격적이다” 누구나 실수할 수 있지만 그다음 선택이 중요하다. 기욤 뮈소가 오랜 상처를 극복하는 기적의 해법을 선보인다.",2024-05-27,https://image.aladin.co.kr/product/34003/37/coversum/8984374865_1.jpg,국내도서>소설/시/희곡>프랑스소설
사신 치바,이사카코타로,웅진지식하우스,대덕소프트웨어마이스터고등학교,EM00007896,833.6 이52ㅅ,"독특하고 기발한 상상력의 소설들로 주목 받아온 일본 작가 이사카 고타로의 작품을 모은 '이사카 코타로 세트(전3권)'. 이사카 코타로를 세상에 알린 최고의 대표작 사신 치바, 문학평론가와 편집자들이 뽑은 이사카 코타로 최고작 마왕, 2008 일본 서점대상 수상작 골든슬럼버 총 3권으로 구성되어 있다.",2008-06-05,https://image.aladin.co.kr/product/751/8/coversum/8901110733_1.jpg,국내도서>소설/시/희곡>추리/미스터리소설>일본 추리/미스터리소설
사신 치바,이사카코타로,웅진지식하우스,대덕소프트웨어마이스터고등학교,EM00007897,833.6 이52ㅅ c.2,"독특하고 기발한 상상력의 소설들로 주목 받아온 일본 작가 이사카 고타로의 작품을 모은 '이사카 코타로 세트(전3권)'. 이사카 코타로를 세상에 알린 최고의 대표작 사신 치바, 문학평론가와 편집자들이 뽑은 이사카 코타로 최고작 마왕, 2008 일본 서점대상 수상작 골든슬럼버 총 3권으로 구성되어 있다.",2008-06-05,https://image.aladin.co.kr/product/751/8/coversum/8901110733_1.jpg,국내도서>소설/시/희곡>추리/미스터리소설>일본 추리/미스터리소설
나선 계단의 앨리스,가노도모코,손안의책,대덕소프트웨어마이스터고등학교,EM00007734,833.6 가195ㄴ,"대기업을 그만 둔 후 탐정 사무소를 연 전직 샐러리맨 출신의 중년 남성이, 일상에서 일어나는 소소한 미스터리들을 그의 어린 조수와 함께 풀어나간다는 줄거리의 소설이다. 죽은 남편이 자신을 위해 숨겨둔 금고 열쇠를 찾아 달라는 부인, 자기가 바람을 피우지 않았다는 사실을 증명해 달라는 아가씨, 30년 동안 길러온 애견이 사라졌다며 찾아달라는 할머니 등이 주인공 니키 준페이의 고객들.",2008-01-18,https://image.aladin.co.kr/product/169/78/coversum/8990028493_1.jpg,국내도서>소설/시/희곡>일본소설>1950년대 이후 일본소설
나선 계단의 앨리스,가노도모코,손안의책,대덕소프트웨어마이스터고등학교,EM00007736,833.6 가195ㄴ c.3,"대기업을 그만 둔 후 탐정 사무소를 연 전직 샐러리맨 출신의 중년 남성이, 일상에서 일어나는 소소한 미스터리들을 그의 어린 조수와 함께 풀어나간다는 줄거리의 소설이다. 죽은 남편이 자신을 위해 숨겨둔 금고 열쇠를 찾아 달라는 부인, 자기가 바람을 피우지 않았다는 사실을 증명해 달라는 아가씨, 30년 동안 길러온 애견이 사라졌다며 찾아달라는 할머니 등이 주인공 니키 준페이의 고객들.",2008-01-18,https://image.aladin.co.kr/product/169/78/coversum/8990028493_1.jpg,국내도서>소설/시/희곡>일본소설>1950년대 이후 일본소설
날라리            ,이명랑,세계사,대덕소프트웨어마이스터고등학교,EM00007743,813.6 이34ㄴ,"소설가 이명랑이 선보이는 발랄하고 경쾌한 청춘문학. '실수와 상처로 만들어진 계단을 밟고 앞으로 나아가는' 십대 소녀들을 화자로 삼은 장편소설이다. 학교, 집, 홍대 앞, 한강시민공원을 누비는 다섯 여고생의 동선을 따라가며 이야기가 전개된다.",2008-01-25,https://image.aladin.co.kr/product/170/29/coversum/8933801588_1.jpg,국내도서>소설/시/희곡>한국소설>2000년대 이후 한국소설
늑대단 2,플로르쩌 즈비흐트만,동녘,대덕소프트웨어마이스터고등학교,EM00007768,892 즈48ㄴ v.2,,2007-02-24,https://image.aladin.co.kr/product/88/96/coversum/8972975214_2.jpg,국내도서>소설/시/희곡>판타지/환상문학>외국판타지/환상소설
명랑한 갱이 지구를 돌린다,이사카고타로,은행나무,대덕소프트웨어마이스터고등학교,EM00007822,833.6 이52ㅁ,"‘일본 엔터테인먼트 소설의 제왕’ 이사카 고타로의 대표작 「명랑한 갱 시리즈」가 출간되었다. 『명랑한 갱이 지구를 돌린다』,『명랑한 갱의 일상과 습격』,『명랑한 갱은 셋 세라』까지 15년이 넘는 긴 시간 동안 한결같은 사랑을 받으며 일본 내 누적 판매 부수 230만 부 돌파라는 대기록을 세운 작품이다.",2020-11-23,https://image.aladin.co.kr/product/25684/26/coversum/k092735342_1.jpg,국내도서>소설/시/희곡>일본소설>1950년대 이후 일본소설
불멸의 이순신 4  조선의 칼  조선의 방패,김탁환,황금가지,대덕소프트웨어마이스터고등학교,EM00007882,813.6 김882ㅂ v.4,"당대 동아시아 최대의 사건이었던 7년 전쟁 임진왜란과, 세계 해전사에 전무후무한 업적을 남긴 명장 이순신을 새로운 시각으로 입체적으로 살려 낸 장편 역사 소설 불멸의 이순신이 민음사에서 재출간되었다.",2014-07-18,https://image.aladin.co.kr/product/4407/87/coversum/8937441446_1.jpg,국내도서>소설/시/희곡>역사소설>한국 역사소설
멋진 신세계,올더스 헉슬리,문예출판사,대덕소프트웨어마이스터고등학교,EM00017925,843 헉57ㅁ c.17,"올더스 헉슬리는 명문 집안 출신의 영국 작가로서 광범위한 지식뿐 아니라 예리한 지성과 우아한 문체, 그리고 때로는 냉소적인 유머 감각으로 유명하다. 그가 1932년에 발표한 작품 멋진 신세계는 금세기에 미래를 가장 깊이 있고 날카롭게 파헤친 작품 중의 하나로 평가받는다.",2015-06-12,https://image.aladin.co.kr/product/6083/61/coversum/8973814729_2.jpg,국내도서>소설/시/희곡>과학소설(SF)>외국 과학소설
허수아비춤,조정래,문학의문학,대덕소프트웨어마이스터고등학교,EM00011958,813.7 조74ㅎ c.2,"대한민국의 시대와 역사를 가로지르는 대하소설 태백산맥, 아리랑, 한강, 정글만리의 작가 조정래. 우리나라의 근현대 비극을 예리하게 그린 그가 이 땅의 경제 현실을 치밀하게 다룬 일곱 번째 장편소설 허수아비춤이 다시 독자들과 만난다.",2015-08-05,https://image.aladin.co.kr/product/6419/40/coversum/8965744873_1.jpg,국내도서>소설/시/희곡>한국소설>2000년대 이후 한국소설
마초를 죽이려고,이제하,뿔,대덕소프트웨어마이스터고등학교,EM00011966,813.7 이74ㅁ,"이제하 장편소설. 이제하가 3년 만에 발표한 장편소설로 「문학웹진 뿔」에서 2009년 7월부터 2010년 1월까지 5개월여간 연재되었던 작품이다. 선생, 스승, 아비란 이름으로 껍질만 남은 채 버둥거리고 있는 우리 시대의 괴물, 마초. 야성이 스러져가는 오늘, 진정한 스승을 찾아가는 한 남자의 이야기이다.",2010-09-27,https://image.aladin.co.kr/product/784/92/coversum/890111285x_1.jpg,국내도서>소설/시/희곡>한국소설>2000년대 이후 한국소설
소년이 온다,한강,창비,대덕소프트웨어마이스터고등학교,IT00012183,813.6 한12ㅅ c.3,섬세한 감수성과 치밀한 문장으로 인간 존재의 본질을 탐구해온 작가 한강의 여섯번째 장편소설. '상처의 구조에 대한 투시와 천착의 서사'를 통해 한강만이 풀어낼 수 있는 방식으로 1980년 5월을 새롭게 조명한다.,2014-05-19,https://image.aladin.co.kr/product/4086/97/coversum/8936434128_2.jpg,국내도서>소설/시/희곡>한국소설>2000년대 이후 한국소설
눈먼 자들의 도시,주제 사라마구,해냄출판사,대덕소프트웨어마이스터고등학교,IT00012197,879 사188ㄴ c.4,노벨문학상을 수상한 세계적인 거장 주제 사라마구의 탄생 100주년을 기념하기 위해 그의 대표작 『눈먼 자들의 도시』가 스페셜 에디션으로 출간되었다. 많은 독자들이 요청해왔던 초판 버전의 표지로 리뉴얼하여 새롭게 단장했다.,2022-10-20,https://image.aladin.co.kr/product/30307/98/coversum/k392839030_1.jpg,국내도서>소설/시/희곡>세계의 소설>기타 국가 소설
세얼간이,체탄 바갓,북스퀘어,대덕소프트웨어마이스터고등학교,IT00012216,890 바12ㅅ c.3,"인도에서 개봉 당시 세계적으로 돌풍을 일으킨 영화 [아바타]를 누르며 발리우드 흥행 기록을 갈아치운 영화 [세 얼간이] 원작 소설. 영화의 흥행 실적 못지않게 성공을 거둔 원작 소설은, 국내에 처음 소개되는 젊은 작가 체탄 바갓의 작품이다. 일류 최고 공학도들의 우정, 사랑, 미래에 대한 고민과 방황을 매력적인 캐릭터와 흥미 있는 사건들로 실감나게 그려냈다.",2011-07-28,https://image.aladin.co.kr/product/1248/1/coversum/8994136673_2.jpg,국내도서>소설/시/희곡>세계의 소설>기타 국가 소설
구경꾼들,윤성희,문학동네,대덕소프트웨어마이스터고등학교,EM00011960,813.7 윤54ㄱ,"현대문학상, 이수문학상, 올해의 예술상 수상작가 윤성희의 장편소설. 등단한 지 만 십일 년만에 선보이는 첫번째 장편소설로, 수십 통의 편지 수백 통의 엽서 이편과 저편의 삶이 이어져 더 이상 우연이 아닌 이야기, 지구 반대편을 찾아 헤맨 끝에 지금 여기서 만나는 기적과도 같은 이야기이다.",2010-10-06,https://image.aladin.co.kr/product/788/43/coversum/8954612806_1.jpg,국내도서>소설/시/희곡>한국소설>2000년대 이후 한국소설
세얼간이,체탄 바갓,북스퀘어,대덕소프트웨어마이스터고등학교,IT00012221,890 바12ㅅ c.8,"인도에서 개봉 당시 세계적으로 돌풍을 일으킨 영화 [아바타]를 누르며 발리우드 흥행 기록을 갈아치운 영화 [세 얼간이] 원작 소설. 영화의 흥행 실적 못지않게 성공을 거둔 원작 소설은, 국내에 처음 소개되는 젊은 작가 체탄 바갓의 작품이다. 일류 최고 공학도들의 우정, 사랑, 미래에 대한 고민과 방황을 매력적인 캐릭터와 흥미 있는 사건들로 실감나게 그려냈다.",2011-07-28,https://image.aladin.co.kr/product/1248/1/coversum/8994136673_2.jpg,국내도서>소설/시/희곡>세계의 소설>기타 국가 소설
소년이 온다,한강,창비,대덕소프트웨어마이스터고등학교,IT00012182,813.6 한12ㅅ c.2,섬세한 감수성과 치밀한 문장으로 인간 존재의 본질을 탐구해온 작가 한강의 여섯번째 장편소설. '상처의 구조에 대한 투시와 천착의 서사'를 통해 한강만이 풀어낼 수 있는 방식으로 1980년 5월을 새롭게 조명한다.,2014-05-19,https://image.aladin.co.kr/product/4086/97/coversum/8936434128_2.jpg,국내도서>소설/시/희곡>한국소설>2000년대 이후 한국소설
세얼간이,체탄 바갓,북스퀘어,대덕소프트웨어마이스터고등학교,IT00012220,890 바12ㅅ c.7,"인도에서 개봉 당시 세계적으로 돌풍을 일으킨 영화 [아바타]를 누르며 발리우드 흥행 기록을 갈아치운 영화 [세 얼간이] 원작 소설. 영화의 흥행 실적 못지않게 성공을 거둔 원작 소설은, 국내에 처음 소개되는 젊은 작가 체탄 바갓의 작품이다. 일류 최고 공학도들의 우정, 사랑, 미래에 대한 고민과 방황을 매력적인 캐릭터와 흥미 있는 사건들로 실감나게 그려냈다.",2011-07-28,https://image.aladin.co.kr/product/1248/1/coversum/8994136673_2.jpg,국내도서>소설/시/희곡>세계의 소설>기타 국가 소설
봉제인형 살인사건,다니엘 콜,북플라자,대덕소프트웨어마이스터고등학교,IT00012223,843.6 콜22ㅂ c.2,"2016년 4월 런던 도서전에서 가장 큰 주목을 받은 소설로, 다니엘 콜의 데뷔작이다. 영국, 미국, 독일, 일본을 포함한 32개국에서 출간되었다. 신체의 여섯 부위를 바늘과 실로 꿰매 이어 붙인 살인사건이라는 섬뜩한 소재를 다루면서도 진정한 정의가 무엇인지에 대해 생각하게 만드는 작품이다.",2017-10-20,https://image.aladin.co.kr/product/11997/87/coversum/8998274930_1.jpg,국내도서>소설/시/희곡>추리/미스터리소설>영미 추리/미스터리소설
내가 가장 예뻤을 때,공선옥,문학동네,대덕소프트웨어마이스터고등학교,EM00010186,813.6 공54ㄴ,"진솔한 체험을 바탕으로 우리 사회의 소외된 이웃들에게 따뜻한 관심을 표현해온 중견작가 공선옥이 우리 모두가 가장 예뻤을 때, 그 스무 살 시기의 쓸쓸함과 달콤함에 대한 이야기를 들려준다. '사람들이 많이 죽어간 한 도시'에서의 쓸쓸함과 달콤함에 관한, 주인공 해금이와 그 친구들의 이야기이다.",2009-05-26,https://image.aladin.co.kr/product/371/48/coversum/8954608116_3.jpg,국내도서>소설/시/희곡>한국소설>2000년대 이후 한국소설
도가니,공지영,창비,대덕소프트웨어마이스터고등학교,EM00012561,813.6 공78ㄷ c.3,2009년 출간된 이래 큰 파장을 일으키며 사회적 약자와 소수자에 대한 폭력 문제를 본격적으로 공론화했던 장편소설 도가니가 2017년 100쇄를 기념하여 새로운 장정으로 출간되었다. 이 소설은 출간 후 8년이 지난 현재까지도 독자들에게 꾸준히 사랑받고 있다.,2017-08-18,https://image.aladin.co.kr/product/11567/68/coversum/8936434276_1.jpg,국내도서>소설/시/희곡>한국소설>2000년대 이후 한국소설
도가니,공지영,창비,대덕소프트웨어마이스터고등학교,EM00010266,813.6 공78ㄷ c.2,2009년 출간된 이래 큰 파장을 일으키며 사회적 약자와 소수자에 대한 폭력 문제를 본격적으로 공론화했던 장편소설 도가니가 2017년 100쇄를 기념하여 새로운 장정으로 출간되었다. 이 소설은 출간 후 8년이 지난 현재까지도 독자들에게 꾸준히 사랑받고 있다.,2017-08-18,https://image.aladin.co.kr/product/11567/68/coversum/8936434276_1.jpg,국내도서>소설/시/희곡>한국소설>2000년대 이후 한국소설
신 1,베르나르 베르베르,열린책들,대덕소프트웨어마이스터고등학교,EM00010243,863.6 베297ㅅ v.1,계획부터 집필에 걸린 시간만 9년에 달하는 베르베르 생애 최고의 대작 『신』이 새로운 판형과 표지를 갖추고 독자들을 찾아왔다. 그리스·로마 신화를 바탕으로 기독교와 유대교 전승을 더하고 거기에 불교적 세계관을 결합하여 인류의 역사를 재조명하려는 야심 찬 계획의 산물인 『신』은 프랑스와 한국에서 도합 300만 부 이상 판매되며 베르베르의 놀라운 저력을 다시 한번 증명했다.,2024-01-30,https://image.aladin.co.kr/product/33601/34/coversum/893292404x_1.jpg,국내도서>소설/시/희곡>프랑스소설
신 5,베르나르 베르베르,열린책들,대덕소프트웨어마이스터고등학교,EM00010246,863.6 베297ㅅ v.5,"베르나르 베르베르가 9년에 걸쳐 준비한 소설. 총 3부작으로, 제1부 '우리는 신'(1, 2권), 제2부 '신들의 숨결'(3, 4권), 제3부 '신들의 신비(5, 6권)'로 구성되었다. 인류의 운명을 놓고 신 후보생들이 흥미진진한 게임을 펼치는 이야기로, 영혼의 진화에 관한 작가의 독특한 세계관이 신화와 역사 속에 녹아들어 있는 작품이다.",2009-07-05,https://image.aladin.co.kr/product/410/31/coversum/8932908826_1.jpg,국내도서>소설/시/희곡>프랑스소설
트와일라잇,스테프니 메이어,북폴리오(대한교과서),대덕소프트웨어마이스터고등학교,EM00010387,843.6 메68ㅌ,"<트와일라잇> <뉴문> <이클립스>에 이은 나의 뱀파이어 연인 '트와일라잇' 시리즈 4부로, 마지막 이야기다. '트와일라잇' 시리즈는 인간이 뱀파이어와 사랑에 빠진다는 설정의 러브스토리로, 미국에서만 500만부 이상 판매된 세계적인 베스트셀러. 영화판은 2008년 12월부터 시작해, 시리즈 전 편이 차례로 한 편씩 개봉된다.",2009-06-15,https://image.aladin.co.kr/product/409/25/coversum/8937832542_3.jpg,국내도서>소설/시/희곡>판타지/환상문학>외국판타지/환상소설
잠들지 않는 밤,이수광,미루북스,대덕소프트웨어마이스터고등학교,EM00010541,813.6 이56ㅈ,"<조선을 뒤흔든 16가지 살인사건> <조선을 뒤흔든 16가지 연애사건>의 작가 이수광의 추리소설. 연쇄살인사건을 다루며, 인간의 내면에 존재하는 악마성에 대한 근원을 탐구한다. 소설은 마치 본격소설처럼 시작하여 유영철 선고 공판으로 들어가 여형사 한유경이 해결했던 살미군 연쇄살인사건으로 독자들을 끌어들인다.",2009-07-20,https://image.aladin.co.kr/product/429/61/coversum/8996272418_1.jpg,국내도서>소설/시/희곡>추리/미스터리소설>한국 추리/미스터리소설
그곳을 다시 잊어야 했다,이청준,열림원,대덕소프트웨어마이스터고등학교,EM00010573,813.6 이83ㄱ,"이청준의 신작 소설집이 출간됐다. 삶과 인간 실존, 역사와 이념에 대한 날카로운 성찰, 소설 쓰기에 대한 작가의 깊은 생각이 담겨있다.",2007-11-26,https://image.aladin.co.kr/product/101/39/coversum/8970635777_1.jpg,국내도서>소설/시/희곡>한국소설>2000년대 이전 한국소설
존재는 눈물을 흘린다,공지영,창작과비평사,대덕소프트웨어마이스터고등학교,EM00002426,813.6 공79ㅈ,"시대를 진실하게 살아가는 사람들에 대한 변함없는 애정을 보여주는 한편, 90년대를 어렵게 통과하고 있는 사람들의 내면적인 갈등을 드러내는 데에 초점을 맞추고 있다.",1999-07-01,https://image.aladin.co.kr/product/19/81/coversum/8936436546_1.jpg,국내도서>소설/시/희곡>한국소설>2000년대 이전 한국소설
가녀장의 시대,이슬아,이야기장수,대덕소프트웨어마이스터고등학교,IT00016390,813.7 이57ㄱ,매일 한 편씩 이메일로 독자들에게 글을 보내는 일간 이슬아로 그 어떤 등단 절차나 시스템의 승인 없이도 독자와 직거래를 트며 우리 시대의 대표 에세이스트로 자리잡은 작가 이슬아의 첫 장편소설. 가부장도 가모장도 아닌 가녀장이 주인공인 이야기이다.,2022-10-07,https://image.aladin.co.kr/product/30261/10/coversum/8954688799_2.jpg,국내도서>소설/시/희곡>한국소설>2000년대 이후 한국소설
토지 3부 9,박경리,마로니에북스,대덕소프트웨어마이스터고등학교,IT00016448,813.6 박14ㅌ v.9,명실상부 한국 문학사의 기념비적 작품으로 자리하고 있는 박경리의 대하소설 『토지』가 첫 집필 54년 만에 현대적 감각으로 다시 탄생했다. 한국 문학사에 다시없을 걸작이 원전을 충실하게 살린 편집과 고전에 대한 선입견을 완벽하게 깨부수어줄 디자인으로 새 시대의 새 독자를 만날 준비를 마쳤다.,2023-06-07,https://image.aladin.co.kr/product/31830/75/coversum/k052833126_1.jpg,국내도서>소설/시/희곡>역사소설>한국 역사소설
토지4부 14,박경리,마로니에북스,대덕소프트웨어마이스터고등학교,IT00016453,813.6 박14ㅌ v.14,명실상부 한국 문학사의 기념비적 작품으로 자리하고 있는 박경리의 대하소설 『토지』가 첫 집필 54년 만에 현대적 감각으로 다시 탄생했다. 한국 문학사에 다시없을 걸작이 원전을 충실하게 살린 편집과 고전에 대한 선입견을 완벽하게 깨부수어줄 디자인으로 새 시대의 새 독자를 만날 준비를 마쳤다.,2023-06-07,https://image.aladin.co.kr/product/31830/82/coversum/k272833126_2.jpg,국내도서>소설/시/희곡>역사소설>한국 역사소설
토지4부 15,박경리,마로니에북스,대덕소프트웨어마이스터고등학교,IT00016454,813.6 박14ㅌ v.15,명실상부 한국 문학사의 기념비적 작품으로 자리하고 있는 박경리의 대하소설 『토지』가 첫 집필 54년 만에 현대적 감각으로 다시 탄생했다. 한국 문학사에 다시없을 걸작이 원전을 충실하게 살린 편집과 고전에 대한 선입견을 완벽하게 깨부수어줄 디자인으로 새 시대의 새 독자를 만날 준비를 마쳤다.,2023-06-07,https://image.aladin.co.kr/product/31830/84/coversum/k202833126_2.jpg,국내도서>소설/시/희곡>역사소설>한국 역사소설
스마트폰을 떨어뜨렸을 뿐인데,시가 아키라,북플라자,대덕소프트웨어마이스터고등학교,IT00012429,833.6 시12ㅅ,"제15회 '이 미스터리가 대단하다!' 대상 최종 수상작. 택시 안에 두고 내린 스마트폰이 모든 비극의 출발점이었다. 그것을 주운 남자는 스마트폰을 돌려주었지만, 스마트폰 주인의 여자 친구를 마음에 품게 된다. 그녀의 신상정보를 모두 털어 그녀를 함정에 빠뜨리는 남자. 이제 스마트폰은 흉기나 다름없이 변해 간다.",2017-12-08,https://image.aladin.co.kr/product/12528/67/coversum/s362533562_1.jpg,국내도서>소설/시/희곡>추리/미스터리소설>일본 추리/미스터리소설
은하영웅전설 1  여명편,다나카요시키,디앤씨미디어,대덕소프트웨어마이스터고등학교,EM00018026,833.6 다192ㅇ v.1,"1982년 일본에서 폭발적인 반향을 일으켰던 다나카 요시키의 소설. 이번 완전판에는 국내에 번역된 바 없는 외전소설 황금의 날개가 완역되며, 작품의 만화화를 맡은 미치하라 카츠미의 컬러, 흑백 삽화가 수록된다. 또한 작가 다나카 요시키와의 롱 인터뷰가 정전 1~10권에 권말연재로 실려있다.",2011-10-11,https://image.aladin.co.kr/product/1351/80/coversum/8926770214_2.jpg,국내도서>소설/시/희곡>판타지/환상문학>외국판타지/환상소설
은하영웅전설 8  난리편,다나카요시키,디앤씨미디어,대덕소프트웨어마이스터고등학교,EM00018033,833.6 다192ㅇ v.8,"1982년 일본에서 폭발적인 반향을 일으켰던 다나카 요시키의 소설. 이번 완전판에는 국내에 번역된 바 없는 외전소설 황금의 날개가 완역되며, 작품의 만화화를 맡은 미치하라 카츠미의 컬러, 흑백 삽화가 수록된다. 또한 작가 다나카 요시키와의 롱 인터뷰가 정전 1~10권에 권말연재로 실려있다.",2011-10-11,https://image.aladin.co.kr/product/1363/96/coversum/8926770281_1.jpg,국내도서>소설/시/희곡>판타지/환상문학>외국판타지/환상소설
사람은 무엇으로 사는가,례프 니꼴라예비치 똘스또이,열린책들,대덕소프트웨어마이스터고등학교,EM00018662,892.83 똘57ㅅ c.2,,,,
변신,프란츠 카프카,문학동네,대덕소프트웨어마이스터고등학교,EM00018683,853 카897ㅂ,"「변신」에서 외판사원 그레고르 잠자는 어느 날 아침 자신이 흉측한 해충으로 변해 버린 것을 발견한다. 그는 평소 열심히 일하며 가족의 생계를 유지해 왔지만, 이제 가족과 직장 상사는 침대에서 꼼짝 못 하는 그에게 등을 돌린다. 「시골의사」에서는 눈보라가 몰아치는 밤, 시골의 사인 ‘나’가 의사를 찾는 비상 종소리에 급히 집을 나선다.",1998-08-05,https://image.aladin.co.kr/product/6/4/coversum/s972932230_1.jpg,국내도서>소설/시/희곡>독일소설
변신,프란츠 카프카,문학동네,대덕소프트웨어마이스터고등학교,EM00018692,853 카897ㅂ c.10,"「변신」에서 외판사원 그레고르 잠자는 어느 날 아침 자신이 흉측한 해충으로 변해 버린 것을 발견한다. 그는 평소 열심히 일하며 가족의 생계를 유지해 왔지만, 이제 가족과 직장 상사는 침대에서 꼼짝 못 하는 그에게 등을 돌린다. 「시골의사」에서는 눈보라가 몰아치는 밤, 시골의 사인 ‘나’가 의사를 찾는 비상 종소리에 급히 집을 나선다.",1998-08-05,https://image.aladin.co.kr/product/6/4/coversum/s972932230_1.jpg,국내도서>소설/시/희곡>독일소설
스탠드 4  다크맨,스티븐 킹,황금가지,대덕소프트웨어마이스터고등학교,EM00018706,843 킹57ㅅ v.4,"예언자 애버게일의 인도 아래 생존자들은 험난한 로키 산맥을 넘어 볼더에 도착한다. 꿈속의 계시를 받은 사람들이 하나둘 모여들수록 볼더 공동체는 점점 커지고, 폐허가 된 문명 위에 새로운 사회를 건설하려는 노력이 이어진다. 한편 생존자들의 뒤를 쫓던 '붉은 눈동자의 주인' 다크맨은 네바다 사막 한가운데에서 어둠의 군대를 조직한다.",2007-11-23,https://image.aladin.co.kr/product/101/58/coversum/8960171271_1.jpg,국내도서>소설/시/희곡>영미소설
롤 리 타,블라디미르 나보코프,문학동네,대덕소프트웨어마이스터고등학교,EM00018714,843.5 나45ㄹ,,,,
구르미 그린 달빛 1  눈썹달    ,윤이수,열림원,대덕소프트웨어마이스터고등학교,EM00019310,813.6 윤68ㄱ v.1,"전 5권으로 구성된 장편소설이며, 조선시대의 역사적 배경 위에 써 내려간 픽션이다. 저자 윤이수는 '작가의 말'에서, 지난 2013년 봄날 창덕궁을 찾았다가 차마 못 다한 생이 서러운 효명 세자(본명 이영)를 만나 그의 이야기를 쓰기 시작했다고 고백한다.",2015-03-23,https://image.aladin.co.kr/product/5491/63/coversum/8970638628_2.jpg,국내도서>소설/시/희곡>로맨스소설>한국 로맨스소설
댓글부대,장강명,은행나무,대덕소프트웨어마이스터고등학교,EM00019184,813.7 장12ㄷ c.4,"제3회 제주4.3평화문학상 수상작 장강명 장편소설. 그간 표백, 한국이 싫어서 등 사회성 짙은 소설을 써온 장강명의 소설 댓글부대는 이전 작품들보다 훨씬 더 강력한 목소리로 부박한 현실에 정면 돌파를 시도한 소설이다.",2015-11-30,https://image.aladin.co.kr/product/7073/45/coversum/s902939394_1.jpg,국내도서>소설/시/희곡>한국소설>2000년대 이후 한국소설
구르미 그린 달빛 4  달의 꿈    ,윤이수,열림원,대덕소프트웨어마이스터고등학교,EM00019313,813.6 윤68ㄱ v.4,"전 5권으로 구성된 장편소설이며, 조선시대의 역사적 배경 위에 써 내려간 픽션이다. 저자 윤이수는 '작가의 말'에서, 지난 2013년 봄날 창덕궁을 찾았다가 차마 못 다한 생이 서러운 효명 세자(본명 이영)를 만나 그의 이야기를 쓰기 시작했다고 고백한다.",2015-05-27,https://image.aladin.co.kr/product/5995/26/coversum/8970638725_2.jpg,국내도서>소설/시/희곡>로맨스소설>한국 로맨스소설
달콤한 나의 도시,정이현,문학과 지성사,대덕소프트웨어마이스터고등학교,EM00000010,813.6 정69ㄷ,"소설가 정이현이 등단 이후 첫 장편소설. 직장생활 7년차, 서른한 살 '오은수'를 중심으로, 도시에 거주하는 미혼 여성들의 일과 연애, 친구와 가족, 그리고 결혼에 대한 이야기가 감각적인 필치로 그려진다. 「조선일보」에 연재되었던 작품을 묶은 것으로 권신아의 삽화를 함께 실었으며, 2008년 현재 동명 드라마가 SBS TV에서 방영 중이다.",2006-07-24,https://image.aladin.co.kr/product/67/39/coversum/8932017158_3.jpg,국내도서>소설/시/희곡>한국소설>2000년대 이후 한국소설
장미의 이름 상,움베르토 에코,열린책들,대덕소프트웨어마이스터고등학교,EM00000070,883 에825ㅈ v.1,"움베르토 에코의 출세작. 모종의 임무를 띄고 14세기 중세 이탈리아의 한 수도원에 잠입한 영국의 수도사 윌리엄을 주인공으로 한 추리소설. 봉건제의 어둠 속에서 근대정신이 희미하게 비춰지던 14세기의 철학, 풍습, 문화, 건축 등에 대한 해박한 지식을 배경으로 근대의 산물인 합리적 추리를 전개해 나간다.",2002-10-10,https://image.aladin.co.kr/product/24/19/coversum/8932906750_2.jpg,국내도서>소설/시/희곡>추리/미스터리소설>기타국가 추리/미스터리소설
장미의 이름 상,움베르토 에코,열린책들,대덕소프트웨어마이스터고등학교,EM00005330,883 에825ㅈ v.1 c.2,"움베르토 에코의 출세작. 모종의 임무를 띄고 14세기 중세 이탈리아의 한 수도원에 잠입한 영국의 수도사 윌리엄을 주인공으로 한 추리소설. 봉건제의 어둠 속에서 근대정신이 희미하게 비춰지던 14세기의 철학, 풍습, 문화, 건축 등에 대한 해박한 지식을 배경으로 근대의 산물인 합리적 추리를 전개해 나간다.",2002-10-10,https://image.aladin.co.kr/product/24/19/coversum/8932906750_2.jpg,국내도서>소설/시/희곡>추리/미스터리소설>기타국가 추리/미스터리소설
태극기 휘날리며,강제규,시공사,대덕소프트웨어마이스터고등학교,EM00000243,813.6 강73ㅌ,,2004-05-17,https://image.aladin.co.kr/product/49/33/coversum/8941012325_1.gif,국내도서>어린이>TV/만화/영화>만화 일반
그리스인 조르바,니코스 카잔차키스,열린책들,대덕소프트웨어마이스터고등학교,EM00000248,892.1 카71ㄱ,노벨 문학상 후보에 두 번이나 오르며 그리스 문학을 세계적으로 알리는 데 큰 기여를 한 니코스 카잔차키스의 대표작. 호쾌하고 농탕한 자유인 조르바가 펼치는 영혼의 투쟁을 풍부한 상상력으로 그려냈다. 조르바는 실존 인물로서 작가는 그를 힌두교도들의 '구루(사부)'와 수도승들의 '아버지'에 빗대었다.,2009-12-20,https://image.aladin.co.kr/product/603/79/coversum/8932909342_1.jpg,국내도서>소설/시/희곡>세계의 소설>기타 국가 소설
내 생애의 아이들,가브리엘 루아,현대문학,대덕소프트웨어마이스터고등학교,EM00000258,863 루61ㄴ,"가난한 집 몇채가 고작인 쓸쓸한 마을이지만, 푸르른 자연과 그보다 더 푸른 아이들에 둘러싸인 그녀는 외롭지 않다. '학교'라는 낯선 세상에 첫발을 내딛는 아이들의 모습도 각양각색. 어떤 아이들은 부모와 떨어지지 않으려 버둥거리고, 세상에서 가장 명랑한 아이는 깡충깡충 뛰며 책상으로 향한다. 아이들 하나하나의 묘사가 그림처럼 아름다우면서도 현실감이 넘친다.",2003-07-08,https://image.aladin.co.kr/product/42/27/coversum/8972752649_2.jpg,국내도서>소설/시/희곡>세계의 소설>기타 국가 소설
그 산이 정말 거기 있었을까,박완서,웅진씽크빅,대덕소프트웨어마이스터고등학교,EM00000285,813.6 박66ㄱ,"한국 문학의 거목, 박완서 작가의 대표작인 ‘소설로 그린 자화상’ 연작 『그 많던 싱아는 누가 다 먹었을까』와 『그 산이 정말 거기 있었을까』가 리커버 특별판으로 독자들을 찾아왔다. ‘2025서울국제도서전’을 뜨겁게 달군 사진작가 이옥토의 작품으로 표지를 갈아입고 장정을 새롭게 꾸며, 그 치열하고도 아름다운 기억의 공간을 지금 이곳으로 되살린다.",2025-08-18,https://image.aladin.co.kr/product/36931/16/coversum/8901296918_2.jpg,국내도서>소설/시/희곡>한국소설>2000년대 이후 한국소설
그 산이 정말 거기 있었을까,박완서,웅진씽크빅,대덕소프트웨어마이스터고등학교,EM00008609,813.6 박66ㄱ c.2,"한국 문학의 거목, 박완서 작가의 대표작인 ‘소설로 그린 자화상’ 연작 『그 많던 싱아는 누가 다 먹었을까』와 『그 산이 정말 거기 있었을까』가 리커버 특별판으로 독자들을 찾아왔다. ‘2025서울국제도서전’을 뜨겁게 달군 사진작가 이옥토의 작품으로 표지를 갈아입고 장정을 새롭게 꾸며, 그 치열하고도 아름다운 기억의 공간을 지금 이곳으로 되살린다.",2025-08-18,https://image.aladin.co.kr/product/36931/16/coversum/8901296918_2.jpg,국내도서>소설/시/희곡>한국소설>2000년대 이후 한국소설
아 정전,루쉰,창비,대덕소프트웨어마이스터고등학교,EM00000288,823.7 루57ㅇ,"루쉰의 대표작 아Q정전을 중국의 대표 판화가 자오옌녠의 사실주의적 판화와 이욱연 교수의 번역으로 만난다. 자오옌녠은 중국 판화계에서 루쉰 작품을 가장 깊이 있게 연구한 작가로 평가받고 있다. 그의 작품 가운데 가장 유명한 작품이 아Q정전인데, 자오옌녠은 근대 중국 민중의 슬픈 자화상이라 할 수 있는 아Q의 욕망과 좌절을 흑백판화에 섬뜩하리만치 사실적으로 담아냈다.",2011-02-25,https://image.aladin.co.kr/product/918/4/coversum/s8954614124_1.jpg,국내도서>소설/시/희곡>중국소설
봉제인형 살인사건,다니엘 콜,북플라자,대덕소프트웨어마이스터고등학교,IT00009308,843.6 콜22ㅂ c.2,"2016년 4월 런던 도서전에서 가장 큰 주목을 받은 소설로, 다니엘 콜의 데뷔작이다. 영국, 미국, 독일, 일본을 포함한 32개국에서 출간되었다. 신체의 여섯 부위를 바늘과 실로 꿰매 이어 붙인 살인사건이라는 섬뜩한 소재를 다루면서도 진정한 정의가 무엇인지에 대해 생각하게 만드는 작품이다.",2017-10-20,https://image.aladin.co.kr/product/11997/87/coversum/8998274930_1.jpg,국내도서>소설/시/희곡>추리/미스터리소설>영미 추리/미스터리소설
엘리베이터에 낀 그 남자는 어떻게 되었나,김영하,문학동네,대덕소프트웨어마이스터고등학교,IT00009369,813.6 김64ㅇ,"복복서가에서는 2020년 김영하 등단 25주년을 맞아, '복복서가x김영하_소설'이라는 이름으로 장편소설과 소설집을 새로이 출간한다. 엘리베이터에 낀 그 남자는 어떻게 되었나는 김영하의 두번째 소설집으로, 1999년 문학과지성사에서 초판이 출간된 후 지금까지 많은 사랑을 받고 있다.",2020-07-20,https://image.aladin.co.kr/product/24681/9/coversum/k982631494_1.jpg,국내도서>소설/시/희곡>한국소설>2000년대 이후 한국소설
어둠의 혼  미망  말하는 돌  다시 월문리에서  아름다운 얼굴,김원일,창비,대덕소프트웨어마이스터고등학교,IT00009370,813.608 김66ㅇ,"분단상황과 압제적 정치현실에 천착한 작가 김원일, 문순태, 송기원의 작품이 실려 있다. 김원일의 '어둠의 혼'은 좌익활동을 하다 사망한 아버지와 가족공동체의 몰락을 그린다. 송기원의 '다시 월문리에서'와 '아름다운 얼굴'은 개인사의 상처를 극복하고 세계와 용기 있게 대면하는 모습을 담고 있다.",2005-11-25,https://image.aladin.co.kr/product/60/22/coversum/8936462415_2.jpg,국내도서>소설/시/희곡>한국소설>2000년대 이후 한국소설
징소리,문순태,새움,대덕소프트웨어마이스터고등학교,IT00009371,813.7 문56ㅈ,"상처의 기억을 화해와 용서로 풀어내는 작가 문순태의 대표작 징소리. ""잠든 영혼을 일깨우는 한국적 한의 정통을 이은 작품""이라는 평을 받았으며, 교과서에도 수록되어 많은 독자들에게 읽혀 온 징소리가 출간 40년을 맞아 '대한민국 스토리DNA' 시리즈로 새롭게 모습을 선보인다.",2018-06-01,https://image.aladin.co.kr/product/14930/28/coversum/k392533763_1.jpg,국내도서>소설/시/희곡>한국소설>2000년대 이후 한국소설
축제,이청준,문학과지성사,대덕소프트웨어마이스터고등학교,IT00009372,813.608 이83ㅊ,"이청준 전집 27권. 이청준의 모친은 작가의 고향인 전남 장흥에서 미수(米壽)를 한 해 앞둔 87세로 사망했다(1994). 총 7장으로 구성된 소설의 차례가 오롯이 가리키듯, 장편 축제(1996)는 작가가 팔순 노모의 장례를 치른 이야기를 토대로 한 소설이다.",2016-01-04,https://image.aladin.co.kr/product/7469/38/coversum/8932021074_1.jpg,국내도서>소설/시/희곡>한국소설>2000년대 이전 한국소설
그 가능성은 이미 떠올렸다,이노우에 마기,스핑크스,대덕소프트웨어마이스터고등학교,IT00009379,833.6 이195ㄱ,"2015년 일본 메피스토상 수상작 사랑과 금기의 술어논리로 데뷔한 이노우에 마기의 두 번째 작품. 이 작품으로 '제16회 본격 미스터리' 대상 후보, '2016년 본격 미스터리 베스트 10', '이 미스터리가 대단해! 베스트 10' 등 그해 주요 미스터리 랭킹 대부분에 후보로 올랐다.",2018-11-12,https://image.aladin.co.kr/product/17352/71/coversum/k042534598_1.jpg,국내도서>소설/시/희곡>추리/미스터리소설>일본 추리/미스터리소설
죄와 벌 상,표도르 도스또예프스끼,열린책들,대덕소프트웨어마이스터고등학교,IT00009434,892.8 도57ㅈ v.상 c.2,"러시아 소설가 도스토예프스키의 대표작. 급박한 상황 속에서 속기사인 안나 그리고리예브나의 도움으로 1866년 1월부터 12월에 걸쳐 '러시아 통보'에 연재된 뒤, 1867년에 약간을 수정을 거쳐 단행본으로 출판되었다. 작가로서 명실공히 도스또예프스끼의 명성을 확고하게 만든 후기 5대 장편 가운데 첫 작품이다.",2009-12-15,https://image.aladin.co.kr/product/599/13/coversum/8932909156_1.jpg,국내도서>소설/시/희곡>러시아소설
자기 앞의  ,에밀 아자르,문학동네,대덕소프트웨어마이스터고등학교,IT00009617,863 아72ㅈ,"로맹 가리가 에밀 아자르라는 필명으로 발표했던 소설로 1975년 공쿠르상을 받았다. 문학동네에서 정식 저작권 계약을 맺어 새롭게 번역, 출간했다. 로맹 가리의 유서라 할 수 있는 '에밀 아자르의 삶과 죽음'이 함께 실렸다.",2003-05-06,https://image.aladin.co.kr/product/9751/78/coversum/8982816631_3.jpg,국내도서>소설/시/희곡>프랑스소설
아내의 상자 22,은희경,문학사상사,대덕소프트웨어마이스터고등학교,EM00009484,810.82 이52 v.22 c.4,"1998년 제22회 이상문학상 수상작. 교외카페에 앉아, 휴대전화로 집에 전화해서 숙제 안 한다고 아이들을 야단치고，읽은 책 이야기도 하고，헬스클럽이나 귀고리에 관한 이야기도 하고, 누구는 상가시세가 올라서 돈을 벌었다，아무개 교수의 교양강좌가 좋더라，듣고 울었다，등등의 얘기를 하면서 시간을 보내는 나이든 여자들을 보면서 ` 뿌리없이 떠도는 것들의 서글픔`을 느껴 썼다는 소설이다.",1998-01-25,https://image.aladin.co.kr/product/19/84/coversum/8970122842_3.jpg,국내도서>소설/시/희곡>한국소설>2000년대 이전 한국소설
 소설 목민심서 4,황인경,삼진기획,대덕소프트웨어마이스터고등학교,EM00005282,813.6 황69ㅁ v.4,,2000-05-20,https://image.aladin.co.kr/product/23/40/coversum/8972081272_1.gif,국내도서>소설/시/희곡>역사소설>한국 역사소설
클레오파트라 4  악티움의 노을 4,마가렛 조지,미래 M&B,대덕소프트웨어마이스터고등학교,EM00005317,843 조78ㅋ v.4,,2007-10-15,https://image.aladin.co.kr/product/99/36/coversum/8983943750_1.jpg,국내도서>소설/시/희곡>영미소설
 대하역사소설     3 3  양반편,洪命憙,사계절,대덕소프트웨어마이스터고등학교,EM00005517,813.6 홍34ㅇ v.3,,,,
항우와 유방 3 3,시바료타로,달궁,대덕소프트웨어마이스터고등학교,EM00005538,833.6 시42ㅎ v.3,"'난세는 영웅을 요구하고, 영웅은 역사를 만든다.' <삼국지연의>의 조조, 유비, 손권만큼이나 유명한 항우와 유방의 일생을 다룬 역사소설이다. 일본인들의 정신적 스승 '시바 료타로'가 집필했으며, 후대에 쓰여진 여러 종의 <초한지>의 기반을 제공했던 책이다.",2002-10-15,https://image.aladin.co.kr/product/38/60/coversum/8950905167_1.jpg,국내도서>소설/시/희곡>역사소설>외국 역사소설
수난이대 외 ,하근찬,소담출판사,대덕소프트웨어마이스터고등학교,EM00005608,813.6 하17ㅅ,"조연현 문학상, 요산문학상 수상작가 하근찬 소설 모음집. 6.25전쟁을 겪은 암울한 한 시대를 증언하는 소설 세 편을 엮었다. '수난 이대'는 한국일보 신춘문예를 통해 등단한 하근찬의 대표작품이다.",2020-04-01,https://image.aladin.co.kr/product/23686/63/coversum/890806317x_2.jpg,국내도서>소설/시/희곡>한국소설>2000년대 이전 한국소설
제인 에어,C. 브론테,홍신문화사,대덕소프트웨어마이스터고등학교,EM00005216,843 브295ㅈ,,,,
 소설 목민심서 5 5,황인경,삼진기획,대덕소프트웨어마이스터고등학교,EM00005280,813.6 황69ㅁ v.5,,1992-07-01,https://image.aladin.co.kr/img/noimg_sum_b.gif,국내도서>소설/시/희곡>역사소설>한국 역사소설
 소설 목민심서 3,황인경,삼진기획,대덕소프트웨어마이스터고등학교,EM00005284,813.6 황69ㅁ v.3,,2000-05-20,https://image.aladin.co.kr/product/23/40/coversum/8972081264_1.gif,국내도서>소설/시/희곡>역사소설>한국 역사소설
끝없는 이야기 1 1,미카엘 엔데,문예출판사,대덕소프트웨어마이스터고등학교,EM00005438,853 엔24ㄲ v.1,소설은 친구들에게 따돌림받은 외로운 10세 소년이 고서점에서 훔친 책 끝없는 이야기를 읽는 현실과 책에서 펼쳐지는 환상의 세계를 교차시키고 있다.,1996-02-01,https://image.aladin.co.kr/product/2/70/coversum/8931002874_1.jpg,국내도서>소설/시/희곡>판타지/환상문학>외국판타지/환상소설
끝없는 이야기 2 2,미카엘 엔데,문예출판사,대덕소프트웨어마이스터고등학교,EM00005439,853 엔24ㄲ v.2,소설은 친구들에게 따돌림받은 외로운 10세 소년이 고서점에서 훔친 책 끝없는 이야기를 읽는 현실과 책에서 펼쳐지는 환상의 세계를 교차시키고 있다．,1996-02-01,https://image.aladin.co.kr/product/4329/34/coversum/6000745307_1.jpg,국내도서>소설/시/희곡>판타지/환상문학>외국판타지/환상소설
임꺽정 1  봉단편 1,홍명희,사계절,대덕소프트웨어마이스터고등학교,EM00005515,813.6 홍34ㅇ v.1,"전10권으로 이루어져 있으며, 전체 이야기가 하나로 흘러가면서도 각 권이 독립성을 갖는다. 「봉단편」, 「피장편」, 「양반편」은 임꺽정을 중심한 화적패가 아직 결성되기 이전인 연산조 때부터 명종 초까지의 정치적 혼란상을 폭넓게 묘사하는 한편, 백정 출신 장사 임꺽정의 특이한 가계와 성장과정을 그린다.",2008-01-15,https://image.aladin.co.kr/product/170/54/coversum/8958282614_1.jpg,국내도서>소설/시/희곡>역사소설>한국 역사소설
 벽초 홍명희 임꺽정 6  의형제편 3 6,홍명희,사계절출판사,대덕소프트웨어마이스터고등학교,EM00005519,813.6 홍34ㅇ v.6,,2008-01-15,https://image.aladin.co.kr/product/170/54/coversum/8958282665_1.jpg,국내도서>소설/시/희곡>역사소설>한국 역사소설
도련님,나쓰메소세끼,인디북,대덕소프트웨어마이스터고등학교,EM00005628,833.6 나57ㄷ,짓궂고 무모한 장난을 일삼는 말썽꾸러기. 솔직하고 거침없는 성격 탓에 가족들에게도 구받만 받는 막둥이지만 왜인지 기요 할멈만은 도련님의 천성이 훌륭하다며 몰래 돈을 쥐여주기도 하고 끔찍이 귀여워한다. 불행히도 어린 나이에 연달아 부모님을 모두 잃고 하나뿐인 형마저 나 몰라라 600엔만을 남기고 떠나자 도련님은 궁리 끝에 물리 학교에 입학해 3년을 공부한 후 시코쿠의 한 중학교에 수학 교사로 부임한다.,2025-09-05,https://image.aladin.co.kr/product/37156/85/coversum/893746473x_1.jpg,국내도서>소설/시/희곡>일본소설>1950년대 이전 일본소설
이문열의 세계명작산책 9  병든 조개의 진주 9,이문열,살림출판사,대덕소프트웨어마이스터고등학교,EM00005752,810.82 이36ㅇ v.9,"글이 막힐 때마다 젊은 시절 읽은 세계 명작의 감동을 다시 떠올리곤 한다는 작가는 세계문학사에 남을 명작 1백 편을 사랑, 죽음, 비장미 등의 각 주제별로 선정하고, 모두 1천5백 장에 이르는 작품 해설을 각각의 작품 뒤에 붙여 세계문학의 지형도를 그렸다. 이 책들은 문학적 지향점을 찾지 못한 우리 문단에 자극제가 될 만한다. －조선일보",1997-02-10,https://image.aladin.co.kr/product/22/17/coversum/8985577603_1.gif,국내도서>소설/시/희곡>영미소설
고양이 요람,커트 보네거트,아이필드,대덕소프트웨어마이스터고등학교,EM00005895,843 보194ㄱ,"1960년대 인류 파멸의 공포가 확산되면서, 미국을 비롯한 서구 곳곳에 젊은이들을 중심으로 대항문화가 꽃피며 새로운 변혁의 바람이 불고 있었다. 그러던 1963년 6월, 미국의 서점가에 고양이 요람이라는 소설이 등장한다. 보니것식 허무주의를 특유의 블랙유머로 풀어낸 SF걸작이다.",2020-07-13,https://image.aladin.co.kr/product/24499/42/coversum/k212630952_1.jpg,국내도서>소설/시/희곡>과학소설(SF)>외국 과학소설
스밀라의 눈에 대한 감각,페터 회,마음산책,대덕소프트웨어마이스터고등학교,EM00009855,859.81 회894ㅅ c.2,"<스밀라의 눈에 대한 감각>은 1992년 덴마크어로 출간된 이래 전세계 33개국에 번역되어 세계적인 반향을 불러일으킨 작품이다. 덴마크 올해의 작가상(1992), 덴마크 비평가상(1993), 전국 서점 협회 황금면류관상(1993), 전영 추리작가 협회 실버대거상(1994), 독일 추리 협회상(1995), 이탈리아 방카렐라상(1995) 등을 수상했으며 1993년에는 '타임'지 '올해의 책'으로 선정되기도 했다.",2005-08-10,https://image.aladin.co.kr/product/57/81/coversum/8989351731_3.jpg,국내도서>소설/시/희곡>추리/미스터리소설>기타국가 추리/미스터리소설
아름다움이 나를 멸시한다,은희경,창비,대덕소프트웨어마이스터고등학교,EM00006595,813.6 은97ㅇ c.2,"1995년 등단하여 올해로 등단 25주년을 맞으며, 이미 하나의 장르가 된 우리 시대의 작가 은희경. 서정적 감수성과 냉철한 관찰력을 결합한 유머러스한 필치로 현대인의 삶을 예리하게 묘파한 은희경 소설집 『아름다움이 나를 멸시한다』가 13년 만에 ‘리마스터판’으로 돌아왔다.",2020-05-15,https://image.aladin.co.kr/product/24058/37/coversum/893643814x_1.jpg,국내도서>소설/시/희곡>한국소설>2000년대 이후 한국소설
코리아 닷컴 1,김진명,해냄,대덕소프트웨어마이스터고등학교,EM00006290,813.6 김79ㅋ v.1,,2000-06-20,https://image.aladin.co.kr/product/23/17/coversum/8973373285_1.jpg,국내도서>소설/시/희곡>한국소설>2000년대 이후 한국소설
금오신화  연암소설,전영진,홍신문화사,대덕소프트웨어마이스터고등학교,EM00006358,810.8 전64ㅎ,,1995-06-01,https://image.aladin.co.kr/product/2/20/coversum/8970551832_1.jpg,국내도서>소설/시/희곡>한국소설>2000년대 이전 한국소설
시간을 달리는 소녀,츠츠이야스타카,북스토리,대덕소프트웨어마이스터고등학교,EM00006484,833.6 츠85ㅅ,"일본 SF 문학의 거장으로 불리면서 ‘츠츠이스트’라는 중독 팬을 거느린 소설가, 츠츠이 야스타카는 유쾌하고 기발한 상상력으로 시간여행을 풀어냈다. 우리를 지나쳐 흘러가는 시간 속에 인간의 희로애락과 만인공통의 관심사인 로맨스가 살아 숨 쉬고 있음을 보여주었다.",2014-10-15,https://image.aladin.co.kr/product/4743/66/coversum/1155640284_1.jpg,국내도서>소설/시/희곡>일본소설>1950년대 이후 일본소설
마법의 공원,수산나 타마로,고려원미디어,대덕소프트웨어마이스터고등학교,EM00007343,883.8 타32ㅁ,,1996-09-01,https://image.aladin.co.kr/product/4/58/coversum/8912112511_1.gif,국내도서>소설/시/희곡>세계의 소설>이탈리아소설
살인자의 정석,김동식,요다,대덕소프트웨어마이스터고등학교,IT00010996,813.7 김25ㅅ,"김동식 소설집 7권. 카카오페이지에 연재되어 30만 독자를 사로잡았던 이야기들과 미공개 신작을 모았다. 앞뒤 설명 없이 사건으로 뛰어드는 스토리, 단숨에 읽히는 속도감, 기기묘묘한 반전까지. 김동식 소설의 재미를 극한으로 끌어올린 26편의 단편을 실었다.",2019-03-14,https://image.aladin.co.kr/product/18601/10/coversum/k842635065_1.jpg,국내도서>소설/시/희곡>한국소설>2000년대 이후 한국소설
타라 덩컨 2 1   상  비밀의 책,소피 오두인 마미코니안,소담,대덕소프트웨어마이스터고등학교,EM00008180,863 마38ㅌ v.2-1,,,,
스키다마링크,기욤 뮈소,열린책들,대덕소프트웨어마이스터고등학교,EM00011431,863 뮈55ㅅ,"<완전한 죽음>, <구해줘>의 작가 기욤 뮈소가 27세에 발표한 장편 데뷔작. 도난당한 세기의 명화를 찾기 위해 고군분투하는 네 인물들의 이야기를 그린 작품이다. 빠른 사건 전개와 생동감 있는 화면 구성, 감각적인 요소가 돋보인다. '스키다마링크'란 제목은 술래를 정할 때 부르는 어린아이들의 노래에서 따온 것.",2007-02-05,https://image.aladin.co.kr/product/88/21/coversum/8932907404_1.jpg,국내도서>소설/시/희곡>프랑스소설
눈먼 시계공 2,김탁환,민음사,대덕소프트웨어마이스터고등학교,EM00011440,813.6 김882ㄴ v.2,"소설가 김탁환과 과학자 정재승이 함께 쓴 장편 소설. 소설가와 과학자의 몽상과 지식이 씨줄과 날줄로 얽혀 2049년이라는 30년 후의 서울을, 시대를, 그리고 인간을 생생하게 직조해 낸다. 2049년, 서울 인류가 자연이 준 몸과 마음을 버리고, 기계와 몸을 섞으며 새로운 진화를 꿈꾸는 시대의 이야기가 펼쳐진다.",2010-05-10,https://image.aladin.co.kr/product/697/39/coversum/893748322x_1.jpg,국내도서>소설/시/희곡>과학소설(SF)>한국 과학소설
기사단장 죽이기2   전이하는 메타포,무라카미 하루키,문학동네,대덕소프트웨어마이스터고등학교,IT00006788,833.6 하296ㄱ v.2,"모차르트 오페라 <돈 조반니>의 등장인물을 일본 아스카 시대로 옮겨놓은 듯한 그 그림을 가지고 내려온 뒤로, ‘나’의 주위에서 기이한 일들이 잇달아 일어난다. 『태엽 감는 새』 『1Q84』 등 기존의 본격 장편소설 세계관을 잇는, 현실과 비현실이 절묘하게 융합된 하루키 월드의 결정판이다.",2017-07-12,https://image.aladin.co.kr/product/11260/49/coversum/8954646131_1.jpg,국내도서>소설/시/희곡>일본소설>1950년대 이후 일본소설
나무를 심은 사람,장 지오노,두레,대덕소프트웨어마이스터고등학교,EM00008531,863 지65ㄴ,"'희망을 심고 행복을 가꾼' 한 사람이 메마르고 황폐한 땅에 홀로 수십 년 동안 나무를 심어 황무지를 생명이 살아 숨쉬는 숲으로 바꾸어놓는 이야기로, 작가가 자신의 경험을 바탕으로 첫 원고를 쓴 뒤 20여 년 동안 다듬어 완성한 작품이다.",2018-03-10,https://image.aladin.co.kr/product/13539/52/coversum/8974431149_2.jpg,국내도서>소설/시/희곡>프랑스소설
연금술사,파울로 코엘료,문학동네,대덕소프트웨어마이스터고등학교,EM00017986,879.3 코63ㅇ c.7,"세상을 두루두루 여행하기 위해 양치기가 된 청년 산티아고의 '자아의 신화' 찾기 여행담. 자칫 딱딱하게 보일 수 있는 제목과는 달리 간결하고 경쾌한 언어들로 쓰여 있어서, 물이 흘러가듯 수월하게 읽히는 작품이다.",2001-12-01,https://image.aladin.co.kr/product/30/73/coversum/8982814477_3.jpg,국내도서>소설/시/희곡>스페인/중남미소설
연금술사,파울로 코엘료,문학동네,대덕소프트웨어마이스터고등학교,EM00017989,879.3 코63ㅇ c.10,"세상을 두루두루 여행하기 위해 양치기가 된 청년 산티아고의 '자아의 신화' 찾기 여행담. 자칫 딱딱하게 보일 수 있는 제목과는 달리 간결하고 경쾌한 언어들로 쓰여 있어서, 물이 흘러가듯 수월하게 읽히는 작품이다.",2001-12-01,https://image.aladin.co.kr/product/30/73/coversum/8982814477_3.jpg,국내도서>소설/시/희곡>스페인/중남미소설
연금술사,파울로 코엘료,문학동네,대덕소프트웨어마이스터고등학교,EM00017984,879.3 코63ㅇ c.5,"세상을 두루두루 여행하기 위해 양치기가 된 청년 산티아고의 '자아의 신화' 찾기 여행담. 자칫 딱딱하게 보일 수 있는 제목과는 달리 간결하고 경쾌한 언어들로 쓰여 있어서, 물이 흘러가듯 수월하게 읽히는 작품이다.",2001-12-01,https://image.aladin.co.kr/product/30/73/coversum/8982814477_3.jpg,국내도서>소설/시/희곡>스페인/중남미소설
서울 1964년 겨울,김승옥,일신서적출판사,대덕소프트웨어마이스터고등학교,EM00008561,813.6 김57ㅅ,"사피엔스 한국문학 중.단편소설 시리즈 2권. 도시의 문명과 개인의 내면을 감각적인 문체로 섬세하게 형상화시켜 그려 낸 작가 김승옥의 단편소설 3편을 담았다. 표제작 「무진기행」은 서울과 무진이라는 공간 사이에서, 그리고 현실과 이상 사이에서 갈등하는 주인공의 내면을 섬세하게 형상화한 단편소설이다.",2012-02-13,https://image.aladin.co.kr/product/1522/59/coversum/8965880742_3.jpg,국내도서>소설/시/희곡>한국소설>2000년대 이전 한국소설
아리랑 11  동트는 광야 11,조정래,해냄,대덕소프트웨어마이스터고등학교,EM00008648,813.6 조74ㅇ v.11,"한민족의 끈질긴 생존과 투쟁, 이민사를 다룬 민족의 대서사시『아리랑』의 작가 등단 50주년 기념 개정판. 일제 침략기부터 해방기까지 한민족의 끈질긴 생존과 투쟁, 이민사를 다룬 민족의 대서사시다.",2020-10-15,https://image.aladin.co.kr/product/25326/99/coversum/8965749417_1.jpg,국내도서>소설/시/희곡>역사소설>한국 역사소설
책도둑 1,마커스 주삭,문학동네,대덕소프트웨어마이스터고등학교,EM00008140,843 주52ㅊ v.1 c.2,"제2차 세계대전의 비극과 공포 속에서도 책에 대한 사랑으로 삶을 버텨나갈 수 있었던 한 독일소녀의 이야기. 전쟁이라는 거대한 사건, 그 안에서 자신의 의지와는 상관없이 숨 가쁘게 뒤바뀌는 운명 속에서도 보석처럼 빛나던 사람들, 그리고 그들이 살아냈던 소박하고 아름다운 삶에 대해 바치는 헌사와도 같은 소설이다.",2008-02-01,https://image.aladin.co.kr/product/170/33/coversum/895460496x_1.jpg,국내도서>소설/시/희곡>세계의 소설>기타 국가 소설
타나토노트 2,베르나르 베르베르,열린책들,대덕소프트웨어마이스터고등학교,IT00006128,863.6 베297ㅌ v.2 c.2,,2000-09-15,https://image.aladin.co.kr/product/24/84/coversum/8932903212_3.jpg,국내도서>소설/시/희곡>프랑스소설
타라 덩컨 3 1  저주받은 왕홀 상 ,소피 오두인 마미코니안,소담,대덕소프트웨어마이스터고등학교,EM00008182,863 마38ㅌ v.3-1,,,,
포스트잇 라이프,앨리스 카이퍼즈,까멜레옹,대덕소프트웨어마이스터고등학교,EM00008205,843 카68ㅍ,"이혼한 엄마와 함께 사는 10대 딸의 애틋한 성장기. 철없는 10대 딸과 암 투병 중인 싱글맘이 냉장고에 메모를 붙이며 이야기를 주고 받는 구성의 소설이다. 독특한 형식과 재기발랄한 감성의 조화가 돋보이는, 영국 작가 앨리스 카이퍼즈의 데뷔작이다.",2008-02-25,https://image.aladin.co.kr/product/183/47/coversum/8949192020_1.jpg,국내도서>소설/시/희곡>영미소설
은교,박범신,문학동네,대덕소프트웨어마이스터고등학교,EM00017303,813.6 박44ㅇ c.5,"정지우 감독, 박해일.김무열.김고은 주연의 영화 [은교] 원작소설. 박범신의 장편소설로, 두 남자와 한 여자의 엉켜 있는 사랑이야기이다. 작가는 소설 은교에서 '남자란 무엇인가. 여자란 또 무엇인가. 젊음이란 무엇인가. 늙음이란 또 무엇인가. 시란 무엇인가. 소설은 또 무엇인가. 욕망이란 무엇인가. 죽음이란 또 무엇인가.'라는 존재론적인 질문을 계속해서 던진다.",2010-07-06,https://image.aladin.co.kr/product/677/11/coversum/8954610684_2.jpg,국내도서>소설/시/희곡>한국소설>2000년대 이후 한국소설
은교,박범신,문학동네,대덕소프트웨어마이스터고등학교,EM00011475,813.6 박44ㅇ,"정지우 감독, 박해일.김무열.김고은 주연의 영화 [은교] 원작소설. 박범신의 장편소설로, 두 남자와 한 여자의 엉켜 있는 사랑이야기이다. 작가는 소설 은교에서 '남자란 무엇인가. 여자란 또 무엇인가. 젊음이란 무엇인가. 늙음이란 또 무엇인가. 시란 무엇인가. 소설은 또 무엇인가. 욕망이란 무엇인가. 죽음이란 또 무엇인가.'라는 존재론적인 질문을 계속해서 던진다.",2010-07-06,https://image.aladin.co.kr/product/677/11/coversum/8954610684_2.jpg,국내도서>소설/시/희곡>한국소설>2000년대 이후 한국소설
안녕  언젠가,츠지히토나리,소담,대덕소프트웨어마이스터고등학교,EM00011495,833.6 츠78ㅇ,"냉정과 열정 사이, 사랑 후에 오는 것들의 작가 츠지 히토나리의 2001년 작. 철저한 계산에 따라 인생을 살아왔지만 마음만은 계산할 수 없다는 것을 몰랐던 남자 유타카와 넉 달간의 추억만으로 평생을 산 여자 토우코가 두 주인공이다. 사랑받는 것과 사랑하는 것, 그리고 그것이 인생에서 갖는 의미를 이야기하는 소설.",2007-10-19,https://image.aladin.co.kr/product/98/77/coversum/897381916x_2.jpg,국내도서>소설/시/희곡>일본소설>1950년대 이후 일본소설
첫사랑,투르게네프,소담출판사,대덕소프트웨어마이스터고등학교,EM00017428,808.3 투297ㅊ,"러시아 문학의 거장 투르게네프의 대표작 '첫사랑'과 '귀족의 보금자리', '무무'를 함께 수록했다. 투르게네프 특유의 섬세하고 부드러운 필치와 탁월한 심리묘사가 돋보이는 작품집.",2003-07-05,https://image.aladin.co.kr/product/42/34/coversum/s937460807_1.jpg,국내도서>소설/시/희곡>러시아소설
등대지기,조창인,밝은세상,대덕소프트웨어마이스터고등학교,EM00008549,813.6 조81ㄷ,"3백만 부 감동 신화 가시고기의 저자 조창인 작가의 후속작 등대지기가 증보개정판으로 돌아왔다. 마지막 순간까지 등댓불을 꺼뜨리지 않으려 몸부림치는 재우와, 그 아들을 지키려는 어머니의 숭고하고도 아름다운 사랑이 펼쳐진다.",2021-02-10,https://image.aladin.co.kr/product/26330/81/coversum/k182738925_3.jpg,국내도서>소설/시/희곡>한국소설>2000년대 이후 한국소설
연금술사,파울로 코엘료,문학동네,대덕소프트웨어마이스터고등학교,EM00017987,879.3 코63ㅇ c.8,"세상을 두루두루 여행하기 위해 양치기가 된 청년 산티아고의 '자아의 신화' 찾기 여행담. 자칫 딱딱하게 보일 수 있는 제목과는 달리 간결하고 경쾌한 언어들로 쓰여 있어서, 물이 흘러가듯 수월하게 읽히는 작품이다.",2001-12-01,https://image.aladin.co.kr/product/30/73/coversum/8982814477_3.jpg,국내도서>소설/시/희곡>스페인/중남미소설
아리랑 5  민족혼 5,조정래,해냄,대덕소프트웨어마이스터고등학교,EM00008642,813.6 조74ㅇ v.5,"한민족의 끈질긴 생존과 투쟁, 이민사를 다룬 민족의 대서사시『아리랑』의 작가 등단 50주년 기념 개정판. 일제 침략기부터 해방기까지 한민족의 끈질긴 생존과 투쟁, 이민사를 다룬 민족의 대서사시다.",2020-10-15,https://image.aladin.co.kr/product/25326/95/coversum/8965749344_1.jpg,국내도서>소설/시/희곡>역사소설>한국 역사소설
아리랑 8  어둠의 산하 8,조정래,해냄,대덕소프트웨어마이스터고등학교,EM00008645,813.6 조74ㅇ v.8,"한민족의 끈질긴 생존과 투쟁, 이민사를 다룬 민족의 대서사시『아리랑』의 작가 등단 50주년 기념 개정판. 일제 침략기부터 해방기까지 한민족의 끈질긴 생존과 투쟁, 이민사를 다룬 민족의 대서사시다.",2020-10-15,https://image.aladin.co.kr/product/25326/98/coversum/8965749387_1.jpg,국내도서>소설/시/희곡>역사소설>한국 역사소설
타나토노트  상  1,베르나르 베르베르,열린책들,대덕소프트웨어마이스터고등학교,IT00006127,863.6 베297ㅌ v.1 c.2,,,,
유리망치,기시유스케,영림카디널,대덕소프트웨어마이스터고등학교,EM00011422,833.6 기58ㅇ,일본에서 높은 인기를 구가하고 있는 미스터리 작가이자 우리나라에서도 두터운 독자층을 확보하고 있는 기시 유스케의 일본추리작가협회상 수상작. 푸른 불꽃 발표 후 4년 6개월 만에 선보인 본격 미스터리이다.,2017-05-08,https://image.aladin.co.kr/product/10835/36/coversum/8979190115_1.jpg,국내도서>소설/시/희곡>추리/미스터리소설>일본 추리/미스터리소설
1026,김진명,새움,대덕소프트웨어마이스터고등학교,EM00011461,813.6 김78ㅇ,,2024-03-21,https://image.aladin.co.kr/product/33664/0/coversum/k822939738_1.jpg,국내도서>소설/시/희곡>한국소설>2000년대 이후 한국소설
어디선가 나를 찾는 전화벨이 울리고,신경숙,문학동네,대덕소프트웨어마이스터고등학교,EM00011462,813.6 신14ㅇ,"신경숙의 장편소설로, 2009년 초여름부터 초겨울까지 알라딘에 단독 연재되었던 작품이다. 가장 깊이 절망하고 고민하고 상처받았기에 오히려 더욱 아름답게 빛나는 시간. 소설은 바로 그 '청춘'의 이야기이다. 작가는 비극적인 시대상황 속에서 부대끼며 살아가는 주인공들의 모습을 통해 사랑과 젊음의 의미를 탐색한다.",2010-05-17,https://image.aladin.co.kr/product/697/17/coversum/8954611273_3.jpg,국내도서>소설/시/희곡>한국소설>2000년대 이후 한국소설
엄마의 다락방,수산나 타마로,밀리언하우스,대덕소프트웨어마이스터고등학교,EM00011472,883 타32ㅇ,"할머니에서 엄마, 손녀로 이어지는 여성 3대의 삶을 따뜻한 시선으로 그려 낸 수산나 타마로의 마음 가는 대로 후속작이다. 할머니에 대한 반발심으로 미국으로 집을 떠났던 주인공 마르타가 혼란과 절망 속에서도 삶의 의미를 찾아가는 과정을 그린 성장소설인 동시에 해체된 가족 구성원들과 화해하고 이해해가는 가족소설이기도 하다.",2010-05-14,https://image.aladin.co.kr/product/687/58/coversum/8991643655_2.jpg,국내도서>소설/시/희곡>세계의 소설>이탈리아소설
연금술사,파울로 코엘료,문학동네,대덕소프트웨어마이스터고등학교,EM00017982,879.3 코63ㅇ c.3,"세상을 두루두루 여행하기 위해 양치기가 된 청년 산티아고의 '자아의 신화' 찾기 여행담. 자칫 딱딱하게 보일 수 있는 제목과는 달리 간결하고 경쾌한 언어들로 쓰여 있어서, 물이 흘러가듯 수월하게 읽히는 작품이다.",2001-12-01,https://image.aladin.co.kr/product/30/73/coversum/8982814477_3.jpg,국내도서>소설/시/희곡>스페인/중남미소설
옛 우물,오정희,청아,대덕소프트웨어마이스터고등학교,EM00002328,813.6 오73ㅇ,,,,
아홉살 인생,위기철,청년사,대덕소프트웨어마이스터고등학교,EM00009499,813.6 위18ㅇ c.3,"아홉 살의 고단한 인생을 사는 주인공 백여민 눈을 통해 본, 지지리 가난했지만 함께 어울려 살았던 1960년대 산동네 사람들의 힘들면서도 가슴 따뜻한 이야기를 담은 책이다.",2020-05-06,https://image.aladin.co.kr/product/24012/19/coversum/k772639415_1.jpg,국내도서>소설/시/희곡>한국소설>2000년대 이전 한국소설
승자는 혼자다 1,파울로 코엘료,문학동네,대덕소프트웨어마이스터고등학교,EM00010198,879 코64ㅅ v.1,"""꿈을 이루기 위해 당신은 어디까지 갈 수 있습니까?"" <연금술사>의 작가, 마법적 이야기꾼 파울로 코엘료의 2009년 신작! 칸 영화제를 배경으로 24시간 동안 펼쳐지는 숨가쁜 이야기를 그린 작품. 명성의 정상에 서 있는 사람들과 그들의 자리에 오르기 위해 발버둥치는 사람들의 이야기가 담겨 있다. 프랑스 DNA는 '위대한 고전 비극을 연상시키는 작품'이라 평하기도 했다.",2009-07-25,https://image.aladin.co.kr/product/418/76/coversum/8954608485_2.jpg,국내도서>소설/시/희곡>스페인/중남미소설
승자는 혼자다 1,파울로 코엘료,문학동네,대덕소프트웨어마이스터고등학교,EM00010367,879 코64ㅅ v.1 c.2,"""꿈을 이루기 위해 당신은 어디까지 갈 수 있습니까?"" <연금술사>의 작가, 마법적 이야기꾼 파울로 코엘료의 2009년 신작! 칸 영화제를 배경으로 24시간 동안 펼쳐지는 숨가쁜 이야기를 그린 작품. 명성의 정상에 서 있는 사람들과 그들의 자리에 오르기 위해 발버둥치는 사람들의 이야기가 담겨 있다. 프랑스 DNA는 '위대한 고전 비극을 연상시키는 작품'이라 평하기도 했다.",2009-07-25,https://image.aladin.co.kr/product/418/76/coversum/8954608485_2.jpg,국내도서>소설/시/희곡>스페인/중남미소설
죽은 왕녀를 위한 파반느,박민규,예담(위즈덤하우스),대덕소프트웨어마이스터고등학교,EM00010371,813.6 박38ㅈ,<삼미 슈퍼스타즈의 마지막 팬클럽> <카스테라> <핑퐁>의 작가 박민규의 장편소설. 못생긴 여자와 못생긴 여자를 사랑했던 한 남자의 이야기를 20대 성장소설의 형식으로 그려냈다. 작가 스스로 '80년대 빈티지 신파'라 일컬을 만큼 내용이나 스타일에 있어서 큰 변화를 보이는 소설이다.,2009-07-20,https://image.aladin.co.kr/product/425/98/coversum/s522834565_1.jpg,국내도서>소설/시/희곡>한국소설>2000년대 이후 한국소설
규장각 각신들의 나날 2,정은궐,파란미디어,대덕소프트웨어마이스터고등학교,EM00010378,813.6 정67ㄱ v.2,"<그녀의 맞선 보고서>, <해를 품은 달>의 작가 정은궐(블루플라워)이 조선시대를 배경으로 쓴 발랄한 로맨스소설이다. 병약한 남동생 대신 남장하고 과거를 보게 된 김윤희. 여자로서의 삶을 포기한 그녀 앞에 조선 최고의 신랑감으로 칭송이 자자한 이선준이 등장한다. 급기야 선준과 한방까지 쓰게 되고, 그와 정체모를 우정을 나누게 된 윤희. 여자임이 발각되는 날에는 자신의 죽음은 물론 멸문지화를 면할 수 없는데…",2009-07-27,https://image.aladin.co.kr/product/427/96/coversum/s822635294_1.jpg,국내도서>소설/시/희곡>로맨스소설>한국 로맨스소설
이클립스,스테프니 메이어,북폴리오(대한교과서),대덕소프트웨어마이스터고등학교,EM00010384,843.6 메68ㅇ,"<트와일라잇> <뉴문> <이클립스>에 이은 나의 뱀파이어 연인 '트와일라잇' 시리즈 4부로, 마지막 이야기다. '트와일라잇' 시리즈는 인간이 뱀파이어와 사랑에 빠진다는 설정의 러브스토리로, 미국에서만 500만부 이상 판매된 세계적인 베스트셀러. 영화판은 2008년 12월부터 시작해, 시리즈 전 편이 차례로 한 편씩 개봉된다.",2009-06-15,https://image.aladin.co.kr/product/409/25/coversum/8937832542_3.jpg,국내도서>소설/시/희곡>판타지/환상문학>외국판타지/환상소설
악인,요시다슈이치,은행나무,대덕소프트웨어마이스터고등학교,EM00010406,833.6 요58ㅇ,"퍼레이드, 동경만경의 작가 요시다 슈이치의 2007년 신작. 인간 심연에 자리하는 '악의'를 날카롭게 파헤친 장편소설로, 하나의 살인사건을 둘러싼 여러 인물들의 서로 다른 감정을 서늘하게 묘사한다. '일본 신문·잡지 서평담당자가 뽑은 2007 최고의 책' 1위에 올랐으며, 작가 스스로가 자신의 대표작으로 꼽은 바 있다.",2008-01-15,https://image.aladin.co.kr/product/102/31/coversum/8956602158_1.jpg,국내도서>소설/시/희곡>일본소설>1950년대 이후 일본소설
달콤한 오해,이화,신영미디어,대덕소프트웨어마이스터고등학교,EM00010472,813.6 이95ㄷ,,2009-09-08,https://image.aladin.co.kr/product/448/65/coversum/8941331315_1.jpg,국내도서>소설/시/희곡>한국소설>2000년대 이후 한국소설
신이 된 남자를 읽기 위해,제랄드 메사디에,책세상,대덕소프트웨어마이스터고등학교,EM00001768,863.09 메51ㅅ,"논란에 대해서는 접어두고라도, 이 책은 그 시절의 역사와 생활, 종교를 방대한 분량 속에서 꼼꼼하게 복원하고 있다는 점에서 예수의 삶을 소재로 한 소설들 중에서 돋보인다. 마지막 7번째 권 <신이 된 남자를 읽기 위해>가 주석서와 자료집이다.",2001-02-05,https://image.aladin.co.kr/product/26/46/coversum/8970132392_1.gif,국내도서>소설/시/희곡>프랑스소설
봄비 내리는 날,김한수,창작과비평사,대덕소프트웨어마이스터고등학교,EM00001964,813.6 김91ㅂ,1992년 출간한 이래 25년간 사랑받아온 김한수 첫 소설집 봄비 내리는 날이 전면개정되어 출간되었다. 저자가 문장을 일일이 매만져 더 밀도있는 작품으로 새로이 선보인다. 등단작 '성장'을 비롯하여 총 세편의 중편소설이 묶여 있다.,2017-11-17,https://image.aladin.co.kr/product/12303/31/coversum/893643750x_2.jpg,국내도서>소설/시/희곡>한국소설>2000년대 이전 한국소설
아홉살 인생,위기철,청년사,대덕소프트웨어마이스터고등학교,EM00002345,813.6 위18ㅇ,"아홉 살의 고단한 인생을 사는 주인공 백여민 눈을 통해 본, 지지리 가난했지만 함께 어울려 살았던 1960년대 산동네 사람들의 힘들면서도 가슴 따뜻한 이야기를 담은 책이다.",2020-05-06,https://image.aladin.co.kr/product/24012/19/coversum/k772639415_1.jpg,국내도서>소설/시/희곡>한국소설>2000년대 이전 한국소설
공중그네,오쿠다히데오,은행나무,대덕소프트웨어마이스터고등학교,EM00011709,833.6 오876ㄱ c.2,"131회 나오키상 수상작. 어딘가 수상해보이는 정신과 병원을 배경으로, 이라부 박사와 여러 환자들이 벌이는 요절복통 사건들이 그려진다. 크고 작은 강박증 하나쯤 지니고 살아가는 현대인들에게, 툭툭 털고 일어나 앞으로 나아가도록 용기를 주는 즐거운 작품.",2005-01-15,https://image.aladin.co.kr/product/53/67/coversum/895660102x_2.jpg,국내도서>소설/시/희곡>일본소설>1950년대 이후 일본소설
백야행 2,히가시노게이고,태동출판사,대덕소프트웨어마이스터고등학교,EM00010409,833.6 히12ㅂ v.2,"히가시노 게이고의 대표작 백야행이 김난주 번역으로 새롭게 출간됐다. 김난주 번역가의 매끄러운 번역으로 새롭게 탄생한 백야행은 섬세한 뉘앙스와 은밀한 복선, 시적인 암시 등 원작의 문학적 특징을 고스란히 살려냈다.",2016-04-06,https://image.aladin.co.kr/product/8080/21/coversum/8990982626_1.jpg,국내도서>소설/시/희곡>추리/미스터리소설>일본 추리/미스터리소설
안나 카레니나 하,톨스토이,범우사,대덕소프트웨어마이스터고등학교,EM00010465,892.83 톨57ㅇ v.하,"『가디언』 선정 역대 최고의 소설 100선. 러시아의 문학의 위대한 거장 레프 똘스또이의 장편소설 『안나 까레니나』가 이명현 교수의 번역으로 출간되었다. 똘스또이의 예술적 재능이 한창 절정기에 달했을 때 집필된 작품으로, 『전쟁과 평화』, 『부활』과 더불어 그의 3대 대표작 중 하나로 평가받는 소설이다.",2018-08-30,https://image.aladin.co.kr/product/16552/46/coversum/8932912378_2.jpg,국내도서>소설/시/희곡>러시아소설
꽃을 찾아서,박완서,창비사,대덕소프트웨어마이스터고등학교,EM00001794,813.6 박66ㄲ,,1986-10-01,https://image.aladin.co.kr/product/2/63/coversum/8936436414_1.jpg,국내도서>소설/시/희곡>한국소설>2000년대 이전 한국소설
원행,오세영,예담,대덕소프트웨어마이스터고등학교,EM00001802,813.6 오53ㅇ,"조선의 개혁을 추진하기 위해 수원화성 천도를 계획하는 정조. 그로 인해 기득권을 잃게 된 수구 세력과, 모든 사람이 똑같이 나누는 새로운 세상을 꿈꾸는 문인방. 이들은 8일간의 을묘원행을 중심으로 각자의 계획을 실행에 옮기고, 왕을 시해하려는 음모를 막고자 정약용은 어가 행렬을 뒤쫓아 수원화성으로 향하는데...",2022-05-04,https://image.aladin.co.kr/product/29423/59/coversum/k542837324_1.jpg,국내도서>소설/시/희곡>역사소설>한국 역사소설
뿌리 깊은 나무 1 1,이정명,밀리언하우스,대덕소프트웨어마이스터고등학교,EM00001812,813.6 이73ㅃ,한국 팩션에 새로운 획을 그었다는 평가를 받으며 한국 사회에 '뿌나' 열풍을 불러일으켰던 이정명 장편소설 뿌리 깊은 나무가 새로운 장정과 표지로 옷을 갈아입고 은행나무에서 출간되었다.,2015-09-01,https://image.aladin.co.kr/product/6600/0/coversum/8956609268_1.jpg,국내도서>소설/시/희곡>역사소설>한국 역사소설
해산바가지,박완서,문학동네,대덕소프트웨어마이스터고등학교,EM00001960,813.6 박66ㅂ,,1999-11-20,https://image.aladin.co.kr/product/21/21/coversum/8982812296_1.gif,국내도서>소설/시/희곡>한국소설>2000년대 이전 한국소설
계축일기 인현왕후전,전영진,홍신문화사,대덕소프트웨어마이스터고등학교,EM00002006,810.903 전64ㄱ,,1995-10-01,https://image.aladin.co.kr/product/0/96/coversum/8970551867_1.jpg,국내도서>소설/시/희곡>한국소설>2000년대 이후 한국소설
시지프의 신화,카뮈,홍신문화사,대덕소프트웨어마이스터고등학교,EM00002090,864 카37ㅅ,"카뮈가 첫 작품 이방인과 같은 해에 발표한 작품으로, 집필은 이방인보다 먼저 시작했다. 이 작품은 그의 문학적 기반이 되는 사상의 단초를 그리스 신화의 시시포스 이야기로 풀어 나간 철학 에세이로, 소설 이방인, 희곡 '칼리굴라'와 함께 '부조리 3부작'을 이룬다.",2016-06-17,https://image.aladin.co.kr/product/8607/44/coversum/8937463431_1.jpg,국내도서>에세이>외국에세이
못난 것도 힘이 된다 1,이상석,자인,대덕소프트웨어마이스터고등학교,EM00004141,818 이51ㅁ v.1 c.2,"<사랑으로 매긴 성적표>의 이상석이 쓴 성장 소설. 자연의 품에서 마음만은 넉넉하게 자란 어린시절, 꼴통이라 불리며 문제 학생으로 찬란하게 추락해가던 청소년 시절, 만화가 박재동과의 운명적인 만남, 군대에서의 온갖 해프닝, 선생님이 되기까지 도움을 주신 분들에 대해서 썼다.",2001-12-15,https://image.aladin.co.kr/product/30/84/coversum/8989276039_1.gif,국내도서>소설/시/희곡>한국소설>2000년대 이후 한국소설
도가니,공지영,창비,대덕소프트웨어마이스터고등학교,EM00019250,813.6 공78ㄷ c.5,2009년 출간된 이래 큰 파장을 일으키며 사회적 약자와 소수자에 대한 폭력 문제를 본격적으로 공론화했던 장편소설 도가니가 2017년 100쇄를 기념하여 새로운 장정으로 출간되었다. 이 소설은 출간 후 8년이 지난 현재까지도 독자들에게 꾸준히 사랑받고 있다.,2017-08-18,https://image.aladin.co.kr/product/11567/68/coversum/8936434276_1.jpg,국내도서>소설/시/희곡>한국소설>2000년대 이후 한국소설
신 6,베르나르 베르베르,열린책들,대덕소프트웨어마이스터고등학교,EM00010247,863.6 베297ㅅ v.6,"베르나르 베르베르가 9년에 걸쳐 준비한 소설. 총 3부작으로, 제1부 '우리는 신'(1, 2권), 제2부 '신들의 숨결'(3, 4권), 제3부 '신들의 신비(5, 6권)'로 구성되었다. 인류의 운명을 놓고 신 후보생들이 흥미진진한 게임을 펼치는 이야기로, 영혼의 진화에 관한 작가의 독특한 세계관이 신화와 역사 속에 녹아들어 있는 작품이다.",2009-07-05,https://image.aladin.co.kr/product/410/31/coversum/8932908834_1.jpg,국내도서>소설/시/희곡>프랑스소설
 사랑보다 지독하다 노서아 가비,김탁환,살림출판사,대덕소프트웨어마이스터고등학교,EM00010809,813.6 김882ㄴ c.2,"불멸의 이순신 나, 황진이의 작가 김탁환의 장편소설. 작가 김탁환은 평범한 역사적 사건에 불과했을 '고종독살 음모사건'에 상상력을 덧보태 경쾌한 사기꾼 이야기로 재탄생시켰다. 개화기 조선 최초의 바리스타를 둘러싼 미스터리와 반전에 반전을 거듭하는 유쾌한 사기극을 그린다. 주진모, 김소연 주연의 영화 [가비] 원작소설.",2009-07-06,https://image.aladin.co.kr/product/418/44/coversum/8952211960_1.jpg,국내도서>소설/시/희곡>한국소설>2000년대 이후 한국소설
내 이름은 빨강 2,오르한 파묵,민음사,대덕소프트웨어마이스터고등학교,EM00010886,839.4 파36ㄴ v.2,"터키 최초의 노벨 문학상 수상 작가 오르한 파묵의 대표작. 등장인물들이 번갈아 가며 화자로 등장해 자신의 이야기를 하면서 사건이 전개되어 가는 구성으로, 역사소설에서는 보기 드문 현대적 서사기법을 취하고 있다.",2019-10-28,https://image.aladin.co.kr/product/21424/51/coversum/893747980x_2.jpg,국내도서>소설/시/희곡>세계의 소설>중동/튀르키예소설
그녀의 눈물 사용법,천운영,창비,대덕소프트웨어마이스터고등학교,EM00010941,813.6 천66ㄱ,2000년 동아일보 신춘문예에 단편 '바늘'이 당선되어 등단한 이래 치열하고 아름다운 미학적 단편을 꾸준히 발표하며 한국소설의 수준을 한단계 끌어올린 작가 천운영의 세번째 소설집 <그녀의 눈물 사용법>이 출간되었다.,2008-01-30,https://image.aladin.co.kr/product/170/37/coversum/8936437038_1.jpg,국내도서>소설/시/희곡>한국소설>2000년대 이후 한국소설
파라다이스 1,베르나르 베르베르,열린책들,대덕소프트웨어마이스터고등학교,EM00010947,863 베297ㅍ v.1,"새로운 판형과 장정으로 재탄생한 베르나르 베르베르의 작품집. 작가의 상상력 속에서 탄생한 기상천외한 미래, 그리고 작가 자신의 실제 경험 속에서 나온 역설 가득한 과거의 이야기를 담은 단편집이다.",2024-10-20,https://image.aladin.co.kr/product/34968/30/coversum/8932924740_1.jpg,국내도서>소설/시/희곡>프랑스소설
로스트 심벌 2,댄 브라운,문학수첩,대덕소프트웨어마이스터고등학교,EM00011497,843 브292ㄹ v.2 c.3,"전 세계 8,000만 부라는 경이적인 판매 기록을 세운 초대형 베스트셀러 다빈치 코드의 저자 댄 브라운이 6년 만에 펴낸 신작. 상징과 암호로 둘러싸인 미국의 수도 워싱턴 D.C.를 중심으로 도시 곳곳에 숨겨진 비밀 결사조직 '프리메이슨'의 놀라운 비밀을 파헤치며 12시간의 숨 가쁜 모험이 펼쳐진다.",2009-12-01,https://image.aladin.co.kr/product/579/63/coversum/8983923393_1.jpg,국내도서>소설/시/희곡>추리/미스터리소설>영미 추리/미스터리소설
 조선의 마지막 황녀 덕혜옹주,권비영,다산책방(다산북스),대덕소프트웨어마이스터고등학교,EM00011023,813.6 권48ㄷ,"가장 고귀한 신분으로 태어났지만 가장 외롭게 생을 마감했던 덕혜옹주에 관한 소설이다. 작가는 덕혜옹주뿐 아니라 망국의 시대를 견뎌야 했던 모든 이들 ― 황제와 황족들, 청년들, 여자들과 아이들 ― 의 울분과 고통을 생생하게 되살리려고 노력했다.",2015-10-20,https://image.aladin.co.kr/product/8736/61/coversum/k332535487_1.jpg,국내도서>소설/시/희곡>역사소설>한국 역사소설
풀밭 위의 식사,전경린,문학동네,대덕소프트웨어마이스터고등학교,EM00011035,813.6 전14ㅍ,"내 생에 꼭 하루뿐일 특별한 날의 작가 전경린의 장편. 전작 엄마의 집에서 엄마와 딸의 이야기를 따스한 시선으로 담아냈던 전경린이 풀밭 위의 식사에서 다시, '사랑'을 말한다. 소설은 그 시작부터 이미 깨어질 것을 알았지만, 그 예고된 위험마저 받아들인 그 여자, 누경에게서부터 시작된다. 그리고 여자를 바라보는 한 남자가 있다.",2010-01-28,https://image.aladin.co.kr/product/627/25/coversum/8954609996_1.jpg,국내도서>소설/시/희곡>한국소설>2000년대 이후 한국소설
천재토끼 차상문,김남일,문학동네,대덕소프트웨어마이스터고등학교,EM00011170,813.6 김192ㅊ,인간이나 토끼로 태어난 차상문을 통해  “인간이…… 과연 진화의 종착지일까?” 라는 질문을 생각해볼 수 있는 김남일 작가의 신작이다. 혹여 어떻게 토끼인간이…… 라며 허구성에 문제를 제기할 자 있다면 김남일 그만의 독특한 유머를 무기로 적당히 무겁고 또한 적당히 가볍게 웃고 울리겠다고 호언장담한다.,2010-01-15,https://image.aladin.co.kr/product/617/69/coversum/8954609589_1.jpg,국내도서>소설/시/희곡>한국소설>2000년대 이후 한국소설
나를 위해 웃다,정한아,문학동네,대덕소프트웨어마이스터고등학교,EM00011204,813.6 정92ㄴ,"장편소설 <달의 바다>로 제12회 문학동네작가상을 수상한 정한아의 첫 소설집. 문학동네작가상 수상 후 이 년이 채 안 되는 기간 동안 발표해온 총 여덟 편의 소설들은 데뷔작 <달의 바다>에서 보여주었던 '삶에 대한 긍정'의 자세를 잃지 않으면서도, 한결 더 깊은 시선으로 우리의 삶을, 사람 사이의 관계를 더듬어간다.",2009-04-22,https://image.aladin.co.kr/product/363/42/coversum/8954607977_2.jpg,국내도서>소설/시/희곡>한국소설>2000년대 이후 한국소설
도시는 무엇으로 이루어지는가,박성원,문학동네,대덕소프트웨어마이스터고등학교,EM00011205,813.6 박54ㄷ,"<우리는 달려간다>, <나를 훔쳐라>의 작가 박성원의 네 번째 소설집. 사실과 허구의 경계가 무너지는 현상을 고도로 계산된 서사와 이미지들의 배치를 통해 작가 특유의 독특한 작품세계를 더욱 단단히 구축하며, 철학적 사유와 시간론, 그것에 염세주의적 블랙유머가 절묘하게 아우러져 한층 다채롭고 폭넓은 이야기를 선보인다.",2009-05-08,https://image.aladin.co.kr/product/370/90/coversum/8954608051_1.jpg,국내도서>소설/시/희곡>한국소설>2000년대 이후 한국소설
속물도감 1,츠츠이야스타카,북스토리,대덕소프트웨어마이스터고등학교,EM00011248,833.6 츠85ㅅ v.1,"시간을 달리는 소녀의 작가 츠츠이 야스타카의 장편소설. 소설은 세상의 모든 '속물'들을 위한 이른바 '속물 찬가'다. 거짓말을 일삼는 평론가 집단, 유치하고 위선적인 지식인들, 선정적이고 자극적인 보도만을 내보내는 매스컴의 세태, 나아가 그런 말초적인 매스컴의 보도를 쫓아가는 무지한 대중에 대한 풍자로 가득한 소설이다.",2010-03-10,https://image.aladin.co.kr/product/651/12/coversum/8993480427_1.jpg,국내도서>소설/시/희곡>일본소설>1950년대 이후 일본소설
게으름을 죽여라,구경미,문학동네,대덕소프트웨어마이스터고등학교,EM00011259,813.6 구14ㄱ,"노는 인간, 미안해, 벤자민의 작가 구경미의 두번째 소설집. 이번 소설집에서 작가는 우리가 살아가는 지금 이곳의 사회적 현실을 아무런 과장 없이 있는 그대로 응시한다. 그리고 그 속에서 살아가는 백수들, 그리고 백수와 다를 바 없는 무력감과 패배감 속에서 하루하루를 버텨나가는 사람들의 이야기를 풀어놓는다.",2009-10-19,https://image.aladin.co.kr/product/476/72/coversum/8954609384_1.jpg,국내도서>소설/시/희곡>한국소설>2000년대 이후 한국소설
신이 찾은 아이들,존 불 다우,미디어윌,대덕소프트웨어마이스터고등학교,EM00011280,848 다66ㅅ,"딩카족 소년, ‘존 불 다우’의 일대기를 그린 책. 내전으로 폐허가 된 수단에서 한 소년이 전쟁을 피해 시작한 여정을 통해 희망을 노래하고 있다. 100% 실화로 한 소년이 고향 마을인 둑 빠유엘을 떠나오던 열세 살 때부터 다시 방문하기까지, 19년간의 삶의 기록이다. 2006년에 브래드 피트가 제작하고 니콜 키드먼 내레이션의 영화로 제작되어 ‘선댄스 영화제’ 심사위원 대상과 관객상을 수상하기도 했다.
",2008-05-05,https://image.aladin.co.kr/product/211/2/coversum/8990784727_1.jpg,국내도서>소설/시/희곡>영미소설
박사가 사랑한 수식,오가와 요코,현대문학,대덕소프트웨어마이스터고등학교,IT00010605,833.6 오11ㅂ c.9,"아쿠타가와상 수상 작가 오가와 요코의 대표작. 2004년 제1회 일본서점대상과 제55회 요미우리문학상을 수상하며 전 일본을 휩쓸고, 한국에서도 입소문을 타며 꾸준히 판매된 스테디셀러가 새로운 번역과 '박사'의 모델인 수학자 후지와라 마사히코의 해설이 추가된 개정판으로 독자에게 다가간다.",2014-08-14,https://image.aladin.co.kr/product/4468/20/coversum/897275708x_1.jpg,국내도서>소설/시/희곡>일본소설>1950년대 이후 일본소설
박사가 사랑한 수식,오가와 요코,현대문학,대덕소프트웨어마이스터고등학교,IT00010606,833.6 오11ㅂ c.10,"아쿠타가와상 수상 작가 오가와 요코의 대표작. 2004년 제1회 일본서점대상과 제55회 요미우리문학상을 수상하며 전 일본을 휩쓸고, 한국에서도 입소문을 타며 꾸준히 판매된 스테디셀러가 새로운 번역과 '박사'의 모델인 수학자 후지와라 마사히코의 해설이 추가된 개정판으로 독자에게 다가간다.",2014-08-14,https://image.aladin.co.kr/product/4468/20/coversum/897275708x_1.jpg,국내도서>소설/시/희곡>일본소설>1950년대 이후 일본소설
우리가 빛의 속도로 갈 수 없다면,김초엽,허블,대덕소프트웨어마이스터고등학교,IT00010736,813.7 김84ㅇ,"2017년 '관내분실'과 '우리가 빛의 속도로 갈 수 없다면'으로 제2회 한국과학문학상 중단편 대상과 가작을 수상하며 작품 활동을 시작한 김초엽 작품집. '순례자들은 왜 돌아오지 않는가', '스펙트럼', '공생가설', '우리가 빛의 속도로 갈 수 없다면', '감정의 물성', '관내분실', '나의 우주 영웅에 관하여'가 수록되었다.",2019-06-24,https://image.aladin.co.kr/product/19359/16/coversum/s722039767_1.jpg,국내도서>소설/시/희곡>과학소설(SF)>한국 과학소설
옆집 여자,하성란,창작과비평사,대덕소프트웨어마이스터고등학교,EM00011365,813.6 하54ㅇ,"1999년 동인문학상을 수상한 하성란의 두번째 소설집. 이번 작품집에서는 도시의 단자화된 삶에 대한 깊어진 성찰과 따뜻해진 시선을 던지고 있다. 도시적인 정서와 영상 이미지를 특징으로 하는 '신세대 문학'의 여러 긍정적인 면을 공유하면서, 따스한 삶에 대한 연민과 소설에서의 감동을 보여준다.",1999-12-15,https://image.aladin.co.kr/product/21/55/coversum/8936436562_1.jpg,국내도서>소설/시/희곡>한국소설>2000년대 이전 한국소설
불멸 2,이문열,민음사,대덕소프트웨어마이스터고등학교,EM00010950,813.6 이36ㅂ v.2,"의사 안중근의 일대기를 그린 이문열 작가의 소설 불멸을 어린이도 쉽고 재미있게 읽을 수 있도록 흥미진진한 만화로 펴냈다. 천하제일 명사수, 홍의장군으로 활약하던 소년시절부터 조선독립을 위한 무장투쟁에 나서게 된 청년의 시절까지. 어린이들은 역동적인 그림 속에 펼쳐지는 안중근 의사의 삶을 보며, 옳은 일에 앞장서는 그 정의로움과 꺾이지 않는 의지를 스스로 배울 수 있을 것이다.",2010-07-19,https://image.aladin.co.kr/product/740/59/coversum/893788044x_1.jpg,국내도서>어린이>초등3~4학년>문화/예술/인물
로스트 심벌 1,댄 브라운,문학수첩,대덕소프트웨어마이스터고등학교,EM00010956,843 브292ㄹ v.1,"전 세계 8,000만 부라는 경이적인 판매 기록을 세운 초대형 베스트셀러 다빈치 코드의 저자 댄 브라운이 6년 만에 펴낸 신작. 상징과 암호로 둘러싸인 미국의 수도 워싱턴 D.C.를 중심으로 도시 곳곳에 숨겨진 비밀 결사조직 '프리메이슨'의 놀라운 비밀을 파헤치며 12시간의 숨 가쁜 모험이 펼쳐진다.",2009-12-01,https://image.aladin.co.kr/product/579/63/coversum/8983923385_1.jpg,국내도서>소설/시/희곡>추리/미스터리소설>영미 추리/미스터리소설
뱃놀이하는 사람들의 점심,수잔 브릴랜드,강,대덕소프트웨어마이스터고등학교,EM00010969,843 브298ㅂ,"강이 내려다보이는 카페테라스에 모인 열네 명의 인물들과 풍성하게 차려진 식탁, 서로에 대한 호기심과 유쾌한 대화가 오가는 듯한, 조금은 들뜬 분위기로 출렁이는 생기 넘치는 분위기. 개성적인 인물의 실재감과 절묘한 화면 구성으로 일상의 행복한 순간을 그려낸 그림  뱃놀이하는 사람들의 점심은 프랑스 인상주의 화가 피에르 오귀스트 르누아르(1841~1919)의 작품 중에서도 백미로 꼽히는 대작이다.",2008-08-05,https://image.aladin.co.kr/product/239/41/coversum/8982181180_1.jpg,국내도서>소설/시/희곡>영미소설
할 말이 많아요,존 마스든,솔,대덕소프트웨어마이스터고등학교,EM00011004,843 마57ㅎ,,1999-12-20,https://image.aladin.co.kr/product/21/55/coversum/8988829069_1.jpg,국내도서>소설/시/희곡>영미소설
 조선의 마지막 황녀 덕혜옹주,권비영,다산책방(다산북스),대덕소프트웨어마이스터고등학교,EM00017901,813.6 권48ㄷ c.4,"가장 고귀한 신분으로 태어났지만 가장 외롭게 생을 마감했던 덕혜옹주에 관한 소설이다. 작가는 덕혜옹주뿐 아니라 망국의 시대를 견뎌야 했던 모든 이들 ― 황제와 황족들, 청년들, 여자들과 아이들 ― 의 울분과 고통을 생생하게 되살리려고 노력했다.",2015-10-20,https://image.aladin.co.kr/product/8736/61/coversum/k332535487_1.jpg,국내도서>소설/시/희곡>역사소설>한국 역사소설
디어존,니콜라스 스파크스,문학수첩,대덕소프트웨어마이스터고등학교,EM00011036,843 스892ㄷ,"노트북 병 속에 담긴 편지 워크 투 리멤버의 작가 니콜라스 스파크스의 장편소설. 휴가를 나온 군인 존 타이리와 대학생 사바나의 2주간의 찬란한 사랑이 빚어낸 7년간의 기다림과 열망을 그린 작품이다. 9.11 테러라는 비극적인 시대의 그림자를 배경으로, 운명처럼 끌리게 된 두 연인의 사랑 이야기이다.",2010-03-11,https://image.aladin.co.kr/product/637/45/coversum/898392344x_2.jpg,국내도서>소설/시/희곡>영미소설
천년의 침묵,이선영,김영사,대덕소프트웨어마이스터고등학교,EM00011066,813.6 이54ㅊ,"1억 원 고료 제3회 대한민국 뉴웨이브문학상 수상작. 천 년의 침묵은 2,500년 전 고대 그리스를 배경으로 역사적 사실에 얽힌 슬픈 진실과 숫자를 사랑한 사람들의 잇따른 죽음을 파헤친 역사추리소설이다. 독특한 소재와 놀라운 상상력으로 복거일, 김성곤, 구효서, 권지예, 김미현, 김탁환 심사위원단들이 만장일치로 선정한 작품이다.",2010-01-27,https://image.aladin.co.kr/product/613/58/coversum/8934937076_2.jpg,국내도서>소설/시/희곡>추리/미스터리소설>한국 추리/미스터리소설
남촌 공생원 마나님의 280일,김진규,문학동네,대덕소프트웨어마이스터고등학교,EM00011166,813.6 김78ㄴ,"달을 먹다로 제13회 문학동네소설상을 수상하면서 데뷔한 작가 김진규의 장편소설. 조선 성종대의 한성부 명례방을 배경으로 개성 만점의 다양한 캐릭터들이 벌이는 여러 사건들을 풍자와 해학이 넘치는 문장으로 경쾌하게 풀어냈다. 달을 먹다가 양반과 부유한 중인 계층의 이야기라면, 이번 소설은 서민들의 이야기다.",2009-09-16,https://image.aladin.co.kr/product/461/37/coversum/8954608841_1.jpg,국내도서>소설/시/희곡>한국소설>2000년대 이후 한국소설
풀이 눕는다,김사과,문학동네,대덕소프트웨어마이스터고등학교,EM00011183,813.6 김52ㅍ,"독특한 개성의 젊은 작가 김사과가 첫 번째 장편 미나에 이어 두 번째 장편을 선보인다. 풀이 눕는다는 한 젊은 예술가의 정신적인 성장기이다. 어디에도 무엇에도 누구에도 적응하지 못한 실패한 소설가인 나는 하루 종일 내키는 대로 걸어다닐 뿐이다. 그러던 어느 날, 나는 앞서 걸어가는 그의 등을 우연히 발견하고 그를 쫓아간다.",2017-08-15,https://image.aladin.co.kr/product/11548/6/coversum/8954646565_1.jpg,국내도서>소설/시/희곡>한국소설>2000년대 이후 한국소설
피리부는 사나이,김기홍,문학동네,대덕소프트웨어마이스터고등학교,EM00011201,813.6 김18ㅍ,"2009년 제15회 문학동네소설상 수상작으로, 정체 모를 남자의 피리 소리를 따라 진실을 찾아가는 김기홍의 성장소설이다. 엇갈리는 청춘의 사랑, 컴컴하고 단단한 알에서 깨어나게 하는 진하고 운명적인 우정을 그린다. 여기에 연쇄실종사건과 테러라는 장르적 감각이 덧입혀지면서 소설은 하나로 규정할 수 없는 독특한 스타일을 구축한다.",2009-12-22,https://image.aladin.co.kr/product/603/27/coversum/8954609783_1.jpg,국내도서>소설/시/희곡>한국소설>2000년대 이후 한국소설
 형 남자친구,노희준,문학동네,대덕소프트웨어마이스터고등학교,EM00011260,813.6 노97ㅇ,"너는 감염되었다 킬러리스트의 작가 노희준의 두 번째 소설집. 2005년부터 최근까지 발표한 여덟 편의 단편이 실려 있는 이 소설집에서, 노희준 작가는 지금 우리가 살아내고 있는 현실의 병폐들에 주목한다. 이전부터 보여왔던 작가의 문제의식은 여전히 빛을 발하면서도 그 발걸음은 전작들보다 더 가볍고 경쾌해졌다.",2009-08-20,https://image.aladin.co.kr/product/443/98/coversum/8954608744_1.jpg,국내도서>소설/시/희곡>한국소설>2000년대 이후 한국소설
사라진 편지,류지용,동아일보사,대덕소프트웨어마이스터고등학교,EM00011270,813.6 류78ㅅ,"제42회 「여성동아」 장편소설 공모 당선작. 세도가 집안의 종부, 불행했던 결혼생활, 두 아이를 일찍 여읜 슬픔을 겪은 허난설헌. 시 하나로 이 모든 고난을 초월한 천재 시인 허난설헌의 이야기이다. 아름다운 시 뒤에 감춰진 허난설헌의 드라마틱한 삶과 꿈을 소설로 옮겼다.",2010-02-26,https://image.aladin.co.kr/product/647/51/coversum/8970907793_1.jpg,국내도서>소설/시/희곡>역사소설>한국 역사소설
박사가 사랑한 수식,오가와 요코,현대문학,대덕소프트웨어마이스터고등학교,IT00010601,833.6 오11ㅂ c.5,"아쿠타가와상 수상 작가 오가와 요코의 대표작. 2004년 제1회 일본서점대상과 제55회 요미우리문학상을 수상하며 전 일본을 휩쓸고, 한국에서도 입소문을 타며 꾸준히 판매된 스테디셀러가 새로운 번역과 '박사'의 모델인 수학자 후지와라 마사히코의 해설이 추가된 개정판으로 독자에게 다가간다.",2014-08-14,https://image.aladin.co.kr/product/4468/20/coversum/897275708x_1.jpg,국내도서>소설/시/희곡>일본소설>1950년대 이후 일본소설
박사가 사랑한 수식,오가와 요코,현대문학,대덕소프트웨어마이스터고등학교,IT00010603,833.6 오11ㅂ c.7,"아쿠타가와상 수상 작가 오가와 요코의 대표작. 2004년 제1회 일본서점대상과 제55회 요미우리문학상을 수상하며 전 일본을 휩쓸고, 한국에서도 입소문을 타며 꾸준히 판매된 스테디셀러가 새로운 번역과 '박사'의 모델인 수학자 후지와라 마사히코의 해설이 추가된 개정판으로 독자에게 다가간다.",2014-08-14,https://image.aladin.co.kr/product/4468/20/coversum/897275708x_1.jpg,국내도서>소설/시/희곡>일본소설>1950년대 이후 일본소설
폭풍이 지나가던 그날들   해와 달과 별의 노래,월명,희망꽃,대덕소프트웨어마이스터고등학교,IT00006425,813.7 월34ㅍ,,,,
1 84 1  4  6 ,무라카미하루키,문학동네,대덕소프트웨어마이스터고등학교,EM00011389,833.6 무292ㅇ v.1,"전세계 독자가 손꼽아 기다려온 무라카미 하루키 5년 만의 신작 장편소설. 압도적인 이야기의 강렬함, 읽기를 멈출 수 없는 놀라운 흡인력, 이전 작품을 모두 끌어안으면서도 확연한 한 획을 긋는 무라카미 하루키 문학의 결정판.",2009-08-25,https://image.aladin.co.kr/product/434/24/coversum/8954608647_3.jpg,국내도서>소설/시/희곡>일본소설>1950년대 이후 일본소설
로스트 심벌 1,댄 브라운,문학수첩,대덕소프트웨어마이스터고등학교,EM00011498,843 브292ㄹ v.1 c.3,"전 세계 8,000만 부라는 경이적인 판매 기록을 세운 초대형 베스트셀러 다빈치 코드의 저자 댄 브라운이 6년 만에 펴낸 신작. 상징과 암호로 둘러싸인 미국의 수도 워싱턴 D.C.를 중심으로 도시 곳곳에 숨겨진 비밀 결사조직 '프리메이슨'의 놀라운 비밀을 파헤치며 12시간의 숨 가쁜 모험이 펼쳐진다.",2009-12-01,https://image.aladin.co.kr/product/579/63/coversum/8983923385_1.jpg,국내도서>소설/시/희곡>추리/미스터리소설>영미 추리/미스터리소설
로스트 심벌 2,댄 브라운,문학수첩,대덕소프트웨어마이스터고등학교,EM00010958,843 브292ㄹ v.2,"전 세계 8,000만 부라는 경이적인 판매 기록을 세운 초대형 베스트셀러 다빈치 코드의 저자 댄 브라운이 6년 만에 펴낸 신작. 상징과 암호로 둘러싸인 미국의 수도 워싱턴 D.C.를 중심으로 도시 곳곳에 숨겨진 비밀 결사조직 '프리메이슨'의 놀라운 비밀을 파헤치며 12시간의 숨 가쁜 모험이 펼쳐진다.",2009-12-01,https://image.aladin.co.kr/product/579/63/coversum/8983923393_1.jpg,국내도서>소설/시/희곡>추리/미스터리소설>영미 추리/미스터리소설
올림픽의 몸값 1,오쿠다히데오,은행나무,대덕소프트웨어마이스터고등학교,EM00011019,833.6 오876ㅇ v.1,"공중그네, 남쪽으로 튀어, 면장 선거의 작가 오쿠다 히데오가 3년 만에 선보이는 장편소설. 올림픽을 인질로 삼은 당돌한 주인공과 철저한 리얼리티, 세밀하게 짜여 있는 거대한 스케일의 스토리를 통해, 생생한 현장감, 긴장감, 흡인력은 물론, 작가가 세상을 바라보는 눈이나 인간에 대해 갖는 애정 어린 시선 등을 느낄 수 있다.",2010-02-03,https://image.aladin.co.kr/product/615/7/coversum/8956603316_3.jpg,국내도서>소설/시/희곡>일본소설>1950년대 이후 일본소설
4월의 물고기,권지예,자음과모음,대덕소프트웨어마이스터고등학교,EM00011113,813.6 권78ㅅ,"'뱀장어 스튜'로 이상문학상 대상을 수상하고, 동인문학상의 영광까지 거머쥐었던 작가 권지예의 장편소설. 이 작품은 장르문학과 순수문학의 경계를 아우르며, 권지예 작가만의 부드럽고 감성적인 문체로 인간의 본성과 사랑의 내면에 엉킨 실타래처럼 숨겨져 있는 선과 악을 조심스럽게 들춰내고 있다.",2010-01-12,https://image.aladin.co.kr/product/614/83/coversum/8957074791_1.jpg,국내도서>소설/시/희곡>한국소설>2000년대 이후 한국소설
가을 여자,오정희,랜덤하우스코리아,대덕소프트웨어마이스터고등학교,EM00011119,813.6 오74ㄱ,"불의 강, 유년의 뜰의 작가 오정희의 소설집. 데뷔 초기부터 지금까지 다양한 방법으로 발표한 작품들을 추리고, 발표된 적 없는 가장 최근의 작품들도 함께 실었다. 데뷔 후 41년간의 인생 여정이 고스란히 담겨 있는 셈이다. 일상의 소소하면서도 번쩍하는 순간들을 콩트 형식으로 가볍고 깊게 풀어냈다.",2009-09-29,https://image.aladin.co.kr/product/469/14/coversum/8925534231_1.jpg,국내도서>소설/시/희곡>한국소설>2000년대 이후 한국소설
장미나무 식기장,이현수,문학동네,대덕소프트웨어마이스터고등학교,EM00011169,813.6 이94ㅈ,"<신 기생뎐>의 작가 이현수의 두 번째 소설집. 호주제, 부동산 투기, 기러기 아빠, 종갓집 종부, 이웃과의 소통 부재 등 우리 사회가 품고 있는 다양한 문제를 인물들의 삶 속에 담아냈다. 그러면서도 인물들 개개인의 삶 자체를 들여다보는 데 소홀하지 않는다. 그중에서도 유난히 빛을 발하는 존재는 '어머니'들이다.",2009-06-25,https://image.aladin.co.kr/product/416/6/coversum/895460840x_1.jpg,국내도서>소설/시/희곡>한국소설>2000년대 이후 한국소설
나는 당신의 비밀,김록,열림원,대덕소프트웨어마이스터고등학교,EM00011188,813.6 김295ㄴ,"시집 광기의 다이아몬드, 총체성, 장편소설 악담을 펴낸 김록의 두 번째 장편소설. 소설은 어떤 '나'와 어떤 '당신'에 대한 이야기들로 가득 차 있다. '나'가 누구인지, '당신'이 누구인지 알 수 없는 속에서 이야기 하나하나 퍼즐을 맞추듯 풀어나가야 하는 작품이다.",2010-02-22,https://image.aladin.co.kr/product/646/72/coversum/8970636498_1.jpg,국내도서>소설/시/희곡>한국소설>2000년대 이후 한국소설
아무도 편지하지 않다,장은진,문학동네,대덕소프트웨어마이스터고등학교,EM00011192,813.6 장67ㅇ,"2004년 중앙신인문학상을 수상하며 등단한 장은진 작가의 장편소설로, 제14회 문학동네작가상 수상작이다. 소설은 눈먼 개와 모텔을 전전하는 남자 주인공의 이야기를 중심으로 고독한 삶에 대한 묘한 아픔과 추억 속 한 켠의 슬픔을 따뜻하고 정감어린 작가만의 문체로 어루만지고 있다.",2009-09-28,https://image.aladin.co.kr/product/465/79/coversum/8954609007_3.jpg,국내도서>소설/시/희곡>한국소설>2000년대 이후 한국소설
17세 밍쯔,차오원쉬엔,은행나무,대덕소프트웨어마이스터고등학교,EM00011212,823.7 차65ㅅ,<바다소> <빨간 기와>의 작가 차오원쉬엔의 장편소설. 제3회 쑹칭링 문학상 금상 수상작이다. 너무 일찍 세상으로 내몰린 아이들의 성장기를 그린 소설이다. 어른들에게 상처를 받지만 이루고 싶은 꿈과 그 꿈을 함께할 친구가 있어 행복한 밍쯔. 거칠지만 진실한 아이들의 좌충우돌 성장 이야기를 담고 있다.,2009-06-10,https://image.aladin.co.kr/product/404/75/coversum/8956603006_1.jpg,국내도서>소설/시/희곡>중국소설
외국어를 공부하는 시간,오현종,문학동네,대덕소프트웨어마이스터고등학교,EM00011224,813.6 오94ㅇ,"<본드걸 미미양의 모험>의 작가 오현종의 성장소설. 외국어고등학교에서 학창시절을 보내는 지극히 평범한 주인공의 시선으로 그려내는, 지나고 보면 아름다웠다고 회상하지만 정작 그 시기를 직접 겪어내는 이들은 비틀비틀 우왕좌왕 힘겹게 통과해가는 열병 같은 한 시절에 관한 이야기이다.",2009-06-30,https://image.aladin.co.kr/product/419/8/coversum/8954608426_1.jpg,국내도서>소설/시/희곡>한국소설>2000년대 이후 한국소설
 조선의 여성상인 김만덕,윤수민,창해,대덕소프트웨어마이스터고등학교,EM00011269,813.6 윤56ㄱ,"1739년에 양인으로 태어나 관기가 되었으나 관기에서 거상으로, 거상에서 자선가로 변모한 김만덕의 일생을 다룬 소설이다. 김만덕은 조선 중엽, 한양도 아닌 당시 유배지로 여길 만큼 먼 땅이었던 제주에서 여성 상인으로 활약했으며, 이에 그치지 않고 자신의 전 재산을 굶어죽어 가는 제주 기민들을 위해 바쳤다.",2009-03-30,https://image.aladin.co.kr/product/352/72/coversum/8979199155_2.jpg,국내도서>소설/시/희곡>한국소설>2000년대 이후 한국소설
석양을 등에 지고 그림자를 밟다,김인숙,현대문학,대덕소프트웨어마이스터고등학교,EM00011334,813.6 김68ㅅ,"현대문학 창간 55주년 기념 소설집 석양을 등에 지고 그림자를 밟다. 박완서, 이동하, 윤후명, 김채원, 양귀자, 최수철, 김인숙, 박성원, 조경란, 이상 9명의 작가가 풀어놓은 그들의 삶과 사랑, 진솔한 자신들의 이야기를 한데 묶었다.",2010-02-19,https://image.aladin.co.kr/product/637/72/coversum/8972754579_2.jpg,국내도서>소설/시/희곡>한국소설>2000년대 이후 한국소설
박사가 사랑한 수식,오가와 요코,현대문학,대덕소프트웨어마이스터고등학교,IT00010597,833.6 오11ㅂ,"아쿠타가와상 수상 작가 오가와 요코의 대표작. 2004년 제1회 일본서점대상과 제55회 요미우리문학상을 수상하며 전 일본을 휩쓸고, 한국에서도 입소문을 타며 꾸준히 판매된 스테디셀러가 새로운 번역과 '박사'의 모델인 수학자 후지와라 마사히코의 해설이 추가된 개정판으로 독자에게 다가간다.",2014-08-14,https://image.aladin.co.kr/product/4468/20/coversum/897275708x_1.jpg,국내도서>소설/시/희곡>일본소설>1950년대 이후 일본소설
박사가 사랑한 수식,오가와 요코,현대문학,대덕소프트웨어마이스터고등학교,IT00010599,833.6 오11ㅂ c.3,"아쿠타가와상 수상 작가 오가와 요코의 대표작. 2004년 제1회 일본서점대상과 제55회 요미우리문학상을 수상하며 전 일본을 휩쓸고, 한국에서도 입소문을 타며 꾸준히 판매된 스테디셀러가 새로운 번역과 '박사'의 모델인 수학자 후지와라 마사히코의 해설이 추가된 개정판으로 독자에게 다가간다.",2014-08-14,https://image.aladin.co.kr/product/4468/20/coversum/897275708x_1.jpg,국내도서>소설/시/희곡>일본소설>1950년대 이후 일본소설
1 84 2  7  9 ,무라카미하루키,문학동네,대덕소프트웨어마이스터고등학교,EM00011390,833.6 무292ㅇ v.2,"전세계 독자가 손꼽아 기다려온 무라카미 하루키 5년 만의 신작 장편소설. 압도적인 이야기의 강렬함, 읽기를 멈출 수 없는 놀라운 흡인력, 이전 작품을 모두 끌어안으면서도 확연한 한 획을 긋는 무라카미 하루키 문학의 결정판.",2009-09-08,https://image.aladin.co.kr/product/434/24/coversum/8954608655_2.jpg,국내도서>소설/시/희곡>일본소설>1950년대 이후 일본소설
내 생애 꼭 하루뿐인 특별한 날,전경린,문학동네,대덕소프트웨어마이스터고등학교,EM00006196,813.6 전14ㄴ,"일상의 평범한 속에 내재된 욕망, 관습과 제도를 거부하는 불온함의 내면풍경을 섬뜩하게 포착하여 90년대를 대표하는 여성작가로 떠오른 전경린의 두번째 장편소설. 이 작품은 작가가 1998년 동아일보에 연재했던 '구름모자 벗기 게임'을 크게 손질한 것이다.",1999-08-06,https://image.aladin.co.kr/product/20/10/coversum/8982812059_1.gif,국내도서>소설/시/희곡>한국소설>2000년대 이전 한국소설
노르웨이의 숲,무라카미하루키,민음사,대덕소프트웨어마이스터고등학교,IT00009880,833.6 무292ㄴ c.5,"페이지를 처음 펼치는 오늘의 젊음들에게, 그리고 오랜 기억 속에 책의 한 구절을 간직하고 있는 어제의 젊음들에게, 한결같은 울림으로 예민하고 섬세한 청춘의 감성을 전하며 영원한 필독서로 사랑받고 있는 무라카미 하루키의 대표작이다.",2017-08-07,https://image.aladin.co.kr/product/11561/49/coversum/8937434482_1.jpg,국내도서>소설/시/희곡>일본소설>1950년대 이후 일본소설
공주의남자 2  조선판 로미오와 줄리엣,김종민,페이퍼스토리,대덕소프트웨어마이스터고등학교,EM00019552,810 김75공 v.2 c.3,,,,
독도왜란 1,김경진,들녘,대덕소프트웨어마이스터고등학교,EM00009934,813.6 김14ㄷ v.1,201X년 8월 15일 한국과 일본이 독도 앞 바다에서 격돌하는 상황을 긴박하게 다룬 소설. 철저한 고증과 역사의식을 바탕으로 독도영유권 문제와 한일 양국의 해상전쟁을 리얼하게 시뮬레이션한 전쟁소설이다. 작가는 최악을 가정하지 않으면 한일 양국이 전쟁을 벌이지 않는다는 전제 하에서 줄거리를 풀어나간다.,2008-09-22,https://image.aladin.co.kr/product/257/63/coversum/8975278174_2.jpg,국내도서>소설/시/희곡>한국소설>2000년대 이후 한국소설
독도왜란 2,김경진,들녘,대덕소프트웨어마이스터고등학교,EM00009944,813.6 김14ㄷ v.2,201X년 8월 15일 한국과 일본이 독도 앞 바다에서 격돌하는 상황을 긴박하게 다룬 소설. 철저한 고증과 역사의식을 바탕으로 독도영유권 문제와 한일 양국의 해상전쟁을 리얼하게 시뮬레이션한 전쟁소설이다. 작가는 최악을 가정하지 않으면 한일 양국이 전쟁을 벌이지 않는다는 전제 하에서 줄거리를 풀어나간다.,2008-09-22,https://image.aladin.co.kr/product/257/63/coversum/8975278182_2.jpg,국내도서>소설/시/희곡>한국소설>2000년대 이후 한국소설
트와일라잇,스테프니 메이어,북폴리오(대한교과서),대덕소프트웨어마이스터고등학교,EM00011691,843 메68ㅌ c.2,"<트와일라잇> <뉴문> <이클립스>에 이은 나의 뱀파이어 연인 '트와일라잇' 시리즈 4부로, 마지막 이야기다. '트와일라잇' 시리즈는 인간이 뱀파이어와 사랑에 빠진다는 설정의 러브스토리로, 미국에서만 500만부 이상 판매된 세계적인 베스트셀러. 영화판은 2008년 12월부터 시작해, 시리즈 전 편이 차례로 한 편씩 개봉된다.",2009-06-15,https://image.aladin.co.kr/product/409/25/coversum/8937832542_3.jpg,국내도서>소설/시/희곡>판타지/환상문학>외국판타지/환상소설
김약국의 딸들,박경리,나남,대덕소프트웨어마이스터고등학교,EM00006120,813.6 박14ㄱ c.2,한말부터 일제강점기까지 아우르며 격변하는 시대 속 한민족의 삶을 생생하게 그려낸 대하소설 『토지』. 한국 문학사에 다시없을 걸작을 남긴 작가 박경리의 장편소설이 다산책방에서 새롭게 출간된다.,2023-04-27,https://image.aladin.co.kr/product/31568/53/coversum/k952832652_1.jpg,국내도서>소설/시/희곡>한국소설>2000년대 이전 한국소설
호두까기 인형과 생쥐 왕,에른스트 테오도어 아마데우스 호프만,교보문고,대덕소프트웨어마이스터고등학교,IT00009027,853 정64ㅎ,교보클래식 1권. 독일 낭만주의 대표작가 호프만의 환상과 괴기가 어우러진 동화. 차이콥스키의 [호두까기 인형]의 원작은 18~19세기에 활동한 독일 작가 에른스트 테오도어 아마데우스 호프만이 쓴 호두까기 인형과 생쥐 왕이다.,2018-12-10,https://image.aladin.co.kr/product/17632/1/coversum/k992534218_1.jpg,국내도서>소설/시/희곡>독일소설
크리스마스 건너뛰기,존 그리샴,북＠북스,대덕소프트웨어마이스터고등학교,IT00009043,843.6 그299ㅋ,"그는 올 한해, 크리스마스를 둘러싼 모든 소동을 건너뛰기로 결심한다. 크리스마스 카드도 없고, 파티도 없고, 선물도 없다. 심지어 트리조차 없다. 그는 이 '미친 짓'을 관두고, 대신에 카리브해로 향하는 유람선을 타기로 결정한다.",2002-11-20,https://image.aladin.co.kr/product/38/76/coversum/8988182626_1.gif,국내도서>소설/시/희곡>영미소설
남북 3,김경진,들녘,대덕소프트웨어마이스터고등학교,EM00009947,813.6 김14ㄴ v.3,「동해」 「데프콘」등 일련의 가상 전쟁 소설로 이름을 높혔던 김경진의 최신작은 납북한 사이의 전면전을 다루고 있다. 어디까지나 가상일뿐 실제 일어나서는 안될 일이 바로 전쟁이다. 소설 <남북>은 정교한 스토리와 해박한 전문지식의 힘을 얻어 박진감 넘치는 드라마로 선보인다.,1999-06-21,https://image.aladin.co.kr/product/19/71/coversum/8975271250_1.gif,국내도서>소설/시/희곡>한국소설>2000년대 이전 한국소설
사랑한후에오는것들,공지영,소담,대덕소프트웨어마이스터고등학교,EM00010028,813.6 공78ㅅ,,,,
녹두장군  12 12,송기숙,시대의창출판사,대덕소프트웨어마이스터고등학교,EM00010076,813.6 송18ㄴ v.12,"송기숙의 역사소설. 고종 31년, 전라도 고부 군수 조병갑의 횡포와 수탈에 고통 받던 민중은 동학의 접주인 전봉준을 중심으로 농민전쟁을 일으킨다. 녹두장군은 부패할 대로 부패한 봉건 조선에 대한 민중의 분노를 하나의 목소리로 모아 새로운 사회로 나가는 발판을 만들었던 혁명가, 전봉준의 삶을 그린 작품이다. 짧지만 강렬했던 혁명의 순간을 민중의 목소리로 거칠게 묘사하고 있다.",2008-07-10,https://image.aladin.co.kr/product/232/23/coversum/8959401234_1.jpg,국내도서>소설/시/희곡>역사소설>한국 역사소설
잠실동 사람들,정아은,한겨레,대덕소프트웨어마이스터고등학교,IT00004347,813.6 정62ㅈ,"《모던 하트》로 2013년 제18회 한겨레문학상을 수상한 정아은의 장편소설 《잠실동 사람들》이 출간되었다. 계급을 상승시킬 수 있는 유일한 희망인 ‘교육’을 좇는 부모들과 ‘교육’으로 먹고사는 선생님들이 벌이는 분투기, 더불어 불공정한 출발선이 시작되는 공간사까지 아우르는 소설이다.",2025-01-13,https://image.aladin.co.kr/product/35638/12/coversum/k872036503_1.jpg,국내도서>소설/시/희곡>한국소설>2000년대 이후 한국소설
당신  거기 있어줄래요 ,기욤 뮈소,밝은 세상,대덕소프트웨어마이스터고등학교,IT00004406,863 뮈55ㄷ,"&lt구해줘&gt, &lt완전한 죽음&gt 등의 작품으로 주목받아온 프랑스 작가 기욤 뮈소의 장편소설. 과거로 돌아갈 수 있는 열 번의 기회를 얻게 된 한 남자의 이야기다. 기욤 뮈소 소설의 두드러진 특징인 로맨스와 미스터리 장르의 결합, 영상미가 돋보이는 생생한 화면 구성, 빠른 전개가 유감없이 발휘되어 있다.",2022-01-19,https://image.aladin.co.kr/product/28692/28/coversum/8984374407_1.jpg,국내도서>소설/시/희곡>프랑스소설
사서함 110호의 우편물,이도우,랜덤하우스코리아,대덕소프트웨어마이스터고등학교,EM00009763,813.7 이25ㅅ,"첫 출간 이후 누적 110쇄를 돌파하고, 여러 나라에서 번역 출간되며 수많은 독자들의 사랑을 받아온 롱 스테디셀러 사서함 110호의 우편물. 누군가에겐 추억으로, 누군가에겐 현재진행형으로, 오랫동안 곁을 지켜온 이 이야기가 작가의 공들인 수정 작업을 거쳐 전면개정판으로 재출간되었다.",2022-07-30,https://image.aladin.co.kr/product/29829/2/coversum/k702838510_1.jpg,국내도서>소설/시/희곡>로맨스소설>한국 로맨스소설
별들의 들판,공지영,창비,대덕소프트웨어마이스터고등학교,EM00009760,813.6 공78ㅂ c.2,"공지영이 서울과 베를린을 오가며 완성한 신작 소설. 두렵지만 사랑해야 했던 사람들의 뜨거운 열정과 빛나는 순간들, 가슴 저릿한 슬픔과 용서의 기억을 작가 특유의 섬세한 필치로 그려나간다.",2004-10-26,https://image.aladin.co.kr/product/52/12/coversum/8936436805_2.jpg,국내도서>소설/시/희곡>한국소설>2000년대 이후 한국소설
오래된 정원  하  하,황석영,창작과비평사,대덕소프트웨어마이스터고등학교,EM00009782,813.6 황54ㅇ v.하,"80년대 이후 격동했던 한국사회와 사회주의권의 붕괴를 근간으로 하는 세계사적 변화를 배경으로 젊은 두 남녀의 파란많은 삶과 사랑을 감동적으로 그려냈다. 이 작품은 기본 서사구조에서 회상과 편지글, 비망록과 기록 등에 이르기까지 다양한 형식으로 두 주인공 오현우와 한윤희의 교차적 서술방식을 통해 박진감 넘치면서도 서정적으로 전개된다. *제12회 이산문학상 수상작",2000-05-02,https://image.aladin.co.kr/product/23/1/coversum/8936433377_2.jpg,국내도서>소설/시/희곡>한국소설>2000년대 이전 한국소설
유년의 뜰,오정희,문학과 지성사,대덕소프트웨어마이스터고등학교,EM00009788,813.6 오74ㅇ,"2017년 12월 15일, 곧 등단 50주년을 꽉 채워 맞는 오정희 작가의 소설 컬렉션이 출간된다. 불의 강은 내면에서 들끓는 파괴적 욕망과, 삶의 범속성을 넘어서려는 의지를 섬뜩하고도 섬세한 완벽주의로 형상화한 소설집이다.",2017-12-15,https://image.aladin.co.kr/product/12548/76/coversum/8932030618_1.jpg,국내도서>소설/시/희곡>한국소설>2000년대 이전 한국소설
판타스틱 개미지옥,서유미,문학수첩,대덕소프트웨어마이스터고등학교,EM00009804,813.6 서66ㅍ,"2007년 제5회 문학수첩작가상 수상작. 자본과 상품과 다이어트와 쇼퍼홀릭이 잘 비벼진 비빔밥 같은 백화점을 무대로, 욕망의 노예가 된 우리 시대의 인간 군상을 묘사한 소설이다. '강렬한 사회성을 띤 주제 의식과 이야기 전개의 독특함이 읽는 이를 강력하게 사로잡는다 - 이동하(소설가)'",2007-09-18,https://image.aladin.co.kr/product/98/35/coversum/8983922532_1.jpg,국내도서>소설/시/희곡>한국소설>2000년대 이후 한국소설
행복한 사람은 시계를 보지 않는다,은희경,創作과批評社,대덕소프트웨어마이스터고등학교,EM00009809,813.6 은97ㅎ,표제작「행복한 사람은 시계를 보지 않는다」는 이룰 수 없는 사랑 내지 결혼 제도에 대한 허무감으로 읽을 수 있다. 사랑하던 두 사람이 한 장의 사진으로 인해 배다른 남매임을 알고 보이는 태도는 남녀 각기 상이하다. 자살하는 남자는 근친상간에 대한 우리 사회의 통상적인 생각을 드러내지만 그를 사랑하는 여성 화자는 그런 사회적 통념에 굴하지 않고 남자가 죽은 후에도 그에 대한 사랑을 다짐한다.,1999-04-10,https://image.aladin.co.kr/product/18/75/coversum/8936436538_1.jpg,국내도서>소설/시/희곡>한국소설>2000년대 이전 한국소설
행복한 사람은 시계를 보지 않는다,은희경,創作과批評社,대덕소프트웨어마이스터고등학교,EM00009810,813.6 은97ㅎ c.2,표제작「행복한 사람은 시계를 보지 않는다」는 이룰 수 없는 사랑 내지 결혼 제도에 대한 허무감으로 읽을 수 있다. 사랑하던 두 사람이 한 장의 사진으로 인해 배다른 남매임을 알고 보이는 태도는 남녀 각기 상이하다. 자살하는 남자는 근친상간에 대한 우리 사회의 통상적인 생각을 드러내지만 그를 사랑하는 여성 화자는 그런 사회적 통념에 굴하지 않고 남자가 죽은 후에도 그에 대한 사랑을 다짐한다.,1999-04-10,https://image.aladin.co.kr/product/18/75/coversum/8936436538_1.jpg,국내도서>소설/시/희곡>한국소설>2000년대 이전 한국소설
탱고,구혜선,웅진지식하우스,대덕소프트웨어마이스터고등학교,EM00010026,813.6 구94ㅌ c.2,"배우 구혜선의 일러스트 픽션. 소설과 일러스트가 결합된 독특한 구성의 소설이다. 어느 날 우연히 류이치 사카모토의 '탱고'라는 음악을 듣게 된 구혜선이 그 순간 떠오른 하나의 스토리에 자신의 경험을 녹여 쓰기 시작해 완성한 소설로, 이제껏 틈틈이 그려온 일러스트 40여 컷을 함께 수록하였다.",2009-04-01,https://image.aladin.co.kr/product/345/96/coversum/8901093421_2.jpg,국내도서>소설/시/희곡>한국소설>2000년대 이후 한국소설
틈새,이혜경,창비,대덕소프트웨어마이스터고등학교,EM00009852,813.6 이94ㅌ,"이혜경의 세 번째 소설집. 2006년 제13회 이수문학상 수상작인 '피아간(彼我間)'을 포함한 아홉 편의 단편이 실렸다. 이주노동자, 전화선으로만 삶을 사는 네트워커, 소도시 가전제품 기사, 여행가이드, 대형마트의 보안요원... 작가는 욕망으로 벌어진 현대인의 삶의 틈새를 따뜻하게 보듬는다.",2006-05-30,https://image.aladin.co.kr/product/65/77/coversum/8936436929_1.jpg,국내도서>소설/시/희곡>한국소설>2000년대 이후 한국소설
태백산맥 3,조정래,해냄,대덕소프트웨어마이스터고등학교,EM00009863,813.6 조74ㅌ v.3,작가 조정래의 등단 50주년을 기념하여 대하소설 3부작 태백산맥 아리랑 한강을 개정 출간한다. 작가는 초판 출간 후 31년 만에 다시 책을 펼쳐 전편을 손수 퇴고함으로써 새로운 '정본(定本)'을 완성했다.,2020-10-15,https://image.aladin.co.kr/product/25326/76/coversum/8965749239_1.jpg,국내도서>소설/시/희곡>역사소설>한국 역사소설
주저하는 근본주의자,모신 하미드,민음사,대덕소프트웨어마이스터고등학교,EM00013794,843 하38ㅈ,파키스탄 출신의 0.01% 수재 청년 찬게즈는 우수한 성적으로 프린스턴 대학교를 졸업한 뒤 뉴욕의 한 회사에 채용된다. ‘근본적인 것에 집중하라’라는 슬로건처럼 기업 가치를 냉철하게 분석하는 이 회사에서 최고의 성과를 낸 그는 ‘미국’ 사회의 당당한 일원이 되어 부족함 없는 삶을 만끽한다.,2025-05-30,https://image.aladin.co.kr/product/36529/8/coversum/893742875x_1.jpg,국내도서>소설/시/희곡>세계의 소설>기타 국가 소설
엘리베이터에 낀 그 남자는 어떻게 되었나,김영하,문학과지성사,대덕소프트웨어마이스터고등학교,EM00009779,813.6 김64ㅇ,"복복서가에서는 2020년 김영하 등단 25주년을 맞아, '복복서가x김영하_소설'이라는 이름으로 장편소설과 소설집을 새로이 출간한다. 엘리베이터에 낀 그 남자는 어떻게 되었나는 김영하의 두번째 소설집으로, 1999년 문학과지성사에서 초판이 출간된 후 지금까지 많은 사랑을 받고 있다.",2020-07-20,https://image.aladin.co.kr/product/24681/9/coversum/k982631494_1.jpg,국내도서>소설/시/희곡>한국소설>2000년대 이후 한국소설
별들의 들판,공지영,창비,대덕소프트웨어마이스터고등학교,EM00009756,813.6 공78ㅂ,"공지영이 서울과 베를린을 오가며 완성한 신작 소설. 두렵지만 사랑해야 했던 사람들의 뜨거운 열정과 빛나는 순간들, 가슴 저릿한 슬픔과 용서의 기억을 작가 특유의 섬세한 필치로 그려나간다.",2004-10-26,https://image.aladin.co.kr/product/52/12/coversum/8936436805_2.jpg,국내도서>소설/시/희곡>한국소설>2000년대 이후 한국소설
얼음나무 숲,하지은,로크미디어,대덕소프트웨어마이스터고등학교,EM00009778,813.6 하78ㅇ,"유려한 문장과 매혹적인 분위기로 독자들을 휘어잡는 환상 소설의 대가, 하지은 작가의 기념비적인 작품 얼음나무 숲 완전판이 출간되었다. 국내에서 보기 드문 클래식 음악을 소재로 한 미스터리 판타지 소설이다.",2020-03-25,https://image.aladin.co.kr/product/23570/20/coversum/k942638126_1.jpg,국내도서>소설/시/희곡>판타지/환상문학>한국판타지/환상소설
 조선과학수사대 별순검,이수광,MBC프로덕션,대덕소프트웨어마이스터고등학교,EM00009796,813.6 이56ㅂ,"조선 말기의 살인사건을 둘러싼 별순검의 활약상을 다룬 소설. 사회의 최하층으로 천대받은 백정, 일본의 경제 침탈에 맞서는 조선 상단, 몰락한 양반, 신흥 직업이자 뭇 여성들의 선망의 대상이었던 소설책을 읽어주는 남자 등 조선 말기의 다양한 인간군상에 초점을 맞추고 있다.",2008-08-20,https://image.aladin.co.kr/product/246/60/coversum/8996047813_1.jpg,국내도서>소설/시/희곡>추리/미스터리소설>한국 추리/미스터리소설
훈민정음의 비밀,김다은,생각의 나무,대덕소프트웨어마이스터고등학교,EM00009811,813.6 김22ㅎ,훈민정음 창제 과정이 숨기고 있는 충격적 사실을 79통의 편지로 엮은 파격적이고 실험적인 서간체 소설. 훈민정음을 둘러싸고 벌어지는 세자빈 봉씨의 동성애 비밀 모임(자선당 봉선화 모임)과 새 왕좌를 꿈꾸는 정치적인 집단의 암투를 그린 작품이다.,2008-10-02,https://image.aladin.co.kr/product/262/3/coversum/8984988936_1.jpg,국내도서>소설/시/희곡>역사소설>한국 역사소설
박쥐,박찬욱,그책,대덕소프트웨어마이스터고등학교,EM00009825,813.6 박82ㅂ,"박찬욱 감독의 영화 [박쥐] 각본을 책으로 엮었다. [박쥐]는 박찬욱 감독이 10년 이상 오랜 시간 마음에 품고 있다가 비로소 완성한 작품으로, 박쥐 각본은 감독의 다양한 경험과 사유를 녹여낸 시나리오로 그 가치가 크다.",2016-12-28,https://image.aladin.co.kr/product/9957/12/coversum/8994040994_1.jpg,국내도서>예술/대중문화>영화/드라마>시나리오/시나리오작법
커피마녀의 여의주 레시피,김태종,빛나는 나무,대덕소프트웨어마이스터고등학교,EM00009854,813.6 김883ㅋ,"두 주인공이 방송가에서 살아남기 위해 누구도 꿈꾸지 못한 새로운 소재를 찾은 곳은 뜻밖에도 서울 한복판. 기이한 방송의 소재를 찾기 위해 나선 길이 자기 자신의 내면과 대면하게 되는 여정임을 알지 못한 채, 두 주인공은 현실 너머의 세계를 말하는 사람들을 통해 오히려 자신의 지극한 현실을 직시하게 되는데…",2009-03-19,https://image.aladin.co.kr/product/347/95/coversum/8996223018_1.jpg,국내도서>소설/시/희곡>한국소설>2000년대 이후 한국소설
바이올렛,신경숙,문학동네,대덕소프트웨어마이스터고등학교,EM00009754,813.6 신14ㅂ,한국문학을 말할 때 결코 빼놓을 수 없는 성취를 이루어낸 작가 신경숙의 네번째 장편소설. 영어판 출간과 발맞추어 개정판으로 독자들을 다시 찾아왔다. 신경숙 소설 특유의 처연한 슬픔과 은은하게 서린 정염이 어우러지다 끝내 폭발적인 전율을 일으킨다.,2022-04-22,https://image.aladin.co.kr/product/29293/24/coversum/8954686001_1.jpg,국내도서>소설/시/희곡>한국소설>2000년대 이후 한국소설
이지연과 이지연,안은영,P堂,대덕소프트웨어마이스터고등학교,EM00009792,813.6 안67ㅇ,"현재 20~30대 여자들의 풍경을 담은 상큼한 칙릿. 스물일곱 살의 이지연과 서른네 살의 이지연이 소설의 주인공이다. 한 명은 결혼과 사랑이 세상의 전부라고 믿는 사랑지상주의자, 한 명은 이제는 사랑보다 일이 편해진 사랑기피자. 이지연과 이지연은 요가 스튜디오에서 강사와 회원으로 처음 마주한다. 그리고 두 사람은 나이 차이보다 더 많이 차이나는 가치관과 세계관 때문에 서로 이물감을 느끼고 불편해한다.",2008-08-20,https://image.aladin.co.kr/product/246/41/coversum/8996111317_1.jpg,국내도서>소설/시/희곡>한국소설>2000년대 이후 한국소설
욕조가 놓인 방,이승우,작가정신,대덕소프트웨어마이스터고등학교,EM00009784,813.6 이57ㅇ,신과 인간의 관계를 통한 기독교적 구원의 문제부터 인간 내면의 불안과 욕망까지를 집요하게 추적하며 문학적 폭과 깊이를 선보이고 있는 이승우 작가의 작품. ‘사랑’에 관한 오랜 탐색을 보여준 이승우 소설의 원점이자 서문에 해당되는 작품이다.,2022-04-26,https://image.aladin.co.kr/product/29258/26/coversum/k482837696_1.jpg,국내도서>소설/시/희곡>한국소설>2000년대 이후 한국소설
봇코짱,호시신이치,지식여행,대덕소프트웨어마이스터고등학교,EM00009824,833.6 호58ㅂ,"'쇼트-쇼트'라는 장르를 개척한, 일본의 SF 작가 호시 신이치의 단편집. '플라시보 시리즈'의 스무 번째 권으로 출간됐다. 미스터리, SF, 판타지, 우화, 동화 등 다양한 장르를 넘나드는 39편의 짤막한 이야기가 실려 있다. 시리즈의 다른 작품집에 비해 초기작이 많은 편이고, 이들 작품에는 작가가 강한 만족감을 표한 바 있다.",2008-03-05,https://image.aladin.co.kr/product/192/70/coversum/8961090348_1.jpg,국내도서>소설/시/희곡>과학소설(SF)>외국 과학소설
구르미 그린 달빛 2  달무리    ,윤이수,열림원,대덕소프트웨어마이스터고등학교,EM00019311,813.6 윤68ㄱ v.2,"전 5권으로 구성된 장편소설이며, 조선시대의 역사적 배경 위에 써 내려간 픽션이다. 저자 윤이수는 '작가의 말'에서, 지난 2013년 봄날 창덕궁을 찾았다가 차마 못 다한 생이 서러운 효명 세자(본명 이영)를 만나 그의 이야기를 쓰기 시작했다고 고백한다.",2015-03-23,https://image.aladin.co.kr/product/5491/66/coversum/8970638636_2.jpg,국내도서>소설/시/희곡>로맨스소설>한국 로맨스소설
그들이 내 이름을 부를 때,방현석,이야기공작소,대덕소프트웨어마이스터고등학교,IT00009956,813.6 방94ㄱ c.2,2003년 「존재의 형식」으로 황순원 문학상을 수상한 방현석이 9년 만에 발표하는 그들이 내 이름을 부를 때는 2011년 12월 13일 작고한 故 김근태의 삶을 그린 소설이다.,2020-06-08,https://image.aladin.co.kr/product/24083/67/coversum/k912639135_1.jpg,국내도서>소설/시/희곡>한국소설>2000년대 이후 한국소설
태백산맥 7,조정래,해냄,대덕소프트웨어마이스터고등학교,EM00009867,813.6 조74ㅌ v.7,작가 조정래의 등단 50주년을 기념하여 대하소설 3부작 태백산맥 아리랑 한강을 개정 출간한다. 작가는 초판 출간 후 31년 만에 다시 책을 펼쳐 전편을 손수 퇴고함으로써 새로운 '정본(定本)'을 완성했다.,2020-10-15,https://image.aladin.co.kr/product/25326/82/coversum/8965749271_1.jpg,국내도서>소설/시/희곡>역사소설>한국 역사소설
이빨 자국,이언 랜킨,오픈하우스,대덕소프트웨어마이스터고등학교,EM00019375,843.5 랜878ㅇ,"에드거 상, 다이아몬드 대거 상 수상에 빛나는 이언 랜킨의 초특급 베스트셀러 '존 리버스 컬렉션' 세 번째 이야기. 런던을 피로 물들인 미치광이 연쇄살인범 '울프맨'이 미궁에 빠진 사건 해결을 위해 런던 경찰국이 리버스를 불러들인다.",2016-08-03,https://image.aladin.co.kr/product/8830/76/coversum/k832535090_1.jpg,국내도서>소설/시/희곡>추리/미스터리소설>영미 추리/미스터리소설
댓글부대,장강명,은행나무,대덕소프트웨어마이스터고등학교,IT00009960,813.7 장12ㄷ c.5,"제3회 제주4.3평화문학상 수상작 장강명 장편소설. 그간 표백, 한국이 싫어서 등 사회성 짙은 소설을 써온 장강명의 소설 댓글부대는 이전 작품들보다 훨씬 더 강력한 목소리로 부박한 현실에 정면 돌파를 시도한 소설이다.",2015-11-30,https://image.aladin.co.kr/product/7073/45/coversum/s902939394_1.jpg,국내도서>소설/시/희곡>한국소설>2000년대 이후 한국소설
스파이,파울로 코엘료,문학동네,대덕소프트웨어마이스터고등학교,EM00019370,879 코64ㅅ,삶의 지혜가 가득한 문장으로 전 세계 2억 독자들에게 따뜻한 위로와 감동을 전해온 '영혼의 연금술사' 파울로 코엘료의 장편소설. 1차세계대전 당시 이중 스파이 혐의로 비극적인 최후를 맞은 전설의 무희 '마타 하리'의 삶을 다룬 작품이다.,2016-09-23,https://image.aladin.co.kr/product/9046/99/coversum/8954642012_2.jpg,국내도서>소설/시/희곡>스페인/중남미소설
낭만적 연애와 그 후의 일상,알랭 드 보통,은행나무,대덕소프트웨어마이스터고등학교,IT00005855,843.6 보885ㄴ c.2,알랭 드 보통 장편소설. 사랑이 이루어지고 나면 연인들에게는 무슨 일이 벌어질까? 알랭 드 보통이 21년 만에 내놓은 이 소설은 결혼한 한 커플의 삶을 통해 일상의 범주에 들어온 사랑에 대해 통찰한다.,2016-08-24,https://image.aladin.co.kr/product/9789/89/coversum/8956608849_2.jpg,국내도서>소설/시/희곡>영미소설
카스테라,박민규,문학동네,대덕소프트웨어마이스터고등학교,IT00005866,813.6 박38ㅋ c.2,"2003년 여름, 단 두 권의 소설(<지구영웅전설>, <삼미 슈퍼스타즈의 마지막 팬클럽>)로 한국 소설계에 새로운 바람을 몰고 온 소설가 박민규가 등단 2년 만에 첫 작품집 <카스테라>를 펴냈다. 2003년 여름부터 2005년 봄까지 여러 문예지에 발표한 단편 10편이 수록된 책으로, 작가 특유의 유쾌하고 독특한 글쓰기가 돋보인다.",2005-06-09,https://image.aladin.co.kr/product/56/58/coversum/8982819924_2.jpg,국내도서>소설/시/희곡>한국소설>2000년대 이후 한국소설
카스테라,박민규,문학동네,대덕소프트웨어마이스터고등학교,IT00005874,813.6 박38ㅋ c.10,"2003년 여름, 단 두 권의 소설(<지구영웅전설>, <삼미 슈퍼스타즈의 마지막 팬클럽>)로 한국 소설계에 새로운 바람을 몰고 온 소설가 박민규가 등단 2년 만에 첫 작품집 <카스테라>를 펴냈다. 2003년 여름부터 2005년 봄까지 여러 문예지에 발표한 단편 10편이 수록된 책으로, 작가 특유의 유쾌하고 독특한 글쓰기가 돋보인다.",2005-06-09,https://image.aladin.co.kr/product/56/58/coversum/8982819924_2.jpg,국내도서>소설/시/희곡>한국소설>2000년대 이후 한국소설
카스테라,박민규,문학동네,대덕소프트웨어마이스터고등학교,IT00010260,813.6 박38ㅋ c.11,"2003년 여름, 단 두 권의 소설(<지구영웅전설>, <삼미 슈퍼스타즈의 마지막 팬클럽>)로 한국 소설계에 새로운 바람을 몰고 온 소설가 박민규가 등단 2년 만에 첫 작품집 <카스테라>를 펴냈다. 2003년 여름부터 2005년 봄까지 여러 문예지에 발표한 단편 10편이 수록된 책으로, 작가 특유의 유쾌하고 독특한 글쓰기가 돋보인다.",2005-06-09,https://image.aladin.co.kr/product/56/58/coversum/8982819924_2.jpg,국내도서>소설/시/희곡>한국소설>2000년대 이후 한국소설
앵무새 죽이기,하퍼 리,열린책들,대덕소프트웨어마이스터고등학교,IT00009439,843 리92ㅇ c.2,"성경 다음으로 가장 영향력 있는 책 1위, 미국 작가 하퍼 리의 앵무새 죽이기가 번역을 다듬고 새로운 디자인으로 2015년 열린책들에서 출간되었다. 하퍼 리의 앵무새 죽이기는 1960년 출간 직후 미국 전역에서 선풍적인 인기를 끌면서 그 이듬해 하퍼 리에게 퓰리처상의 영예를 안겨 준 작품이다.",2015-06-30,https://image.aladin.co.kr/product/6213/50/coversum/8932917205_2.jpg,국내도서>소설/시/희곡>영미소설
티타임을 위하여 착한 사람 문성현 열린 사회와 그 적들 목마른 계절 외,공선옥,창비,대덕소프트웨어마이스터고등학교,IT00005948,813.6 공54ㅌ c.19,"창비 '20세기 한국소설 전집' 제47권. 현대사회를 살아가는 다양한 계층들의 여러 모습을 다채롭게 보여준다. 80년 5월의 광주 체험을 문학적 모태로 삼아 우리 사회 여성들의 신산한 삶과 질긴 모성애, 가난하고 소외된 이웃들의 삶 등을 생생하게 그려온 작가 공선옥을 비롯, 총 다섯 명 작가의 일곱 작품이 실렸다.",2006-07-10,https://image.aladin.co.kr/product/67/14/coversum/8936462571_2.jpg,국내도서>소설/시/희곡>한국소설>2000년대 이후 한국소설
티타임을 위하여 착한 사람 문성현 열린 사회와 그 적들 목마른 계절 외,공선옥,창비,대덕소프트웨어마이스터고등학교,IT00005949,813.6 공54ㅌ c.20,"창비 '20세기 한국소설 전집' 제47권. 현대사회를 살아가는 다양한 계층들의 여러 모습을 다채롭게 보여준다. 80년 5월의 광주 체험을 문학적 모태로 삼아 우리 사회 여성들의 신산한 삶과 질긴 모성애, 가난하고 소외된 이웃들의 삶 등을 생생하게 그려온 작가 공선옥을 비롯, 총 다섯 명 작가의 일곱 작품이 실렸다.",2006-07-10,https://image.aladin.co.kr/product/67/14/coversum/8936462571_2.jpg,국내도서>소설/시/희곡>한국소설>2000년대 이후 한국소설
공터에서,김훈,해냄,대덕소프트웨어마이스터고등학교,IT00005970,813.7 김96ㄱ c.2,"김훈 소설. 해방된 이후 한반도에 몰아친 비바람들, 한국전쟁, 4.19, 5.16, 5.18, 6.10을 보고 겪은 작가가 이승만, 박정희 등을 거쳐 국가권력이 옮겨가는 것을 목격하며, 그에 따라 영광은 작고 치욕과 모멸은 많은 우리 삶의 꼴이 달라지고 있는 것을 자전적 경험을 실마리로 집필한 작품이다.",2017-02-01,https://image.aladin.co.kr/product/10060/59/coversum/896574587x_1.jpg,국내도서>소설/시/희곡>한국소설>2000년대 이후 한국소설
잠 1,베르나르 베르베르,열린책들,대덕소프트웨어마이스터고등학교,IT00005978,863 베297ㅈ v.1,"인간이 감히 정복하지 못한 마지막 대륙, 잠의 세계로의 탐험을 그려 낸 스펙터클한 모험 소설이자 과학 소설. 새로운 판형과 장정으로 단장한 『잠』은 작품의 매력을 그대로 전달하면서 만듦새는 더욱 가볍게, 더욱 현대적으로 선보인다.",2024-07-25,https://image.aladin.co.kr/product/34349/23/coversum/8932924538_1.jpg,국내도서>소설/시/희곡>과학소설(SF)>외국 과학소설
모두에게 해피엔딩,황경신,태일소담,대덕소프트웨어마이스터고등학교,IT00006256,813.6 황14ㅁ,"열 살이나 어린 에이를 좋아하지만 사랑하진 않는, 함께했던 비와 사랑했다고 생각했지만 그 약속이 채워질 수 없었던 한 여자의 사랑 이야기. 감각적이고 유려한 문체로 각기 다른 상대를 품은 세 명의 주인공들이 펼쳐가는 황경신의 세련된 연애소설이다.",2013-02-20,https://image.aladin.co.kr/product/2452/36/coversum/8973815563_1.jpg,국내도서>소설/시/희곡>한국소설>2000년대 이후 한국소설
웨하스 의자,에쿠니 가오리,소담,대덕소프트웨어마이스터고등학교,IT00006257,833.6 가65ㅇ,"에쿠니 가오리의 2001년 작. 사랑이 허용되지 않는 두 사람의 사랑을 에쿠니 가오리 특유의 간명하고 명징한 언어로 이야기한다. 얼핏 똑같아 보이는 하루하루가 지속되지만, 애인의 사랑 안에서만 숨 쉴 수 있는 여자는 자신이 조금씩 ‘망가지’고 있다는 것을 깨닫는다.",2021-11-10,https://image.aladin.co.kr/product/28328/87/coversum/k552835806_1.jpg,국내도서>소설/시/희곡>일본소설>1950년대 이후 일본소설
왕은 안녕하시다 2,성석제,문학동네,대덕소프트웨어마이스터고등학교,IT00015129,813.7 성54ㅇ v.2,『투명인간』 이후 5년 만의 장편소설이자 대작 역사소설로 조선 숙종 대를 배경으로 우연히 왕과 의형제를 맺게 된 주인공이 시대의 격랑 속에서 왕을 지키기 위해 종횡무진하는 모험담이 특유의 흥겹고 유장한 달변으로 펼쳐진다.,2019-01-08,https://image.aladin.co.kr/product/17833/61/coversum/8954654525_1.jpg,국내도서>소설/시/희곡>한국소설>2000년대 이후 한국소설
갈매기의 꿈,리처드 바크,현문미디어,대덕소프트웨어마이스터고등학교,IT00005828,843 바877ㄱ c.2,"1970년에 발표된 이래 전 세계 40여 개의 언어로 번역되어 4,000만 부 이상이 팔린 리처드 바크의 우화소설, 세대를 넘어 수많은 독자들에게 가슴 뭉클한 감동을 안겨준 최고의 베스트셀러 갈매기의 꿈이 개정증보판으로 새롭게 번역 출간되었다.",2018-06-01,https://image.aladin.co.kr/product/14831/79/coversum/k222532357_1.jpg,국내도서>소설/시/희곡>영미소설
오두막,윌리엄 폴 영,세계사,대덕소프트웨어마이스터고등학교,IT00005847,843 영66ㅇ,"2009년, 한국어판 출간 이후 국내 많은 독자에게 울림과 위로를 주었던 윌리엄 폴 영의 소설 오두막이 드디어 100쇄를 돌파했다. 전 세계적으로 2천만 부 이상 판매고를 올린 오두막이 리커버 특별판을 통해 다시 독자들 곁으로 찾아왔다.",2017-05-08,https://image.aladin.co.kr/product/33079/37/coversum/k852937502_1.jpg,국내도서>소설/시/희곡>세계의 소설>기타 국가 소설
낭만적 연애와 그 후의 일상,알랭 드 보통,은행나무,대덕소프트웨어마이스터고등학교,IT00005856,843.6 보885ㄴ c.3,알랭 드 보통 장편소설. 사랑이 이루어지고 나면 연인들에게는 무슨 일이 벌어질까? 알랭 드 보통이 21년 만에 내놓은 이 소설은 결혼한 한 커플의 삶을 통해 일상의 범주에 들어온 사랑에 대해 통찰한다.,2016-08-24,https://image.aladin.co.kr/product/9789/89/coversum/8956608849_2.jpg,국내도서>소설/시/희곡>영미소설
카스테라,박민규,문학동네,대덕소프트웨어마이스터고등학교,IT00005867,813.6 박38ㅋ c.3,"2003년 여름, 단 두 권의 소설(<지구영웅전설>, <삼미 슈퍼스타즈의 마지막 팬클럽>)로 한국 소설계에 새로운 바람을 몰고 온 소설가 박민규가 등단 2년 만에 첫 작품집 <카스테라>를 펴냈다. 2003년 여름부터 2005년 봄까지 여러 문예지에 발표한 단편 10편이 수록된 책으로, 작가 특유의 유쾌하고 독특한 글쓰기가 돋보인다.",2005-06-09,https://image.aladin.co.kr/product/56/58/coversum/8982819924_2.jpg,국내도서>소설/시/희곡>한국소설>2000년대 이후 한국소설
카스테라,박민규,문학동네,대덕소프트웨어마이스터고등학교,IT00005868,813.6 박38ㅋ c.4,"2003년 여름, 단 두 권의 소설(<지구영웅전설>, <삼미 슈퍼스타즈의 마지막 팬클럽>)로 한국 소설계에 새로운 바람을 몰고 온 소설가 박민규가 등단 2년 만에 첫 작품집 <카스테라>를 펴냈다. 2003년 여름부터 2005년 봄까지 여러 문예지에 발표한 단편 10편이 수록된 책으로, 작가 특유의 유쾌하고 독특한 글쓰기가 돋보인다.",2005-06-09,https://image.aladin.co.kr/product/56/58/coversum/8982819924_2.jpg,국내도서>소설/시/희곡>한국소설>2000년대 이후 한국소설
카스테라,박민규,문학동네,대덕소프트웨어마이스터고등학교,IT00010264,813.6 박38ㅋ c.15,"2003년 여름, 단 두 권의 소설(<지구영웅전설>, <삼미 슈퍼스타즈의 마지막 팬클럽>)로 한국 소설계에 새로운 바람을 몰고 온 소설가 박민규가 등단 2년 만에 첫 작품집 <카스테라>를 펴냈다. 2003년 여름부터 2005년 봄까지 여러 문예지에 발표한 단편 10편이 수록된 책으로, 작가 특유의 유쾌하고 독특한 글쓰기가 돋보인다.",2005-06-09,https://image.aladin.co.kr/product/56/58/coversum/8982819924_2.jpg,국내도서>소설/시/희곡>한국소설>2000년대 이후 한국소설
카스테라,박민규,문학동네,대덕소프트웨어마이스터고등학교,IT00010267,813.6 박38ㅋ c.18,"2003년 여름, 단 두 권의 소설(<지구영웅전설>, <삼미 슈퍼스타즈의 마지막 팬클럽>)로 한국 소설계에 새로운 바람을 몰고 온 소설가 박민규가 등단 2년 만에 첫 작품집 <카스테라>를 펴냈다. 2003년 여름부터 2005년 봄까지 여러 문예지에 발표한 단편 10편이 수록된 책으로, 작가 특유의 유쾌하고 독특한 글쓰기가 돋보인다.",2005-06-09,https://image.aladin.co.kr/product/56/58/coversum/8982819924_2.jpg,국내도서>소설/시/희곡>한국소설>2000년대 이후 한국소설
갈매기의 꿈,리처드 바크,현문미디어,대덕소프트웨어마이스터고등학교,IT00005830,843 바877ㄱ c.4,"1970년에 발표된 이래 전 세계 40여 개의 언어로 번역되어 4,000만 부 이상이 팔린 리처드 바크의 우화소설, 세대를 넘어 수많은 독자들에게 가슴 뭉클한 감동을 안겨준 최고의 베스트셀러 갈매기의 꿈이 개정증보판으로 새롭게 번역 출간되었다.",2018-06-01,https://image.aladin.co.kr/product/14831/79/coversum/k222532357_1.jpg,국내도서>소설/시/희곡>영미소설
카스테라,박민규,문학동네,대덕소프트웨어마이스터고등학교,IT00010268,813.6 박38ㅋ c.19,"2003년 여름, 단 두 권의 소설(<지구영웅전설>, <삼미 슈퍼스타즈의 마지막 팬클럽>)로 한국 소설계에 새로운 바람을 몰고 온 소설가 박민규가 등단 2년 만에 첫 작품집 <카스테라>를 펴냈다. 2003년 여름부터 2005년 봄까지 여러 문예지에 발표한 단편 10편이 수록된 책으로, 작가 특유의 유쾌하고 독특한 글쓰기가 돋보인다.",2005-06-09,https://image.aladin.co.kr/product/56/58/coversum/8982819924_2.jpg,국내도서>소설/시/희곡>한국소설>2000년대 이후 한국소설
바다가 보이는 이발소,오기와라 히로시,알에이치코리아,대덕소프트웨어마이스터고등학교,IT00006180,833.6 히295ㅂ c.3,"뛰어난 작품성과 독자를 매혹하는 이야기로 일본 독자들이 가장 신뢰하는 국민작가로 자리 잡은 오기와라 히로시. 바다가 보이는 이발소는 제155회 나오키상 수상작으로, 가족에 대한 여섯 편의 이야기를 담은 단편집이다.",2017-05-19,https://image.aladin.co.kr/product/10961/25/coversum/8925561522_1.jpg,국내도서>소설/시/희곡>일본소설>1950년대 이후 일본소설
바다가 보이는 이발소,오기와라 히로시,알에이치코리아,대덕소프트웨어마이스터고등학교,IT00005852,833.6 히295ㅂ,"뛰어난 작품성과 독자를 매혹하는 이야기로 일본 독자들이 가장 신뢰하는 국민작가로 자리 잡은 오기와라 히로시. 바다가 보이는 이발소는 제155회 나오키상 수상작으로, 가족에 대한 여섯 편의 이야기를 담은 단편집이다.",2017-05-19,https://image.aladin.co.kr/product/10961/25/coversum/8925561522_1.jpg,국내도서>소설/시/희곡>일본소설>1950년대 이후 일본소설
카스테라,박민규,문학동네,대덕소프트웨어마이스터고등학교,IT00005865,813.6 박38ㅋ,"2003년 여름, 단 두 권의 소설(<지구영웅전설>, <삼미 슈퍼스타즈의 마지막 팬클럽>)로 한국 소설계에 새로운 바람을 몰고 온 소설가 박민규가 등단 2년 만에 첫 작품집 <카스테라>를 펴냈다. 2003년 여름부터 2005년 봄까지 여러 문예지에 발표한 단편 10편이 수록된 책으로, 작가 특유의 유쾌하고 독특한 글쓰기가 돋보인다.",2005-06-09,https://image.aladin.co.kr/product/56/58/coversum/8982819924_2.jpg,국내도서>소설/시/희곡>한국소설>2000년대 이후 한국소설
카스테라,박민규,문학동네,대덕소프트웨어마이스터고등학교,IT00010266,813.6 박38ㅋ c.17,"2003년 여름, 단 두 권의 소설(<지구영웅전설>, <삼미 슈퍼스타즈의 마지막 팬클럽>)로 한국 소설계에 새로운 바람을 몰고 온 소설가 박민규가 등단 2년 만에 첫 작품집 <카스테라>를 펴냈다. 2003년 여름부터 2005년 봄까지 여러 문예지에 발표한 단편 10편이 수록된 책으로, 작가 특유의 유쾌하고 독특한 글쓰기가 돋보인다.",2005-06-09,https://image.aladin.co.kr/product/56/58/coversum/8982819924_2.jpg,국내도서>소설/시/희곡>한국소설>2000년대 이후 한국소설
티타임을 위하여 착한 사람 문성현 열린 사회와 그 적들 목마른 계절 외,공선옥,창비,대덕소프트웨어마이스터고등학교,IT00005945,813.6 공54ㅌ c.16,"창비 '20세기 한국소설 전집' 제47권. 현대사회를 살아가는 다양한 계층들의 여러 모습을 다채롭게 보여준다. 80년 5월의 광주 체험을 문학적 모태로 삼아 우리 사회 여성들의 신산한 삶과 질긴 모성애, 가난하고 소외된 이웃들의 삶 등을 생생하게 그려온 작가 공선옥을 비롯, 총 다섯 명 작가의 일곱 작품이 실렸다.",2006-07-10,https://image.aladin.co.kr/product/67/14/coversum/8936462571_2.jpg,국내도서>소설/시/희곡>한국소설>2000년대 이후 한국소설
티타임을 위하여 착한 사람 문성현 열린 사회와 그 적들 목마른 계절 외,공선옥,창비,대덕소프트웨어마이스터고등학교,IT00005931,813.6 공54ㅌ c.2,"창비 '20세기 한국소설 전집' 제47권. 현대사회를 살아가는 다양한 계층들의 여러 모습을 다채롭게 보여준다. 80년 5월의 광주 체험을 문학적 모태로 삼아 우리 사회 여성들의 신산한 삶과 질긴 모성애, 가난하고 소외된 이웃들의 삶 등을 생생하게 그려온 작가 공선옥을 비롯, 총 다섯 명 작가의 일곱 작품이 실렸다.",2006-07-10,https://image.aladin.co.kr/product/67/14/coversum/8936462571_2.jpg,국내도서>소설/시/희곡>한국소설>2000년대 이후 한국소설
티타임을 위하여 착한 사람 문성현 열린 사회와 그 적들 목마른 계절 외,공선옥,창비,대덕소프트웨어마이스터고등학교,IT00005937,813.6 공54ㅌ c.8,"창비 '20세기 한국소설 전집' 제47권. 현대사회를 살아가는 다양한 계층들의 여러 모습을 다채롭게 보여준다. 80년 5월의 광주 체험을 문학적 모태로 삼아 우리 사회 여성들의 신산한 삶과 질긴 모성애, 가난하고 소외된 이웃들의 삶 등을 생생하게 그려온 작가 공선옥을 비롯, 총 다섯 명 작가의 일곱 작품이 실렸다.",2006-07-10,https://image.aladin.co.kr/product/67/14/coversum/8936462571_2.jpg,국내도서>소설/시/희곡>한국소설>2000년대 이후 한국소설
티타임을 위하여 착한 사람 문성현 열린 사회와 그 적들 목마른 계절 외,공선옥,창비,대덕소프트웨어마이스터고등학교,IT00005939,813.6 공54ㅌ c.10,"창비 '20세기 한국소설 전집' 제47권. 현대사회를 살아가는 다양한 계층들의 여러 모습을 다채롭게 보여준다. 80년 5월의 광주 체험을 문학적 모태로 삼아 우리 사회 여성들의 신산한 삶과 질긴 모성애, 가난하고 소외된 이웃들의 삶 등을 생생하게 그려온 작가 공선옥을 비롯, 총 다섯 명 작가의 일곱 작품이 실렸다.",2006-07-10,https://image.aladin.co.kr/product/67/14/coversum/8936462571_2.jpg,국내도서>소설/시/희곡>한국소설>2000년대 이후 한국소설
티타임을 위하여 착한 사람 문성현 열린 사회와 그 적들 목마른 계절 외,공선옥,창비,대덕소프트웨어마이스터고등학교,IT00005938,813.6 공54ㅌ c.9,"창비 '20세기 한국소설 전집' 제47권. 현대사회를 살아가는 다양한 계층들의 여러 모습을 다채롭게 보여준다. 80년 5월의 광주 체험을 문학적 모태로 삼아 우리 사회 여성들의 신산한 삶과 질긴 모성애, 가난하고 소외된 이웃들의 삶 등을 생생하게 그려온 작가 공선옥을 비롯, 총 다섯 명 작가의 일곱 작품이 실렸다.",2006-07-10,https://image.aladin.co.kr/product/67/14/coversum/8936462571_2.jpg,국내도서>소설/시/희곡>한국소설>2000년대 이후 한국소설
티타임을 위하여 착한 사람 문성현 열린 사회와 그 적들 목마른 계절 외,공선옥,창비,대덕소프트웨어마이스터고등학교,IT00005942,813.6 공54ㅌ c.13,"창비 '20세기 한국소설 전집' 제47권. 현대사회를 살아가는 다양한 계층들의 여러 모습을 다채롭게 보여준다. 80년 5월의 광주 체험을 문학적 모태로 삼아 우리 사회 여성들의 신산한 삶과 질긴 모성애, 가난하고 소외된 이웃들의 삶 등을 생생하게 그려온 작가 공선옥을 비롯, 총 다섯 명 작가의 일곱 작품이 실렸다.",2006-07-10,https://image.aladin.co.kr/product/67/14/coversum/8936462571_2.jpg,국내도서>소설/시/희곡>한국소설>2000년대 이후 한국소설
잠 1,베르나르 베르베르,열린책들,대덕소프트웨어마이스터고등학교,IT00005979,863 베297ㅈ v.1 c.2,"인간이 감히 정복하지 못한 마지막 대륙, 잠의 세계로의 탐험을 그려 낸 스펙터클한 모험 소설이자 과학 소설. 새로운 판형과 장정으로 단장한 『잠』은 작품의 매력을 그대로 전달하면서 만듦새는 더욱 가볍게, 더욱 현대적으로 선보인다.",2024-07-25,https://image.aladin.co.kr/product/34349/23/coversum/8932924538_1.jpg,국내도서>소설/시/희곡>과학소설(SF)>외국 과학소설
잠 2,베르나르 베르베르,열린책들,대덕소프트웨어마이스터고등학교,IT00005980,863 베297ㅈ v.2,"인간이 감히 정복하지 못한 마지막 대륙, 잠의 세계로의 탐험을 그려 낸 스펙터클한 모험 소설이자 과학 소설. 새로운 판형과 장정으로 단장한 『잠』은 작품의 매력을 그대로 전달하면서 만듦새는 더욱 가볍게, 더욱 현대적으로 선보인다.",2024-07-25,https://image.aladin.co.kr/product/34349/23/coversum/8932924546_1.jpg,국내도서>소설/시/희곡>과학소설(SF)>외국 과학소설
차남들의 세계사,이기호,민음사,대덕소프트웨어마이스터고등학교,IT00006070,813.7 이18ㅊ,"제47회 한국일보문학상 수상작. 이기호의 두 번째 장편소설. 얼떨결에 '부산 미문화원 방화 사건'에 연루되어 수배자 신세가 되고 만 '나복만'의 삶을 이기호 특유의 걸출한 입담으로 풀어내는 파란만장한 인생 역정으로, 광기의 역사 속에서 한 개인의 삶과 꿈이 어떤 식으로 파괴될 수 있는지를 보여 준다.",2014-07-25,https://image.aladin.co.kr/product/4443/8/coversum/8937489341_1.jpg,국내도서>소설/시/희곡>한국소설>2000년대 이후 한국소설
별 2,황순원,민음사,대덕소프트웨어마이스터고등학교,EM00012917,808 오197 v.2,"한국 현대 문학을 대표하는 작가들의 주요 작품들을 소개하는 '오늘의 작가 총서'의 두 번째 권. 혼탁한 세상 속에서 '인간'을 노래한 작가 황순원의 대표 단편 모음집이다. 별, 기러기, 독 짓는 늙은이, 목넘이 마을의 개 등 소설 문학이 도달할 수 있는 예술적 성과의 한 극치를 보여주는 12편의 소설을 수록했다.",2005-10-01,https://image.aladin.co.kr/product/59/17/coversum/8937420023_2.jpg,국내도서>소설/시/희곡>한국소설>2000년대 이전 한국소설
미스 함무라비,문유석,문학동네,대덕소프트웨어마이스터고등학교,IT00006121,813.6 문66ㅁ,"현직 부장판사 문유석이 써내려간 법정 활극. 재판부의 구성, 법원에서 일하는 사람들의 역할, 판사들의 물건과 같은 기본적인 지식은 물론 법치주의와 양형문제, 전관예우 등 사법부에 대해서 일반인들이 알고 싶고 듣고 싶은 이야기들을 더했다.",2016-12-02,https://image.aladin.co.kr/product/8652/40/coversum/s912532955_1.jpg,국내도서>소설/시/희곡>한국소설>2000년대 이후 한국소설
오직 두 사람,김영하,문학동네,대덕소프트웨어마이스터고등학교,IT00006124,813.7 김64ㅇ,"김영하 등단 25주년을 맞이해 시작된 ‘복복서가×김영하 소설’ 시리즈. 7년간 지면에 발표한 단편들을 모은 오직 두 사람은 작가로서 김영하의 내적 전환이 일어나는 과정을 엿볼 수 있는, 의미심장한 분기점이 되는 작품집이다.",2022-07-04,https://image.aladin.co.kr/product/29745/4/coversum/k772838692_1.jpg,국내도서>소설/시/희곡>한국소설>2000년대 이후 한국소설
오직 두 사람,김영하,문학동네,대덕소프트웨어마이스터고등학교,IT00006776,813.7 김64ㅇ c.4,"김영하 등단 25주년을 맞이해 시작된 ‘복복서가×김영하 소설’ 시리즈. 7년간 지면에 발표한 단편들을 모은 오직 두 사람은 작가로서 김영하의 내적 전환이 일어나는 과정을 엿볼 수 있는, 의미심장한 분기점이 되는 작품집이다.",2022-07-04,https://image.aladin.co.kr/product/29745/4/coversum/k772838692_1.jpg,국내도서>소설/시/희곡>한국소설>2000년대 이후 한국소설
마티네의 끝에서,히라노 게이치로,Arte(북이십일),대덕소프트웨어마이스터고등학교,IT00006129,833.6 게68ㅁ,아쿠타가와상 수상작가 히라노 게이치로가 그려낸 사랑하는 방법을 잊어버린 어른들을 위한 연애소설. 천재 기타리스트 마키노 사토시는 '데뷔 20주년 기념' 공연 마지막 날 프랑스 RFP 통신에 근무하는 기자 고미네 요코를 만난다.,2017-05-22,https://image.aladin.co.kr/product/10929/80/coversum/8950969904_1.jpg,국내도서>소설/시/희곡>일본소설>1950년대 이후 일본소설
전나무와 매,전민희,제우미디어,대덕소프트웨어마이스터고등학교,IT00006261,813.6 전38ㅈ,"태양의 탑, 세월의 돌, 룬의 아이들의 작가 전민희의 판타지 소설. 단편 하나, 중편 둘, 그리고 짧은 이야기 두 개로 구성된 픽스 업(fix-up)소설로 각각의 이야기는 하나하나가 완결된 기승전결을 지니면서 동시에 이어질 이야기를 기대하게 만드는 특별한 구성을 갖고 있다.",2011-07-23,https://image.aladin.co.kr/product/1257/79/coversum/8959522368_2.jpg,국내도서>소설/시/희곡>판타지/환상문학>한국판타지/환상소설
상속자들 상,전민희,제우미디어,대덕소프트웨어마이스터고등학교,IT00006262,813.6 전38ㅅ v.상,전나무와 매에 이어 아키에이지 연대기를 다루고 있는 상속자들은 그림자의 매 오른쪽 검인 '진 에버나이트'와 겨울 전나무의 딸 '키프로사'가 어떻게 만나게 되었는지 그리고 델피나드 최초의 원정대의 이야기가 어떻게 시작되었는지를 보여주고 있다.,2012-12-21,https://image.aladin.co.kr/product/2158/64/coversum/8959522724_1.jpg,국내도서>소설/시/희곡>판타지/환상문학>한국판타지/환상소설
해리포터 1 2  마법사의 돌,J. K. 롤링,문학수첩,대덕소프트웨어마이스터고등학교,IT00006272,843 롤298ㅎ v.1-2,"1997년 영국에서 출간된 이래 《해리 포터》 시리즈는 지금까지 200개국 이상 80개의 언어로 번역되고 출간되어 5억 부 이상을 판매했다. 국내에서도 1999년 《해리 포터와 마법사의 돌》의 출간을 필두로 지금까지 약 1,500만 부가 판매되었으며, 현재에도 독자들에게 변함없는 사랑을 받고 있다.",2024-11-20,https://image.aladin.co.kr/product/35144/78/coversum/k852934815_1.jpg,국내도서>소설/시/희곡>판타지/환상문학>외국판타지/환상소설
당신이 남겨두고 간 소녀,조조 모예스,살림,대덕소프트웨어마이스터고등학교,IT00006258,843 모64ㄷ,"전 세계를 울린 로맨스 소설 미 비포 유의 작가 조조 모예스. 이번 작품에서 조조 모예스는, 전쟁터로 남편을 떠나보낸 여자 소피와 미망인 리브가 가장 소중한 것을 지키기 위해 혼자 힘으로 상실을 딛고 문제를 극복해나가면서 성장하는 모습을 담았다.",2016-03-14,https://image.aladin.co.kr/product/7947/83/coversum/8952233336_1.jpg,국내도서>소설/시/희곡>영미소설
더 라스트 레터,조조 모예스,살림,대덕소프트웨어마이스터고등학교,IT00006259,843.6 모64ㄷ,미 비포 유 작가 조조 모예스 소설. 갑작스런 교통사고를 당한 한 여자가 기억을 되짚어가며 자신의 사랑을 되찾는 이야기이다. 소설은 한 통의 연애편지를 중심으로 1960년대와 2003년을 넘나들며 이야기가 진행된다.,2016-07-15,https://image.aladin.co.kr/product/8743/87/coversum/8952234243_1.jpg,국내도서>소설/시/희곡>영미소설
상속자들 하,전민희,제우미디어,대덕소프트웨어마이스터고등학교,IT00006263,813.6 전38ㅅ v.하,전나무와 매에 이어 아키에이지 연대기를 다루고 있는 상속자들은 그림자의 매 오른쪽 검인 '진 에버나이트'와 겨울 전나무의 딸 '키프로사'가 어떻게 만나게 되었는지 그리고 델피나드 최초의 원정대의 이야기가 어떻게 시작되었는지를 보여주고 있다.,2013-07-20,https://image.aladin.co.kr/product/2892/32/coversum/8959522732_1.jpg,국내도서>소설/시/희곡>판타지/환상문학>한국판타지/환상소설
봄봄,김유정,신원문화사,대덕소프트웨어마이스터고등학교,EM00012942,813.6 김66ㅂ,"1930년대 비참하고 가난한 민중들의 생활상을 애정의 눈으로 들여다보면서, 등장인물들의 말과 몸짓으로 고스란히 묘사해 전달하고 있다. 빈궁의 참상을 지식인의 잣대로 다루지 않고, 독특한 해학과 슬픔의 정서를 담아 현실적으로 녹여냈다는 평가다.",2014-06-16,https://image.aladin.co.kr/product/4195/51/coversum/8994353461_1.jpg,국내도서>소설/시/희곡>한국소설>2000년대 이전 한국소설
달과 6펜스 38,서머싯 몸,민음사,대덕소프트웨어마이스터고등학교,EM00012912,808 세14 v.38,<달과 6펜스>는 15종에 이르는 번역본이 이미 소개되어 있을 만큼 국내에서 크게 환영받는 작품이다. 이 작품은 서머싯 몸을 전세계에 널리 알린 결정적인 작품으로 제1차 세계대전이 끝난 이듬해인 1919년에 출판되어 대단한 인기를 끌었다.,2000-06-20,https://image.aladin.co.kr/product/23/77/coversum/s692639624_2.jpg,국내도서>소설/시/희곡>영미소설
목걸이,기드 모파상,소담,대덕소프트웨어마이스터고등학교,EM00012938,863 모892ㅁ,"엄격한 채찍을 아끼지 않았던 스승 플로베르가 인정하는 프랑스 자연주의 작가이며 근대 단편 소설의 창시자로 추앙받는 모파상의 사치와 허영에 대한 교훈, 슬프고 가슴 아픈 사랑 이야기, 전쟁으로 인한 추악한 이기주의와 위선의 면면을 그린 간결하고 생동감 있는 문체로 만나보자.",2025-09-15,https://image.aladin.co.kr/product/37156/90/coversum/k442031574_1.jpg,국내도서>청소년>청소년 문학>청소년 소설
홍루몽 7,조설근,청계출판사,대덕소프트웨어마이스터고등학교,EM00013087,823.6 조54ㅎ v.7,"무려 700명이 넘는 등장인물로 구성된 방대한 스케일의 구도 속에 역사적 흥망성쇠를 겪는 거대한 귀족가문을 설정하고, 다시 그곳을 무대로 하여 신화세계와 현실세계를 오가는 신비로운 사랑의 삼각관계를 깊이 있게 그려낸 중국 고전소설이다.",2012-12-05,https://image.aladin.co.kr/product/2118/17/coversum/8981336237_1.jpg,국내도서>소설/시/희곡>역사소설>외국 역사소설
감자 외,김동인,문학사상사,대덕소프트웨어마이스터고등학교,EM00013079,813.6 김25ㄱ,'한국문학을 권하다' 2권. 김동인 단편전집 1권 감자. 청소년들 사이에서 많은 사랑을 받고 있는 구병모 작가가 김동인의 작품에 대해 쉽고 재미있게 소개하는 해설글을 담아 한국문학 읽기의 즐거움에 동참하기를 권하고 있다.,2014-06-16,https://image.aladin.co.kr/product/4194/98/coversum/8994353402_1.jpg,국내도서>소설/시/희곡>한국소설>2000년대 이전 한국소설
홍루몽 8,조설근,청계출판사,대덕소프트웨어마이스터고등학교,EM00013088,823.6 조54ㅎ v.8,"'중국을 읽는 거대한 문화코드'라 일컬어지는 소설. 주인공 가보옥을 중심으로 400명이 넘는 등장인물 하나하나가 뚜렷한 개성을 뽐내며 거대한 인생의 파노라마를 펼쳐보인다. 서구의 문학 작품이 본격적으로 중국에 소개되기 시작한 1900년대 이전에 나온 중국 고전 소설 중, 최고 걸작으로 손꼽힌다.",2007-01-25,https://image.aladin.co.kr/product/87/85/coversum/8988473949_1.jpg,국내도서>소설/시/희곡>역사소설>외국 역사소설
홍루몽 10,조설근,청계출판사,대덕소프트웨어마이스터고등학교,EM00013090,823.6 조54ㅎ v.10,"'중국을 읽는 거대한 문화코드'라 일컬어지는 소설. 주인공 가보옥을 중심으로 400명이 넘는 등장인물 하나하나가 뚜렷한 개성을 뽐내며 거대한 인생의 파노라마를 펼쳐보인다. 서구의 문학 작품이 본격적으로 중국에 소개되기 시작한 1900년대 이전에 나온 중국 고전 소설 중, 최고 걸작으로 손꼽힌다.",2007-01-25,https://image.aladin.co.kr/product/87/85/coversum/8988473965_1.jpg,국내도서>소설/시/희곡>역사소설>외국 역사소설
홍루몽 11,조설근,청계출판사,대덕소프트웨어마이스터고등학교,EM00013091,823.6 조54ㅎ v.11,"'중국을 읽는 거대한 문화코드'라 일컬어지는 소설. 주인공 가보옥을 중심으로 400명이 넘는 등장인물 하나하나가 뚜렷한 개성을 뽐내며 거대한 인생의 파노라마를 펼쳐보인다. 서구의 문학 작품이 본격적으로 중국에 소개되기 시작한 1900년대 이전에 나온 중국 고전 소설 중, 최고 걸작으로 손꼽힌다.",2007-01-25,https://image.aladin.co.kr/product/87/85/coversum/8988473973_1.jpg,국내도서>소설/시/희곡>역사소설>외국 역사소설
어린왕자  전2권 ,앙투안 드 생텍쥐페리,더클래식(산호와진주),대덕소프트웨어마이스터고등학교,EM00013100,863 생884ㅇ,"《어린 왕자》는 성별, 연령, 인종, 국적을 초월해서 큰 사랑을 받는 작품인 만큼 다양한 번역과 판본이 나와 있다. 더모던의 《어린 왕자》 한글판과 영문판은 생텍쥐페리 재단이 공인한 유일한 국내서로, 소행성 B612가 인쇄된 고급 케이스에 2권을 세트로 담았다.",2025-08-18,https://image.aladin.co.kr/product/36949/65/coversum/k322030619_1.jpg,국내도서>소설/시/희곡>프랑스소설
캉디드,볼테르,지식을만드는지식,대덕소프트웨어마이스터고등학교,EM00013107,863 볼884ㅋ,,2009-12-20,https://image.aladin.co.kr/product/603/81/coversum/8932909717_1.jpg,국내도서>소설/시/희곡>프랑스소설
아버지와 아들,이반 투르게네프,문학동네,대덕소프트웨어마이스터고등학교,EM00013108,892.83 투297ㅇ,'문학동네 세계문학전집' 65권. 19세기 러시아의 사회정치적 현실을 지진계처럼 세밀하게 기록한 사실주의 작가 이반 투르게네프의 대표작이다. '러시아 인텔리겐치아의 연대기 작가'로 불리는 투르게네프가 1862년 발표한 이 소설은 러시아 문학사를 통틀어 가장 뜨거운 논쟁을 불러일으킨 작품으로도 유명하다. 반양장본.,2011-02-25,https://image.aladin.co.kr/product/918/3/coversum/8954613934_1.jpg,국내도서>소설/시/희곡>러시아소설
마의 산  상 상,토마스 만,을유문화사,대덕소프트웨어마이스터고등학교,EM00013112,853 만885ㅁ v.상,제1차 세계대전으로 인해 정치 및 사회의식이 대전환점을 맞이한 시기에 토마스 만이 자신의 정신적 삶의 궤적을 기록한 소설. 마의 산은 스위스 다보스에 있는 폐결핵 요양원 베르크호프를 일컫는다. 주인공은 하부르크 조선소에 취직이 확정된 23세의 청년 한스 카스토르프. 그는 사촌을 문병하기 위해 3주 예정으로 마의 산을 찾았다.,2008-06-20,https://image.aladin.co.kr/product/226/6/coversum/8932403317_2.jpg,국내도서>소설/시/희곡>독일소설
도적 떼,프리드리히 폰 실러,열린책들,대덕소프트웨어마이스터고등학교,EM00013110,852 실294ㄷ,,2009-11-30,https://image.aladin.co.kr/product/587/34/coversum/8932907579_1.jpg,국내도서>소설/시/희곡>독일소설
성,프란츠 카프카,펭귄클래식코리아(웅진씽크빅),대덕소프트웨어마이스터고등학교,EM00013114,853 카897ㅅ,"카프카의 마지막 장편소설. 카프카는 '고독의 3부작'이라 불리는 세편의 장편소설을 미완으로 남겼는데, 이들 중에서도 성은 작가의 집필 의도와 구상이 온전히 반영된 동시에 미로 같은 세계를 그려 여러 해석을 도발하는, 카프카가 남긴 작품들 중 가장 매혹적인 소설이다.",2015-05-08,https://image.aladin.co.kr/product/5911/43/coversum/8936464426_1.jpg,국내도서>소설/시/희곡>독일소설
눈물을 마시는 새 4  왕을 찾아헤매는 인간,이영도,황금가지,대덕소프트웨어마이스터고등학교,EM00020096,813.7 이64ㄴ v.4,"네 종족이 어울려 살던 세계에 갑작스런 사건이 발생하면서 이야기가 시작된다. 누명을 쓴 도망자와 그의 뒤를 쫓는 추적자, 거기에 도깨비, 레콘, 인간으로 구성된 구출대가 개입하면서 세계를 둘러싼 음모가 조금씩 밝혀진다. 작가 특유의 유려한 말솜씨가 여전하다.",2003-01-18,https://image.aladin.co.kr/product/39/97/coversum/8982735771_3.jpg,국내도서>소설/시/희곡>판타지/환상문학>한국판타지/환상소설
눈물을 마시는 새 1  심장을 적출하는 나가,이영도,황금가지,대덕소프트웨어마이스터고등학교,EM00020099,813.7 이64ㄴ v.1,"<a href=""/catalog/book.asp?ISBN=8982730532""><드래곤 라자></a>로 한국 판타지소설계의 정상에 선 이영도의 신작이 출간됐다. 이전 작품들에서 한 걸음 더 나아가 한국적 소재를 바탕으로 새로운 세계를 창조하고자 한 노력이 돋보인다. 다소 낯설게 느껴지는 제목은 '백성들이 흘려야 할 눈물을 대신 마시는 왕'을 의미한다.",2003-01-18,https://image.aladin.co.kr/product/39/81/coversum/8982735747_2.jpg,국내도서>소설/시/희곡>판타지/환상문학>한국판타지/환상소설
피를 마시는 새 4  불을 휘두르는 자,이영도,황금가지,대덕소프트웨어마이스터고등학교,EM00020136,813.7 이64ㅍ v.4,,2005-07-08,https://image.aladin.co.kr/product/57/24/coversum/8982739351_2.jpg,국내도서>소설/시/희곡>판타지/환상문학>한국판타지/환상소설
가재가 노래하는 곳,델리아 오언스,살림,대덕소프트웨어마이스터고등학교,EM00020242,843 오64ㄱ,"2018년 8월 14일, 평생 야생동물을 연구해온 한 생태학자가 일흔이 가까운 나이에 첫 소설을 출간한다. 미국 남부의 노스캐롤라이나주 아우터뱅크스의 해안 습지를 배경으로 한 소녀의 성장담은 미국 출판계에 어마어마한 파장을 가져왔다.",2019-06-14,https://image.aladin.co.kr/product/19469/77/coversum/s012833431_1.jpg,국내도서>소설/시/희곡>영미소설
가재가 노래하는 곳,델리아 오언스,살림,대덕소프트웨어마이스터고등학교,EM00020243,843 오64ㄱ c.2,"2018년 8월 14일, 평생 야생동물을 연구해온 한 생태학자가 일흔이 가까운 나이에 첫 소설을 출간한다. 미국 남부의 노스캐롤라이나주 아우터뱅크스의 해안 습지를 배경으로 한 소녀의 성장담은 미국 출판계에 어마어마한 파장을 가져왔다.",2019-06-14,https://image.aladin.co.kr/product/19469/77/coversum/s012833431_1.jpg,국내도서>소설/시/희곡>영미소설
사랑과 결함,예소연,문학동네,대덕소프트웨어마이스터고등학교,EM00020372,813.7 예55ㅅ,"데뷔 3년 만에 이효석문학상·문지문학상·황금드래곤문학상을 석권하며 한국문학의 기대주로 자리매김한 예소연의 첫 소설집. 한 작가의 시작을 알리듯 뜨거운 박력이 느껴지는 이번 소설집에는 2023년 문지문학상 수상작 「사랑과 결함」, 문학과지성사 ‘이 계절의 소설’ 선정작 「우리는 계절마다」 「그 개와 혁명」을 비롯해 총 열 편의 작품이 수록되었다.",2024-07-26,https://image.aladin.co.kr/product/34366/96/coversum/k972932005_1.jpg,국내도서>소설/시/희곡>한국소설>2000년대 이후 한국소설
설자은  금성으로 돌아오다,정세랑,문학동네,대덕소프트웨어마이스터고등학교,EM00020381,813.7 정54ㅅ,"언제나 우리에게 놀라운 재미와 따뜻한 감동을 동시에 전해주는 작가, 정세랑이 『시선으로부터,』 이후 3년 만의 신작 장편소설로 돌아왔다. 『설자은, 금성으로 돌아오다』는 정세랑이 선보이는 첫 역사소설이자 첫 추리소설, 그리고 첫 시리즈인 ‘설자은 시리즈’의 1권이다.",2023-10-30,https://image.aladin.co.kr/product/32649/26/coversum/8954695973_1.jpg,국내도서>소설/시/희곡>역사소설>한국 역사소설
아침 그리고 저녁,욘 포세,문학동네,대덕소프트웨어마이스터고등학교,EM00020409,859.82 포54ㅇ,"노르웨이 작가 욘 포세가 2000년 발표한 소설로, 인간 존재의 반복되는 서사, 생의 시작과 끝을 독특한 문체에 압축적으로 담아낸 작품이다. 고독하고 황량한 피오르를 배경으로 요한네스라는 이름의 평범한 어부가 태어나고 또 죽음을 향해 다가가는 과정을 꾸밈없이 담담하게 이야기한다.",2019-07-26,https://image.aladin.co.kr/product/20027/84/coversum/8954657125_3.jpg,국내도서>소설/시/희곡>세계의 소설>북유럽소설
음의 방정식,미야베 미유키,문학동네,대덕소프트웨어마이스터고등학교,EM00020431,833.6 미63ㅇ,"미야베 미유키가 대작 장편소설 솔로몬의 위증에 이어 발표한 또 한 편의 교내 미스터리. 전작으로부터 약 20년 후 변호사가 되어 다시 등장한 주인공 후지노 료코와, 이름 없는 독, 십자가와 반지의 초상 등의 작품에 등장했던 사립탐정 스기무라 사부로가 콤비를 이룬다.",2016-02-25,https://image.aladin.co.kr/product/7492/3/coversum/8954639607_1.jpg,국내도서>소설/시/희곡>추리/미스터리소설>일본 추리/미스터리소설
봄밤의 모든 것,백수린,문학과지성사,대덕소프트웨어마이스터고등학교,EM00020765,813.7 백56ㅂ,"섬세하고 사려 깊은 시선, 우아하고 단정한 문장으로 고유의 아름다운 세계를 펼쳐 보이며 한국문학을 대표하는 작가로 자리매김한 백수린의 네번째 소설집 『봄밤의 모든 것』이 문학과지성사에서 출간되었다.",2025-02-28,https://image.aladin.co.kr/product/35918/62/coversum/8932043507_1.jpg,국내도서>소설/시/희곡>한국소설>2000년대 이후 한국소설
회색 인간,김동식,요다,대덕소프트웨어마이스터고등학교,EM00020789,813.7 김25ㅎ c.3,'오늘의 유머' 공포게시판에서 많은 이들의 호응을 얻었던 '김동식의 소설집'. 작가는 10년 동안 공장에서 노동하면서 머릿속으로 수없이 떠올렸던 이야기들을 거의 매일 게시판에 올렸다. '김동식 소설집'은 그렇게 써내려간 300편의 짧은 소설 가운데 66편을 추려 묶은 것이다.,2017-12-27,https://image.aladin.co.kr/product/12760/80/coversum/k882532678_1.jpg,국내도서>소설/시/희곡>한국소설>2000년대 이후 한국소설
양심 고백,김동식,요다,대덕소프트웨어마이스터고등학교,EM00020794,813.7 김25ㅇ,김동식 소설집 4권. 2018년 출판계를 강타한 소설 회색 인간 작가 김동식의 단편 소설집. 김동식 작가가 2년간 쏟아낸 400여 편의 이야기 가운데 경쟁과 물신 풍조가 팽배한 현대 사회의 딜레마를 보여주는 26편의 이야기를 실었다.,2018-04-05,https://image.aladin.co.kr/product/13920/16/coversum/k642532522_1.jpg,국내도서>소설/시/희곡>한국소설>2000년대 이후 한국소설
정말 미안하지만  나는 아무렇지도 않았다,김동식,요다,대덕소프트웨어마이스터고등학교,EM00020797,813.7 김25ㅈ c.2,"『회색 인간』의 작가 김동식 단편 소설집. 이 책에는 그가 2년간 쏟아낸 400여 편의 이야기 가운데 관계와 소통, 자아, 자존감 등 인간에 대한 성찰을 담은 21편의 이야기가 실려 있다. 타인의 행복을 시기하는 마음, 가족 간의 애증, 살인 다단계 등 미묘하게 얽힌 인간관계과 자아의 문제를 위트 있게 비튼 김동식표 소설의 재미를 느낄 수 있다.",2018-04-05,https://image.aladin.co.kr/product/13920/18/coversum/k762532522_1.jpg,국내도서>소설/시/희곡>한국소설>2000년대 이후 한국소설
일주일 만에 사랑할 순 없다,김동식,요다,대덕소프트웨어마이스터고등학교,EM00020802,813.7 김25일,2018년 회색 인간으로 데뷔하여 한국 문단에 큰 충격을 주었던 김동식 소설집. 카카오페이지 연재 당시 반응이 좋았던 작품들과 작가의 색다른 시도가 돋보이는 미공개 신작 등 23편의 단편을 모았다.,2020-03-20,https://image.aladin.co.kr/product/23546/70/coversum/k452638023_1.jpg,국내도서>소설/시/희곡>한국소설>2000년대 이후 한국소설
눈물을 마시는 새 2  숙원을 추구하는 레콘,이영도,황금가지,대덕소프트웨어마이스터고등학교,EM00020098,813.7 이64ㄴ v.2,"네 종족이 어울려 살던 세계에 갑작스런 사건이 발생하면서 이야기가 시작된다. 누명을 쓴 도망자와 그의 뒤를 쫓는 추적자, 거기에 도깨비, 레콘, 인간으로 구성된 구출대가 개입하면서 세계를 둘러싼 음모가 조금씩 밝혀진다. 작가 특유의 유려한 말솜씨가 여전하다.",2003-01-18,https://image.aladin.co.kr/product/39/93/coversum/s952932433_1.jpg,국내도서>소설/시/희곡>판타지/환상문학>한국판타지/환상소설
기억서점,송유정,놀,대덕소프트웨어마이스터고등학교,EM00020278,813.7 송66ㄱ,내 인생의 기억이 수많은 책의 형태로 서가에 빼곡히 보관되어 있는 서점이 있다면? 기억 속 과거로 돌아가 후회스러운 과거를 바꿀 수 있는 선택권이 주어진다면? 이 책은 듣기만 해도 솔깃해지는 이 기억서점에 초대된 주인공 지원이 펼치는 감동적인 모험을 그린 소설이다.,2024-05-23,https://image.aladin.co.kr/product/34002/60/coversum/k382930653_1.jpg,국내도서>소설/시/희곡>판타지/환상문학>한국판타지/환상소설
나의 돈키호테,김호연,나무옆의자,대덕소프트웨어마이스터고등학교,EM00020287,813.7 김95ㄴ,"국내에서만 170만 부가 판매되고 전 세계 25개국에 수출된 국민 힐링소설 『불편한 편의점』 시리즈의 작가, 김호연의 최신작 『나의 돈키호테』가 10만 부 돌파를 기념해 꿈의 책장 에디션으로 찾아왔다.",2024-04-25,https://image.aladin.co.kr/product/35336/63/coversum/k032035585_2.jpg,국내도서>소설/시/희곡>한국소설>2000년대 이후 한국소설
당신이 누군가를 죽였다,히가시노 게이고,북다,대덕소프트웨어마이스터고등학교,EM00020306,833.6 히12ㄷ,"무차별 살인사건에서 살아남은 사람들이 참극의 진상을 알고자 연 ‘검증회’에 형사 ‘가가 교이치로’가 참석해 그들의 비밀을 파헤치는 이야기로, 명탐정이 활약하는 미스터리 소설이다. 히가시노 게이고라는 장르문학계의 거장이 ‘추리소설의 원점’으로 돌아가 집필한 이 작품은, 본격 미스터리의 장점을 모두 갖추고 있다.",2024-07-23,https://image.aladin.co.kr/product/36627/99/coversum/k832030679_1.jpg,국내도서>소설/시/희곡>추리/미스터리소설>일본 추리/미스터리소설
디어 라이프,앨리스 먼로,문학동네,대덕소프트웨어마이스터고등학교,EM00020319,843.6 먼295ㄷ,'문학동네 세계문학전집' 113권. 2013년 노벨문학상 수상 작가인 앨리스 먼로의 최신작이자 그녀 작가 인생의 마지막 작품. 작가가 어린 시절을 회고한 표제작 '디어 라이프'를 포함해 총 14편의 단편이 실려 있다.,2013-12-05,https://image.aladin.co.kr/product/3248/21/coversum/8954622755_1.jpg,국내도서>소설/시/희곡>세계의 소설>기타 국가 소설
모방범 3,미야베 미유키,문학동네,대덕소프트웨어마이스터고등학교,EM00020335,833.6 미63ㅁ v.3,"'블랙펜 클럽' 25권. 이유, 이코, 용은 잠들다의 작가 미야베 미유키의 최고작이자 일본 추리소설계의 전설과도 같은 작품이다. 일본에서 2001년 출간되어 추리소설로서는 경이적인 판매고를 기록했으며, 마이니치 출판문화상 등 6개 상을 석권하면서 대중성과 작품성을 동시에 인정 받았다. 2002년에는 원작의 인기를 바탕으로 영화화되기도 했다.",2012-03-09,https://image.aladin.co.kr/product/1572/22/coversum/8954617735_1.jpg,국내도서>소설/시/희곡>추리/미스터리소설>일본 추리/미스터리소설
우리에게 남은 시간 46일,이설,하이스트,대덕소프트웨어마이스터고등학교,EM00020428,813.7 이54ㅇ,"시한부인 해인의 곁에서 슬퍼하며, 끝까지 사랑과 지지를 아끼지 않는 우현의 슬픈 사랑이야기를 담고 있다. 마지막까지 절대 포기하지 않는 그들의 사랑은 독자의 마음을 짙게 울릴 것이다. 이 책은 우리에게 삶의 소중함과 사랑의 힘을 되새기게 해주는 인상적인 작품이다.",2024-02-14,https://image.aladin.co.kr/product/33408/27/coversum/k762938238_2.jpg,국내도서>소설/시/희곡>한국소설>2000년대 이후 한국소설
이처럼 사소한 것들,클레어 키건,다산책방,대덕소프트웨어마이스터고등학교,EM00020438,843 키14ㅇ,2023년 4월 국내에 처음 소개된 『맡겨진 소녀』로 국내 문인들과 문학 독자들의 열렬한 환호를 받은 클레어 키건의 대표작. 자신이 속한 사회 공동체의 은밀한 공모를 발견하고 자칫 모든 걸 잃을 수 있는 선택 앞에서 고뇌하는 한 남자의 내면을 그린 작품이다.,2023-11-27,https://image.aladin.co.kr/product/32938/68/coversum/k472936042_2.jpg,국내도서>소설/시/희곡>세계의 소설>아일랜드소설
홍학의 자리,정해연,엘릭시르,대덕소프트웨어마이스터고등학교,EM00020519,813.6 정93ㅎ,10년 가까이 스릴러 장르에 매진하며 장편 단편 할 것 없이 독자들의 눈길을 사로잡는 작품을 발표한 정해연 작가의 신작. 프롤로그를 시작으로 총 21개의 챕터로 구성된 이 작품은 매 챕터마다 놀라운 전개와 탁월한 스토리텔링을 보여준다.,2021-07-26,https://image.aladin.co.kr/product/27587/94/coversum/8954681158_1.jpg,국내도서>소설/시/희곡>추리/미스터리소설>한국 추리/미스터리소설
흐르는 강물처럼,셸리 리드,다산책방,대덕소프트웨어마이스터고등학교,EM00020522,843.6 리27ㅎ,"자신이 아무것도 아닌 줄만 알았던 열일곱 살 소녀가 사랑의 환희와 상실의 고통을 온몸으로 감내하는 번데기 시절을 거쳐 비로소 나비가 되는 이야기다. 뒤돌아보지 않는 자연에서 배운, 거스를 수 없는 회복력으로 살아내는 주인공은 끝내 누구도 빼앗을 수 없는 결실을 거머쥔다.",2024-01-08,https://image.aladin.co.kr/product/33161/91/coversum/k622937235_2.jpg,국내도서>소설/시/희곡>영미소설
소년기,안채윤,도서출판 안김,대덕소프트웨어마이스터고등학교,EM00020591,813.7 안82ㅅ,"지금 이 순간 제일 중요하다고 생각되는 일이 당장 내일에도 제일 중요한 일은 아닐 수 있다는 것을, 살면서 제일 중요한 일은 얼마든지 새롭게 생길 수 있다는 것을, 그러니 그게 무엇이든 너무 목숨까지 걸어가며 연연해하지 않아도 된다는 것을 미처 알지 못했던 그 질풍노도의 우리를 어루만져주는 이야기다.",2024-07-17,https://image.aladin.co.kr/product/34278/18/coversum/k362932167_1.jpg,국내도서>소설/시/희곡>한국소설>2000년대 이후 한국소설
리틀 라이프 2,한야 야나기하라,시공사,대덕소프트웨어마이스터고등학교,EM00020647,843 야192ㄹ v.2,"영미권을 대표하는 문학상 맨부커상과 전미도서상 최종후보에 나란히 오르고, 「뉴욕타임스」, 「워싱턴포스트」, 「가디언」, 「월스트리트저널」을 비롯한 25개 언론사에서 '올해의 책'으로 꼽은 화제작.",2016-06-16,https://image.aladin.co.kr/product/8588/78/coversum/8952776380_3.jpg,국내도서>소설/시/희곡>영미소설
해가 지는 곳으로,최진영,민음사,대덕소프트웨어마이스터고등학교,EM00020772,813.7 최78ㅎ,"작가 최진영의 다섯 번째 장편소설 <해가 지는 곳으로>는 최진영이 최초로 선보이는 아포칼립스 소설로 정체 모를 바이러스가 전 세계를 뒤덮은 혼란의 시기. 감염된 사람들은 삽시간에 죽어 가고, 살아남은 이들은 안전한 곳을 찾아 끝 모르는 여정을 떠난다.",2017-06-30,https://image.aladin.co.kr/product/11281/18/coversum/893747316x_1.jpg,국내도서>소설/시/희곡>한국소설>2000년대 이후 한국소설
문어,김동식,요다,대덕소프트웨어마이스터고등학교,EM00020805,813.7 김25ㅁ c.2,"'김동식 소설집' 대장정의 막을 내리는 9, 10권을 동시 출간했다. 9권 문어에는 낯선 세계에 던져진 인간의 심리를 집요하게 관찰하는 김동식표 SF를 담았다. 안드로이드 로봇, 인공지능, 우주, 외계인, 타임 리프, 좀비 등 다양한 소재의 SF 22편이 다채롭게 펼쳐진다.",2021-03-10,https://image.aladin.co.kr/product/26567/24/coversum/k142738035_1.jpg,국내도서>소설/시/희곡>과학소설(SF)>한국 과학소설
피를 마시는 새 2  제국의 대장군,이영도,황금가지,대덕소프트웨어마이스터고등학교,EM00020138,813.7 이64ㅍ v.2,,2005-07-08,https://image.aladin.co.kr/product/57/24/coversum/8982739335_2.jpg,국내도서>소설/시/희곡>판타지/환상문학>한국판타지/환상소설
조선의 등 굽은 정원사,천영미,고즈넉이엔티,대덕소프트웨어마이스터고등학교,EM00020147,813.7 천64ㅈ,"굽고 뒤틀려 볼품없는 소나무가 백성들의 기근을 해결할 식량이 되었다. 왕의 밀명에, 천자의 나무를 훼손한다며 노할 사대부들의 눈을 피해 감춰진 온실에서 은밀하게 굽은 소나무를 기른다. 그때부터 같은 아픔을 가진 정원사와 소나무의 교감과 회복이 시작된다.",2021-07-30,https://image.aladin.co.kr/product/27590/11/coversum/k162733110_1.jpg,국내도서>소설/시/희곡>역사소설>한국 역사소설
너무 한낮의 연애,김금희,문학동네,대덕소프트웨어마이스터고등학교,EM00020296,813.7 김18ㄴ,"'너무 한낮의 연애'로 2016년 제7회 젊은작가상 대상을 수상하며 한국문학 장을 뜨겁게 달구고 있는 소설가 김금희의 두번째 소설집. 첫 소설집 센티멘털도 하루 이틀로 제33회 신동엽문학상을 수상하며 작가로서의 가능성을 보여준 김금희는, 이제 명실상부 '지금 가장 주목받는 젊은 작가'가 되었다.",2016-05-31,https://image.aladin.co.kr/product/7492/9/coversum/8954640753_1.jpg,국내도서>소설/시/희곡>한국소설>2000년대 이후 한국소설
마지막 마음이 들리는 공중전화,이수연,클레이하우스,대덕소프트웨어마이스터고등학교,EM00020326,813.6 이56ㅁ,세상을 떠난 사람의 마지막 마음을 들을 수 있다면? 세상에서 가장 슬픈 사연들이 모이는 심리부검센터. 그리고 그 근처에 홀로 덩그러니 남겨진 공중전화. 그곳에서 펼쳐지는 떠난 사람과 남겨진 사람 모두를 위로하는 감동 휴먼 판타지.,2024-01-15,https://image.aladin.co.kr/product/33205/85/coversum/k912937954_1.jpg,국내도서>소설/시/희곡>한국소설>2000년대 이후 한국소설
사라진 왕국의 성,미야베 미유키,북스피어,대덕소프트웨어마이스터고등학교,EM00020371,833.6 미63ㅅ,미야베 미유키의 현대 미스터리. 어느 날 신비로운 고성이 그려진 스케치 한 장을 줍게 된 신은 고성 옆에 자신의 분신을 그려 넣으면 그림 속 이세계로 들어갈 수 있다는 사실을 알게 된다. 아름답지만 생명의 기운이 느껴지지 않는 세계를 탐색하던 신은 고성의 탑 속에 갇혀 있는 듯 보이는 소녀를 발견하는데….,2016-05-03,https://image.aladin.co.kr/product/8220/78/coversum/899879151x_1.jpg,국내도서>소설/시/희곡>추리/미스터리소설>일본 추리/미스터리소설
샤이닝,욘 포세,문학동네,대덕소프트웨어마이스터고등학교,EM00020380,859.82 포54ㅅ,"2023 노벨문학상 수상 작가 욘 포세의 최신작 『샤이닝』은 작가 데뷔 40주년 2023년 발표한 소설로, 본문 길이가 채 80쪽도 안 되나 1200여 페이지에 달하는 그의 걸작 ‘7부작Septologien’의 결정적인 압축판으로 평가받는다.",2024-03-15,https://image.aladin.co.kr/product/33556/50/coversum/8954698433_1.jpg,국내도서>소설/시/희곡>세계의 소설>북유럽소설
솔로몬의 위증 2  결의,미야베 미유키,문학동네,대덕소프트웨어마이스터고등학교,EM00020385,833.6 미63ㅅ v.2,"미야베 미유키가 5년 만에 발표한 현대 미스터리. 2002년부터 2011년까지 9년여에 걸쳐 「소설 신초」에 연재된 작품으로 번역본 기준 원고지 8500매에 달하는 대작이다. 1부 사건, 2부 결의, 3부 법정의 전3권으로 이루어져 있다.",2013-06-26,https://image.aladin.co.kr/product/2756/12/coversum/8954621732_1.jpg,국내도서>소설/시/희곡>추리/미스터리소설>일본 추리/미스터리소설
시한부,백은별,바른북스,대덕소프트웨어마이스터고등학교,EM00020391,813.7 백67ㅅ,"죽을 날이 정해진 시한부, 자신의 마지막 날을 스스로 정한 삶도 시한부일까. 중2 작가의 시선에서 본 우울과 방황의 경계에 선 사춘기 청소년들의 이야기.",2024-01-23,https://image.aladin.co.kr/product/33249/36/coversum/k132938568_1.jpg,국내도서>청소년>청소년 문학>청소년 소설
아침을 볼 때마다 당신을 떠올릴 거야,조수경,한겨레,대덕소프트웨어마이스터고등학교,EM00020410,813.7 조56ㅇ,"2013년 「서울신문」 신춘문예로 등단한 조수경 소설가의 첫 장편소설. 첫 소설집 모두가 부서진이 각자의 지옥을 견뎌내는 사람들의 이야기였다면, 이번 장편소설 아침을 볼 때마다 당신을 떠올릴 거야는 죽음을 선택할 수밖에 없는 사람들의 이야기를 담고 있다.",2019-02-26,https://image.aladin.co.kr/product/18455/27/coversum/k162534458_1.jpg,국내도서>소설/시/희곡>한국소설>2000년대 이후 한국소설
이중 하나는 거짓말,김애란,문학동네,대덕소프트웨어마이스터고등학교,EM00020437,813.7 김63ㅇ,한국문학의 결정적 순간을 만들어온 젊은 거장 김애란의 장편소설. 몇 년 전 진행된 한 인터뷰에서 차기작에 대해 묻는 질문에 작가가 “빛과 거짓말 그리고 그림에 관한 이야기”라고 설명한 것 외에는 모든 것이 베일에 가려져 있던 바로 그 작품이 오랜 기다림 끝에 마침내 공개된다.,2024-08-27,https://image.aladin.co.kr/product/34474/76/coversum/s402035710_1.jpg,국내도서>소설/시/희곡>한국소설>2000년대 이후 한국소설
퀸의 대각선 1,베르나르 베르베르,열린책들,대덕소프트웨어마이스터고등학교,EM00020486,863 베297ㅋ v.1,"베르나르 베르베르가 신작 소설 『퀸의 대각선』으로 돌아왔다. 개인의 뛰어난 역량이 인류 진보의 원동력이라고 믿는 모니카와, 함께 뭉친 집단이 역사를 움직인다고 믿는 니콜, 두 여성이 국제 정치 무대에서 격돌하면서 벌어지는 일을 다룬 작품이다.",2024-06-25,https://image.aladin.co.kr/product/34121/41/coversum/8932924392_1.jpg,국내도서>소설/시/희곡>프랑스소설
급류,정대건,민음사,대덕소프트웨어마이스터고등학교,EM00020755,813.7 정23ㄱ,"2020년 《한경신춘문예》에 장편소설 GV 빌런 고태경이 당선되어 작품 활동을 시작한 소설가 정대건의 두 번째 장편소설 급류가 오늘의 젊은 작가 시리즈 40번으로 출간되었다. 급류는 저수지와 계곡이 유명한 지방도시 ‘진평’을 배경으로, 열일곱 살 동갑내기인 ‘도담’과 ‘해솔’의 만남과 사랑을 그린 소설이다.",2022-12-22,https://image.aladin.co.kr/product/30769/24/coversum/8937473402_1.jpg,국내도서>소설/시/희곡>한국소설>2000년대 이후 한국소설
미키7 2  반물질의 블루스,에드워드 애슈턴,황금가지,대덕소프트웨어마이스터고등학교,EM00020767,843 애56ㅁ v.2,,,,
소년,가와바타 야스나리,북다,대덕소프트웨어마이스터고등학교,EM00020770,833.6 가65소,"《설국》으로 노벨문학상을 수상한, 일본 근대 서정 문학을 대표하는 작가 가와바타 야스나리. 그의 문학적 원점에 가닿는 숨겨진 명작 《소년》이 ‘북다’에서 국내 초역으로 출간되었다. 젊은 가와바타 특유의 애수와 서정성이 고스란히 담긴 작품이다.",2025-02-26,https://image.aladin.co.kr/product/35832/90/coversum/k222037765_1.jpg,국내도서>소설/시/희곡>일본소설>1950년대 이후 일본소설
설자은  불꽃을 쫓다,정세랑,문학동네,대덕소프트웨어마이스터고등학교,EM00020776,813.7 설72 v.2,"‘설자은 시리즈’는 정세랑이 펴낸 첫 역사소설이자 첫 추리소설, 그리고 첫 시리즈이다. 통일신라시대의 수도 금성을 배경으로, 집사부 대사 설자은이 주변에서 일어나는 미스터리한 사건들을 해결해나가는 이야기를 담고 있다.",2025-01-20,https://image.aladin.co.kr/product/35598/7/coversum/k632036994_1.jpg,국내도서>소설/시/희곡>역사소설>한국 역사소설
회색 인간,김동식,요다,대덕소프트웨어마이스터고등학교,EM00020788,813.7 김25ㅎ c.2,'오늘의 유머' 공포게시판에서 많은 이들의 호응을 얻었던 '김동식의 소설집'. 작가는 10년 동안 공장에서 노동하면서 머릿속으로 수없이 떠올렸던 이야기들을 거의 매일 게시판에 올렸다. '김동식 소설집'은 그렇게 써내려간 300편의 짧은 소설 가운데 66편을 추려 묶은 것이다.,2017-12-27,https://image.aladin.co.kr/product/12760/80/coversum/k882532678_1.jpg,국내도서>소설/시/희곡>한국소설>2000년대 이후 한국소설
세상에서 가장 약한 요괴,김동식,요다,대덕소프트웨어마이스터고등학교,EM00020791,813.7 김25세 c.2,'오늘의 유머' 공포게시판에서 많은 이들의 호응을 얻었던 '김동식의 소설집'. 작가는 10년 동안 공장에서 노동하면서 머릿속으로 수없이 떠올렸던 이야기들을 거의 매일 게시판에 올렸다. '김동식 소설집'은 그렇게 써내려간 300편의 짧은 소설 가운데 66편을 추려 묶은 것이다.,2017-12-27,https://image.aladin.co.kr/product/12760/94/coversum/k072532679_1.jpg,국내도서>소설/시/희곡>한국소설>2000년대 이후 한국소설
13일의 김남우,김동식,요다,대덕소프트웨어마이스터고등학교,EM00020792,813.7 김25십,'오늘의 유머' 공포게시판에서 많은 이들의 호응을 얻었던 김동식의 소설집. 작가는 10년 동안 공장에서 노동하면서 머릿속으로 수없이 떠올렸던 이야기들을 거의 매일 게시판에 올렸다. 이 책은 그렇게 써내려간 300편의 짧은 소설 가운데 66편을 추려 묶은 것이다.,2017-12-27,https://image.aladin.co.kr/product/12761/16/coversum/k212532679_1.jpg,국내도서>소설/시/희곡>한국소설>2000년대 이후 한국소설
13일의 김남우,김동식,요다,대덕소프트웨어마이스터고등학교,EM00020793,813.7 김25십 c.2,'오늘의 유머' 공포게시판에서 많은 이들의 호응을 얻었던 김동식의 소설집. 작가는 10년 동안 공장에서 노동하면서 머릿속으로 수없이 떠올렸던 이야기들을 거의 매일 게시판에 올렸다. 이 책은 그렇게 써내려간 300편의 짧은 소설 가운데 66편을 추려 묶은 것이다.,2017-12-27,https://image.aladin.co.kr/product/12761/16/coversum/k212532679_1.jpg,국내도서>소설/시/희곡>한국소설>2000년대 이후 한국소설
정말 미안하지만  나는 아무렇지도 않았다,김동식,요다,대덕소프트웨어마이스터고등학교,EM00020796,813.7 김25ㅈ,"『회색 인간』의 작가 김동식 단편 소설집. 이 책에는 그가 2년간 쏟아낸 400여 편의 이야기 가운데 관계와 소통, 자아, 자존감 등 인간에 대한 성찰을 담은 21편의 이야기가 실려 있다. 타인의 행복을 시기하는 마음, 가족 간의 애증, 살인 다단계 등 미묘하게 얽힌 인간관계과 자아의 문제를 위트 있게 비튼 김동식표 소설의 재미를 느낄 수 있다.",2018-04-05,https://image.aladin.co.kr/product/13920/18/coversum/k762532522_1.jpg,국내도서>소설/시/희곡>한국소설>2000년대 이후 한국소설
하나의 인간 인류의 하나,김동식,요다,대덕소프트웨어마이스터고등학교,EM00020798,813.7 김25하,김동식 소설집 6권. 2018년 회색 인간으로 돌풍을 일으켰던 김동식 소설집. 카카오페이지에 연재되어 30만 독자를 사로잡았던 이야기들과 미공개작을 모았다. 김동식 소설의 재미를 극한으로 끌어올린 10편의 조금 긴 단편이 실렸다.,2019-03-14,https://image.aladin.co.kr/product/18601/13/coversum/k992635066_1.jpg,국내도서>소설/시/희곡>한국소설>2000년대 이후 한국소설
하나의 인간 인류의 하나,김동식,요다,대덕소프트웨어마이스터고등학교,EM00020799,813.7 김25하 c.2,김동식 소설집 6권. 2018년 회색 인간으로 돌풍을 일으켰던 김동식 소설집. 카카오페이지에 연재되어 30만 독자를 사로잡았던 이야기들과 미공개작을 모았다. 김동식 소설의 재미를 극한으로 끌어올린 10편의 조금 긴 단편이 실렸다.,2019-03-14,https://image.aladin.co.kr/product/18601/13/coversum/k992635066_1.jpg,국내도서>소설/시/희곡>한국소설>2000년대 이후 한국소설
살인자의 정석,김동식,요다,대덕소프트웨어마이스터고등학교,EM00020800,813.7 김25ㅅ c.2,"김동식 소설집 7권. 카카오페이지에 연재되어 30만 독자를 사로잡았던 이야기들과 미공개 신작을 모았다. 앞뒤 설명 없이 사건으로 뛰어드는 스토리, 단숨에 읽히는 속도감, 기기묘묘한 반전까지. 김동식 소설의 재미를 극한으로 끌어올린 26편의 단편을 실었다.",2019-03-14,https://image.aladin.co.kr/product/18601/10/coversum/k842635065_1.jpg,국내도서>소설/시/희곡>한국소설>2000년대 이후 한국소설
숲의 가족,아모스 오즈,창비,대덕소프트웨어마이스터고등학교,EM00009452,897.4 오77ㅅ,소설은 산과 숲으로 둘러싸인 마을에서 시작한다. 아름다운 풍광을 지녔지만 마을의 일상을 지배하는 것은 불길한 침묵이다. 슬픈 회색빛의 저주받은 마을이다. 방문객도 나그네도 없고 간혹 흘러들어온 여행자도 이틀 이상은 머물지 않는다. 이 마을에는 동물이 하나도 없기 때문이다.  새도 양도 물고기도 벌레 한 마리조차 남지 않았다.,2008-08-18,https://image.aladin.co.kr/product/245/52/coversum/893647149x_1.jpg,국내도서>소설/시/희곡>세계의 소설>중동/튀르키예소설
엄마의 말뚝,박완서,세계사,대덕소프트웨어마이스터고등학교,EM00010548,813.6 박65ㅇ c.2,"한국 현대 소설의 대표 단편작을 뽑아 한국어.영어로 동시 수록한 '바이링궐 에디션'. 엄마의 말뚝 연작은 한 소녀의 성장 과정을 그린 성장소설이면서, 한국 사회가 걸어온 지난 시절을 충실하게 재현한 사실주의의 성격을 동시에 지니고 있다.",2012-07-25,https://image.aladin.co.kr/product/1849/71/coversum/8994006214_1.jpg,국내도서>소설/시/희곡>한국소설>2000년대 이전 한국소설
오 하느님,조정래,문학동네,대덕소프트웨어마이스터고등학교,EM00009520,813.6 조74ㅇ,"오 하느님의 개정판. 아리랑,  한강, 태백산맥 등의 대하소설이 민족의 역사를 객관적 시각으로 재현하는 데 초점을 맞추었다면, 사람의 탈은 역사 속에 존재했던 개인, 인간 존재로 눈을 돌려 그들의 삶을 '기록'한다.",2009-10-26,https://image.aladin.co.kr/product/482/58/coversum/8954609406_1.jpg,국내도서>소설/시/희곡>한국소설>2000년대 이후 한국소설
엄마를 부탁해,신경숙,창비,대덕소프트웨어마이스터고등학교,EM00019374,813.6 신14ㅇ c.7,"2011년 맨 아시아 문학상 수상작으로, 신경숙의 8번째 장편소설이다. 2007년 겨울부터 2008년 여름까지「창작과비평」에 연재된 작품이다. 지하철역에서 아버지의 손을 놓치고 실종된 어머니의 흔적을 추적하면서 기억을 복원하는 과정을 그렸다. 각 장은 전단지를 붙이고 광고를 내면서 엄마를 찾아 헤매는 자식들과 남편, 엄마의 시선으로 전개된다.",2008-10-24,https://image.aladin.co.kr/product/272/78/coversum/8936433679_2.jpg,국내도서>소설/시/희곡>한국소설>2000년대 이후 한국소설
엄마를 부탁해,신경숙,창비,대덕소프트웨어마이스터고등학교,IT00005838,813.6 신14ㅇ c.9,"2011년 맨 아시아 문학상 수상작으로, 신경숙의 8번째 장편소설이다. 2007년 겨울부터 2008년 여름까지「창작과비평」에 연재된 작품이다. 지하철역에서 아버지의 손을 놓치고 실종된 어머니의 흔적을 추적하면서 기억을 복원하는 과정을 그렸다. 각 장은 전단지를 붙이고 광고를 내면서 엄마를 찾아 헤매는 자식들과 남편, 엄마의 시선으로 전개된다.",2008-10-24,https://image.aladin.co.kr/product/272/78/coversum/8936433679_2.jpg,국내도서>소설/시/희곡>한국소설>2000년대 이후 한국소설
완벽주의자,퍼트리샤 하이스미스,민음사,대덕소프트웨어마이스터고등학교,EM00009527,843 하68ㅇ,"영화 [태양은 가득히], [리플리]의 원작자로 유명한 퍼트리샤 하이스미스의 단편소설집 마지막 권. 콩트 풍으로 여성을 풍자한 <여성 혐오에 관한 짧은 이야기들>과 다양한 장르가 시도된 <바람 속에서 서서히, 서서히> 두 권의 단편집이 함께 수록되어 있다. 경계를 넘나드는 하이스미스의 컬트적 매력을 엿볼 수 있는 소설집.",2009-02-13,https://image.aladin.co.kr/product/327/38/coversum/8937482541_1.jpg,국내도서>소설/시/희곡>영미소설
지금 행복해,성석제,창비,대덕소프트웨어마이스터고등학교,EM00009604,813.6 성54ㅈ,재미있는 소설의 대명사 성석제의 열한번째 소설집. 참말로 좋은 날 이후 2년 만에 펴내는 소설집으로 2003년부터 2008년 사이에 발표한 최근작 9편의 단편을 묶었다. 작가 특유의 입담과 재치 넘치는 유머감각은 이번 작품집에서도 여전하다.,2008-10-01,https://image.aladin.co.kr/product/261/77/coversum/8936437070_1.jpg,국내도서>소설/시/희곡>한국소설>2000년대 이후 한국소설
촐라체,박범신,푸른숲,대덕소프트웨어마이스터고등학교,EM00009625,813.6 박44ㅊ,"2008년부터 2010년까지 1년 간격으로 박범신 작가는 장편소설 촐라체, 고산자, 은교를 펴냈다. 2015년 박범신은 촐라체 개정판을 문학동네에서 출간함으로써 그간 혼잣말처럼 불러왔던 '갈망 3부작'을 현실화했다.",2015-07-31,https://image.aladin.co.kr/product/6405/28/coversum/8954636934_1.jpg,국내도서>소설/시/희곡>한국소설>2000년대 이후 한국소설
화이트 타이거,아라빈드 아디가,베가북스,대덕소프트웨어마이스터고등학교,EM00009693,892.5 아28ㅎ,"2008년 부커상을 수상한 인도 출신의 작가 아라빈드 아디가의 소설. <화이트 타이거>는 영혼의 자유에 관한 이야기며, 아름다움에 눈을 뜨는 것이 얼마나 중요한지, 그러나 그것이 얼마나 어려운 일인지에 관한, 강렬하고 거칠고 블랙 유머로 가득한 소설이다.",2009-03-20,https://image.aladin.co.kr/product/338/75/coversum/8992309201_2.jpg,국내도서>소설/시/희곡>세계의 소설>기타 국가 소설
환각의 나비,박완서,푸르메,대덕소프트웨어마이스터고등학교,EM00010064,813.6 박65ㅎ c.2,"작가 박완서의 문학상 수상작 모음집. '나의 가장 나종 지니인 것'(동인문학상), '엄마의 말뚝 2'(이상문학상), '그 가을의 사흘 동안'(한국문학작가상), '환각의 나비'(한무숙문학상), '꿈꾸는 인큐베이터'(현대문학상) 등 여성을 화자로 삼은 다섯 편의 소설 작품을 묶었다.",2006-06-25,https://image.aladin.co.kr/product/66/69/coversum/8995800313_1.jpg,국내도서>소설/시/희곡>한국소설>2000년대 이후 한국소설
소현세자 1,이정근,책보세,대덕소프트웨어마이스터고등학교,EM00009440,813.6 이74ㅅ v.1,"<이방원전>의 작가 이정근의 역사 장편소설. 소현세자를 주인공으로 삼고 있지만 소현세자 개인사에 머물지 않고 소현세자가 살았던 격동의 시공을 포괄적으로 다루고 있다. 원래 「오마이뉴스」에 121회에 걸쳐 연재된 작품으로, 이번에 6부 3권으로 묶어낸 것이다.",2009-02-25,https://image.aladin.co.kr/product/331/30/coversum/8996152048_1.jpg,국내도서>소설/시/희곡>역사소설>한국 역사소설
슬픔보다 더 슬픈 이야기,원태연,도서출판 광,대덕소프트웨어마이스터고등학교,EM00010020,813.6 원883ㅅ c.2,"원태연 시인의 소설 데뷔작. 원태연이 직접 연출하고, 권상우, 이보영, 이범수 주연의 영화 [슬픔보다 더 슬픈 이야기]의 원작소설이다. 함께 살면서도 사랑을 숨겨야 하는, 아픔을 알면서도 모르는 체 해야하는 두 남녀의 애틋한 사랑을 다룬 소설로, 영화 [슬픔보다 더 슬픈 이야기] 미발매 사운드 트랙 CD를 함께 제공한다.",2009-02-10,https://image.aladin.co.kr/product/321/92/coversum/8996212601_1.jpg,국내도서>소설/시/희곡>한국소설>2000년대 이후 한국소설
엄마를 부탁해,신경숙,창비,대덕소프트웨어마이스터고등학교,EM00012612,813.6 신14ㅇ c.5,"2011년 맨 아시아 문학상 수상작으로, 신경숙의 8번째 장편소설이다. 2007년 겨울부터 2008년 여름까지「창작과비평」에 연재된 작품이다. 지하철역에서 아버지의 손을 놓치고 실종된 어머니의 흔적을 추적하면서 기억을 복원하는 과정을 그렸다. 각 장은 전단지를 붙이고 광고를 내면서 엄마를 찾아 헤매는 자식들과 남편, 엄마의 시선으로 전개된다.",2008-10-24,https://image.aladin.co.kr/product/272/78/coversum/8936433679_2.jpg,국내도서>소설/시/희곡>한국소설>2000년대 이후 한국소설
위저드 베이커리,구병모,창비,대덕소프트웨어마이스터고등학교,EM00009546,813.6 구44ㅇ,"제2회 창비청소년문학상 수상작. 2009년 출간 이후 멕시코 프랑스 태국 등 9개국에 번역 수출되며 꾸준히 사랑받은 작품으로, 가족에게서 도망친 한 소년이 우연히 몸을 피한 기묘한 빵집 ‘위저드 베이커리’에서 마법 같은 이야기가 흥미롭게 펼쳐진다.",2022-03-27,https://image.aladin.co.kr/product/29103/19/coversum/8936434608_1.jpg,국내도서>청소년>청소년 문학>청소년 소설
장외인간  1 1,이외수,해냄출판사,대덕소프트웨어마이스터고등학교,EM00009574,813.6 이65ㅈ v.1,"독특한 상상력과 기발한 언어유희로 자신만의 문학 세계를 구축해온 작가 이외수의 일곱 번째 장편소설. 암울하고 답답한 세상 속에서도 가슴속에 빛을 간직한 장외인간의 이야기를 그리고 있다. 자연과 인간의 본성을 상실한 이 시대를 '달이 실종된 세상'으로 형상화하여, 인간 존재의 진정한 구원을 추구한다.",2008-06-30,https://image.aladin.co.kr/product/242/38/coversum/8973379879_1.jpg,국내도서>소설/시/희곡>한국소설>2000년대 이후 한국소설
진주 귀고리 소녀,트레이시 슈발리에,(도서출판)강,대덕소프트웨어마이스터고등학교,EM00012379,843 슈42ㅈ c.2,트레이시 슈발리에의 『진주 귀고리 소녀』가 양장본으로 새롭게 돌아왔다. 영화 진주 귀걸이를 한 소녀의 원작이기도 한 이 책은 2003년 처음 발간된 이래 많은 이들에게 꾸준히 사랑을 받아온 베스트셀러다.,2020-10-15,https://image.aladin.co.kr/product/25383/17/coversum/8982182659_1.jpg,국내도서>소설/시/희곡>영미소설
진주 귀고리 소녀,트레이시 슈발리에,(도서출판)강,대덕소프트웨어마이스터고등학교,EM00009613,843 슈42ㅈ,트레이시 슈발리에의 『진주 귀고리 소녀』가 양장본으로 새롭게 돌아왔다. 영화 진주 귀걸이를 한 소녀의 원작이기도 한 이 책은 2003년 처음 발간된 이래 많은 이들에게 꾸준히 사랑을 받아온 베스트셀러다.,2020-10-15,https://image.aladin.co.kr/product/25383/17/coversum/8982182659_1.jpg,국내도서>소설/시/희곡>영미소설
킹 메이커,김진명,포북,대덕소프트웨어마이스터고등학교,EM00009648,813.6 김78ㅋ,"<무궁화꽃이 피었습니다>, <제3의 시나리오>, <살수>의 작가 김진명의 2007년 신작. 17대 대선을 목전에 둔 한국 사회에 고하는 메시지를 담고 있는 실명 정치소설이다. 당대의 첨예한 문제들을 다루는 현실의 이야기이면서도, 김진명 소설 특유의 상상력이 발휘되어 있는 작품이다.",2007-06-27,https://image.aladin.co.kr/product/93/43/coversum/8992037198_1.jpg,국내도서>소설/시/희곡>한국소설>2000년대 이후 한국소설
현대문학상      수상작품집   1997 2007,이순원,현대문학,대덕소프트웨어마이스터고등학교,EM00009685,813.608 이56ㅎ,,,,
황태자 납치사건 1,김진명,해냄출판사,대덕소프트웨어마이스터고등학교,EM00009699,813.6 김78ㅎ v.1,,2001-07-19,https://image.aladin.co.kr/product/28/80/coversum/8973373722_1.jpg,국내도서>소설/시/희곡>역사소설>한국 역사소설
황태자비 납치사건 2,김진명,해냄출판사,대덕소프트웨어마이스터고등학교,EM00009700,813.6 김78ㅎ v.2,"김진명의 장편소설 황태자비 납치사건이 다시 태어났다. 기존 두 권의 페이퍼백 책이 한 권의 양장본으로 완전히 새로운 책으로 거듭난 것이다. 조선의 국모였던 명성황후는 비극적인 죽음을 맞이했다. 일본에 의해 잔인하게 욕보이고 불태워지고 만 것이다. 그리고 백 년이 지난 어느 날, 일본의 황태자비가 납치당하는 사건이 발생한다.",2010-03-01,https://image.aladin.co.kr/product/2840/71/coversum/6000644832_1.jpg,국내도서>소설/시/희곡>한국소설>2000년대 이후 한국소설
           한국    단편 10선,듀나,황금가지,대덕소프트웨어마이스터고등학교,EM00009712,813.6 듀192ㅇ,"김보영, 오경문, 이한범 등 신세대 한국 SF 작가와 복거일, 이영도, 듀나 등 기존 인기 작가의 작품이 어우러진 지난 20년간의 한국 SF를 포괄하는 앤솔로지이다. 시간을 자유로이 여행하고, 의체를 통해 무한 수명을 누리며, 외계인과 자유로운 소통이 가능해지는 등 SF 소설만의 매력을 한껏 발산한다.",2007-12-28,https://image.aladin.co.kr/product/169/83/coversum/8960170267_1.jpg,국내도서>소설/시/희곡>과학소설(SF)>한국 과학소설
당신들의 천국,이청준,문학과지성사,대덕소프트웨어마이스터고등학교,EM00009742,813.6 이82ㄷ,'문학과지성 소설 명작선' 2권. 이청준의 장편소설. 풍광 화려한 소록도에서 끈질기게 투병하고 있는 주민들의 삶을 통해 우리 저마다가 갖고 있는 유토피아에의 열정과 그것을 배반하는 메커니즘과의 갈등을 예리하게 해부하여 '자유와 사랑의 실천적 화해'를 제시한다.,1996-11-05,https://image.aladin.co.kr/product/3/60/coversum/8932008426_2.jpg,국내도서>소설/시/희곡>한국소설>2000년대 이전 한국소설
악기들의 도서관,김중혁,문학동네,대덕소프트웨어마이스터고등학교,EM00009500,813.6 김76ㅇ,"펭귄뉴스의 작가 김중혁의 두 번째 소설집. 2008년 제2회 김유정 문학상 수상작인 ‘엇박자D'를 비롯한 총 여덟 편의 작품들이 수록돼 있다. 작품들은 작가가 수집한 온갖 소리들의 모음들이다. 피아노, LP음반, 오르골, 600여 가지 악기 소리가 채집된 음반파일 등이 모여 성숙한 이야기의 변주를 선보인다.",2008-04-23,https://image.aladin.co.kr/product/206/45/coversum/8954605672_3.jpg,국내도서>소설/시/희곡>한국소설>2000년대 이후 한국소설
알파의 시간,하성란,현대문학,대덕소프트웨어마이스터고등학교,EM00009502,813.6 하54ㅇ,"소설가 하성란이 2009년 제54회 현대문학상 수상자로 선정되었다. 당선작 '알파의 시간'은 늙은 어머니를 모시고 사는 중년의 딸 이야기이다. ""흔하고 일상적인 외피 뒤에 감추어져 있는 세계를 풍성하게 드러내 보여(소설가 이동하)"" 주었다고 평가받았다.",2008-11-30,https://image.aladin.co.kr/product/287/60/coversum/8972754242_1.jpg,국내도서>소설/시/희곡>한국소설>2000년대 이후 한국소설
엄마를 부탁해,신경숙,창비,대덕소프트웨어마이스터고등학교,EM00012427,813.6 신14ㅇ c.4,"2011년 맨 아시아 문학상 수상작으로, 신경숙의 8번째 장편소설이다. 2007년 겨울부터 2008년 여름까지「창작과비평」에 연재된 작품이다. 지하철역에서 아버지의 손을 놓치고 실종된 어머니의 흔적을 추적하면서 기억을 복원하는 과정을 그렸다. 각 장은 전단지를 붙이고 광고를 내면서 엄마를 찾아 헤매는 자식들과 남편, 엄마의 시선으로 전개된다.",2008-10-24,https://image.aladin.co.kr/product/272/78/coversum/8936433679_2.jpg,국내도서>소설/시/희곡>한국소설>2000년대 이후 한국소설
엄마를 부탁해,신경숙,창비,대덕소프트웨어마이스터고등학교,EM00009511,813.6 신14ㅇ c.3,"2011년 맨 아시아 문학상 수상작으로, 신경숙의 8번째 장편소설이다. 2007년 겨울부터 2008년 여름까지「창작과비평」에 연재된 작품이다. 지하철역에서 아버지의 손을 놓치고 실종된 어머니의 흔적을 추적하면서 기억을 복원하는 과정을 그렸다. 각 장은 전단지를 붙이고 광고를 내면서 엄마를 찾아 헤매는 자식들과 남편, 엄마의 시선으로 전개된다.",2008-10-24,https://image.aladin.co.kr/product/272/78/coversum/8936433679_2.jpg,국내도서>소설/시/희곡>한국소설>2000년대 이후 한국소설
오늘의 거짓말,정이현,문학과 지성사,대덕소프트웨어마이스터고등학교,EM00009522,813.6 정68ㅇ,"<달콤한 나의 도시>의 작가 정이현이 두 번째 소설집을 펴냈다. 2003년 출간된 <낭만적 사랑과 사회> 이후 4년 만이다. 작가는 1970년대부터 2000년대의 한국사회 구석구석을 짚어낸다. 또한 도시적 삶이 요구하는 인간관계의 매뉴얼을 준수하면서도, 그 속의 진정한 의미에 대한 고민을 놓치지 않는 인물들을 묘사한다.",2007-07-19,https://image.aladin.co.kr/product/94/24/coversum/8932017980_1.jpg,국내도서>소설/시/희곡>한국소설>2000년대 이후 한국소설
해저 2만리 1,쥘 베른,열림원,대덕소프트웨어마이스터고등학교,EM00012611,863 베297ㅎ v.1 c.2,"SF문학의 선구자 쥘 베른의 대표작 <해저 2만리>를 생생한 일러스트와 함께 읽는다. 초판 발간 후, 얼마 지나지 않아 나온 일러스트판에 수록된 에두아르 리우와 알퐁스 드 누빌의 삽화와 더불어 프랑스 아셰트 출판사가 특별 제작한 삽화를 함께 실었다. 노틸러스호의 구조, 해저 탐사에 쓰이는 각종 용구, 작품 속에 묘사된 갖가지 해양 동물의 모습 등을 사실감 있게 보여준다.",2009-09-07,https://image.aladin.co.kr/product/445/23/coversum/8972883549_1.jpg,국내도서>소설/시/희곡>과학소설(SF)>외국 과학소설
시누헤 1,미카 왈타리,동녘,대덕소프트웨어마이스터고등학교,EM00007964,839.64 왈882ㅅ v.1 c.2,"자유와 평등을 부르짖었던 파라오 아케나톤의 혁명을 그린 역사소설이다. '시누헤'는 고대 이집트 역사의 거친 풍랑 속에서 아케나톤의 주치의로 종교개혁 과정을 옆에서 지켜보고, 그의 혁명, 평등, 반전에 관한 사상을 이해하게 되는 인물. 아케나톤 혁명을 배경으로 하지만 이야기의 기본 얼개에는 모험과 사랑이 있다.",2007-08-25,https://image.aladin.co.kr/product/96/60/coversum/8972975451_1.jpg,국내도서>소설/시/희곡>역사소설>외국 역사소설
시누헤 2,미카 왈타리,동녘,대덕소프트웨어마이스터고등학교,EM00007968,839.64 왈882ㅅ v.2 c.3,,2007-08-25,https://image.aladin.co.kr/product/96/60/coversum/897297546x_1.jpg,국내도서>소설/시/희곡>역사소설>외국 역사소설
 쑤저우의  연인 1,베트 바오 로드,푸르메,대덕소프트웨어마이스터고등학교,EM00008630,843 로27ㅇ v.1 c.2,"중국의 근대화 과정을 기저로 삼아 명문가의 5대에 걸친 여인의 삶을 그려낸 소설. 늘 안채에서 숨죽이며 지내던 춘월의 할머니 노마님과 큰어머니 금덕, 어머니 향설로부터 춘월, 그리고 춘월의 딸인 채옥과 채옥의 딸인 동란, 그리고 춘월의 고손녀인 옥춘. 이 여인들의 시선으로 바라본 중국의 이야기이다.",2007-03-15,https://image.aladin.co.kr/product/89/39/coversum/8995800380_1.jpg,국내도서>소설/시/희곡>중국소설
완득이,김려령,창비,대덕소프트웨어마이스터고등학교,EM00012732,813.6 김294ㅇ c.4,"주인공부터 조연에 이르기까지, 현실에서 튀어나온 듯한 개성 만점의 캐릭터들이 한데 모여 조화를 이룬다. 캐릭터 못지않게 눈길을 끄는 이 소설의 매력은 리드미컬 문체와 속도감이다. 꾸밈없이 솔직한 문장과 거침없이 내달리는 이야기, 한바탕 웃고 난 뒤 코끝을 찡하게 하는 감동을 주는 소설. 제1회 창비청소년문학상 수상작.",2008-03-16,https://image.aladin.co.kr/product/193/55/coversum/8936456083_1.jpg,국내도서>청소년>청소년 문학>청소년 소설
완득이,김려령,창비,대덕소프트웨어마이스터고등학교,EM00012733,813.6 김294ㅇ c.5,"주인공부터 조연에 이르기까지, 현실에서 튀어나온 듯한 개성 만점의 캐릭터들이 한데 모여 조화를 이룬다. 캐릭터 못지않게 눈길을 끄는 이 소설의 매력은 리드미컬 문체와 속도감이다. 꾸밈없이 솔직한 문장과 거침없이 내달리는 이야기, 한바탕 웃고 난 뒤 코끝을 찡하게 하는 감동을 주는 소설. 제1회 창비청소년문학상 수상작.",2008-03-16,https://image.aladin.co.kr/product/193/55/coversum/8936456083_1.jpg,국내도서>청소년>청소년 문학>청소년 소설
완득이,김려령,창비,대덕소프트웨어마이스터고등학교,EM00008023,813.6 김294ㅇ c.3,"주인공부터 조연에 이르기까지, 현실에서 튀어나온 듯한 개성 만점의 캐릭터들이 한데 모여 조화를 이룬다. 캐릭터 못지않게 눈길을 끄는 이 소설의 매력은 리드미컬 문체와 속도감이다. 꾸밈없이 솔직한 문장과 거침없이 내달리는 이야기, 한바탕 웃고 난 뒤 코끝을 찡하게 하는 감동을 주는 소설. 제1회 창비청소년문학상 수상작.",2008-03-16,https://image.aladin.co.kr/product/193/55/coversum/8936456083_1.jpg,국내도서>청소년>청소년 문학>청소년 소설
이 숲에서 우리는 행복했다,마거릿 크레이븐,우리교육 검둥소,대덕소프트웨어마이스터고등학교,EM00008054,234.8 크294ㅇ,"원주민보호구역에 부임한 젊은 백인 신부 마크의 눈을 통해서, 백인들의 물질 문명이 인디언의 삶과 문화를 어떻게 파괴했는지 보여준다. 그렇지만 이 작품의 더 큰 가치는, 생명을 존중하고 자연친화적이며 진실한 인디언들을 통해 삶과 죽음의 의미를 일깨워주고, 어떻게 살아야 하는지를 깨우쳐준다는 점이다. 
",2007-05-31,https://image.aladin.co.kr/product/92/67/coversum/8980403208_1.jpg,국내도서>소설/시/희곡>영미소설
작은 토끼야 들어와 편히 쉬어라,김서령,실천문학사,대덕소프트웨어마이스터고등학교,EM00008083,813.6 김54ㅈ,"2003년 「현대문학」으로 등단한 김서령의 첫 소설집. 그간 발표해온 작품들 아홉 편의 소설을 골라 엮었다. 등단작인 '역전다방'에서 이미 예견된 바대로, '외롭고 불행한 사람들'을 향한 작가의 관심은 초지일관이다. 변변한 울타리조차 없이 헐벗은 이들을 감싸 안는 따뜻한 감성이 눈부시다.",2007-03-30,https://image.aladin.co.kr/product/90/86/coversum/8939205774_1.jpg,국내도서>소설/시/희곡>한국소설>2000년대 이후 한국소설
장길산 1,황석영,창비,대덕소프트웨어마이스터고등학교,EM00008086,813.6 황5ㅈ v.1,우리 시대 최고의 작가 황석영의 대표작 장길산(전12권)이 산뜻한 장정의 특별합본호 4권으로 다시 독자들을 만난다. 1974년부터 1984년까지 10년에 걸쳐 완성된 황석영의 대하소설이다.,2020-12-21,https://image.aladin.co.kr/product/25891/2/coversum/8936432907_1.jpg,국내도서>소설/시/희곡>역사소설>한국 역사소설
장길산 6,황석영,창비,대덕소프트웨어마이스터고등학교,EM00008091,813.6 황5ㅈ v.6,,2004-04-28,https://image.aladin.co.kr/product/48/86/coversum/8936430599_2.jpg,국내도서>소설/시/희곡>역사소설>한국 역사소설
장길산 7,황석영,창비,대덕소프트웨어마이스터고등학교,EM00008092,813.6 황5ㅈ v.7,,2004-04-28,https://image.aladin.co.kr/product/48/86/coversum/8936430602_2.jpg,국내도서>소설/시/희곡>역사소설>한국 역사소설
책도둑 1,마커스 주삭,문학동네,대덕소프트웨어마이스터고등학교,EM00009619,843 주52ㅊ v.1 c.3,"제2차 세계대전의 비극과 공포 속에서도 책에 대한 사랑으로 삶을 버텨나갈 수 있었던 한 독일소녀의 이야기. 전쟁이라는 거대한 사건, 그 안에서 자신의 의지와는 상관없이 숨 가쁘게 뒤바뀌는 운명 속에서도 보석처럼 빛나던 사람들, 그리고 그들이 살아냈던 소박하고 아름다운 삶에 대해 바치는 헌사와도 같은 소설이다.",2008-02-01,https://image.aladin.co.kr/product/170/33/coversum/895460496x_1.jpg,국내도서>소설/시/희곡>세계의 소설>기타 국가 소설
태왕사신기 1,송지나,환타웍스,대덕소프트웨어마이스터고등학교,EM00008192,813.6 김82ㅌ v.1,역사판타지소설 <태왕사신기>는 환웅 신화와 광개토대왕을 직접적으로 연결한다. 이는 동명의 TV용 사극 '태왕사신기'와 그 맥락을 같이 하는 것이다. 그러나 영상 매체에서 생략될 수 밖에 없었던 인물들의 심리와 세부적인 개연성을 살린 점이 드라마와 구별되는 부분이다. 또 드라마와는 사뭇 다른 모습의 인물들이 활약하며 사건의 진행과 결말 역시 독자적인 노선을 따른다.,2007-09-17,https://image.aladin.co.kr/product/98/11/coversum/899600331x_1.jpg,국내도서>소설/시/희곡>한국소설>2000년대 이후 한국소설
피쉬 걸 2  에밀리와 바다괴물 크라켄,리즈 케슬러,별이온,대덕소프트웨어마이스터고등학교,EM00008214,843 케57ㅍ v.2,"인어를 소재로 쓴 판타지 소설로, 꼬리에 꼬리를 물고 이어지는 미스터리한 사건들이15살 소녀의 천진난만한 시선으로 그려진다. 에밀리가 가족의 비밀을 알아내고, 넵툰의 분노에 용감히 맞서 아빠와 엄마의 재결합을 이루어내는 이야기가 흥미진진하게 펼쳐진다.",2008-01-20,https://image.aladin.co.kr/product/102/19/coversum/8957519521_1.jpg,국내도서>소설/시/희곡>판타지/환상문학>외국판타지/환상소설
은교,박범신,문학동네,대덕소프트웨어마이스터고등학교,EM00017302,813.6 박44ㅇ c.4,"정지우 감독, 박해일.김무열.김고은 주연의 영화 [은교] 원작소설. 박범신의 장편소설로, 두 남자와 한 여자의 엉켜 있는 사랑이야기이다. 작가는 소설 은교에서 '남자란 무엇인가. 여자란 또 무엇인가. 젊음이란 무엇인가. 늙음이란 또 무엇인가. 시란 무엇인가. 소설은 또 무엇인가. 욕망이란 무엇인가. 죽음이란 또 무엇인가.'라는 존재론적인 질문을 계속해서 던진다.",2010-07-06,https://image.aladin.co.kr/product/677/11/coversum/8954610684_2.jpg,국내도서>소설/시/희곡>한국소설>2000년대 이후 한국소설
기사단장 죽이기1   현현하는 이데아,무라카미 하루키,문학동네,대덕소프트웨어마이스터고등학교,IT00006787,833.6 하296ㄱ v.1,"모차르트 오페라 <돈 조반니>의 등장인물을 일본 아스카 시대로 옮겨놓은 듯한 그 그림을 가지고 내려온 뒤로, ‘나’의 주위에서 기이한 일들이 잇달아 일어난다. 『태엽 감는 새』 『1Q84』 등 기존의 본격 장편소설 세계관을 잇는, 현실과 비현실이 절묘하게 융합된 하루키 월드의 결정판이다.",2017-07-12,https://image.aladin.co.kr/product/11260/48/coversum/8954646123_2.jpg,국내도서>소설/시/희곡>일본소설>1950년대 이후 일본소설
나무를 심은 사람,장 지오노,두레,대덕소프트웨어마이스터고등학교,IT00005890,863 지65나 c.2,"'희망을 심고 행복을 가꾼' 한 사람이 메마르고 황폐한 땅에 홀로 수십 년 동안 나무를 심어 황무지를 생명이 살아 숨쉬는 숲으로 바꾸어놓는 이야기로, 작가가 자신의 경험을 바탕으로 첫 원고를 쓴 뒤 20여 년 동안 다듬어 완성한 작품이다.",2018-03-10,https://image.aladin.co.kr/product/13539/52/coversum/8974431149_2.jpg,국내도서>소설/시/희곡>프랑스소설
연금술사,파울로 코엘료,문학동네,대덕소프트웨어마이스터고등학교,EM00017981,879.3 코63ㅇ c.2,"세상을 두루두루 여행하기 위해 양치기가 된 청년 산티아고의 '자아의 신화' 찾기 여행담. 자칫 딱딱하게 보일 수 있는 제목과는 달리 간결하고 경쾌한 언어들로 쓰여 있어서, 물이 흘러가듯 수월하게 읽히는 작품이다.",2001-12-01,https://image.aladin.co.kr/product/30/73/coversum/8982814477_3.jpg,국내도서>소설/시/희곡>스페인/중남미소설
아리랑 6  민족혼 6,조정래,해냄,대덕소프트웨어마이스터고등학교,EM00008643,813.6 조74ㅇ v.6,"한민족의 끈질긴 생존과 투쟁, 이민사를 다룬 민족의 대서사시『아리랑』의 작가 등단 50주년 기념 개정판. 일제 침략기부터 해방기까지 한민족의 끈질긴 생존과 투쟁, 이민사를 다룬 민족의 대서사시다.",2020-10-15,https://image.aladin.co.kr/product/25326/96/coversum/8965749360_1.jpg,국내도서>소설/시/희곡>역사소설>한국 역사소설
 소설  히파티아,브라이언 트렌트,궁리출판,대덕소프트웨어마이스터고등학교,EM00007941,843 트294ㅎ c.2,"고대 그리스에서 '아름다움과 지혜'의 여신으로 추앙받았던 여성 수학자이자 철학자, '히파티아'. 그녀가 기독교 광신도에게 살해당하기 직전, 생애 마지막 한 달간의 이야기를 소설로 재구성했다. 당대 최고 지성인 그녀에 대한 살인은 고대 광명의 종말과 중세 암흑의 도래를 의미할 만큼 중요한 역사적 사건으로 꼽힌다.",2007-09-03,https://image.aladin.co.kr/product/97/81/coversum/8958201045_1.jpg,국내도서>소설/시/희곡>역사소설>외국 역사소설
시누헤 1,미카 왈타리,동녘,대덕소프트웨어마이스터고등학교,EM00007963,839.64 왈882ㅅ v.1,"자유와 평등을 부르짖었던 파라오 아케나톤의 혁명을 그린 역사소설이다. '시누헤'는 고대 이집트 역사의 거친 풍랑 속에서 아케나톤의 주치의로 종교개혁 과정을 옆에서 지켜보고, 그의 혁명, 평등, 반전에 관한 사상을 이해하게 되는 인물. 아케나톤 혁명을 배경으로 하지만 이야기의 기본 얼개에는 모험과 사랑이 있다.",2007-08-25,https://image.aladin.co.kr/product/96/60/coversum/8972975451_1.jpg,국내도서>소설/시/희곡>역사소설>외국 역사소설
안개의 사나이,김성종,뿔,대덕소프트웨어마이스터고등학교,EM00007989,813.6 김54ㅇ c.3,"최후의 증인, 여명의 눈동자, 어느 창녀의 죽음 등의 작품을 통해 현대 한국 사회의 어둡고 비정한 현실을 조명해온 작가 김성종의 2008년 작 장편 추리소설. 한 살인 청부업자의 안개 속 살인과 잡힐 듯 잡히지 않는 범인의 뒤를 쫓는 형사들의 이야기를 건조한 문체로 그려냈다.",2008-01-25,https://image.aladin.co.kr/product/170/82/coversum/8901077248_1.jpg,국내도서>소설/시/희곡>추리/미스터리소설>한국 추리/미스터리소설
워터,요시다슈이치,북스토리,대덕소프트웨어마이스터고등학교,EM00008040,833.6 요58ㅇ,"후지와라 다쓰야, 한효주, 변요한 주연 영화 〈태양은 움직이지 않는다〉와 동명의 TV 드라마 방영에 맞추어 《태양은 움직이지 않는다》 《숲은 알고 있다》 《워터 게임》의 ‘다카노 시리즈’ 3부작이 국내에서 출간되었다.",2020-05-25,https://image.aladin.co.kr/product/24109/83/coversum/k572639537_1.jpg,국내도서>소설/시/희곡>액션/스릴러소설>외국 액션/스릴러소설
 일러스트  파이 이야기,얀 마텔,작가정신,대덕소프트웨어마이스터고등학교,EM00008075,843 마884ㅍ,"전 세계 천만 독자를 감동시킨 부커상 최대 베스트셀러 파이 이야기의 일러스트판 특별판. 기존 양장본이 가진 부담과 무게감을 덜고, 산뜻한 디자인과 콤팩트한 판형으로 재단장하여 파이 이야기 일러스트 특별판을 다시 한번 독자 앞에 선보인다.",2017-09-25,https://image.aladin.co.kr/product/11834/36/coversum/k562531525_1.jpg,국내도서>소설/시/희곡>세계의 소설>기타 국가 소설
장길산 2,황석영,창비,대덕소프트웨어마이스터고등학교,EM00008087,813.6 황5ㅈ v.2,,2004-04-28,https://image.aladin.co.kr/product/48/86/coversum/8936430556_2.jpg,국내도서>소설/시/희곡>역사소설>한국 역사소설
점퍼 2  그리핀 이야기,스티븐 굴드,까멜레옹,대덕소프트웨어마이스터고등학교,EM00008106,843 굴27ㅈ v.2 c.2,"점퍼 '그리핀 이야기' 편은 영화에 등장하는 캐릭터를 설명하기 위한 백스토리(backstory)에 가깝다. 1권이 주인공이 '순간 이동' 능력을 이용해 악을 퇴치하면서도 그 능력 때문에 국가로부터 생명의 위협을 느끼는 내용인 반면, 2권에서는 열세 살짜리 영국 소년(영화에서는 데이빗의 동료 점퍼로 나온다)이 '팔라딘'이라는 외계 조직에 위협을 받고 맞서는 내용이 펼쳐진다.",2008-02-01,https://image.aladin.co.kr/product/170/43/coversum/8949192012_1.jpg,국내도서>소설/시/희곡>과학소설(SF)>외국 과학소설
책도둑 1,마커스 주삭,문학동네,대덕소프트웨어마이스터고등학교,EM00008139,843 주52ㅊ v.1,"제2차 세계대전의 비극과 공포 속에서도 책에 대한 사랑으로 삶을 버텨나갈 수 있었던 한 독일소녀의 이야기. 전쟁이라는 거대한 사건, 그 안에서 자신의 의지와는 상관없이 숨 가쁘게 뒤바뀌는 운명 속에서도 보석처럼 빛나던 사람들, 그리고 그들이 살아냈던 소박하고 아름다운 삶에 대해 바치는 헌사와도 같은 소설이다.",2008-02-01,https://image.aladin.co.kr/product/170/33/coversum/895460496x_1.jpg,국내도서>소설/시/희곡>세계의 소설>기타 국가 소설
타나토노트 2,베르나르 베르베르,열린책들,대덕소프트웨어마이스터고등학교,EM00008178,863.6 베297ㅌ v.2,,2000-09-15,https://image.aladin.co.kr/product/24/84/coversum/8932903212_3.jpg,국내도서>소설/시/희곡>프랑스소설
은교,박범신,문학동네,대덕소프트웨어마이스터고등학교,EM00017300,813.6 박44ㅇ c.2,"정지우 감독, 박해일.김무열.김고은 주연의 영화 [은교] 원작소설. 박범신의 장편소설로, 두 남자와 한 여자의 엉켜 있는 사랑이야기이다. 작가는 소설 은교에서 '남자란 무엇인가. 여자란 또 무엇인가. 젊음이란 무엇인가. 늙음이란 또 무엇인가. 시란 무엇인가. 소설은 또 무엇인가. 욕망이란 무엇인가. 죽음이란 또 무엇인가.'라는 존재론적인 질문을 계속해서 던진다.",2010-07-06,https://image.aladin.co.kr/product/677/11/coversum/8954610684_2.jpg,국내도서>소설/시/희곡>한국소설>2000년대 이후 한국소설
안녕  언젠가,츠지히토나리,소담,대덕소프트웨어마이스터고등학교,IT00006253,833.6 츠78ㅇ c.2,"냉정과 열정 사이, 사랑 후에 오는 것들의 작가 츠지 히토나리의 2001년 작. 철저한 계산에 따라 인생을 살아왔지만 마음만은 계산할 수 없다는 것을 몰랐던 남자 유타카와 넉 달간의 추억만으로 평생을 산 여자 토우코가 두 주인공이다. 사랑받는 것과 사랑하는 것, 그리고 그것이 인생에서 갖는 의미를 이야기하는 소설.",2007-10-19,https://image.aladin.co.kr/product/98/77/coversum/897381916x_2.jpg,국내도서>소설/시/희곡>일본소설>1950년대 이후 일본소설
댄스 댄스 댄스 상,무라카미 하루키,문학사상,대덕소프트웨어마이스터고등학교,IT00006779,833.6 무521ㄷ v.상,"『양을 둘러싼 모험』으로부터 사 년, 세차게 눈이 쏟아지는 삿포로 거리에서 ‘나’의 새로운 모험이 시작된다. 기묘하고 복잡한 댄스 스텝을 밟으며 ‘나’는 어둡고 위험한 운명의 미로를 뚫고 나간다. 80년대를 무대로 새로운 가치를 찾아 어둠과 빛의 교차를 선명하게 그려 낸 화제작이다.",2023-01-26,https://image.aladin.co.kr/product/30992/64/coversum/8970125434_1.jpg,국내도서>소설/시/희곡>일본소설>1950년대 이후 일본소설
항아리,정호승,열림원,대덕소프트웨어마이스터고등학교,EM00008537,818.6 정95ㅎ,"운주사 물고기 풍경(風磬)이 사랑을 찾아 세상을 떠도는 모험을 담은 장편 《연인》, 버려진 항아리, 바다로 가고 싶은 종이배, 생화 사이에 놓인 조화 장미 등 작고 사소한 것들의 짧은 이야기들을 엮은 《항아리》 《조약돌》을 오늘날 감각으로 다듬어 새로운 장정으로 펴낸다.",2025-06-25,https://image.aladin.co.kr/product/36714/18/coversum/k202030890_1.jpg,국내도서>소설/시/희곡>한국소설>2000년대 이후 한국소설
연금술사,파울로 코엘료,문학동네,대덕소프트웨어마이스터고등학교,EM00008554,879.3 코63ㅇ,"세상을 두루두루 여행하기 위해 양치기가 된 청년 산티아고의 '자아의 신화' 찾기 여행담. 자칫 딱딱하게 보일 수 있는 제목과는 달리 간결하고 경쾌한 언어들로 쓰여 있어서, 물이 흘러가듯 수월하게 읽히는 작품이다.",2001-12-01,https://image.aladin.co.kr/product/30/73/coversum/8982814477_3.jpg,국내도서>소설/시/희곡>스페인/중남미소설
나무들 비탈에 서다,황순원,문학사상사,대덕소프트웨어마이스터고등학교,EM00008556,810.82 황56ㄴ,"소설가 황순원이 한국전쟁에 관해 쓴 장.단편소설을 묶은 책이다. '카인의 후예'는 1953년부터 「문예」지에 연재했던 작품으로, 1950년대 한국문학의 대표작으로 꼽힌다. 1960년 「사상계」에 연재했던 '나무들 비탈에 서다'는 이듬해 예술원상을 수상했다. 또한 이 작품을 평한 백철과 더불어 작가의 의식과 시대상의 반영에 관한 두 차례의 유명한 논쟁을 촉발하게 했다. 문학과지성사 한국문학전집의 스물세 번째 권.",2006-02-01,https://image.aladin.co.kr/product/62/13/coversum/8932016690_2.jpg,국내도서>소설/시/희곡>한국소설>2000년대 이전 한국소설
아리랑 12  동트는 광야 12,조정래,해냄,대덕소프트웨어마이스터고등학교,EM00008649,813.6 조74ㅇ v.12,"한민족의 끈질긴 생존과 투쟁, 이민사를 다룬 민족의 대서사시『아리랑』의 작가 등단 50주년 기념 개정판. 일제 침략기부터 해방기까지 한민족의 끈질긴 생존과 투쟁, 이민사를 다룬 민족의 대서사시다.",2020-10-15,https://image.aladin.co.kr/product/25326/99/coversum/8965749425_1.jpg,국내도서>소설/시/희곡>역사소설>한국 역사소설
 소설  히파티아,브라이언 트렌트,궁리출판,대덕소프트웨어마이스터고등학교,EM00007942,843 트294ㅎ c.3,"고대 그리스에서 '아름다움과 지혜'의 여신으로 추앙받았던 여성 수학자이자 철학자, '히파티아'. 그녀가 기독교 광신도에게 살해당하기 직전, 생애 마지막 한 달간의 이야기를 소설로 재구성했다. 당대 최고 지성인 그녀에 대한 살인은 고대 광명의 종말과 중세 암흑의 도래를 의미할 만큼 중요한 역사적 사건으로 꼽힌다.",2007-09-03,https://image.aladin.co.kr/product/97/81/coversum/8958201045_1.jpg,국내도서>소설/시/희곡>역사소설>외국 역사소설
 쑤저우의  연인 2,베트 바오 로드,푸르메,대덕소프트웨어마이스터고등학교,EM00007972,843 로27ㅇ v.2,,2007-03-15,https://image.aladin.co.kr/product/89/39/coversum/8995800399_1.jpg,국내도서>소설/시/희곡>중국소설
욕망의 땅,엘리스 피터스,북하우스,대덕소프트웨어마이스터고등학교,EM00008029,843 피884ㅇ,"캐드펠 수사 시리즈의 열일곱 번째 작품 『욕망의 땅』은 신원을 알 수 없는 한 여인의 죽음을 파헤치는 작품으로, 앞을 예측하기 어려운 반전과 함께, 중세의 여성이 놓인 비극적 운명과 죄의식이라는 주제를 건드린다.",2025-06-30,https://image.aladin.co.kr/product/36628/18/coversum/k042030670_1.jpg,국내도서>소설/시/희곡>추리/미스터리소설>영미 추리/미스터리소설
워터,요시다슈이치,북스토리,대덕소프트웨어마이스터고등학교,EM00008042,833.6 요58ㅇ c.3,"후지와라 다쓰야, 한효주, 변요한 주연 영화 〈태양은 움직이지 않는다〉와 동명의 TV 드라마 방영에 맞추어 《태양은 움직이지 않는다》 《숲은 알고 있다》 《워터 게임》의 ‘다카노 시리즈’ 3부작이 국내에서 출간되었다.",2020-05-25,https://image.aladin.co.kr/product/24109/83/coversum/k572639537_1.jpg,국내도서>소설/시/희곡>액션/스릴러소설>외국 액션/스릴러소설
잃어버린 시간을 찾아서 1  스완네 집 쪽으로 1,마르셀 프루스트,국일미디어,대덕소프트웨어마이스터고등학교,EM00008079,863.6 프296ㅇ v.1,"모두 7편에 이르는 연작 소설로서, 그 분량을 합하면 몇천 쪽에 이르는 방대한 작품이다. 국내에서는 최초로 '프루스트 전공자'인 김희영 한국외국어대학교 교수가 프루스트 전공자로서 사명감과 용기를 가지고 번역에 모든 정열과 노력을 쏟은 작품이다.",2012-09-05,https://image.aladin.co.kr/product/1960/90/coversum/8937485613_1.jpg,국내도서>소설/시/희곡>프랑스소설
장길산 3,황석영,창비,대덕소프트웨어마이스터고등학교,EM00008088,813.6 황5ㅈ v.3,,2004-04-28,https://image.aladin.co.kr/product/48/86/coversum/8936430564_2.jpg,국내도서>소설/시/희곡>역사소설>한국 역사소설
장길산 10,황석영,창비,대덕소프트웨어마이스터고등학교,EM00008095,813.6 황5ㅈ v.10,,2004-04-28,https://image.aladin.co.kr/product/48/86/coversum/8936430637_2.jpg,국내도서>소설/시/희곡>역사소설>한국 역사소설
점퍼 2  그리핀 이야기,스티븐 굴드,까멜레옹,대덕소프트웨어마이스터고등학교,EM00008105,843 굴27ㅈ v.2,"점퍼 '그리핀 이야기' 편은 영화에 등장하는 캐릭터를 설명하기 위한 백스토리(backstory)에 가깝다. 1권이 주인공이 '순간 이동' 능력을 이용해 악을 퇴치하면서도 그 능력 때문에 국가로부터 생명의 위협을 느끼는 내용인 반면, 2권에서는 열세 살짜리 영국 소년(영화에서는 데이빗의 동료 점퍼로 나온다)이 '팔라딘'이라는 외계 조직에 위협을 받고 맞서는 내용이 펼쳐진다.",2008-02-01,https://image.aladin.co.kr/product/170/43/coversum/8949192012_1.jpg,국내도서>소설/시/희곡>과학소설(SF)>외국 과학소설
눈먼 시계공 1,김탁환,민음사,대덕소프트웨어마이스터고등학교,EM00011439,813.6 김882ㄴ v.1,"소설가 김탁환과 과학자 정재승이 함께 쓴 장편 소설. 소설가와 과학자의 몽상과 지식이 씨줄과 날줄로 얽혀 2049년이라는 30년 후의 서울을, 시대를, 그리고 인간을 생생하게 직조해 낸다. 2049년, 서울 인류가 자연이 준 몸과 마음을 버리고, 기계와 몸을 섞으며 새로운 진화를 꿈꾸는 시대의 이야기가 펼쳐진다.",2010-05-10,https://image.aladin.co.kr/product/697/39/coversum/8937483211_1.jpg,국내도서>소설/시/희곡>과학소설(SF)>한국 과학소설
새벽 세시  바람이 부나요 ,다니엘 글라타우어,문학동네,대덕소프트웨어마이스터고등학교,EM00011513,853 글292ㅅ,"서른이 훌쩍 넘은 도시남녀의 사랑을 이메일이라는 소통 매체를 통해 풀어낸 소설. 처음부터 끝까지 두 주인공의 이메일로 이루어진다. 칼럼니스트이자 저널리스트인 저자의 짧고 간결한 이메일들이 서간문 특유의 호흡과 리듬을 부여한다. 
",2008-04-14,https://image.aladin.co.kr/product/203/19/coversum/8954605338_1.jpg,국내도서>소설/시/희곡>독일소설
형태뿐인 사랑   히라노 게이치로 장편소설,히라노 게이치로,arte(아르테),대덕소프트웨어마이스터고등학교,IT00006784,833.6 게68ㅎ,,,,
연금술사,파울로 코엘료,문학동네,대덕소프트웨어마이스터고등학교,EM00017990,879.3 코63ㅇ c.11,"세상을 두루두루 여행하기 위해 양치기가 된 청년 산티아고의 '자아의 신화' 찾기 여행담. 자칫 딱딱하게 보일 수 있는 제목과는 달리 간결하고 경쾌한 언어들로 쓰여 있어서, 물이 흘러가듯 수월하게 읽히는 작품이다.",2001-12-01,https://image.aladin.co.kr/product/30/73/coversum/8982814477_3.jpg,국내도서>소설/시/희곡>스페인/중남미소설
삼포 가는 길,황석영,창작과비평사,대덕소프트웨어마이스터고등학교,EM00008623,810.81 황53ㅅ,한국 현대 소설의 대표 단편작을 뽑아 한국어.영어로 동시 수록한 '바이링궐 에디션 : 한국 현대 소설' 시리즈 7권. 삼포 가는 길의 미학적 성취는 완벽하게 구축된 장면과 오감을 파고드는 상징체계에서 그 빛을 더한다.,2012-07-25,https://image.aladin.co.kr/product/1850/89/coversum/8994006265_1.jpg,국내도서>소설/시/희곡>한국소설>2000년대 이전 한국소설
빌리 엘리어트,멜빈 버지스,프로메테우스출판사,대덕소프트웨어마이스터고등학교,EM00008637,843 버78ㅂ,영화 [빌리 엘리어트]를 소설로 읽는다. 작가는 멜빈 버지스. 작가 멜빈 버지스는 스크린에 공백으로 남아있던 부분을 섬세한 필치로 채워 넣으며 자기만의 화법으로 이야기를 다시 썼다. 그리하여 영화의 매력과는 또 다른 독특한 기법으로 소설을 만들어냈다.,2012-07-04,https://image.aladin.co.kr/product/1788/50/coversum/8991503209_1.jpg,국내도서>소설/시/희곡>영미소설
아리랑 4  민족혼 4,조정래,해냄,대덕소프트웨어마이스터고등학교,EM00008641,813.6 조74ㅇ v.4,"한민족의 끈질긴 생존과 투쟁, 이민사를 다룬 민족의 대서사시『아리랑』의 작가 등단 50주년 기념 개정판. 일제 침략기부터 해방기까지 한민족의 끈질긴 생존과 투쟁, 이민사를 다룬 민족의 대서사시다.",2020-10-15,https://image.aladin.co.kr/product/25326/95/coversum/8965749344_1.jpg,국내도서>소설/시/희곡>역사소설>한국 역사소설
아리랑 7  어둠의 산하 7,조정래,해냄,대덕소프트웨어마이스터고등학교,EM00008644,813.6 조74ㅇ v.7,"한민족의 끈질긴 생존과 투쟁, 이민사를 다룬 민족의 대서사시『아리랑』의 작가 등단 50주년 기념 개정판. 일제 침략기부터 해방기까지 한민족의 끈질긴 생존과 투쟁, 이민사를 다룬 민족의 대서사시다.",2020-10-15,https://image.aladin.co.kr/product/25326/98/coversum/8965749379_1.jpg,국내도서>소설/시/희곡>역사소설>한국 역사소설
아리랑 9  어둠의 산하 9,조정래,해냄,대덕소프트웨어마이스터고등학교,EM00008646,813.6 조74ㅇ v.9,"한민족의 끈질긴 생존과 투쟁, 이민사를 다룬 민족의 대서사시『아리랑』의 작가 등단 50주년 기념 개정판. 일제 침략기부터 해방기까지 한민족의 끈질긴 생존과 투쟁, 이민사를 다룬 민족의 대서사시다.",2020-10-15,https://image.aladin.co.kr/product/25326/98/coversum/8965749395_1.jpg,국내도서>소설/시/희곡>역사소설>한국 역사소설
리스본행 야간열차,파스칼 메르시어,들녘,대덕소프트웨어마이스터고등학교,IT00006520,853 메297ㄹ,"단조로운 바퀴 소리, 덜컹거리는 사물들… 삶에 회의를 느끼고 충동적으로 올라탄 열차가 데려다준 도시 리스본. 경사진 골목길을 달리는 오래된 전차와 낯선 언어를 헤집고 만난 새로운 사람들. 파스칼 메르시어의 《리스본행 야간열차》가 비채에서 새롭게 출간되었다.",2022-12-20,https://image.aladin.co.kr/product/30698/94/coversum/8934940719_1.jpg,국내도서>소설/시/희곡>독일소설
바깥은 여름,김애란,문학동네,대덕소프트웨어마이스터고등학교,IT00009842,813.7 김63ㅂ c.6,비행운 이후 5년 만에 펴내는 김애란 소설집. 역대 최연소 수상으로 화제를 모은 이상문학상 수상작 '침묵의 미래'와 젊은작가상 수상작 '어디로 가고 싶으신가요'를 포함해 일곱 편의 단편이 실렸다.,2017-06-28,https://image.aladin.co.kr/product/11145/47/coversum/s532932793_1.jpg,국내도서>소설/시/희곡>한국소설>2000년대 이후 한국소설
바깥은 여름,김애란,문학동네,대덕소프트웨어마이스터고등학교,IT00009846,813.7 김63ㅂ c.10,비행운 이후 5년 만에 펴내는 김애란 소설집. 역대 최연소 수상으로 화제를 모은 이상문학상 수상작 '침묵의 미래'와 젊은작가상 수상작 '어디로 가고 싶으신가요'를 포함해 일곱 편의 단편이 실렸다.,2017-06-28,https://image.aladin.co.kr/product/11145/47/coversum/s532932793_1.jpg,국내도서>소설/시/희곡>한국소설>2000년대 이후 한국소설
바깥은 여름,김애란,문학동네,대덕소프트웨어마이스터고등학교,IT00009851,813.7 김63ㅂ c.15,비행운 이후 5년 만에 펴내는 김애란 소설집. 역대 최연소 수상으로 화제를 모은 이상문학상 수상작 '침묵의 미래'와 젊은작가상 수상작 '어디로 가고 싶으신가요'를 포함해 일곱 편의 단편이 실렸다.,2017-06-28,https://image.aladin.co.kr/product/11145/47/coversum/s532932793_1.jpg,국내도서>소설/시/희곡>한국소설>2000년대 이후 한국소설
82년생 김지영,조남주,민음사,대덕소프트웨어마이스터고등학교,IT00008327,813.7 조192ㅍ c.3,오늘의 젊은 작가 13권. 조남주 장편소설. 시사 교양 프로그램에서 10년 동안 일한 방송 작가답게 서민들의 일상에서 발생하는 비극을 사실적이고 공감대 높은 스토리로 표현하는 데 특출 난 재능을 보이는 작가는 82년생 김지영에서 30대를 살고 있는 한국 여성들의 보편적인 일상을 완벽하게 재현한다.,2016-10-14,https://image.aladin.co.kr/product/9476/48/coversum/8937473135_1.jpg,국내도서>소설/시/희곡>한국소설>2000년대 이후 한국소설
아내가 결혼했다,박현욱,문이당,대덕소프트웨어마이스터고등학교,EM00009483,813.6 박94ㅇ c.2,문학동네 한국문학 전집 시리즈 18권. 제2회 세계문학상 수상작. 2008년 정윤수 감독에 의해 동명의 제목으로 영화화되면서 다시 한번 ‘아내가 결혼했다’라는 논쟁적 주제에 대한 사회적 관심을 이끌어내기도 했다.,2014-01-15,https://image.aladin.co.kr/product/3539/52/coversum/8954623409_1.jpg,국내도서>소설/시/희곡>한국소설>2000년대 이후 한국소설
타임라인 2 2,마이클 크라이튼,김영사,대덕소프트웨어마이스터고등학교,EM00003456,843 크292ㅌ v.2,,2000-07-25,https://image.aladin.co.kr/product/24/28/coversum/8934905727_1.gif,국내도서>소설/시/희곡>과학소설(SF)>외국 과학소설
애거서 크리스티 전집 2,애거서 크리스티,황금가지,대덕소프트웨어마이스터고등학교,EM00003508,843.6 크299ㅇ v.2,"황금가지 애거서 크리스티 전집 시리즈 76권. 그동안 애거서 크리스티가 생전에 쓴 다양한 단편들 중에서 한 권으로 엮여 출간되지 못한 단편들을 모두 모았다. 추리물 외에도 어드벤처, 호러, 미스터리가 다양하게 뒤섞여 있다.",2013-07-12,https://image.aladin.co.kr/product/2879/84/coversum/8982737766_3.jpg,국내도서>소설/시/희곡>추리/미스터리소설>영미 추리/미스터리소설
어느날  엄마 에 관해 쓰기 시작했다,이충걸,디자인하우스,대덕소프트웨어마이스터고등학교,EM00003544,818 이85ㅇ,,2002-05-05,https://image.aladin.co.kr/product/34/77/coversum/8970418512_1.gif,국내도서>소설/시/희곡>한국소설>2000년대 이후 한국소설
셜록 홈즈 전집 3  주홍색연구  네명의 기호 3,아서 코난 도일,시간과 공간사,대덕소프트웨어마이스터고등학교,EM00003670,843 도68ㅅ v.3,,2002-05-25,https://image.aladin.co.kr/product/34/79/coversum/8971421312_1.jpg,국내도서>소설/시/희곡>추리/미스터리소설>영미 추리/미스터리소설
셜록홈즈의 마지막 인사 8,아서 코난 도일,시간과 공간사,대덕소프트웨어마이스터고등학교,EM00003674,843 도68ㅅ v.8,"홈즈 이야기 중 국내에 가장 널리 알려진 에피소드 중 하나인 '브루스파팅턴 호 설계도'와, 1차 세계대전 당시 발표된 '마지막  인사'가 실려 있다. 전쟁의 그늘이 짙게 깔린 암울한 시기에 쓰여진 이 단편에서는, 국익을 위해 활약하는 홈즈의 새로운 모습을 볼 수 있다.",2002-09-05,https://image.aladin.co.kr/product/37/48/coversum/8982734007_2.jpg,국내도서>소설/시/희곡>추리/미스터리소설>영미 추리/미스터리소설
죽은 시인의 사회,톰 슐만,시간과 공간사,대덕소프트웨어마이스터고등학교,EM00003713,843 슐32ㅈ,"졸업생의 70% 이상이 미국의 최고 명문 대학에 진학하는 웰튼 아카데미, 전원 기숙사 생활을 하면서 철저하고 엄격한 통제를 받는 기숙 고등학교다. 목표는 오직 명문대 진학. 학생들에게 스스로의 결정과 판단이란 존재하지 않는다.",2003-08-10,https://image.aladin.co.kr/product/42/86/coversum/898802737x_1.gif,국내도서>소설/시/희곡>영미소설
구운몽,전영진,홍신문화사,대덕소프트웨어마이스터고등학교,EM00003766,813.5 전64ㄱ,,1995-10-01,https://image.aladin.co.kr/product/1/65/coversum/8970551859_1.jpg,국내도서>소설/시/희곡>한국소설>2000년대 이전 한국소설
삼국지 2,나관중,민음사,대덕소프트웨어마이스터고등학교,EM00003874,823.5 나15ㅅ v.2,"1988년 출간된 이래 누적판매 2,000만 부라는 대기록을 세운 이문열 삼국지가 출간 30여 년 만에 새롭게 출간된다. 이번 개정 신판에서는 지난 30년간 독자들에게서 받은 질문과 평역자 자신이 계속하여 고민하였던 내용들을 새롭게 손보았다.",2020-03-25,https://image.aladin.co.kr/product/23379/41/coversum/8925568802_1.jpg,국내도서>소설/시/희곡>역사소설>외국 역사소설
        삼국지 8  솥발처럼 갈라선 천하,나관중,민음사,대덕소프트웨어마이스터고등학교,EM00007490,823.5 나15ㅅ v.8 c.2,,2020-03-25,https://image.aladin.co.kr/product/23379/49/coversum/892556887x_1.jpg,국내도서>소설/시/희곡>역사소설>외국 역사소설
초승달과 밤배 2,정채봉,까치글방,대덕소프트웨어마이스터고등학교,EM00003989,813.6 정81ㅊ v.2,동화 작가 정채봉 선생의 5주기를 맞아 시작된 정채봉 전집 중 여섯 번째 작품이다. 정채봉의 유일한 장편 소설인 <초승달과 밤배>는 한 작은 바닷가 마을에서 태어난 소년의 성장기를 한국 근대사의 격동의 시기와 함께 풀어간다.,2006-05-30,https://image.aladin.co.kr/product/64/96/coversum/8946415495_1.jpg,국내도서>소설/시/희곡>한국소설>2000년대 이후 한국소설
요재지이 3 3,포송령,민음사,대덕소프트웨어마이스터고등학교,EM00004064,823.5 포55ㅇ v.3,"단숨에 읽는 중국 5대 기서 시리즈 3권. 신선, 여우, 유령 등에 관한 중국 특유의 요소들이 가득 담긴 중국의 대표 판타지물이다. 중국의 기서 중에서도 예술적 향기가 가장 높은 걸작으로 인정받고 있으며 중국의 대표 기서 문학답게 유럽에서도 초역된 바 있다.",2012-11-28,https://image.aladin.co.kr/product/2572/99/coversum/899777025x_1.jpg,국내도서>소설/시/희곡>판타지/환상문학>외국판타지/환상소설
내 영혼이 따뜻했던 날들,포리스트 카터,아름드리,대덕소프트웨어마이스터고등학교,EM00011705,843.6 카884ㄴ c.5,"포리스트 카터의 자전적인 소설로, 이야기는 주인공인 '작은나무'가 홀어머니의 죽음으로 조부모와 함께 살게 되는 것으로 시작한다. 체로키족인 할아버지, 할머니와 함께 산 속 오두막에 살면서 '작은나무'는 산사람으로, 또 인디언으로 자연과 더불어 살아가면서 자연의 이치로 세상을 보고 판단하는 지혜를 배워간다.",2014-05-30,https://image.aladin.co.kr/product/19025/43/coversum/8955824955_1.jpg,국내도서>소설/시/희곡>영미소설
창룡전 5  신기루 도시,다나카요시키,서울문화사,대덕소프트웨어마이스터고등학교,EM00004167,833.6 다192ㅊ v.5,"동해가 내려다보이는 카이토 시에 있는 하쿠요 학원의 원장 히다카는 류도 형제의 할아버지, 츠카사의 친구였다. 어느 날 히다카 원장에게 SOS 신호를 받은 4형제는 2학기 첫날부터 학원을 구하기 위해 출격한다. 수수께끼의 전학생 오와루와 아마루는 거대한 악이 모여드는 가면 파티에 잠입해 소동을 벌이는데…….",2018-12-13,https://image.aladin.co.kr/product/17625/85/coversum/k242534114_1.jpg,국내도서>소설/시/희곡>라이트 노벨>S 노벨
이름없는 너에게,벌리 도허티,창비,대덕소프트웨어마이스터고등학교,EM00004204,843 도94ㅇ,"영국도서관협회 선정 카네기 메달 2회 수상에 빛나는 세계적인 작가 벌리 도허티의 대표작. 그간 16개 국 이상에서 번역·출판되었고, 연극과 TV 드라마로도 각색되어 큰 인기를 얻었다. 또한 이 작품은 카네기 메달, 셰필드 상 등을 수상하며 문학성을 높이 인정받아 명실공히 청소년문학의 고전으로 자리매김하였다.",2010-01-29,https://image.aladin.co.kr/product/629/59/coversum/8936456261_1.jpg,국내도서>청소년>청소년 문학>청소년 소설
어스시의 마법사 1  어스시의 마법사,어슐러 르 귄,황금가지,대덕소프트웨어마이스터고등학교,EM00004343,843 귄64ㅇ v.1,"<반지의 제왕>, <나니아 연대기>와 더불어 세계 3대 판타지 문학으로 손꼽히는 <어스시의 마법사> 연작이 장편 5편과 단편집 1권을 모두 갖춘 전집 형태로 새롭게 선보인다. 환상 세계의 짜릿한 모험 이야기인 동시에 '자아 발견'이라는 주제를 다루는 성장 소설이기도 한 이 작품은, 1968년 첫 번째 책 <어스시의 마법사>가 출간된 이래, 연령층의 벽을 넘어 전 세계 수백만 독자들에게 읽혀왔다.",2006-07-24,https://image.aladin.co.kr/product/67/36/coversum/s252532391_1.jpg,국내도서>소설/시/희곡>판타지/환상문학>외국판타지/환상소설
어스시의 마법사 2  어투안의 무덤,어슐러 르 귄,황금가지,대덕소프트웨어마이스터고등학교,EM00004344,843 귄64ㅇ v.2,,,,
빼앗긴 자들,어슐러 K. 르귄,황금가지,대덕소프트웨어마이스터고등학교,EM00004345,843 르16ㅃ,"서구 문학계에서 '만약 SF 작가가 노벨 문학상을 받는다면, 1순위는 어슐러 K. 르 귄이다.'라고 말할 정도로 문학성이 뛰어난 작가의 최고 작품 중 하나. 1975년에 휴고상과 네뷸러상을 동시 수상했다.",2002-08-31,https://image.aladin.co.kr/product/37/52/coversum/s262032612_1.jpg,국내도서>소설/시/희곡>과학소설(SF)>외국 과학소설
바깥은 여름,김애란,문학동네,대덕소프트웨어마이스터고등학교,IT00009838,813.7 김63ㅂ c.2,비행운 이후 5년 만에 펴내는 김애란 소설집. 역대 최연소 수상으로 화제를 모은 이상문학상 수상작 '침묵의 미래'와 젊은작가상 수상작 '어디로 가고 싶으신가요'를 포함해 일곱 편의 단편이 실렸다.,2017-06-28,https://image.aladin.co.kr/product/11145/47/coversum/s532932793_1.jpg,국내도서>소설/시/희곡>한국소설>2000년대 이후 한국소설
바깥은 여름,김애란,문학동네,대덕소프트웨어마이스터고등학교,IT00009849,813.7 김63ㅂ c.13,비행운 이후 5년 만에 펴내는 김애란 소설집. 역대 최연소 수상으로 화제를 모은 이상문학상 수상작 '침묵의 미래'와 젊은작가상 수상작 '어디로 가고 싶으신가요'를 포함해 일곱 편의 단편이 실렸다.,2017-06-28,https://image.aladin.co.kr/product/11145/47/coversum/s532932793_1.jpg,국내도서>소설/시/희곡>한국소설>2000년대 이후 한국소설
아내가 결혼했다,박현욱,문이당,대덕소프트웨어마이스터고등학교,EM00003361,813.6 박94ㅇ,문학동네 한국문학 전집 시리즈 18권. 제2회 세계문학상 수상작. 2008년 정윤수 감독에 의해 동명의 제목으로 영화화되면서 다시 한번 ‘아내가 결혼했다’라는 논쟁적 주제에 대한 사회적 관심을 이끌어내기도 했다.,2014-01-15,https://image.aladin.co.kr/product/3539/52/coversum/8954623409_1.jpg,국내도서>소설/시/희곡>한국소설>2000년대 이후 한국소설
캥거루가 있는 사막,해이수,문학동네,대덕소프트웨어마이스터고등학교,EM00003366,813.6 해68ㅋ,"2000년 「현대문학」을 통해 등단하고, 2004년 제8회 심훈문학상을 수상한 작가 해이수의 첫 소설집. 총 여덟 편의 중.단편을 묶었다. 등단작인 '캥거루가 있는 사막'을 비롯, 호주를 배경으로 씌어진 작품이 절반이다. 작품마다 다양한 관심과 주제를 담아내고자 하는 성실함, 안정적인 구성과 유창한 필력이 돋보인다.",2006-06-26,https://image.aladin.co.kr/product/66/61/coversum/8954601677_2.jpg,국내도서>소설/시/희곡>한국소설>2000년대 이후 한국소설
빛의 바다 하 2,김영종,사계절,대덕소프트웨어마이스터고등학교,EM00003422,813.6 김64ㅂ v.2,,,,
나를 있게 한 모든 것들,베티 스미스,아름드리미디어,대덕소프트웨어마이스터고등학교,EM00008725,843.6 스38ㄴ c.2,"뉴욕 빈민가에서 자라난 저자가 자신의 어린 시절 경험을 토대로 집필한 자전적인 소설이다. 1943년 발간되자마자 백만 권 이상 팔리고 영화와 브로드웨이 뮤지컬로도 공연되었으며, 저자인 베티 스미스에게는 ‘올해의 여성상’을 안겨주었다.",2002-05-15,https://image.aladin.co.kr/product/20566/87/coversum/8955825013_1.jpg,국내도서>소설/시/희곡>영미소설
임꺽정 4,홍벽초,사계절,대덕소프트웨어마이스터고등학교,EM00003509,813.6 홍44ㅇ v.4,,,,
객지,황석영,창작과비평사,대덕소프트웨어마이스터고등학교,EM00003526,813.6 황53ㅎ,"1960년대 후반 바닷가 간척공사 현장을 배경으로 저임금과 부당한 처우에 시달리던 떠돌이 노동자들이 쟁의를 일으키는 과정을 그린 작품으로, 해방 이후 한국사회에서 노동자 쟁의의 현장을 최초로 형상화해 1970, 80년대 노동소설의 선구로 평가받는 소설이다.",2020-05-15,https://image.aladin.co.kr/product/24075/21/coversum/8954671578_1.jpg,국내도서>소설/시/희곡>한국소설>2000년대 이전 한국소설
삼국지연의 3 3,나관중,솔,대덕소프트웨어마이스터고등학교,EM00003665,823.5 나15ㅅ v.3,,2003-07-08,https://image.aladin.co.kr/product/42/11/coversum/8981336504_1.gif,국내도서>소설/시/희곡>역사소설>외국 역사소설
삼국지연의 5 5,나관중,솔,대덕소프트웨어마이스터고등학교,EM00003667,823.5 나15ㅅ v.5,,2003-07-08,https://image.aladin.co.kr/product/42/11/coversum/8981336520_1.gif,국내도서>소설/시/희곡>역사소설>외국 역사소설
폴링 업,셸 실버스타인,사계절,대덕소프트웨어마이스터고등학교,EM00003775,841.6 실43ㅍ,"셸 실버스타인이 세상을 떠나기 전에 남긴 마지막 작품으로, 인간의 삶과 현대문명의 다양한 모습을 엉뚱하고 기발한 시각으로 재해석한 재치 있는 글과 그림이 단연 돋보이는 작품이다.",2023-11-30,https://image.aladin.co.kr/product/32791/9/coversum/k162936590_1.jpg,국내도서>소설/시/희곡>영미소설
멸치,김주영,문이당,대덕소프트웨어마이스터고등학교,EM00003863,813.6 김77ㅁ,어머니가 가출한 이후 소년은 아버지와 외삼촌을 의지해 살고 있다. 아버지와 외삼촌은 서로를 상대방이 어머니를 떠나게 만든 장본인이라 여기며 미워한다. 특히 외삼촌은 어머니의 의붓동생이기 때문에 아버지는 외삼촌과 어머니의 관계를 의심한다.,2007-08-15,https://image.aladin.co.kr/product/97/47/coversum/8937843560_2.jpg,국내도서>어린이>동화/명작/고전>국내창작동화
마음 가는 대로,수산나 타마로,고려원,대덕소프트웨어마이스터고등학교,EM00003904,883 타32ㅁ,"이탈리아의 세계적 베스트셀러 작가 수산나 타마로의 소설. 35일 동안 씌어진 15통의 편지를 통해 상처 입은 여성의 삶을 치유하는 메시지를 전한다. 죽음을 눈앞에 둔 여든의 할머니와 불행하게 죽은 그녀의 딸, 멀리 떠나버린 손녀딸. 3대의 여자들이 겪은 인생의 아픔들을 담담하고 따뜻한 시선으로 그린다.",2009-04-27,https://image.aladin.co.kr/product/361/25/coversum/8991643515_2.jpg,국내도서>소설/시/희곡>세계의 소설>이탈리아소설
 소설 광해군  상  1,이기담,창작시대,대덕소프트웨어마이스터고등학교,EM00004009,813.6 이18ㄱ v.1,,,,
상속,은희경,문학과지성사,대덕소프트웨어마이스터고등학교,EM00009764,813.6 은97ㅅ c.2,"그래서 독자들은 작가의 예리한 시선에 더욱 감탄하는 지도 모른다. 자기 속을 들켰다고 생각되므로! <상속>을 읽으면서도 감탄은 무뎌지지 않을 것이다. 앞으로 또 여러 편의 소설집이 추가되면, 이 복화술사는 가히 '평범한 삶'들로 가득찬 하나의 세계를 보여주겠구나, 하는 기대도 슬몃 생긴다.",2002-06-28,https://image.aladin.co.kr/product/36/38/coversum/8932013446_2.jpg,국내도서>소설/시/희곡>한국소설>2000년대 이후 한국소설
창룡전 6  신기루 도시,다나카요시키,서울문화사,대덕소프트웨어마이스터고등학교,EM00004168,833.6 다192ㅊ v.6,,,,
해리포터와 불의 잔 제4권 4 4 4,조앤 롤링,문학수첩,대덕소프트웨어마이스터고등학교,EM00004210,843 롤299ㅎ v.4-4,"그리핀도르, 슬리데린, 래번클로, 후플푸프 등, 호그와트 마법학교의 네 기숙사를 상징하는 색깔과 마법 동물을 활용해 화려한 디자인, 고급스러운 장정으로 재탄생한 《해리 포터》 기숙사 에디션의 네 번째 이야기 《해리 포터와 불의 잔》이 출간되었다.",2022-08-16,https://image.aladin.co.kr/product/29764/31/coversum/898392926x_1.jpg,국내도서>소설/시/희곡>판타지/환상문학>외국판타지/환상소설
신이 된 남자 2  사람의 아들 예수  하,제랄드 메사디에,책세상,대덕소프트웨어마이스터고등학교,EM00001763,863 메51ㅅ,,,,
종이시계,엔 타일러,문예출판사,대덕소프트웨어마이스터고등학교,EM00001803,843 타69ㅈ,"존 업다이크가 '그냥 훌륭한 정도가 아니라 끔찍할 정도로 훌륭한 작가'라고 평한 바 있는 앤 타일러의 대표작. 작품 속에 드러나는 예기치 못한 섬세함과 사물을 관찰하는 따뜻한 눈, 인간성에 대한 신선한 통찰과 날카로운 유머 감각이 돋보인다. 퓰리처상 수상작이자 타임지 선정 최우수 도서이기도 하다.",2013-04-12,https://image.aladin.co.kr/product/312/6/coversum/8931006314_3.jpg,국내도서>소설/시/희곡>영미소설
봄비 내리는 날,김한수,창작과비평사,대덕소프트웨어마이스터고등학교,EM00002303,813.6 김91ㅂ c.2,1992년 출간한 이래 25년간 사랑받아온 김한수 첫 소설집 봄비 내리는 날이 전면개정되어 출간되었다. 저자가 문장을 일일이 매만져 더 밀도있는 작품으로 새로이 선보인다. 등단작 '성장'을 비롯하여 총 세편의 중편소설이 묶여 있다.,2017-11-17,https://image.aladin.co.kr/product/12303/31/coversum/893643750x_2.jpg,국내도서>소설/시/희곡>한국소설>2000년대 이전 한국소설
유쾌한 하녀  마리사,천명관,문학동네,대덕소프트웨어마이스터고등학교,EM00010174,813.6 천34ㅇ,"2004년 겨울, 장편소설 <고래>로 제10회 문학동네소설상을 수상하며 비범한 신인의 등장을 알린 작가 천명관. 이후 3년, 그의 첫 단편집이 출간되었다. <고래>가 끝없이 확장되고 뻗어나가는 환상적 이야기였다면, <유쾌한 하녀 마리사>는 일상 속에 숨겨져 있는 삶의 비의를 무심하게 건드리는 이야기들을 담고 있다.",2007-09-20,https://image.aladin.co.kr/product/98/59/coversum/8954603971_1.jpg,국내도서>소설/시/희곡>한국소설>2000년대 이후 한국소설
미스터리 이야기,파트 라우어,보누스,대덕소프트웨어마이스터고등학교,EM00010325,001.4 라66ㅁ,"'추리 마니아를 위한 트릭과 반전의 관문 126'이라는 부제에서도 알 수 있듯이, 이 책 속에는 독자의 추리력을 시험할 126가지 문제가 기다리고 있다. 동맥이 갈기갈기 찢긴 의문의 변사체, 상처 하나 없이 남편을 살해한 아내 등. 책 속에는 마치 짤막한 추리소설을 읽는 듯한 기이하고 음습한 사건들이 곳곳에서 출몰한다.",2009-08-10,https://image.aladin.co.kr/product/431/27/coversum/8991360866_1.jpg,국내도서>소설/시/희곡>추리/미스터리소설>기타국가 추리/미스터리소설
백야행 3,히가시노게이고,태동출판사,대덕소프트웨어마이스터고등학교,EM00010410,833.6 히12ㅂ v.3,에도가와 란포상과 일본추리작가협회상 수상작가인 히가시노 게이고의 추리소설. 일본에서 4주간 서점 집계 베스트셀러 1위를 하며 인기를 끌었다. <백야행>은 한 소녀와 소년의 기괴한 러브스토리와 연쇄 살인사건이 결합된 로맨틱 미스테리. 2009년 손예진.고수 주연으로 영화화되었다.,2000-11-01,https://image.aladin.co.kr/product/25/56/coversum/8984970263_2.jpg,국내도서>소설/시/희곡>추리/미스터리소설>일본 추리/미스터리소설
네 남자를 믿지 말라,리저 러츠,김영사,대덕소프트웨어마이스터고등학교,EM00010511,843.6 러85ㄴ,"뉴욕타임스, 아마존닷컴 베스트셀러, 23개국 호평 속 출간된 <네 가족을 믿지 말라>의 작가 리저 러츠의 장편소설. 도청, 뒷조사, 미행, 협박으로 사랑과 관심을 표현하는 엉뚱하고 유쾌한 사립탐정가족의 이야기이다. 리얼리티 가족탐정극으로, 스타일 넘치는 탐정들이 펼치는 집요하고 귀여운 상상초월 사랑법을 선보인다.",2009-08-20,https://image.aladin.co.kr/product/441/27/coversum/8934935499_1.jpg,국내도서>소설/시/희곡>영미소설
정크 노트,명지현,문학동네,대덕소프트웨어마이스터고등학교,EM00011257,813.6 명78ㅈ c.2,2006년 「현대문학」에 '더티 와이프'를 발표하며 작품활동을 시작한 명지현의 첫 번째 장편소설. 작가는 한 소년이 우연히 양귀비를 키우는 일에 끼어들게 되면서 생기는 일련의 사건들을 생동감 있게 포착하여 마약과 죽음에 대한 이야기를 소년의 성장기로 경쾌하고 흥미롭게 그려낸다.,2009-08-26,https://image.aladin.co.kr/product/447/80/coversum/8954608698_1.jpg,국내도서>소설/시/희곡>한국소설>2000년대 이후 한국소설
세계의 끝 여자친구,김연수,문학동네,대덕소프트웨어마이스터고등학교,EM00010545,813.6 김64ㅅ,"한국문학의 영토를 넓혀가는 새로운 상상력의 촉수 김연수의 소설집. 소설을 쓰기 시작한 지 만 십오 년, 김연수 작가는 여섯 권의 장편소설과 이번에 출간된 네번째 작품집 세계의 끝 여자친구까지, 소설로만 열 권째 작품집을 선보였다. 이번 소설집 속에는 2005년 봄부터 2009년 여름까지 씌어진 아홉 편의 소설이 수록되어 있다.",2009-09-08,https://image.aladin.co.kr/product/449/5/coversum/8954608825_3.jpg,국내도서>소설/시/희곡>한국소설>2000년대 이후 한국소설
신 4,베르나르 베르베르,열린책들,대덕소프트웨어마이스터고등학교,EM00010590,863.6 베297ㅅ v.4,"베르나르 베르베르가 9년에 걸쳐 준비한 소설 <신>의 3부작 중 제2부에 해당하는 '신들의 숨결'(3, 4권). 제1부 '우리는 신'(1, 2권)이 신들의 도시와 그곳에 모인 신 후보생들, 그리고 그들이 창조해 낸 인간 종족들을 소개하는 도입부였다면, 제2부에서는 신들과 그들의 피조물들의 이야기가 본격적으로 펼쳐진다.",2009-03-30,https://image.aladin.co.kr/product/337/24/coversum/8932908702_1.jpg,국내도서>소설/시/희곡>프랑스소설
불꽃처럼 나비처럼 1,야설록,형설라이프,대덕소프트웨어마이스터고등학교,EM00010648,813.6 야54ㅂ v.1,,1997-06-23,https://image.aladin.co.kr/img/noimg_sum_b.gif,국내도서>소설/시/희곡>한국소설>2000년대 이후 한국소설
한강 4,조정래,해냄,대덕소프트웨어마이스터고등학교,EM00002438,813.6 조73ㅎ v.4,아리랑을 지나 태백산맥을 거쳐 우리 민족의 파란만장한 근현대사 1세기를 완성한 한국문학의 기념비 한강이 100쇄를 돌파하고 조정래 작가 등단 50주년을 맞이하여 개정판으로 출간되었다.,2020-11-30,https://image.aladin.co.kr/product/25726/25/coversum/896574394x_1.jpg,국내도서>소설/시/희곡>한국소설>2000년대 이후 한국소설
한강 8,조정래,해냄,대덕소프트웨어마이스터고등학교,EM00002442,813.6 조73ㅎ,아리랑을 지나 태백산맥을 거쳐 우리 민족의 파란만장한 근현대사 1세기를 완성한 한국문학의 기념비 한강이 100쇄를 돌파하고 조정래 작가 등단 50주년을 맞이하여 개정판으로 출간되었다.,2020-11-30,https://image.aladin.co.kr/product/25726/30/coversum/8965743982_1.jpg,국내도서>소설/시/희곡>한국소설>2000년대 이후 한국소설
연어,안도현,문학동네,대덕소프트웨어마이스터고등학교,EM00004967,813.8 안225ㅇ c.2,은빛 연어를 주인공으로 한 교훈적이면서도 아름다운 동화. 안도현이 써 온 일련의 `어른들의 동화` 가운데 첫 작품으로 스테디셀러로 기록된다.,1996-03-01,https://image.aladin.co.kr/product/18/90/coversum/8985712683_2.jpg,국내도서>소설/시/희곡>한국소설>2000년대 이전 한국소설
연어,안도현,문학동네,대덕소프트웨어마이스터고등학교,EM00010119,813.8 안225연 c.3,은빛 연어를 주인공으로 한 교훈적이면서도 아름다운 동화. 안도현이 써 온 일련의 `어른들의 동화` 가운데 첫 작품으로 스테디셀러로 기록된다.,1996-03-01,https://image.aladin.co.kr/product/18/90/coversum/8985712683_2.jpg,국내도서>소설/시/희곡>한국소설>2000년대 이전 한국소설
딸기밭,신경숙,문학과 지성사,대덕소프트웨어마이스터고등학교,EM00006175,813.6 신14ㄸ c.2,"소설 <딸기밭>을 네 명의 성우(이미자, 홍승섭, 임미진, 정남)이 녹음하여 만든 오디오북.",2001-04-20,https://image.aladin.co.kr/product/27/46/coversum/8989556058_1.gif,국내도서>달력/기타>오디오북>문학 오디오북
박완서 단편소설 전집 5  가는비 이슬비,박완서,문학동네,대덕소프트웨어마이스터고등학교,EM00001962,813.608 박66ㅂ,,1999-11-20,https://image.aladin.co.kr/product/21/21/coversum/898281230x_1.gif,국내도서>소설/시/희곡>한국소설>2000년대 이전 한국소설
어떤 나들이,박완서,문학동네,대덕소프트웨어마이스터고등학교,EM00001963,813.6 박66ㅂ,박완서의 작품 세계를 매력 있게 해주고 있는 것은 강렬한 반속(反俗) 지향이 있을 수 있는 충족된 행복에의 그리움을 끊임없이 상기시켜준다는 점에 있다. 그럼에도 그러한 행복의 질서가 지금 이곳에서 끝내 불가능하다는 것을 되풀이 상기시키고 있다는 점에 그의 비판적 현실 파악의 단단함이 엿보이는 것이다. --유종호(문학평론가),1999-11-20,https://image.aladin.co.kr/product/21/21/coversum/8982812261_1.gif,국내도서>소설/시/희곡>한국소설>2000년대 이전 한국소설
옛 우물,오정희,청아,대덕소프트웨어마이스터고등학교,EM00002329,813.6 오73ㅇ c.2,,,,
옛 우물,오정희,청아,대덕소프트웨어마이스터고등학교,EM00003994,813.6 오73ㅇ c.3,,,,
다이어트의 여왕,백영옥,문학동네,대덕소프트웨어마이스터고등학교,EM00011235,813.6 백64ㄷ c.2,"<스타일>로 제4회 세계문학상을 수상한 소설가 백영옥이 그려 보이는 초감각 다이어트 게임. ""우리 헤어지자!"" 만난 지 삼 년, 갑작스런 그의 통보. 그리고 다이어트 돌입? 삶을 통째로 바꾸는 기적의 리얼 다큐? 40킬로그램을 감량했던 왕년의 다이어트 여왕들은 지금 어떻게 되었을까?",2009-07-07,https://image.aladin.co.kr/product/417/53/coversum/8954608434_1.jpg,국내도서>소설/시/희곡>한국소설>2000년대 이후 한국소설
뉴문,스테프니 메이어,북폴리오(아이세움),대덕소프트웨어마이스터고등학교,EM00011692,843.6 메68ㄴ c.2,"<트와일라잇> <뉴문> <이클립스>에 이은 나의 뱀파이어 연인 '트와일라잇' 시리즈 4부로, 마지막 이야기다. '트와일라잇' 시리즈는 인간이 뱀파이어와 사랑에 빠진다는 설정의 러브스토리로, 미국에서만 500만부 이상 판매된 세계적인 베스트셀러. 영화판은 2008년 12월부터 시작해, 시리즈 전 편이 차례로 한 편씩 개봉된다.",2009-06-15,https://image.aladin.co.kr/product/409/25/coversum/8937832542_3.jpg,국내도서>소설/시/희곡>판타지/환상문학>외국판타지/환상소설
스피벳,레이프 라슨,비채,대덕소프트웨어마이스터고등학교,EM00010513,843.6 라57ㅅ,"단 한 권의 소설로 미국에서 가장 주목받는 차세대 작가의 반열에 오른 레이프 라슨의 장편소설. 꿈을 지키기 위해 낯선 땅으로 모험을 떠난 한 천재 소년의 이야기이다. 책은 300여 컷의 과학적 그림과 세밀한 지도, 백과사전을 방불케 하는 판형에 본문과 사이드바로 나뉜 독특한 내지 디자인으로 구성되었다.",2009-07-20,https://image.aladin.co.kr/product/427/75/coversum/8992036914_1.jpg,국내도서>소설/시/희곡>영미소설
퍼즐,권지예,민음사,대덕소프트웨어마이스터고등학교,EM00010516,813.6 권78ㅍ,"동인문학상 수상작 <꽃게 무덤> 이후 4년 만에 펴낸 권지예의 네 번째 소설집. 일곱 편의 중·단편이 실린 <퍼즐>은 결혼과 성, 연애와 불륜에 대한 욕망과 환멸의 기록이기도 하다. 권지예의 소설에 등장하는 인물들의 삶은 결핍과 상처투성이다. 그들은 살기 위해 욕망하는 것이 아니라 욕망하기 위해 살아가는 인물들로 거듭난다.",2009-08-19,https://image.aladin.co.kr/product/442/99/coversum/8937482789_1.jpg,국내도서>소설/시/희곡>한국소설>2000년대 이후 한국소설
신문물검역소,강지영,시작(웅진씽크빅),대덕소프트웨어마이스터고등학교,EM00010525,813.6 강78ㅅ,"독특하고 흡인력 있는 스토리가 돋보이는 심여사는 킬러, 프랑켄슈타인 가족, 어두운 숲 속의 서커스 등의 작품을 통해 두터운 팬층을 확보하고 있는 강지영 소설가의 장편소설. 어떤 역사책에도 절대 나오지 않는 신문물에 관한 스토리를 능청스러울 만큼 흥미진진하게 풀어냈다.",2017-04-12,https://image.aladin.co.kr/product/10742/5/coversum/8954437273_1.jpg,국내도서>소설/시/희곡>한국소설>2000년대 이후 한국소설
선덕여왕 2,류은경,MBC프로덕션,대덕소프트웨어마이스터고등학교,EM00010531,813.6 류67ㅅ v.2,"MBC 특별기획 드라마 [선덕여왕]의 원작 소설. 끝내 삼한일통의 큰 그림을 그린 최초의 여왕 선덕이야기를 그린다. 쌍음雙陰은 불길한 징조라는 신화적 예언에 의해 왕으로부터 버림 받지만 하늘의 계시를 잊지 않고, 끝내 현명하고 자애로운 여황으로 우뚝 서는 덕만(선덕여왕)의 파란만장한 인생여정이 펼쳐진다.",2009-05-25,https://image.aladin.co.kr/product/375/86/coversum/8993866007_1.jpg,국내도서>소설/시/희곡>역사소설>한국 역사소설
슬픈 혁명,정경옥,여우볕,대덕소프트웨어마이스터고등학교,EM00010534,813.6 정14ㅅ,"조선의 천재 문장가이자 이상주의적 혁명가였던 허균의 치열했던 삶을 1인칭 주인공 시점으로 그려낸 작품. 작가 정경옥은 역사 속 허균을 불러내 그의 본성, 유교사회와의 충돌, 이상과 현실의 괴리, 외로운 천재의 고독과 갈등, 사상과 열정을 섬세하게 묘사한다.",2009-08-20,https://image.aladin.co.kr/product/441/58/coversum/8996237515_1.jpg,국내도서>소설/시/희곡>역사소설>한국 역사소설
모방범 1,미야베미유키,문학동네,대덕소프트웨어마이스터고등학교,EM00010550,833.6 미63ㅁ v.1,"'블랙펜 클럽' 25권. 이유, 이코, 용은 잠들다의 작가 미야베 미유키의 최고작이자 일본 추리소설계의 전설과도 같은 작품이다. 일본에서 2001년 출간되어 추리소설로서는 경이적인 판매고를 기록했으며, 마이니치 출판문화상 등 6개 상을 석권하면서 대중성과 작품성을 동시에 인정 받았다. 2002년에는 원작의 인기를 바탕으로 영화화되기도 했다.",2012-03-09,https://image.aladin.co.kr/product/1572/21/coversum/8954617719_1.jpg,국내도서>소설/시/희곡>추리/미스터리소설>일본 추리/미스터리소설
딸기밭,신경숙,문학과 지성사,대덕소프트웨어마이스터고등학교,EM00002471,813.6 신14ㄸ,"소설 <딸기밭>을 네 명의 성우(이미자, 홍승섭, 임미진, 정남)이 녹음하여 만든 오디오북.",2001-04-20,https://image.aladin.co.kr/product/27/46/coversum/8989556058_1.gif,국내도서>달력/기타>오디오북>문학 오디오북
충실한 마음,델핀 드 비강,레모,대덕소프트웨어마이스터고등학교,IT00016527,863 비12ㅊ,열두 살 테오와 마티스에게는 비밀이 있다. 아이들의 선생인 엘렌은 테오에게 무언가 좋지 않은 일이 일어나고 있다고 생각한다. 마티스의 엄마 세실은 남편의 컴퓨터에서 끔찍한 것을 발견한다. 그후 그녀는 자신이 정말로 남편을 제대로 알고 있는지 묻게 된다.,2022-05-21,https://image.aladin.co.kr/product/29443/38/coversum/k532837525_1.jpg,국내도서>소설/시/희곡>프랑스소설
모두 너와 이야기하고 싶어 해,은모든,민음사,대덕소프트웨어마이스터고등학교,IT00016633,813.8 은35ㅁ,"민음사 '오늘의 젊은 작가' 27번째 책. 2018년 「한국경제」 신춘문예로 데뷔하여 애주가의 결심 꿈은, 미니멀리즘 안락 마냥, 슬슬 등의 책을 펴내며 왕성한 작품 활동을 선보인 은모든 작가의 소설. 지금 우리에게 절실한 무언가를 건드리는 작품이다.",2020-05-29,https://image.aladin.co.kr/product/24160/58/coversum/8937473275_1.jpg,국내도서>소설/시/희곡>한국소설>2000년대 이후 한국소설
이계리 판타지아,이시우,황금가지,대덕소프트웨어마이스터고등학교,IT00016635,813.7 이58ㅇ,한국형 어반 판타지 소설. 브릿G에서 인기리에 연재되며 독자들의 관심을 받은 『이계리 판타지아』는 시골 마을 ‘이계리’로 귀촌한 작가 지망생 아가씨가 예상 밖의 괴이한 현상들을 만나며 벌어지는 일을 그리고 있다.,2018-10-30,https://image.aladin.co.kr/product/16234/13/coversum/k632534224_1.jpg,국내도서>소설/시/희곡>판타지/환상문학>한국판타지/환상소설
타라 덩컨 3 1  저주받은황홀,소피 오두인 마미코니안,소담,대덕소프트웨어마이스터고등학교,IT00007394,863 마38ㅌ v.3-1,,,,
타라 덩컨 8 1  사악한 여제,소피 오두인 마미코니안,소담출판사,대덕소프트웨어마이스터고등학교,IT00007404,863 마38ㅌ v.8-1,,,,
타라 덩컨 11 1  행성들의 전쟁,소피 오두인마미코니안,소담,대덕소프트웨어마이스터고등학교,IT00007410,863 오26ㅌ v.11-1,,,,
내 생에 꼭 하루뿐일 특별한 날,전경린,문학동네,대덕소프트웨어마이스터고등학교,IT00007573,813.6 전14ㄴ,"작가의 두번째 장편소설로, 사랑이란 열망하면 할수록 안정된 삶을 위협하는 근본적으로 불온한 정열임을 그려내 보이는 한편, 불온한 욕망, 모호한 생의 불안으로부터 진정한 나를 찾아가는 전경린 문학의 새로운 전환점을 제시한 문제작이다.",2014-01-15,https://image.aladin.co.kr/product/3539/35/coversum/8954623387_1.jpg,국내도서>소설/시/희곡>한국소설>2000년대 이전 한국소설
메리골드 마음 세탁소,윤정은,북로망스,대덕소프트웨어마이스터고등학교,IT00016913,813.7 윤74ㅁ c.2,"세계적으로 사랑받는 K-힐링판타지의 대표작 『메리골드 마음 세탁소』가 100쇄 돌파와 영국·미국 동시 출간에 이어, 시리즈의 완결을 기념하는 ‘메리골드 아틀리에 컬렉션’으로 다시 한 번 독자들을 만난다.",2025-06-18,https://image.aladin.co.kr/product/36544/31/coversum/k682039042_1.jpg,국내도서>소설/시/희곡>판타지/환상문학>한국판타지/환상소설
앨리스 죽이기,고바야시 야스미,검은숲,대덕소프트웨어마이스터고등학교,IT00009263,833.6 고42ㅇ c.3,"고바야시 야스미 소설. 루이스 캐럴의 환상소설 이상한 나라의 앨리스를 바탕으로 꿈과 현실 사이를 오가며 연쇄살인마를 추적하는 과정을 그린 작품으로, '고전과 미스터리의 성공적 결합'이라는 호평을 받았다.",2015-12-21,https://image.aladin.co.kr/product/7233/44/coversum/895277518x_1.jpg,국내도서>소설/시/희곡>추리/미스터리소설>일본 추리/미스터리소설
베어타운,프레드릭 배크만,다산책방,대덕소프트웨어마이스터고등학교,IT00012989,859.7 배877ㅂ,"오베라는 남자로 전 세계를 사로잡은 감동소설의 대가 프레드릭 배크만이 모두의 가슴을 울리는 새로운 이야기 베어타운으로 돌아왔다. 출간 즉시 베스트셀러에 오르며 ""오베라는 남자를 뛰어넘었다"" ""이 시대의 디킨스다""라는 언론의 열광적인 찬사를 받았다.",2018-04-18,https://image.aladin.co.kr/product/14111/44/coversum/k332532136_2.jpg,국내도서>소설/시/희곡>세계의 소설>북유럽소설
또다시 같은 꿈을 꾸었어,스미노 요루,소미미디어,대덕소프트웨어마이스터고등학교,IT00009467,833.6 스38ㄸ c.11,너의 췌장을 먹고 싶어의 작가 스미노 요루가 지친 사람들에게 전하는 다정하고 따스한 이야기. 자타공인 똑똑하고 당돌한 소녀 고야나기 나노카는 학교 안에는 이렇다 할 친구가 없지만 학교 밖에는 친구가 많다.,2017-10-25,https://image.aladin.co.kr/product/11979/89/coversum/k532531533_2.jpg,국내도서>소설/시/희곡>일본소설>1950년대 이후 일본소설
또다시 같은 꿈을 꾸었어,스미노 요루,소미미디어,대덕소프트웨어마이스터고등학교,IT00007341,833.6 스38ㄸ c.2,너의 췌장을 먹고 싶어의 작가 스미노 요루가 지친 사람들에게 전하는 다정하고 따스한 이야기. 자타공인 똑똑하고 당돌한 소녀 고야나기 나노카는 학교 안에는 이렇다 할 친구가 없지만 학교 밖에는 친구가 많다.,2017-10-25,https://image.aladin.co.kr/product/11979/89/coversum/k532531533_2.jpg,국내도서>소설/시/희곡>일본소설>1950년대 이후 일본소설
마지막 의사는 벚꽃을 바라보며 그대를 그리워한다,니노미야 아츠토,소미미디어,대덕소프트웨어마이스터고등학교,IT00007345,833.6 니195ㅁ,"니노미야 아츠토 소설. 두 명의 의사가 있다. 절대 환자를 살릴 가능성을 놓지 않는 후쿠하라 마사카즈. 그리고 키리코 슈지는 죽음을 받아들이라고 환자에게 권하는, 상식으로는 도저히 받아들이지 않는 행동을 하는 의사다. 죽음 앞에서 인간다움이란 과연 무엇인지에 대해 이야기하는 작품이다.",2018-03-30,https://image.aladin.co.kr/product/13820/35/coversum/k232532123_1.jpg,국내도서>소설/시/희곡>일본소설>1950년대 이후 일본소설
타라 덩컨 3 2  저주받은 왕홀,소피 오두인 마미코니안,소담출판사,대덕소프트웨어마이스터고등학교,IT00007395,863 마38ㅌ v.3-2,,,,
타라 덩컨 5 1  금지된대륙,소피 오두인 마미코니안,소담출판사,대덕소프트웨어마이스터고등학교,IT00007398,863 마38ㅌ v.5-1,,,,
타라 덩컨 12 1  최후의 전투 상 ,소피 오두인 마미코니안,소담출판사,대덕소프트웨어마이스터고등학교,IT00007412,863 마38ㅌ v.12-1,,,,
죄와 벌 2,표도르 도스토예프스키,민음사,대덕소프트웨어마이스터고등학교,IT00007271,808 세14 v.285,"'민음사 세계문학전집' 284~285권. 러시아의 대문호 도스토예프스키가 사형선고에 이은 8년간의 유형 생활 후 두 번째로 발표한 작품이다. 전작 지하로부터의 수기에서 싹튼 새로운 '인물 유형'과 소설 기법이 바로 이 소설에서 만개하여, 인간의 가장 깊은 곳에 숨겨진 심리가 낱낱이 파헤쳐진다.",2012-03-30,https://image.aladin.co.kr/product/1621/20/coversum/8937462850_3.jpg,국내도서>소설/시/희곡>러시아소설
테스팅 3,조엘 샤보노,북폴리오,대덕소프트웨어마이스터고등학교,IT00007378,843 샤45ㅌ v.3,"대학 입시가 목숨을 건 생존 게임과 같다면 어떨까? 테스팅 시리즈 삼부작은 그 질문에서 시작된 듯한 가상 세계를 그리고 있다. 뛰어난 자질을 인정받고 응시자로 뽑혔으나 시험에 통과하지 못하면 기다리는 것은 죽음뿐, 이제는 대학을 가지 못하는 문제가 아니다. 생존의 문제다.",2015-09-30,https://image.aladin.co.kr/product/6726/87/coversum/8937813564_1.jpg,국내도서>소설/시/희곡>판타지/환상문학>외국판타지/환상소설
타라 덩컨 6 2  마지스터의 함정,소피 오두인 마미코니안,소담출판사,대덕소프트웨어마이스터고등학교,IT00007401,863 마38ㅌ v.6-2,,2009-09-23,https://image.aladin.co.kr/product/789/52/coversum/scm84821231485.jpg,국내도서>어린이>동화/명작/고전>외국창작동화
타라 덩컨 7 2  유령들의 습격,소피 오두인 마미코니안,소담출판사,대덕소프트웨어마이스터고등학교,IT00007403,863 마38ㅌ v.7-2,,2009-09-22,https://image.aladin.co.kr/product/789/53/coversum/scm84821231490.jpg,국내도서>어린이>동화/명작/고전>외국창작동화
메이드 인 라이브러리,케이시,클레이하우스,대덕소프트웨어마이스터고등학교,EM00020869,813.7 케68ㅁ,어디에도 의지할 데 없는 외로운 하루하루를 날카로운 가시로 둘러싼 채 살아가는 스무 살 청춘. 돈 벌 생각 하나 없는 수상한 서점 ‘더 라이브러리’를 만나 두 번째 인생을 찾아가는 성장 드라마.,2024-12-18,https://image.aladin.co.kr/product/35400/55/coversum/k132035016_1.jpg,국내도서>소설/시/희곡>한국소설>2000년대 이후 한국소설
탕비실,이미예,한끼(오팬하우스),대덕소프트웨어마이스터고등학교,EM00020901,813.7 이38ㅌ,150만 독자가 사랑한 《달러구트 꿈 백화점》 이미예 작가가 이번에는 《탕비실》로 독자들을 찾았다. 여러 직장에서 ‘탕비실 빌런’으로 꼽힌 사람들을 한데 모은 7일간의 리얼리티 쇼를 배경으로 한 이 작품은 쇼의 재미는 물론 인간 심리를 깊이 있게 분석해 두 마리 토끼를 잡았다.,2024-07-10,https://image.aladin.co.kr/product/34193/41/coversum/k602931315_1.jpg,국내도서>소설/시/희곡>한국소설>2000년대 이후 한국소설
내가 죽기 일주일 전,서은채,황금가지,대덕소프트웨어마이스터고등학교,EM00020878,813.7 서67ㄴ,"오래 전에 죽은 첫사랑이 저승사자가 되어 찾아오는 이야기를 그린 감성 미스터리 판타지 소설. ""저승사자는 사랑하는 사람의 모습을 하고 찾아온다""라는 무서움과 호기심을 동시에 불러일으키는 문구로 시작되는 이 작품은 황금가지의 온라인 소설 플랫폼 브릿G 연재를 통해 계약된 최초의 경장편이기도 하다.",2018-03-02,https://image.aladin.co.kr/product/13739/44/coversum/s402038341_1.jpg,국내도서>소설/시/희곡>판타지/환상문학>한국판타지/환상소설
작별하지 않는다,한강,문학동네,대덕소프트웨어마이스터고등학교,EM00020962,813.7 한12ㅈ c.2,2016년 채식주의자로 인터내셔널 부커상을 수상하고 2018년 흰으로 같은 상 최종 후보에 오른 한강 작가의 5년 만의 장편소설. 2019년 겨울부터 이듬해 봄까지 계간 문학동네에 전반부를 연재하며 큰 관심을 모은 작품이다.,2021-09-09,https://image.aladin.co.kr/product/27877/5/coversum/8954682154_3.jpg,국내도서>소설/시/희곡>한국소설>2000년대 이후 한국소설
풍수전쟁,김진명,이타(이타북스),대덕소프트웨어마이스터고등학교,EM00020943,813.62 김78ㅍ,"김진명 작가의 『풍수전쟁』은 지금의 시기에 과학의 언어로 다 설명할 수 없는 토속 문화의 의미와 가치를 다시 한번 점철하면서, 사라진 역사에 실체를 더하는 작품이다. 존재하지만 드러나지 않았던 역사적 진실을 기반하여 대한민국의 미래를 지키는 촉매가 되고자 한다.",2024-07-24,https://image.aladin.co.kr/product/34386/88/coversum/k512932509_1.jpg,국내도서>소설/시/희곡>한국소설>2000년대 이후 한국소설
김약국의 딸들,박경리,나남,대덕소프트웨어마이스터고등학교,EM00006119,813.6 박14ㄱ,한말부터 일제강점기까지 아우르며 격변하는 시대 속 한민족의 삶을 생생하게 그려낸 대하소설 『토지』. 한국 문학사에 다시없을 걸작을 남긴 작가 박경리의 장편소설이 다산책방에서 새롭게 출간된다.,2023-04-27,https://image.aladin.co.kr/product/31568/53/coversum/k952832652_1.jpg,국내도서>소설/시/희곡>한국소설>2000년대 이전 한국소설
김약국의 딸들,박경리,나남,대덕소프트웨어마이스터고등학교,EM00009258,813.6 박14ㄱ c.3,한말부터 일제강점기까지 아우르며 격변하는 시대 속 한민족의 삶을 생생하게 그려낸 대하소설 『토지』. 한국 문학사에 다시없을 걸작을 남긴 작가 박경리의 장편소설이 다산책방에서 새롭게 출간된다.,2023-04-27,https://image.aladin.co.kr/product/31568/53/coversum/k952832652_1.jpg,국내도서>소설/시/희곡>한국소설>2000년대 이전 한국소설
아름다움이 나를 멸시한다,은희경,창비,대덕소프트웨어마이스터고등학교,EM00006177,813.6 은97ㅇ,"1995년 등단하여 올해로 등단 25주년을 맞으며, 이미 하나의 장르가 된 우리 시대의 작가 은희경. 서정적 감수성과 냉철한 관찰력을 결합한 유머러스한 필치로 현대인의 삶을 예리하게 묘파한 은희경 소설집 『아름다움이 나를 멸시한다』가 13년 만에 ‘리마스터판’으로 돌아왔다.",2020-05-15,https://image.aladin.co.kr/product/24058/37/coversum/893643814x_1.jpg,국내도서>소설/시/희곡>한국소설>2000년대 이후 한국소설
시간을 달리는 소녀,츠츠이야스타카,북스토리,대덕소프트웨어마이스터고등학교,EM00007505,833.6 츠85ㅅ c.2,"일본 SF 문학의 거장으로 불리면서 ‘츠츠이스트’라는 중독 팬을 거느린 소설가, 츠츠이 야스타카는 유쾌하고 기발한 상상력으로 시간여행을 풀어냈다. 우리를 지나쳐 흘러가는 시간 속에 인간의 희로애락과 만인공통의 관심사인 로맨스가 살아 숨 쉬고 있음을 보여주었다.",2014-10-15,https://image.aladin.co.kr/product/4743/66/coversum/1155640284_1.jpg,국내도서>소설/시/희곡>일본소설>1950년대 이후 일본소설
시간을 달리는 소녀,츠츠이야스타카,북스토리,대덕소프트웨어마이스터고등학교,EM00007506,833.6 츠85ㅅ c.3,"일본 SF 문학의 거장으로 불리면서 ‘츠츠이스트’라는 중독 팬을 거느린 소설가, 츠츠이 야스타카는 유쾌하고 기발한 상상력으로 시간여행을 풀어냈다. 우리를 지나쳐 흘러가는 시간 속에 인간의 희로애락과 만인공통의 관심사인 로맨스가 살아 숨 쉬고 있음을 보여주었다.",2014-10-15,https://image.aladin.co.kr/product/4743/66/coversum/1155640284_1.jpg,국내도서>소설/시/희곡>일본소설>1950년대 이후 일본소설
시간을 달리는 소녀,츠츠이야스타카,북스토리,대덕소프트웨어마이스터고등학교,EM00007507,833.6 츠85ㅅ c.4,"일본 SF 문학의 거장으로 불리면서 ‘츠츠이스트’라는 중독 팬을 거느린 소설가, 츠츠이 야스타카는 유쾌하고 기발한 상상력으로 시간여행을 풀어냈다. 우리를 지나쳐 흘러가는 시간 속에 인간의 희로애락과 만인공통의 관심사인 로맨스가 살아 숨 쉬고 있음을 보여주었다.",2014-10-15,https://image.aladin.co.kr/product/4743/66/coversum/1155640284_1.jpg,국내도서>소설/시/희곡>일본소설>1950년대 이후 일본소설
천진 시절,금희,창비,대덕소프트웨어마이스터고등학교,IT00010990,813.7 금97ㅊ,다양한 인간 군상의 일상과 그들이 만들어내는 시대상을 빼어난 통찰과 흥미로운 서사로 담아내는 금희 작가의 첫번째 장편소설. 최근 창비가 새롭게 선보인 젊은 경장편 시리즈 '소설Q'의 신작이다.,2020-01-15,https://image.aladin.co.kr/product/22695/56/coversum/8936438085_1.jpg,국내도서>소설/시/희곡>한국소설>2000년대 이후 한국소설
시간의 얼굴,서영은,일송포켓북,대덕소프트웨어마이스터고등학교,EM00009770,813.6 서64ㅅ,"2000년 <그녀의 여자>라는 제목으로 출간되었던 서영은의 장편소설을, 「문학사상」 연재 당시의 원제목으로 새롭게 펴냈다. 한 손에 쥐고 읽을 수 있는 아담한 판형과 가벼운 무게의 페이퍼백(paperback)이다.",2005-08-05,https://image.aladin.co.kr/product/57/93/coversum/8957320326_1.jpg,국내도서>소설/시/희곡>한국소설>2000년대 이후 한국소설
탱고,구혜선,웅진지식하우스,대덕소프트웨어마이스터고등학교,EM00009817,813.6 구94ㅌ,"배우 구혜선의 일러스트 픽션. 소설과 일러스트가 결합된 독특한 구성의 소설이다. 어느 날 우연히 류이치 사카모토의 '탱고'라는 음악을 듣게 된 구혜선이 그 순간 떠오른 하나의 스토리에 자신의 경험을 녹여 쓰기 시작해 완성한 소설로, 이제껏 틈틈이 그려온 일러스트 40여 컷을 함께 수록하였다.",2009-04-01,https://image.aladin.co.kr/product/345/96/coversum/8901093421_2.jpg,국내도서>소설/시/희곡>한국소설>2000년대 이후 한국소설
태백산맥 1,조정래,해냄,대덕소프트웨어마이스터고등학교,EM00009861,813.6 조74ㅌ v.1,"“문학은 인간의 인간다운 삶을 위하여 인간에게 기여해야 한다”는 신념으로 일평생을 소설 집필에 매진하고 있는 조정래 작가의 대표작, 대하소설 태백산맥이 1986년 첫 출간된 이후 30년 만에 청소년을 위한 소설로 개작되어 독자들을 만난다.",2016-11-08,https://image.aladin.co.kr/product/9545/79/coversum/8965746035_2.jpg,국내도서>청소년>청소년 문학>청소년 소설
태백산맥 5,조정래,해냄,대덕소프트웨어마이스터고등학교,EM00009865,813.6 조74ㅌ v.5,작가 조정래의 등단 50주년을 기념하여 대하소설 3부작 태백산맥 아리랑 한강을 개정 출간한다. 작가는 초판 출간 후 31년 만에 다시 책을 펼쳐 전편을 손수 퇴고함으로써 새로운 '정본(定本)'을 완성했다.,2020-10-15,https://image.aladin.co.kr/product/25326/74/coversum/8965749204_1.jpg,국내도서>소설/시/희곡>역사소설>한국 역사소설
태백산맥 6,조정래,해냄,대덕소프트웨어마이스터고등학교,EM00009866,813.6 조74ㅌ v.6,작가 조정래의 등단 50주년을 기념하여 대하소설 3부작 태백산맥 아리랑 한강을 개정 출간한다. 작가는 초판 출간 후 31년 만에 다시 책을 펼쳐 전편을 손수 퇴고함으로써 새로운 '정본(定本)'을 완성했다.,2020-10-15,https://image.aladin.co.kr/product/25326/81/coversum/8965749263_1.jpg,국내도서>소설/시/희곡>역사소설>한국 역사소설
제3인류 3,베르나르 베르베르,열린책들,대덕소프트웨어마이스터고등학교,EM00013792,863 베297ㅈ v.3,베르나르 베르베르 특유의 상상력과 장대한 스케일이 돋보이는 스테디셀러 SF 소설 『제3인류』가 초판 발간 10주년을 맞아 새로운 판형과 표지를 갖추고 다시 한번 독자들을 찾아왔다.,2023-11-15,https://image.aladin.co.kr/product/32882/13/coversum/8932923779_1.jpg,국내도서>소설/시/희곡>과학소설(SF)>외국 과학소설
댓글부대,장강명,은행나무,대덕소프트웨어마이스터고등학교,EM00019181,813.7 장12ㄷ,"제3회 제주4.3평화문학상 수상작 장강명 장편소설. 그간 표백, 한국이 싫어서 등 사회성 짙은 소설을 써온 장강명의 소설 댓글부대는 이전 작품들보다 훨씬 더 강력한 목소리로 부박한 현실에 정면 돌파를 시도한 소설이다.",2015-11-30,https://image.aladin.co.kr/product/7073/45/coversum/s902939394_1.jpg,국내도서>소설/시/희곡>한국소설>2000년대 이후 한국소설
해를품은달 2  정운궐장편소설,정은궐,파란,대덕소프트웨어마이스터고등학교,IT00006418,810 정67해 v.2 c.4,,,,
공주의남자 2  조선판 로미오와 줄리엣,김종민,페이퍼스토리,대덕소프트웨어마이스터고등학교,EM00012841,810 김75공 v.2 c.2,,,,
녹두장군  1 1,송기숙,시대의창출판사,대덕소프트웨어마이스터고등학교,EM00010065,813.6 송18ㄴ v.1,"송기숙의 역사소설. 고종 31년, 전라도 고부 군수 조병갑의 횡포와 수탈에 고통 받던 민중은 동학의 접주인 전봉준을 중심으로 농민전쟁을 일으킨다. 녹두장군은 부패할 대로 부패한 봉건 조선에 대한 민중의 분노를 하나의 목소리로 모아 새로운 사회로 나가는 발판을 만들었던 혁명가, 전봉준의 삶을 그린 작품이다. 짧지만 강렬했던 혁명의 순간을 민중의 목소리로 거칠게 묘사하고 있다.",2008-07-10,https://image.aladin.co.kr/product/232/22/coversum/8959401129_1.jpg,국내도서>소설/시/희곡>역사소설>한국 역사소설
달콤살벌한 그 녀석 2,연우,우신,대덕소프트웨어마이스터고등학교,IT00004366,813.7 연66ㄷ v.2,"연우 장편소설. 종갓집 막내딸로 태어나 집안 남자들의 몸종처럼 살아온 세비. 대학 합격 후 꿈같은 독립생활에 젖어 있던 그녀에게 청천벽력 같은 소식이 전해진다. 1년 동안 취직을 못하면 고향으로 내려오라는 할아버지의 엄명이 떨어진 것. 취업에 고심하던 그녀에게 꿀, 아니 황금 아르바이트 기회가 주어지는데….",2016-11-18,https://image.aladin.co.kr/product/9721/0/coversum/8929824145_1.jpg,국내도서>소설/시/희곡>로맨스소설>한국 로맨스소설
소심남녀 지상 최대 연애사건,김전한,왕의서재,대덕소프트웨어마이스터고등학교,EM00010085,813.6 김74ㅅ,"전대미문의 '여관 가이드 북'을 둘러싸고 펼쳐지는 청춘남녀들의 사랑과 연애, 그리고 기상천외한 사건들을 그린 소설. 지구상에서 가장 소심한 남자와 여자가 만나서 사랑에 빠지고 결혼하기까지의 과정을 생생하고 유쾌하게 담았다.",2009-05-15,https://image.aladin.co.kr/product/373/36/coversum/8996148377_1.jpg,국내도서>소설/시/희곡>한국소설>2000년대 이후 한국소설
100인의 배우  우리 문학을 읽다  오디오북,커뮤니케이션북스,커뮤니케이션북스,대덕소프트웨어마이스터고등학교,IT00011047,813.6 커36ㅂ,"103명의 명품 배우들이 들려주는 한국 단편 걸작 100편. 최민식 문소리 정진영 예지원. 이름만으로도 설레는 명품 배우 103명이 낭독한 한국 단편 걸작 100편을 작은 USB에 담았다. 전체 낭독시간 104시간 19분. 활자에 생명을 불어넣는 배우들의 숨결로 새로운 독서 경험, 문학 세계가 펼쳐진다.",2018-05-04,https://image.aladin.co.kr/product/14232/13/coversum/k082532635_3.jpg,국내도서>소설/시/희곡>한국소설>2000년대 이전 한국소설
뿌리 깊은 나무 2 2,이정명,밀리언하우스,대덕소프트웨어마이스터고등학교,EM00012564,813.6 이73ㅃ v.2,한국 팩션에 새로운 획을 그었다는 평가를 받으며 한국 사회에 '뿌나' 열풍을 불러일으켰던 이정명 장편소설 뿌리 깊은 나무가 새로운 장정과 표지로 옷을 갈아입고 은행나무에서 출간되었다.,2015-09-01,https://image.aladin.co.kr/product/6600/16/coversum/8956609276_1.jpg,국내도서>소설/시/희곡>역사소설>한국 역사소설
우울과 몽상,애드거 앨런 포,하늘연못,대덕소프트웨어마이스터고등학교,EM00001947,843 포62ㅇ,"현대 단편소설의 기틀을 확립한 에드거 앨런 포의 작품 58편을 모두 모아 엮은 책. 작품 성향에 따라 환상(16편), 풍자(15편), 추리(10편), 공포(17편)의 네 부분으로 나누어 싣고 있다.",2002-04-29,https://image.aladin.co.kr/product/34/60/coversum/8987115836_2.jpg,국내도서>소설/시/희곡>영미소설
봄비 내리는 날,김한수,창작과비평사,대덕소프트웨어마이스터고등학교,EM00004611,813.6 김91ㅂ c.3,1992년 출간한 이래 25년간 사랑받아온 김한수 첫 소설집 봄비 내리는 날이 전면개정되어 출간되었다. 저자가 문장을 일일이 매만져 더 밀도있는 작품으로 새로이 선보인다. 등단작 '성장'을 비롯하여 총 세편의 중편소설이 묶여 있다.,2017-11-17,https://image.aladin.co.kr/product/12303/31/coversum/893643750x_2.jpg,국내도서>소설/시/희곡>한국소설>2000년대 이전 한국소설
봄비 내리는 날,김한수,창작과비평사,대덕소프트웨어마이스터고등학교,EM00007873,813.6 김91ㅂ c.4,1992년 출간한 이래 25년간 사랑받아온 김한수 첫 소설집 봄비 내리는 날이 전면개정되어 출간되었다. 저자가 문장을 일일이 매만져 더 밀도있는 작품으로 새로이 선보인다. 등단작 '성장'을 비롯하여 총 세편의 중편소설이 묶여 있다.,2017-11-17,https://image.aladin.co.kr/product/12303/31/coversum/893643750x_2.jpg,국내도서>소설/시/희곡>한국소설>2000년대 이전 한국소설
페스트    48,카뮈 알베르,소담출판사,대덕소프트웨어마이스터고등학교,EM00002139,808.3 카37ㅍ,,1994-05-01,https://image.aladin.co.kr/product/15/34/coversum/8973810480_1.jpg,국내도서>소설/시/희곡>프랑스소설
옛 우물,오정희,청아,대덕소프트웨어마이스터고등학교,EM00006405,813.6 오73ㅇ c.5,,,,
모든 신포도 밑에는 여우가 있다,최수철,샘터사,대덕소프트웨어마이스터고등학교,EM00002370,813.6 최57ㅁ,소설가 최수철씨가 평범한 30대 회사원과 그의 친구인 소설가를 내세워 우리 주변의 이야기들을 시니컬하고 유쾌하게 이끌어 나가는 짧은 소설 33편을 실었다.,2001-11-10,https://image.aladin.co.kr/product/30/21/coversum/8946413484_1.gif,국내도서>소설/시/희곡>한국소설>2000년대 이후 한국소설
승자는 혼자다 1,파울로 코엘료,문학동네,대덕소프트웨어마이스터고등학교,EM00010382,879 코64ㅅ v.1 c.3,"""꿈을 이루기 위해 당신은 어디까지 갈 수 있습니까?"" <연금술사>의 작가, 마법적 이야기꾼 파울로 코엘료의 2009년 신작! 칸 영화제를 배경으로 24시간 동안 펼쳐지는 숨가쁜 이야기를 그린 작품. 명성의 정상에 서 있는 사람들과 그들의 자리에 오르기 위해 발버둥치는 사람들의 이야기가 담겨 있다. 프랑스 DNA는 '위대한 고전 비극을 연상시키는 작품'이라 평하기도 했다.",2009-07-25,https://image.aladin.co.kr/product/418/76/coversum/8954608485_2.jpg,국내도서>소설/시/희곡>스페인/중남미소설
죽은 왕녀를 위한 파반느,박민규,예담(위즈덤하우스),대덕소프트웨어마이스터고등학교,EM00011033,813.6 박38ㅈ c.2,<삼미 슈퍼스타즈의 마지막 팬클럽> <카스테라> <핑퐁>의 작가 박민규의 장편소설. 못생긴 여자와 못생긴 여자를 사랑했던 한 남자의 이야기를 20대 성장소설의 형식으로 그려냈다. 작가 스스로 '80년대 빈티지 신파'라 일컬을 만큼 내용이나 스타일에 있어서 큰 변화를 보이는 소설이다.,2009-07-20,https://image.aladin.co.kr/product/425/98/coversum/s522834565_1.jpg,국내도서>소설/시/희곡>한국소설>2000년대 이후 한국소설
공중그네,오쿠다히데오,은행나무,대덕소프트웨어마이스터고등학교,EM00012442,833.6 오876ㄱ c.3,"131회 나오키상 수상작. 어딘가 수상해보이는 정신과 병원을 배경으로, 이라부 박사와 여러 환자들이 벌이는 요절복통 사건들이 그려진다. 크고 작은 강박증 하나쯤 지니고 살아가는 현대인들에게, 툭툭 털고 일어나 앞으로 나아가도록 용기를 주는 즐거운 작품.",2005-01-15,https://image.aladin.co.kr/product/53/67/coversum/895660102x_2.jpg,국내도서>소설/시/희곡>일본소설>1950년대 이후 일본소설
사랑의 야찬,미셸 투르니에,문학동네,대덕소프트웨어마이스터고등학교,EM00002482,863 투238ㅅ,"현존하는 프랑스 최고의 작가 미셸 투르니에의 소설집. 유려한 번역으로 많은 사랑을 받고 있는 번역가 이세욱씨가 옮겼고, 서양화가 선종훈씨가 삽화를 그렸다. 전체 아홉 편의 이야기가 실려 있다.",2005-01-02,https://image.aladin.co.kr/product/53/65/coversum/8982819134_1.jpg,국내도서>소설/시/희곡>프랑스소설
하얀전쟁 3 ,안정효,고려원,대덕소프트웨어마이스터고등학교,EM00002580,813.6 안73ㅎ,,1993-08-01,https://image.aladin.co.kr/product/28/14/coversum/8912061852_1.gif,국내도서>소설/시/희곡>한국소설>2000년대 이후 한국소설
달과 6펜스,서머셋 몸,홍신문화사,대덕소프트웨어마이스터고등학교,EM00002607,843 모65ㄷ,<달과 6펜스>는 15종에 이르는 번역본이 이미 소개되어 있을 만큼 국내에서 크게 환영받는 작품이다. 이 작품은 서머싯 몸을 전세계에 널리 알린 결정적인 작품으로 제1차 세계대전이 끝난 이듬해인 1919년에 출판되어 대단한 인기를 끌었다.,2000-06-20,https://image.aladin.co.kr/product/23/77/coversum/s692639624_2.jpg,국내도서>소설/시/희곡>영미소설
우상의 눈물,전상국,민음사,대덕소프트웨어마이스터고등학교,IT00005146,813.6 전52ㅇ c.8,"한국을 대표하는 명불허전 작가들의 명불허전 작품들을 엄선하여 모은 '사피엔스 한국문학 중.단편소설'. 18권은 전쟁의 상처와 사회의 모순을 성찰하는 작가 전상국의 선집이다. '우상의 눈물', '아베의 가족' 두 작품이 수록되어 있다.",2012-07-06,https://image.aladin.co.kr/product/1824/62/coversum/8965881404_1.jpg,국내도서>소설/시/희곡>한국소설>2000년대 이전 한국소설
우상의 눈물,전상국,민음사,대덕소프트웨어마이스터고등학교,IT00005153,813.6 전52ㅇ c.15,"한국을 대표하는 명불허전 작가들의 명불허전 작품들을 엄선하여 모은 '사피엔스 한국문학 중.단편소설'. 18권은 전쟁의 상처와 사회의 모순을 성찰하는 작가 전상국의 선집이다. '우상의 눈물', '아베의 가족' 두 작품이 수록되어 있다.",2012-07-06,https://image.aladin.co.kr/product/1824/62/coversum/8965881404_1.jpg,국내도서>소설/시/희곡>한국소설>2000년대 이전 한국소설
우상의 눈물,전상국,민음사,대덕소프트웨어마이스터고등학교,IT00005141,813.6 전52ㅇ c.3,"한국을 대표하는 명불허전 작가들의 명불허전 작품들을 엄선하여 모은 '사피엔스 한국문학 중.단편소설'. 18권은 전쟁의 상처와 사회의 모순을 성찰하는 작가 전상국의 선집이다. '우상의 눈물', '아베의 가족' 두 작품이 수록되어 있다.",2012-07-06,https://image.aladin.co.kr/product/1824/62/coversum/8965881404_1.jpg,국내도서>소설/시/희곡>한국소설>2000년대 이전 한국소설
우상의 눈물,전상국,민음사,대덕소프트웨어마이스터고등학교,IT00005151,813.6 전52ㅇ c.13,"한국을 대표하는 명불허전 작가들의 명불허전 작품들을 엄선하여 모은 '사피엔스 한국문학 중.단편소설'. 18권은 전쟁의 상처와 사회의 모순을 성찰하는 작가 전상국의 선집이다. '우상의 눈물', '아베의 가족' 두 작품이 수록되어 있다.",2012-07-06,https://image.aladin.co.kr/product/1824/62/coversum/8965881404_1.jpg,국내도서>소설/시/희곡>한국소설>2000년대 이전 한국소설
바리데기,황석영,창비,대덕소프트웨어마이스터고등학교,IT00005236,813.6 황54ㅂ c.18,"한겨레신문에 연재된 황석영의 새 소설 <바리데기>가 출간됐다. 소설가 공지영은 이 작품을 읽고 ""절망 이길 힘을 보았다. 소설이 언제 끝나는지도 모를 정도로 재미있었다. 타국에서 우리 말과 신화를 가지고 분투한 작가에게 존경과 감사를 보낸다""고 찬사를 보냈다.",2007-07-13,https://image.aladin.co.kr/product/93/57/coversum/893643358x_3.jpg,국내도서>소설/시/희곡>한국소설>2000년대 이후 한국소설
바리데기,황석영,창비,대덕소프트웨어마이스터고등학교,IT00005224,813.6 황54ㅂ c.6,"한겨레신문에 연재된 황석영의 새 소설 <바리데기>가 출간됐다. 소설가 공지영은 이 작품을 읽고 ""절망 이길 힘을 보았다. 소설이 언제 끝나는지도 모를 정도로 재미있었다. 타국에서 우리 말과 신화를 가지고 분투한 작가에게 존경과 감사를 보낸다""고 찬사를 보냈다.",2007-07-13,https://image.aladin.co.kr/product/93/57/coversum/893643358x_3.jpg,국내도서>소설/시/희곡>한국소설>2000년대 이후 한국소설
바리데기,황석영,창비,대덕소프트웨어마이스터고등학교,IT00005231,813.6 황54ㅂ c.13,"한겨레신문에 연재된 황석영의 새 소설 <바리데기>가 출간됐다. 소설가 공지영은 이 작품을 읽고 ""절망 이길 힘을 보았다. 소설이 언제 끝나는지도 모를 정도로 재미있었다. 타국에서 우리 말과 신화를 가지고 분투한 작가에게 존경과 감사를 보낸다""고 찬사를 보냈다.",2007-07-13,https://image.aladin.co.kr/product/93/57/coversum/893643358x_3.jpg,국내도서>소설/시/희곡>한국소설>2000년대 이후 한국소설
바리데기,황석영,창비,대덕소프트웨어마이스터고등학교,IT00005227,813.6 황54ㅂ c.9,"한겨레신문에 연재된 황석영의 새 소설 <바리데기>가 출간됐다. 소설가 공지영은 이 작품을 읽고 ""절망 이길 힘을 보았다. 소설이 언제 끝나는지도 모를 정도로 재미있었다. 타국에서 우리 말과 신화를 가지고 분투한 작가에게 존경과 감사를 보낸다""고 찬사를 보냈다.",2007-07-13,https://image.aladin.co.kr/product/93/57/coversum/893643358x_3.jpg,국내도서>소설/시/희곡>한국소설>2000년대 이후 한국소설
처녀들  자살하다,제프리 유제니디스,민음사,대덕소프트웨어마이스터고등학교,IT00005407,843 유74ㅊ,"<미들섹스>로 2003년 퓰리처 상을 수상한 미국 작가 제프리 유제니다스의 데뷔작. 1970년대 중반, 미국 미시간 주의 한 마을에서 벌어진 다섯 소녀의 자살 사건과, 20여 년이 흐른 뒤에 첫사랑이었던 그녀들의 죽음을 추적하는 남자들의 이야기가 교차하는 소설이다. 1993년 출간되었고, 1999년 영화화('처녀 자살 소동')되었다.",2007-08-17,https://image.aladin.co.kr/product/97/7/coversum/8937481278_1.jpg,국내도서>소설/시/희곡>영미소설
내 영혼이 따뜻했던 날들,포리스트 카터,아름드리미디어,대덕소프트웨어마이스터고등학교,IT00005417,843 카884ㄴ c.3,"포리스트 카터의 자전적인 소설로, 이야기는 주인공인 '작은나무'가 홀어머니의 죽음으로 조부모와 함께 살게 되는 것으로 시작한다. 체로키족인 할아버지, 할머니와 함께 산 속 오두막에 살면서 '작은나무'는 산사람으로, 또 인디언으로 자연과 더불어 살아가면서 자연의 이치로 세상을 보고 판단하는 지혜를 배워간다.",2014-05-30,https://image.aladin.co.kr/product/19025/43/coversum/8955824955_1.jpg,국내도서>소설/시/희곡>영미소설
운명 340,임레 케르테스,민음사,대덕소프트웨어마이스터고등학교,IT00005440,808 세14 v.340,민음사 세계문학전집 340권. 본인의 홀로코스트 생존 경험을 토대로 깊고 의미 있는 울림을 오늘의 우리에게 전하며 '아우슈비츠 이후의 문학'을 정립한 임레 케르테스의 운명 4부작 중 대표작이자 작가에게 노벨 문학상을 안겨 준 작품이다.,2016-05-09,https://image.aladin.co.kr/product/8356/49/coversum/8937463407_2.jpg,국내도서>소설/시/희곡>세계의 소설>동유럽소설
군함도 2,한수산,창비,대덕소프트웨어마이스터고등학교,IT00005488,813.6 한56ㄱ v.2,일제강점기 하시마섬 강제징용과 나가사끼 피폭의 문제를 다룬 한수산의 장편소설. 한수산은 1988년 일본에 체류하던 중 토오꾜오의 한 서점에서 오까 마사하루 목사가 쓴 원폭과 조선인이라는 책을 접한 뒤 하시마 탄광의 조선인 강제징용과 나가사끼 피폭에 대한 작품을 쓰기로 결심한다.,2016-05-18,https://image.aladin.co.kr/product/8346/86/coversum/8936434225_2.jpg,국내도서>소설/시/희곡>역사소설>한국 역사소설
반지의 제왕 1  반지원정대 ,J. R. R. Tolkien,씨앗을뿌리는사람들,대덕소프트웨어마이스터고등학교,IT00005492,843 돌878ㅂ v.1,모든 힘을 지배할 절대반지를 갖게 된 호빗 ‘프로도’가 악의 세력을 물리치고 절대반지를 파괴하기 위해 목숨을 건 여정을 떠나는 판타지 서사 『반지의 제왕』이 출간되었다.  2020년 새롭게 출간된 『반지의 제왕』은  국내 최초로 60주년판 전면 완역을 거쳤다.,2021-02-23,https://image.aladin.co.kr/product/26403/8/coversum/8950992469_2.jpg,국내도서>소설/시/희곡>판타지/환상문학>외국판타지/환상소설
반지의 제왕 5  왕의 귀환 1,J.R.R. 톨킨,씨앗을뿌리는사람,대덕소프트웨어마이스터고등학교,IT00005496,843 돌878ㅂ v.5,,2002-02-02,https://image.aladin.co.kr/product/34/90/coversum/8949700670_1.gif,국내도서>소설/시/희곡>판타지/환상문학>외국판타지/환상소설
미 비포 유,조조 모예스,살림,대덕소프트웨어마이스터고등학교,IT00007353,843 모64ㅁ c.2,"2014년 초판이 출간된 이후 쇄를 거듭하며 사랑받은 소설 『미 비포 유』가 10년 만에 전면 개정판으로 돌아왔다. 럭셔리 브랜드와의 협업, 더현대 사진전 11만 관람객을 동원한 봄을 찍는 포토그래퍼 ‘테레사 프레이타스’와 협업한 표지로 새로운 시작을 화사하게 알린다.",2024-04-25,https://image.aladin.co.kr/product/33850/54/coversum/k082930104_2.jpg,국내도서>소설/시/희곡>영미소설
듄 6  듄의 신전,프랭크 허버트,황금가지,대덕소프트웨어마이스터고등학교,IT00014568,843 허44ㄷ v.6,"역사상 가장 많이 팔린 SF이자 독자들이 뽑은 역대 최고의 SF인 프랭크 허버트의 대작 『듄』이 신장판 전집으로 출간되었다. 2001년 첫 번역본이 출간된 이후 20년 만에 재출간된 신장판은, 기존의 18권 반양장본을 원서와 동일한 6권으로 묶은 양장본이다.",2021-01-22,https://image.aladin.co.kr/product/26297/34/coversum/k312738793_1.jpg,국내도서>소설/시/희곡>과학소설(SF)>외국 과학소설
밝은 밤,최은영,문학동네,대덕소프트웨어마이스터고등학교,IT00014587,813.7 최67ㅂ,"공감을 불러일으키는 이야기와 서정적이며 사려 깊은 문장, 그리고 그 안에 자리한 뜨거운 문제의식으로 등단 이후 줄곧 폭넓은 독자의 지지와 문학적 조명을 두루 받고 있는 작가 최은영의 첫 장편소설.",2021-07-27,https://image.aladin.co.kr/product/27541/91/coversum/k312835925_1.jpg,국내도서>소설/시/희곡>한국소설>2000년대 이후 한국소설
상아의 문으로,구병모,문학과지성사,대덕소프트웨어마이스터고등학교,IT00014607,813.7 구44상,"구병모의 새 장편소설. 등단 이후 꾸준히 신작을 발표해온 그가 2021년 연말을 앞두고, 계간 『문학과사회』(2020년 가을호~2021년 여름호)에 연재했던 소설을 묶어 출간했다.",2021-11-20,https://image.aladin.co.kr/product/28383/83/coversum/8932039259_1.jpg,국내도서>소설/시/희곡>한국소설>2000년대 이후 한국소설
인간 조건,앙드레 말로,홍신문화사,대덕소프트웨어마이스터고등학교,EM00002496,863 말295ㅇ,"이방인의 작가 알베르 카뮈가 ‘이미지로 표현된 철학’이라고 말한 인간의 조건, 그 명작의 비밀을 최초로 밝혀낸 인문학 교양서이다. 정부(교육부)의 재원으로 한국연구재단의 지원을 받아 집필된 책이다.",2018-09-12,https://image.aladin.co.kr/product/17008/15/coversum/k652534576_1.jpg,국내도서>인문학>교양 인문학
파리대왕,윌리엄 골딩,청목사,대덕소프트웨어마이스터고등학교,EM00002518,808 골229ㅍ,'파리대왕'은 성서에 등장하는 말로 악마를 뜻한다. 비행기 사고로 남해의 외딴섬에 표류하게 된 몇 명의 소년들은 문명적인 규칙을 자신들에게 부과하여 공동체를 만들지만 결국 원시적인 야만상태로 퇴행해 간다.,2002-03-25,https://image.aladin.co.kr/product/34/40/coversum/893746019x_2.jpg,국내도서>소설/시/희곡>영미소설
대런샌 6  뱀파이어 왕자,대런샌,문학수첩리틀북스,대덕소프트웨어마이스터고등학교,EM00002537,843 대233ㄷ,"세계적인 베스트셀러 대런 섄이 새로운 모습으로 독자들을 찾는다. 북디자이너 박진범의 디자인으로 한층 세련된 표지로 업그레이드된 대런 섄은 한 손에 잡히는 가벼운 문고판에 가격을 7,000원으로 대폭 낮추어 더 많은 독자들이 더 쉽고 부담 없이 다가설 수 있도록 했다.",2015-06-12,https://image.aladin.co.kr/product/6053/84/coversum/8959761745_1.jpg,국내도서>소설/시/희곡>판타지/환상문학>외국판타지/환상소설
상실의 시대,무라카미하루키,문학사상사,대덕소프트웨어마이스터고등학교,EM00002540,833.6 하237ㅅ,"페이지를 처음 펼치는 오늘의 젊음들에게, 그리고 오랜 기억 속에 책의 한 구절을 간직하고 있는 어제의 젊음들에게, 한결같은 울림으로 예민하고 섬세한 청춘의 감성을 전하며 영원한 필독서로 사랑받고 있는 무라카미 하루키의 대표작이다.",2017-08-07,https://image.aladin.co.kr/product/11561/49/coversum/8937434482_1.jpg,국내도서>소설/시/희곡>일본소설>1950년대 이후 일본소설
바우돌리노  하 ,움베르토 에코,열린책들,대덕소프트웨어마이스터고등학교,EM00002549,883.6 에825ㅂ,"에코 하면 딱 떠오르는 키워드인 '중세, 종교, 언어' 등등의 요소는 여전하지만, 이전 작품들에 비해 훨씬 대중적이고 읽기 즐겁다. 이탈리아 대사관에서 주는 번역문학상을 받은 이현경씨의 번역도 매우 깔끔하다.",2002-04-30,https://image.aladin.co.kr/product/34/62/coversum/8932904308_2.jpg,국내도서>소설/시/희곡>세계의 소설>이탈리아소설
쇼코의 미소,최은영,문학동네,대덕소프트웨어마이스터고등학교,IT00009964,813.6 최67ㅅ c.3,"2013년 겨울, 「작가세계」 신인상에 중편소설 '쇼코의 미소'가 당선되어 등단, 그 작품으로 다음해 젊은작가상을 수상하면서 많은 사람들에게 특별한 인상으로 다가갔던 최은영 작가의 첫 소설집.",2016-07-07,https://image.aladin.co.kr/product/8679/95/coversum/8954641636_1.jpg,국내도서>소설/시/희곡>한국소설>2000년대 이후 한국소설
우상의 눈물,전상국,민음사,대덕소프트웨어마이스터고등학교,IT00005149,813.6 전52ㅇ c.11,"한국을 대표하는 명불허전 작가들의 명불허전 작품들을 엄선하여 모은 '사피엔스 한국문학 중.단편소설'. 18권은 전쟁의 상처와 사회의 모순을 성찰하는 작가 전상국의 선집이다. '우상의 눈물', '아베의 가족' 두 작품이 수록되어 있다.",2012-07-06,https://image.aladin.co.kr/product/1824/62/coversum/8965881404_1.jpg,국내도서>소설/시/희곡>한국소설>2000년대 이전 한국소설
우상의 눈물,전상국,민음사,대덕소프트웨어마이스터고등학교,IT00005154,813.6 전52ㅇ c.16,"한국을 대표하는 명불허전 작가들의 명불허전 작품들을 엄선하여 모은 '사피엔스 한국문학 중.단편소설'. 18권은 전쟁의 상처와 사회의 모순을 성찰하는 작가 전상국의 선집이다. '우상의 눈물', '아베의 가족' 두 작품이 수록되어 있다.",2012-07-06,https://image.aladin.co.kr/product/1824/62/coversum/8965881404_1.jpg,국내도서>소설/시/희곡>한국소설>2000년대 이전 한국소설
우상의 눈물,전상국,민음사,대덕소프트웨어마이스터고등학교,IT00005157,813.6 전52ㅇ c.19,"한국을 대표하는 명불허전 작가들의 명불허전 작품들을 엄선하여 모은 '사피엔스 한국문학 중.단편소설'. 18권은 전쟁의 상처와 사회의 모순을 성찰하는 작가 전상국의 선집이다. '우상의 눈물', '아베의 가족' 두 작품이 수록되어 있다.",2012-07-06,https://image.aladin.co.kr/product/1824/62/coversum/8965881404_1.jpg,국내도서>소설/시/희곡>한국소설>2000년대 이전 한국소설
우상의 눈물,전상국,민음사,대덕소프트웨어마이스터고등학교,IT00005148,813.6 전52ㅇ c.10,"한국을 대표하는 명불허전 작가들의 명불허전 작품들을 엄선하여 모은 '사피엔스 한국문학 중.단편소설'. 18권은 전쟁의 상처와 사회의 모순을 성찰하는 작가 전상국의 선집이다. '우상의 눈물', '아베의 가족' 두 작품이 수록되어 있다.",2012-07-06,https://image.aladin.co.kr/product/1824/62/coversum/8965881404_1.jpg,국내도서>소설/시/희곡>한국소설>2000년대 이전 한국소설
우상의 눈물,전상국,민음사,대덕소프트웨어마이스터고등학교,IT00005140,813.6 전52ㅇ c.2,"한국을 대표하는 명불허전 작가들의 명불허전 작품들을 엄선하여 모은 '사피엔스 한국문학 중.단편소설'. 18권은 전쟁의 상처와 사회의 모순을 성찰하는 작가 전상국의 선집이다. '우상의 눈물', '아베의 가족' 두 작품이 수록되어 있다.",2012-07-06,https://image.aladin.co.kr/product/1824/62/coversum/8965881404_1.jpg,국내도서>소설/시/희곡>한국소설>2000년대 이전 한국소설
우상의 눈물,전상국,민음사,대덕소프트웨어마이스터고등학교,IT00005147,813.6 전52ㅇ c.9,"한국을 대표하는 명불허전 작가들의 명불허전 작품들을 엄선하여 모은 '사피엔스 한국문학 중.단편소설'. 18권은 전쟁의 상처와 사회의 모순을 성찰하는 작가 전상국의 선집이다. '우상의 눈물', '아베의 가족' 두 작품이 수록되어 있다.",2012-07-06,https://image.aladin.co.kr/product/1824/62/coversum/8965881404_1.jpg,국내도서>소설/시/희곡>한국소설>2000년대 이전 한국소설
바리데기,황석영,창비,대덕소프트웨어마이스터고등학교,IT00005238,813.6 황54ㅂ c.20,"한겨레신문에 연재된 황석영의 새 소설 <바리데기>가 출간됐다. 소설가 공지영은 이 작품을 읽고 ""절망 이길 힘을 보았다. 소설이 언제 끝나는지도 모를 정도로 재미있었다. 타국에서 우리 말과 신화를 가지고 분투한 작가에게 존경과 감사를 보낸다""고 찬사를 보냈다.",2007-07-13,https://image.aladin.co.kr/product/93/57/coversum/893643358x_3.jpg,국내도서>소설/시/희곡>한국소설>2000년대 이후 한국소설
할머니는 죽지 않는다,공지영,해냄,대덕소프트웨어마이스터고등학교,IT00005364,813.6 공78ㅎ c.2,"인간에 대한 예의, 존재는 눈물을 흘린다, 별들의 들판 출간 이후 13년 만에 출간하는 공지영 작가의 소설집. 2000년 이후 집필, 발표한 작품들 중 21세기문학상, 한국소설문학상, 이상문학상 등의 수상작과 신작 단편소설을 모았다.",2017-04-03,https://image.aladin.co.kr/product/10611/17/coversum/8965746124_2.jpg,국내도서>소설/시/희곡>한국소설>2000년대 이후 한국소설
옛날에 내가 죽은 집,히가시노 게이고,창해,대덕소프트웨어마이스터고등학교,IT00005383,833.6 히12ㅇ,"1985년 데뷔 이래, 끊임없는 소재 발굴, 엄청난 집필 속도를 무기로 누구보다 성실하게 누구보다 천재적으로 소설의 매력을 설파해온 작가 히가시노 게이고. 《옛날에 내가 죽은 집》은 그의 1994년 작품으로, 7년 전 헤어진 여자친구의 잃어버린 기억을 되찾기 위해 수수께끼 집을 방문, 사건을 추리해나가는 이야기를 담고 있다.",2019-07-17,https://image.aladin.co.kr/product/19711/55/coversum/8934995289_1.jpg,국내도서>소설/시/희곡>추리/미스터리소설>일본 추리/미스터리소설
너의 췌장을 먹고 싶어,스미노 요루,소미미디어,대덕소프트웨어마이스터고등학교,IT00009863,833.6 스38ㄴ c.3,"일본 청춘 소설의 대표 작가 스미노 요루. 혜성처럼 등장해 베스트셀러에 오른 스미노 요루의 데뷔작 너의 췌장을 먹고 싶어 리커버 에디션. 너의 췌장을 먹고 싶어는 2016년 일본 서점 대상 2위는 물론이고 일본의 각종 도서 관련 집계에서 1, 2위를 기록했다.",2023-01-20,https://image.aladin.co.kr/product/30705/77/coversum/k102830149_1.jpg,국내도서>소설/시/희곡>일본소설>1950년대 이후 일본소설
너의 췌장을 먹고 싶어,스미노 요루,소미미디어,대덕소프트웨어마이스터고등학교,IT00005409,833.6 스38ㄴ,"일본 청춘 소설의 대표 작가 스미노 요루. 혜성처럼 등장해 베스트셀러에 오른 스미노 요루의 데뷔작 너의 췌장을 먹고 싶어 리커버 에디션. 너의 췌장을 먹고 싶어는 2016년 일본 서점 대상 2위는 물론이고 일본의 각종 도서 관련 집계에서 1, 2위를 기록했다.",2023-01-20,https://image.aladin.co.kr/product/30705/77/coversum/k102830149_1.jpg,국내도서>소설/시/희곡>일본소설>1950년대 이후 일본소설
내 영혼이 따뜻했던 날들,포리스트 카터,아름드리미디어,대덕소프트웨어마이스터고등학교,IT00010633,843 카884ㄴ c.4,"포리스트 카터의 자전적인 소설로, 이야기는 주인공인 '작은나무'가 홀어머니의 죽음으로 조부모와 함께 살게 되는 것으로 시작한다. 체로키족인 할아버지, 할머니와 함께 산 속 오두막에 살면서 '작은나무'는 산사람으로, 또 인디언으로 자연과 더불어 살아가면서 자연의 이치로 세상을 보고 판단하는 지혜를 배워간다.",2014-05-30,https://image.aladin.co.kr/product/19025/43/coversum/8955824955_1.jpg,국내도서>소설/시/희곡>영미소설
내 영혼이 따뜻했던 날들,포리스트 카터,아름드리미디어,대덕소프트웨어마이스터고등학교,IT00010637,843 카884ㄴ c.8,"포리스트 카터의 자전적인 소설로, 이야기는 주인공인 '작은나무'가 홀어머니의 죽음으로 조부모와 함께 살게 되는 것으로 시작한다. 체로키족인 할아버지, 할머니와 함께 산 속 오두막에 살면서 '작은나무'는 산사람으로, 또 인디언으로 자연과 더불어 살아가면서 자연의 이치로 세상을 보고 판단하는 지혜를 배워간다.",2014-05-30,https://image.aladin.co.kr/product/19025/43/coversum/8955824955_1.jpg,국내도서>소설/시/희곡>영미소설
내 영혼이 따뜻했던 날들,포리스트 카터,아름드리미디어,대덕소프트웨어마이스터고등학교,IT00005415,843 카884ㄴ,"포리스트 카터의 자전적인 소설로, 이야기는 주인공인 '작은나무'가 홀어머니의 죽음으로 조부모와 함께 살게 되는 것으로 시작한다. 체로키족인 할아버지, 할머니와 함께 산 속 오두막에 살면서 '작은나무'는 산사람으로, 또 인디언으로 자연과 더불어 살아가면서 자연의 이치로 세상을 보고 판단하는 지혜를 배워간다.",2014-05-30,https://image.aladin.co.kr/product/19025/43/coversum/8955824955_1.jpg,국내도서>소설/시/희곡>영미소설
오버로드 9  파멸의 매직 캐스터,마루야마 쿠가네,영상노트,대덕소프트웨어마이스터고등학교,IT00005464,833.6 마296ㅇ v.9,,2015-10-23,https://image.aladin.co.kr/product/6869/37/coversum/k212434170_1.jpg,국내도서>소설/시/희곡>라이트 노벨>노블엔진(Novel Engine)
오버로드 11  드워프 장인,마루야마 쿠가네,영상노트(영상출판미디어),대덕소프트웨어마이스터고등학교,IT00005470,833.6 마296ㅇ v.11,잃어버린 룬 기술을 찾아 드워프의 왕국으로 향하는 아인즈. 아우라와 샤르티아를 거느린 아인즈가 들어선 드워프 왕국은 쿠아고아라는 아인족의 침공에 직면에 있었다....,2017-03-07,https://image.aladin.co.kr/product/10312/54/coversum/k852536387_1.jpg,국내도서>소설/시/희곡>라이트 노벨>노블엔진(Novel Engine)
왕은 웃었다 2,류재빈,파피루스(디앤씨미디어),대덕소프트웨어마이스터고등학교,IT00005483,813.6 류73ㅇ v.2,"비를 내릴 수 있는 단 한 사람인 왕과, 그 왕을 지키는 군위를 꿈꾸는 소년 라야의 이야기. 이 책은 작가가 관찰한 사람의 이야기에서 출발한다. 새로운 세계를 설득력 있게 그려 낸 이 작품은 작가의 자연에 대한, 환경에 대한 관심을 담고 있다. 물이 부족한 척박한 세계에서 조금씩 성장해 나가는 라야라는 소년의 이야기는 환상소설이 자칫 빠지기 쉬운 세계관의 구축이라는 함정을 가뿐하게 뛰어넘는다. 다른 세계라는 이질감보다는 라야라는 인물에 집중해 이야기를 전개시킴으로써 독자들의 재미를 극대화시킨다.",2011-09-02,https://image.aladin.co.kr/product/1303/51/coversum/8926709957_1.jpg,국내도서>소설/시/희곡>판타지/환상문학>한국판타지/환상소설
원더보이,김연수,문학동네,대덕소프트웨어마이스터고등학교,IT00005490,813.6 김64ㅇ,"김연수의 장편소설. 2008년 봄에 청소년문예지 「풋,」에 연재하기 시작해 끝을 비워놓은 상태로 연재를 끝냈던 원더보이가 연재를 중단한 지, 꼭 이 년 만에 완전히 새로운 모습으로 태어났다. 원더보이는 성장소설이기도 하고 또 그렇지 않기도 하다. ""이 세계의 모든 것들이 그렇게 되기로 한 것처럼 스스로 그렇게 되리라는 사실을 그저 믿기만 하면"" 된다는 것을 깨닫게 되는 것은, 대부분의 어른들도 아직 모르는 일이니까.",2012-02-08,https://image.aladin.co.kr/product/1493/55/coversum/8954617484_2.jpg,국내도서>소설/시/희곡>한국소설>2000년대 이후 한국소설
반지의 제왕 4  두개의 탑 2,J.R.R. 톨킨,씨앗을뿌리는사람,대덕소프트웨어마이스터고등학교,IT00005495,843 돌878ㅂ v.4,,2002-02-02,https://image.aladin.co.kr/product/34/90/coversum/8949700662_1.gif,국내도서>소설/시/희곡>판타지/환상문학>외국판타지/환상소설
동급생,프레드 울만,열린책들,대덕소프트웨어마이스터고등학교,IT00005504,843 울32ㄷ,나치즘과 홀로코스트의 시대를 다룬 소설 중에서 가장 유명하고 지금까지 널리 읽히는 책의 하나인 동급생. 1930년대 독일 슈투트가르트를 배경으로 유대인 소년과 독일 귀족 소년의 우정을 그린 프레드 울만의 소설이다.,2017-02-10,https://image.aladin.co.kr/product/10217/55/coversum/8932918147_1.jpg,국내도서>소설/시/희곡>영미소설
다감 선생님은 아이들이 싫다,공민철,아프로스미디어,대덕소프트웨어마이스터고등학교,IT00014548,813.7 공38ㄷ,"2021년 출간된 초판을 새로운 커버로 단장한 『다감 선생님은 아이들이 싫다』리커버 에디션. 한국추리작가협회 황금펜상 수상 작가, 공민철 작가의 연작소설로 한 명의 교사로 성장하는 다감과 삶의 아픔을 딛고 꿋꿋하게 일어서는 아이들을 통해 독자의 마음에 따뜻한 온기를 전해 주는 이야기이다.",2023-05-17,https://image.aladin.co.kr/product/31629/42/coversum/k822833872_1.jpg,국내도서>소설/시/희곡>추리/미스터리소설>한국 추리/미스터리소설
듄 2  듄의 메시아,프랭크 허버트,황금가지,대덕소프트웨어마이스터고등학교,IT00014564,843 허43ㄷ v.2,"역사상 가장 많이 팔린 SF이자 독자들이 뽑은 역대 최고의 SF인 프랭크 허버트의 대작 『듄』이 신장판 전집으로 출간되었다. 2001년 첫 번역본이 출간된 이후 20년 만에 재출간된 신장판은, 기존의 18권 반양장본을 원서와 동일한 6권으로 묶은 양장본이다.",2021-01-22,https://image.aladin.co.kr/product/26297/22/coversum/k202738793_1.jpg,국내도서>소설/시/희곡>과학소설(SF)>외국 과학소설
고백,미나토가나에,비채,대덕소프트웨어마이스터고등학교,EM00012838,833.6 미192고 c.2,"""내 딸을 죽인 사람은 바로 우리 반에 있습니다""라는 충격적인 고백과 함께 시작하는 미나토 가나에의 강렬한 데뷔작. 비채에서는 한국어판 출간 10주년을 기념하여 세심하게 번역을 다듬고, 세련된 디자인과 한결 가벼운 장정으로 독서의 맛을 배가한 개정판을 선보인다.",2018-08-23,https://image.aladin.co.kr/product/16364/72/coversum/k882533543_1.jpg,국내도서>소설/시/희곡>일본소설>1950년대 이후 일본소설
엄마의 말뚝,박완서,세계사,대덕소프트웨어마이스터고등학교,IT00009822,813.6 박65ㅇ c.3,"한국 현대 소설의 대표 단편작을 뽑아 한국어.영어로 동시 수록한 '바이링궐 에디션'. 엄마의 말뚝 연작은 한 소녀의 성장 과정을 그린 성장소설이면서, 한국 사회가 걸어온 지난 시절을 충실하게 재현한 사실주의의 성격을 동시에 지니고 있다.",2012-07-25,https://image.aladin.co.kr/product/1849/71/coversum/8994006214_1.jpg,국내도서>소설/시/희곡>한국소설>2000년대 이전 한국소설
엄마의 말뚝,박완서,세계사,대덕소프트웨어마이스터고등학교,IT00009833,813.6 박65ㅇ c.14,"한국 현대 소설의 대표 단편작을 뽑아 한국어.영어로 동시 수록한 '바이링궐 에디션'. 엄마의 말뚝 연작은 한 소녀의 성장 과정을 그린 성장소설이면서, 한국 사회가 걸어온 지난 시절을 충실하게 재현한 사실주의의 성격을 동시에 지니고 있다.",2012-07-25,https://image.aladin.co.kr/product/1849/71/coversum/8994006214_1.jpg,국내도서>소설/시/희곡>한국소설>2000년대 이전 한국소설
책을 지키려는 고양이,나쓰카와 소스케,아르테,대덕소프트웨어마이스터고등학교,IT00009867,833.6 소58ㅊ c.2,희귀본이 가득한 고서점을 배경으로 책을 지키려는 고양이와 외톨이 소년의 기이한 모험을 담은 소설. 따뜻한 인간애를 그리는 의사 작가로 독자들의 큰 사랑을 받은 나쓰카와 소스케가 오랜만에 선보인 작품이다.,2018-01-12,https://image.aladin.co.kr/product/27501/73/coversum/8950995921_1.jpg,국내도서>소설/시/희곡>일본소설>1950년대 이후 일본소설
봉제인형 살인사건,다니엘 콜,북플라자,대덕소프트웨어마이스터고등학교,IT00009871,843.6 콜22ㅂ c.2,"2016년 4월 런던 도서전에서 가장 큰 주목을 받은 소설로, 다니엘 콜의 데뷔작이다. 영국, 미국, 독일, 일본을 포함한 32개국에서 출간되었다. 신체의 여섯 부위를 바늘과 실로 꿰매 이어 붙인 살인사건이라는 섬뜩한 소재를 다루면서도 진정한 정의가 무엇인지에 대해 생각하게 만드는 작품이다.",2017-10-20,https://image.aladin.co.kr/product/11997/87/coversum/8998274930_1.jpg,국내도서>소설/시/희곡>추리/미스터리소설>영미 추리/미스터리소설
우리들의 행복한 시간,공지영,해냄,대덕소프트웨어마이스터고등학교,IT00009890,813.6 공78ㅇ c.2,2005년 첫 출간 후 100만 부 이상 판매되며 지금까지도 꾸준히 사랑받고 있는 공지영 장편소설 우리들의 행복한 시간이 새롭게 출간된다. 사형제 문제를 전면으로 다루어 출간 당시부터 큰 사회적 반향을 불러일으키며 이듬해 영화로도 만들어져 300만이 넘는 관객을 동원하기도 한 작품이다.,2016-08-20,https://image.aladin.co.kr/product/9002/36/coversum/8965745721_2.jpg,국내도서>소설/시/희곡>한국소설>2000년대 이후 한국소설
마이 시스터즈 키퍼,조디 피코,Siso,대덕소프트웨어마이스터고등학교,IT00009898,843 피875ㅁ c.2,조디 피코의 대표작 마이 시스터즈 키퍼는 발행된 지 10년이 넘은 지금도 중요한 사회적인 논쟁이 일 때마다 회자되는 책이다. 백혈병에 걸린 언니를 치료하기 위해 조작된 유전자를 갖고 태어난 주인공이 열세 살이 되어 자신의 권리와 존재를 찾아가는 과정을 그려냈다.,2017-11-15,https://image.aladin.co.kr/product/12257/54/coversum/k432531850_1.jpg,국내도서>소설/시/희곡>영미소설
천년의 질문 2,조정래,해냄,대덕소프트웨어마이스터고등학교,IT00009933,813.7 조74ㅊ v.2,'대한민국 근현대 삼부작'인 대하소설 태백산맥 아리랑 한강으로 1천 5백만 독자들에게 우리 역사의 참모습을 소설로 알린 조정래 장편소설. 21세기 현재 대한민국에서 자본과 권력에 휘말려 욕망을 키워가는 현대인들의 모습을 적나라하게 그려낸다.,2019-06-11,https://image.aladin.co.kr/product/19386/12/coversum/s472635721_1.jpg,국내도서>소설/시/희곡>한국소설>2000년대 이후 한국소설
불놀이,조정래,해냄출판사,대덕소프트웨어마이스터고등학교,IT00009961,813.6 조74ㅂ,"1982년 문예지에 발표한 네 편의 중편소설 '인간 연습', '인간의 문', '인간의 계단', '인간의 탑'을 이듬해 연작 장편소설로 묶은 불놀이. 해방 이후 좌우의 이념대립이 극명했던 벌교를 중심으로 이념 이전에 감정의 혼란으로 벌어질 수밖에 없었던 평범한 사람들의 한을 여실히 보여준다. 영어판, 프랑스어판, 독일어판으로도 출간되었다.",2010-11-10,https://image.aladin.co.kr/product/810/25/coversum/8965740002_1.jpg,국내도서>소설/시/희곡>한국소설>2000년대 이전 한국소설
장마 7,윤흥길,민음사,대덕소프트웨어마이스터고등학교,EM00012437,813.6 윤98ㅈ v.7,"한국적 리얼리즘의 적자(嫡子) 윤흥길이 써내려 간 분단문학의 걸작. 아이의 눈으로 바라본 이데올로기의 비극을 보여주는 소설로, 한국전쟁의 와중에서 한 가족이 국군과 빨치산으로 나뉘어 무참히 파괴되는 과정을 그린다. 한국 현대 문학을 대표하는 작가들의 주요 작품들을 소개하는 '오늘의 작가 총서'의 일곱번째 권.",2005-10-01,https://image.aladin.co.kr/product/59/28/coversum/8937420074_2.jpg,국내도서>소설/시/희곡>한국소설>2000년대 이전 한국소설
장마 7,윤흥길,민음사,대덕소프트웨어마이스터고등학교,EM00002637,813.6 윤98ㅈ,"한국적 리얼리즘의 적자(嫡子) 윤흥길이 써내려 간 분단문학의 걸작. 아이의 눈으로 바라본 이데올로기의 비극을 보여주는 소설로, 한국전쟁의 와중에서 한 가족이 국군과 빨치산으로 나뉘어 무참히 파괴되는 과정을 그린다. 한국 현대 문학을 대표하는 작가들의 주요 작품들을 소개하는 '오늘의 작가 총서'의 일곱번째 권.",2005-10-01,https://image.aladin.co.kr/product/59/28/coversum/8937420074_2.jpg,국내도서>소설/시/희곡>한국소설>2000년대 이전 한국소설
 1995 이상문학상 수상작품집 제19회,윤후명,문학사상사,대덕소프트웨어마이스터고등학교,EM00007031,810.82 문91ㅇ c.2,"서사성에 기대지 않는 윤씨의 소설은 이야기구조에서 소설적 재미를 찾는 독자를 당황시킨다. 그 대신 질문을 던진다. 이 우주 속에서 너의 삶은 무엇인가, 왜 사는가, 무엇을 위해 그토록 분주하게 일하는가. 독자에게 스스로의 삶을 돌이켜보게 만들고 성찰할 기회를 주는 것이야말로 소설의 기능이라고 그는 생각한다.",1995-07-01,https://image.aladin.co.kr/product/19/84/coversum/8970121617_1.gif,국내도서>소설/시/희곡>한국소설>2000년대 이전 한국소설
인간의 시작 2,존 D. 램버트,아름드리,대덕소프트웨어마이스터고등학교,EM00002642,843 램43ㅇ,,1996-08-20,https://image.aladin.co.kr/product/11/87/coversum/894940009x_1.gif,국내도서>소설/시/희곡>영미소설
남한산성,김훈,학고재,대덕소프트웨어마이스터고등학교,EM00002681,813.6 김96ㄴ,김훈 장편소설 남한산성이 나온 지 십 년을 맞았다. 십 년에 걸쳐 100쇄를 찍었다. 이 책은 소설 남한산성의 개정판이다. 초판 발행(2007년) 이후 작가 김훈이 십 년 세월을 지나 비로소 털어놓는 '못다 한 말'을 새로 써 넣었다.,2017-07-07,https://image.aladin.co.kr/product/11295/22/coversum/s212531446_1.jpg,국내도서>소설/시/희곡>역사소설>한국 역사소설
새참,성석제,북스토리,대덕소프트웨어마이스터고등학교,EM00002712,818 성53ㅅ,"국내 소설가 16인의 신작 단편을 묶은 작품집이다. 성석제, 윤대녕, 양귀자, 이순원, 구효서, 하성란, 권지예, 이승우의 단편을 비롯, 모두 열여섯 작품을 한 자리에 모았다. 수록된 소설들의 공통분모는 특정한 소재 혹은 주제가 아닌 '재미'이다. 일상에서 벌어지는 다양한 해프닝이 유쾌하게 그려져 있다.",2006-08-09,https://image.aladin.co.kr/product/67/71/coversum/8989675642_1.jpg,국내도서>소설/시/희곡>한국소설>2000년대 이후 한국소설
구해줘,기욤 뮈소,밝은세상,대덕소프트웨어마이스터고등학교,EM00009227,863 뮈55ㄱ c.5,"샘과 줄리에트, 그레이스와 마크 루텔리는 사랑을 지키기 위해 주어진 운명을 거부하고 현실과 싸워나간다. 화해와 용서는 어둠을 극복하고 밝고 환한 세계로 나아가고자 하는 그들이 가장 우선적으로 해결해야 할 숙제이다.",2022-01-19,https://image.aladin.co.kr/product/28692/8/coversum/8984374393_1.jpg,국내도서>소설/시/희곡>프랑스소설
구해줘,기욤 뮈소,밝은세상,대덕소프트웨어마이스터고등학교,EM00009228,863 뮈55ㄱ c.6,"샘과 줄리에트, 그레이스와 마크 루텔리는 사랑을 지키기 위해 주어진 운명을 거부하고 현실과 싸워나간다. 화해와 용서는 어둠을 극복하고 밝고 환한 세계로 나아가고자 하는 그들이 가장 우선적으로 해결해야 할 숙제이다.",2022-01-19,https://image.aladin.co.kr/product/28692/8/coversum/8984374393_1.jpg,국내도서>소설/시/희곡>프랑스소설
해리포터와 불사조 기사단 제5권  ,조앤 K. 롤링,문학수첩,대덕소프트웨어마이스터고등학교,EM00002725,843.8 롤299ㅎ,"그리핀도르, 슬리데린, 래번클로, 후플푸프 등, 호그와트 마법학교의 네 기숙사를 상징하는 색깔과 마법 동물을 활용해 화려한 디자인, 고급스러운 장정으로 재탄생한 《해리 포터》 시리즈의 기숙사 에디션 한국어판이 양장본으로 출간되었다.",2023-06-12,https://image.aladin.co.kr/product/31702/47/coversum/k562833684_1.jpg,국내도서>소설/시/희곡>판타지/환상문학>외국판타지/환상소설
아르헨티나 할머니,요시모토바나나,민음사,대덕소프트웨어마이스터고등학교,EM00010279,833.6 요58ㅇ c.3,"어머니를 잃고 슬픔에 잠긴 소녀가 아르헨티나 할머니라는 수수께끼의 여인을 만나면서 시작되는 이야기. 요시모토 바나나소설 특유의 동화적인 색채와 섬세한 문체가 돋보이는 작품이다.  2007년 일본에서 동명 영화로 제작됐다. 표지화를 포함해, 일러스트레이터  나라 요시토모가 그린 15점의 그림이 함께 실려 있다.",2007-04-06,https://image.aladin.co.kr/product/89/92/coversum/8937481103_2.jpg,국내도서>소설/시/희곡>일본소설>1950년대 이후 일본소설
아르헨티나 할머니,요시모토바나나,민음사,대덕소프트웨어마이스터고등학교,EM00002728,833.6 요958ㅇ,"어머니를 잃고 슬픔에 잠긴 소녀가 아르헨티나 할머니라는 수수께끼의 여인을 만나면서 시작되는 이야기. 요시모토 바나나소설 특유의 동화적인 색채와 섬세한 문체가 돋보이는 작품이다.  2007년 일본에서 동명 영화로 제작됐다. 표지화를 포함해, 일러스트레이터  나라 요시토모가 그린 15점의 그림이 함께 실려 있다.",2007-04-06,https://image.aladin.co.kr/product/89/92/coversum/8937481103_2.jpg,국내도서>소설/시/희곡>일본소설>1950년대 이후 일본소설
새의 선물,은희경,문학동네,대덕소프트웨어마이스터고등학교,EM00005970,813.6 은98ㅅ c.5,언제나 새로운 질문과 도약으로 한국문학을 이끌어온 작가 은희경의 첫 장편소설이자 제1회 문학동네소설상 수상작. 100쇄 출간을 기념해 장정을 새롭게 하고 문장과 표현을 다듬은 개정판으로 선보인다. 짧지 않은 시간 동안 작가가 작품에 쏟아부은 에너지와 열기는 27년이 지난 현재의 우리에게 여전히 생생하게 다가온다.,2022-06-03,https://image.aladin.co.kr/product/29548/60/coversum/8954687040_1.jpg,국내도서>소설/시/희곡>한국소설>2000년대 이후 한국소설
바리데기,황석영,창비,대덕소프트웨어마이스터고등학교,EM00002986,813.6 황53ㅂ c.2,"한겨레신문에 연재된 황석영의 새 소설 <바리데기>가 출간됐다. 소설가 공지영은 이 작품을 읽고 ""절망 이길 힘을 보았다. 소설이 언제 끝나는지도 모를 정도로 재미있었다. 타국에서 우리 말과 신화를 가지고 분투한 작가에게 존경과 감사를 보낸다""고 찬사를 보냈다.",2007-07-13,https://image.aladin.co.kr/product/93/57/coversum/893643358x_3.jpg,국내도서>소설/시/희곡>한국소설>2000년대 이후 한국소설
해리포터와 혼혈왕자 제6권 3,조앤.K. 롤링,문학수첩,대덕소프트웨어마이스터고등학교,EM00002774,843 롤239ㅎ v.3,,,,
인간연습,조정래,실천문학사,대덕소프트웨어마이스터고등학교,EM00002790,813.6 조73ㅇ,반세기 동안 대한민국의 시대와 역사를 관통하며 장대한 문학세계를 구축해 온 조정래 작가의 장편소설 인간 연습이 15년 만에 개정 출간된다. 일생을 걸고 추구했던 사회주의의 몰락 앞에 고뇌하는 한 장기수의 절망과 희망 찾기를 그려낸 작품이다.,2021-04-30,https://image.aladin.co.kr/product/27046/4/coversum/k472731888_1.jpg,국내도서>소설/시/희곡>한국소설>2000년대 이후 한국소설
그 매듭은 누가 풀까,이경자,실천문학사,대덕소프트웨어마이스터고등학교,EM00010752,813.6 이14ㄱ,"<절반의 실패>, <사랑과 상처>의 작가 이경자의 장편소설. 여성의 심리와 원형을 파헤치고 드러내는 작가의 장점이 살아있는 이야기다.",2003-12-05,https://image.aladin.co.kr/product/44/61/coversum/8939204700_1.gif,국내도서>소설/시/희곡>한국소설>2000년대 이후 한국소설
나무,베르나르 베르베르,열린책들,대덕소프트웨어마이스터고등학교,EM00012928,863 베297ㄴ c.2,"<개미>, <뇌> 등으로 폭발적인 반응을 얻어 온 베르베르의 신작. 2002년 프랑스에서 발표된 직후 베스트셀러 1위에 오르며 '베르베르가 전성기를 누리고 있다'는 평을 받았다. 인간 세계에 대한 독특한 시각과 유연한 필치가 여전하다.",2008-03-01,https://image.aladin.co.kr/product/195/14/coversum/8932907870_2.jpg,국내도서>소설/시/희곡>프랑스소설
로아나 여왕의 신비한 불꽃 상,움베르토 에코,열린책들,대덕소프트웨어마이스터고등학교,EM00010778,883 에875ㄹ v.상,"장미의 이름의 작가 움베르토 에코의 삽화소설. 세상에 대한 모든 백과사전적 기록들을 다 기억하면서도 정작 자신의 이름은 기억하지 못하는 주인공이 상실된 기억의 조각들을 복원해 가는 과정을 그렸다. 소설은 작가가 직접 제작한 몽타주를 비롯해 1940~1950년대 이탈리아를 생생하게 되살리는 다양한 이미지 자료들이 텍스트들과 병치되어 있다. 
",2008-07-01,https://image.aladin.co.kr/product/228/47/coversum/8932908362_1.jpg,국내도서>소설/시/희곡>세계의 소설>이탈리아소설
파르마의 수도원 1,스탕달,민음사,대덕소프트웨어마이스터고등학교,EM00010786,863 스882ㅍ v.1,스탕달이 고향을 떠나 많은 인생의 영욕을 겪고 난 후 만년에 쓴 작품이다. 『적과 흑』(1830)의 쥘리앵 소렐처럼 야심 많고 대담하고 도덕감이 결여된 주인공 파브리스 델 동고가 이탈리아를 배경으로 정열과 욕망을 펼치는 이야기이다.,2001-08-01,https://image.aladin.co.kr/product/28/96/coversum/8937460483_3.jpg,국내도서>소설/시/희곡>프랑스소설
시간 여행자의 아내 1,오드리 니페네거,살림출판사,대덕소프트웨어마이스터고등학교,EM00010794,843 니894ㅅ v.1,"뛰어난 재능을 가진 화가이자 소설 한 편으로 세계적인 작가로 급부상한 작가 오드리 니페네거의 데뷔작. '시간 여행'이라는 초현실적 판타지와 독창적인 러브스토리가 결합된 소설로, '시간 여행 유전자'를 지닌 주인공 헨리가 시간여행을 하게 되면서 과거, 현재, 미래를 관통하게 되는 한 편의 대서사시이다.",2009-08-17,https://image.aladin.co.kr/product/441/0/coversum/8952212290_2.jpg,국내도서>소설/시/희곡>영미소설
시간 여행자의 아내 2,오드리 니페네거,살림출판사,대덕소프트웨어마이스터고등학교,EM00010795,843 니894ㅅ v.2,"뛰어난 재능을 가진 화가이자 소설 한 편으로 세계적인 작가로 급부상한 작가 오드리 니페네거의 데뷔작. '시간 여행'이라는 초현실적 판타지와 독창적인 러브스토리가 결합된 소설로, '시간 여행 유전자'를 지닌 주인공 헨리가 시간여행을 하게 되면서 과거, 현재, 미래를 관통하게 되는 한 편의 대서사시이다.",2009-08-17,https://image.aladin.co.kr/product/441/1/coversum/8952212304_2.jpg,국내도서>소설/시/희곡>영미소설
나는 지갑이다,미야베미유키,랜덤하우스코리아,대덕소프트웨어마이스터고등학교,EM00010848,833.6 미63ㄴ,"<모방범>, <화차>, <이유>의 작가 미야베 미유키가 1992년에 발표한 연작소설집. 각기 다른 인물을 주인으로 둔 10개의 지갑을, 각 이야기의 화자로 삼았다. '시점'이나 '화자'에 신경을 쓰며 기술적 방향성을 다양하게 모색하던, 미야베 미유키 초기의 작품 활동을 엿볼 수 있다.",2007-07-07,https://image.aladin.co.kr/product/93/43/coversum/892550779x_2.jpg,국내도서>소설/시/희곡>일본소설>1950년대 이후 일본소설
엄마의 말뚝,박완서,세계사,대덕소프트웨어마이스터고등학교,IT00009826,813.6 박65ㅇ c.7,"한국 현대 소설의 대표 단편작을 뽑아 한국어.영어로 동시 수록한 '바이링궐 에디션'. 엄마의 말뚝 연작은 한 소녀의 성장 과정을 그린 성장소설이면서, 한국 사회가 걸어온 지난 시절을 충실하게 재현한 사실주의의 성격을 동시에 지니고 있다.",2012-07-25,https://image.aladin.co.kr/product/1849/71/coversum/8994006214_1.jpg,국내도서>소설/시/희곡>한국소설>2000년대 이전 한국소설
엄마의 말뚝,박완서,세계사,대덕소프트웨어마이스터고등학교,IT00009834,813.6 박65ㅇ c.15,"한국 현대 소설의 대표 단편작을 뽑아 한국어.영어로 동시 수록한 '바이링궐 에디션'. 엄마의 말뚝 연작은 한 소녀의 성장 과정을 그린 성장소설이면서, 한국 사회가 걸어온 지난 시절을 충실하게 재현한 사실주의의 성격을 동시에 지니고 있다.",2012-07-25,https://image.aladin.co.kr/product/1849/71/coversum/8994006214_1.jpg,국내도서>소설/시/희곡>한국소설>2000년대 이전 한국소설
책을 지키려는 고양이,나쓰카와 소스케,아르테,대덕소프트웨어마이스터고등학교,IT00009866,833.6 소58ㅊ,희귀본이 가득한 고서점을 배경으로 책을 지키려는 고양이와 외톨이 소년의 기이한 모험을 담은 소설. 따뜻한 인간애를 그리는 의사 작가로 독자들의 큰 사랑을 받은 나쓰카와 소스케가 오랜만에 선보인 작품이다.,2018-01-12,https://image.aladin.co.kr/product/27501/73/coversum/8950995921_1.jpg,국내도서>소설/시/희곡>일본소설>1950년대 이후 일본소설
우리들의 행복한 시간,공지영,해냄,대덕소프트웨어마이스터고등학교,IT00009892,813.6 공78ㅇ c.4,2005년 첫 출간 후 100만 부 이상 판매되며 지금까지도 꾸준히 사랑받고 있는 공지영 장편소설 우리들의 행복한 시간이 새롭게 출간된다. 사형제 문제를 전면으로 다루어 출간 당시부터 큰 사회적 반향을 불러일으키며 이듬해 영화로도 만들어져 300만이 넘는 관객을 동원하기도 한 작품이다.,2016-08-20,https://image.aladin.co.kr/product/9002/36/coversum/8965745721_2.jpg,국내도서>소설/시/희곡>한국소설>2000년대 이후 한국소설
마이 시스터즈 키퍼,조디 피코,Siso,대덕소프트웨어마이스터고등학교,IT00009897,843 피875ㅁ,조디 피코의 대표작 마이 시스터즈 키퍼는 발행된 지 10년이 넘은 지금도 중요한 사회적인 논쟁이 일 때마다 회자되는 책이다. 백혈병에 걸린 언니를 치료하기 위해 조작된 유전자를 갖고 태어난 주인공이 열세 살이 되어 자신의 권리와 존재를 찾아가는 과정을 그려냈다.,2017-11-15,https://image.aladin.co.kr/product/12257/54/coversum/k432531850_1.jpg,국내도서>소설/시/희곡>영미소설
천년의 질문 1,조정래,해냄,대덕소프트웨어마이스터고등학교,IT00009932,813.7 조74ㅊ v.1,'대한민국 근현대 삼부작'인 대하소설 태백산맥 아리랑 한강으로 1천 5백만 독자들에게 우리 역사의 참모습을 소설로 알린 조정래 장편소설. 21세기 현재 대한민국에서 자본과 권력에 휘말려 욕망을 키워가는 현대인들의 모습을 적나라하게 그려낸다.,2019-06-11,https://image.aladin.co.kr/product/19386/11/coversum/s462635721_1.jpg,국내도서>소설/시/희곡>한국소설>2000년대 이후 한국소설
황만근은 이렇게 말했다,성석제,창작과비평사,대덕소프트웨어마이스터고등학교,IT00009963,813.7 성54ㅎ,"2년여 동안 발표한 일곱편의 중.단편을 묶은 소설집. 표제작 '황만근은 이렇게 말했다'는 능청과 재치, 고전소설식 인물소개가 주를 이룬다. ""황! 마안-그은 백분, 찝원, 여끈, 팔푼, 두 바리""란 주제가가 울려퍼지고, 드디어 성석제의 개인기가 시작된다.",2002-06-25,https://image.aladin.co.kr/product/36/32/coversum/893643666x_1.jpg,국내도서>소설/시/희곡>한국소설>2000년대 이후 한국소설
구해줘,기욤 뮈소,밝은세상,대덕소프트웨어마이스터고등학교,EM00003958,863 뮈55ㄱ c.3,"샘과 줄리에트, 그레이스와 마크 루텔리는 사랑을 지키기 위해 주어진 운명을 거부하고 현실과 싸워나간다. 화해와 용서는 어둠을 극복하고 밝고 환한 세계로 나아가고자 하는 그들이 가장 우선적으로 해결해야 할 숙제이다.",2022-01-19,https://image.aladin.co.kr/product/28692/8/coversum/8984374393_1.jpg,국내도서>소설/시/희곡>프랑스소설
구해줘,기욤 뮈소,밝은세상,대덕소프트웨어마이스터고등학교,EM00009229,863 뮈55ㄱ c.7,"샘과 줄리에트, 그레이스와 마크 루텔리는 사랑을 지키기 위해 주어진 운명을 거부하고 현실과 싸워나간다. 화해와 용서는 어둠을 극복하고 밝고 환한 세계로 나아가고자 하는 그들이 가장 우선적으로 해결해야 할 숙제이다.",2022-01-19,https://image.aladin.co.kr/product/28692/8/coversum/8984374393_1.jpg,국내도서>소설/시/희곡>프랑스소설
해리포터와 불사조 기사단 제5권  ,조앤 K. 롤링,문학수첩,대덕소프트웨어마이스터고등학교,EM00002724,843.8 롤299ㅎ,"그리핀도르, 슬리데린, 래번클로, 후플푸프 등, 호그와트 마법학교의 네 기숙사를 상징하는 색깔과 마법 동물을 활용해 화려한 디자인, 고급스러운 장정으로 재탄생한 《해리 포터》 시리즈의 기숙사 에디션 한국어판이 양장본으로 출간되었다.",2023-06-12,https://image.aladin.co.kr/product/31702/47/coversum/k562833684_1.jpg,국내도서>소설/시/희곡>판타지/환상문학>외국판타지/환상소설
아르헨티나 할머니,요시모토바나나,민음사,대덕소프트웨어마이스터고등학교,EM00002785,833.6 요958ㅇ c.2,"어머니를 잃고 슬픔에 잠긴 소녀가 아르헨티나 할머니라는 수수께끼의 여인을 만나면서 시작되는 이야기. 요시모토 바나나소설 특유의 동화적인 색채와 섬세한 문체가 돋보이는 작품이다.  2007년 일본에서 동명 영화로 제작됐다. 표지화를 포함해, 일러스트레이터  나라 요시토모가 그린 15점의 그림이 함께 실려 있다.",2007-04-06,https://image.aladin.co.kr/product/89/92/coversum/8937481103_2.jpg,국내도서>소설/시/희곡>일본소설>1950년대 이후 일본소설
새의 선물,은희경,문학동네,대덕소프트웨어마이스터고등학교,EM00005307,813.6 은98ㅅ c.4,언제나 새로운 질문과 도약으로 한국문학을 이끌어온 작가 은희경의 첫 장편소설이자 제1회 문학동네소설상 수상작. 100쇄 출간을 기념해 장정을 새롭게 하고 문장과 표현을 다듬은 개정판으로 선보인다. 짧지 않은 시간 동안 작가가 작품에 쏟아부은 에너지와 열기는 27년이 지난 현재의 우리에게 여전히 생생하게 다가온다.,2022-06-03,https://image.aladin.co.kr/product/29548/60/coversum/8954687040_1.jpg,국내도서>소설/시/희곡>한국소설>2000년대 이후 한국소설
새의 선물,은희경,문학동네,대덕소프트웨어마이스터고등학교,EM00010033,813.6 은97ㅅ c.7,언제나 새로운 질문과 도약으로 한국문학을 이끌어온 작가 은희경의 첫 장편소설이자 제1회 문학동네소설상 수상작. 100쇄 출간을 기념해 장정을 새롭게 하고 문장과 표현을 다듬은 개정판으로 선보인다. 짧지 않은 시간 동안 작가가 작품에 쏟아부은 에너지와 열기는 27년이 지난 현재의 우리에게 여전히 생생하게 다가온다.,2022-06-03,https://image.aladin.co.kr/product/29548/60/coversum/8954687040_1.jpg,국내도서>소설/시/희곡>한국소설>2000년대 이후 한국소설
바리데기,황석영,창비,대덕소프트웨어마이스터고등학교,EM00003352,813.6 황53ㅂ c.4,"한겨레신문에 연재된 황석영의 새 소설 <바리데기>가 출간됐다. 소설가 공지영은 이 작품을 읽고 ""절망 이길 힘을 보았다. 소설이 언제 끝나는지도 모를 정도로 재미있었다. 타국에서 우리 말과 신화를 가지고 분투한 작가에게 존경과 감사를 보낸다""고 찬사를 보냈다.",2007-07-13,https://image.aladin.co.kr/product/93/57/coversum/893643358x_3.jpg,국내도서>소설/시/희곡>한국소설>2000년대 이후 한국소설
바리데기,황석영,창비,대덕소프트웨어마이스터고등학교,EM00007852,813.6 황53ㅂ c.5,"한겨레신문에 연재된 황석영의 새 소설 <바리데기>가 출간됐다. 소설가 공지영은 이 작품을 읽고 ""절망 이길 힘을 보았다. 소설이 언제 끝나는지도 모를 정도로 재미있었다. 타국에서 우리 말과 신화를 가지고 분투한 작가에게 존경과 감사를 보낸다""고 찬사를 보냈다.",2007-07-13,https://image.aladin.co.kr/product/93/57/coversum/893643358x_3.jpg,국내도서>소설/시/희곡>한국소설>2000년대 이후 한국소설
바리데기,황석영,창비,대덕소프트웨어마이스터고등학교,EM00007854,813.6 황53ㅂ c.7,"한겨레신문에 연재된 황석영의 새 소설 <바리데기>가 출간됐다. 소설가 공지영은 이 작품을 읽고 ""절망 이길 힘을 보았다. 소설이 언제 끝나는지도 모를 정도로 재미있었다. 타국에서 우리 말과 신화를 가지고 분투한 작가에게 존경과 감사를 보낸다""고 찬사를 보냈다.",2007-07-13,https://image.aladin.co.kr/product/93/57/coversum/893643358x_3.jpg,국내도서>소설/시/희곡>한국소설>2000년대 이후 한국소설
 플라타너스 나무 위의 줄리,웬들린 밴 드라닌,황매,대덕소프트웨어마이스터고등학교,EM00003296,843 드231ㅈ c.2,"이웃에 사는 줄리와 브라이스, 두 소년 소녀의 7년 간에 걸친 우정과 사랑을 그린 소설. 두 주인공이 교대로 화자가 되어, 감미로운 첫사랑의 이야기를 들려준다. 푸른 눈을 가진 소년 브라이스에게 첫 눈에 반한 줄리. 그러나 브라이스는 7년이 지나서야 자신이 줄리에게 갖게 된 그 마음을 깨닫는다.",2006-01-26,https://image.aladin.co.kr/product/62/3/coversum/8991312144_1.jpg,국내도서>소설/시/희곡>영미소설
 플라타너스 나무 위의 줄리,웬들린 밴 드라닌,황매,대덕소프트웨어마이스터고등학교,EM00003297,843 드231ㅈ c.3,"이웃에 사는 줄리와 브라이스, 두 소년 소녀의 7년 간에 걸친 우정과 사랑을 그린 소설. 두 주인공이 교대로 화자가 되어, 감미로운 첫사랑의 이야기를 들려준다. 푸른 눈을 가진 소년 브라이스에게 첫 눈에 반한 줄리. 그러나 브라이스는 7년이 지나서야 자신이 줄리에게 갖게 된 그 마음을 깨닫는다.",2006-01-26,https://image.aladin.co.kr/product/62/3/coversum/8991312144_1.jpg,국내도서>소설/시/희곡>영미소설
걸,오쿠다히데오,북스토리,대덕소프트웨어마이스터고등학교,EM00002823,833.6 오827ㄱ c.2,"『공중그네』『인더풀』 등으로 일본은 물론 한국에서도 큰 인기를 누리고 있는 오쿠다 히데오가 직장여성들의 심리를 유쾌하게 풀어낸 동명의 소설을 만화화한 작품이다. 일과 사랑, 결혼, 육아 등 30대 여성들의 고민을 다루었으며, 우리 주변에서 흔히 볼 수 있지만 결코 쉽지 않은 일하는 여성들의 고민을 이해하도록 도와주면서, 그녀들의 아픈 곳을 어루만지는 마법을 부린다. 이야기에 빠져들어 화도 내고 울기도 하다보면 오쿠다 히데오의 따뜻한 손길에 입가에 미소가 생기는 그런 이야기다.",2011-01-05,https://image.aladin.co.kr/product/887/87/coversum/8952215184_1.jpg,국내도서>만화>순정만화>레이디스 코믹
공무도하,김훈,문학동네,대덕소프트웨어마이스터고등학교,EM00010728,813.6 김96ㄱ c.2,"<칼의 노래>, <남한산성>의 작가 김훈의 신작 장편소설. <공무도하>는 작가로서보다 기자로서 더 많이 살아온 김훈이 기자의 눈으로 보고, 작가의 손끝으로 풀어낸 우리 삶의 이야기다. 첫 장편 <빗살무늬토기의 추억>과 단편들을 제외하면 작가는 언제나 과거 안에서 현재를 이야기해왔다. 이제 그가 오늘, 지금 이 자리에서 우리의 이야기를 시작한다.",2009-10-06,https://image.aladin.co.kr/product/458/38/coversum/895460899x_3.jpg,국내도서>소설/시/희곡>한국소설>2000년대 이후 한국소설
공무도하,김훈,문학동네,대덕소프트웨어마이스터고등학교,EM00011787,813.6 김96ㄱ c.3,"<칼의 노래>, <남한산성>의 작가 김훈의 신작 장편소설. <공무도하>는 작가로서보다 기자로서 더 많이 살아온 김훈이 기자의 눈으로 보고, 작가의 손끝으로 풀어낸 우리 삶의 이야기다. 첫 장편 <빗살무늬토기의 추억>과 단편들을 제외하면 작가는 언제나 과거 안에서 현재를 이야기해왔다. 이제 그가 오늘, 지금 이 자리에서 우리의 이야기를 시작한다.",2009-10-06,https://image.aladin.co.kr/product/458/38/coversum/895460899x_3.jpg,국내도서>소설/시/희곡>한국소설>2000년대 이후 한국소설
유랑가족,공선옥,실천문학사,대덕소프트웨어마이스터고등학교,EM00010751,813.6 공54ㅇ,"세상을 품는 어미의 손길로 우리네 고단한 삶을 어루만지는 작가 공선옥의 연작소설집. 밑바닥 인생들의 생명력을 날카롭지만 따뜻한 시선으로 그린 작품이다. 식구의 관계를 잃어버리고 각지에 흩어져 살아갈 수밖에 없는 이들이 소설의 각 부분을 이루며, '유랑가족'이라는 하나의 형상을 만들어 낸다.",2005-03-31,https://image.aladin.co.kr/product/55/30/coversum/8939205073_1.jpg,국내도서>소설/시/희곡>한국소설>2000년대 이후 한국소설
나무,베르나르 베르베르,열린책들,대덕소프트웨어마이스터고등학교,EM00010766,863 베297ㄴ,"<개미>, <뇌> 등으로 폭발적인 반응을 얻어 온 베르베르의 신작. 2002년 프랑스에서 발표된 직후 베스트셀러 1위에 오르며 '베르베르가 전성기를 누리고 있다'는 평을 받았다. 인간 세계에 대한 독특한 시각과 유연한 필치가 여전하다.",2008-03-01,https://image.aladin.co.kr/product/195/14/coversum/8932907870_2.jpg,국내도서>소설/시/희곡>프랑스소설
악의 추억,이정명,밀리언하우스,대덕소프트웨어마이스터고등학교,EM00010814,813.6 이74ㅇ,"바람의 화원, 뿌리 깊은 나무의 작가 이정명이 2년 만에 선보이는 장편소설. 작가의 기존 작품과는 완전히 다른 스타일로 첫 장을 넘기는 순간부터 짜릿한 반전을 선사한다. 이 작품은 기묘한 연쇄살인을 쫓는 스릴러이면서 인간의 내면을 분석한 심리소설이며, 현실의 어두운 이면을 고발하는 사회소설이며 그 속에서 희생당하는 인간들의 이기심과 욕망을 그린 소설이기도 하다.",2009-09-30,https://image.aladin.co.kr/product/465/60/coversum/8991643582_1.jpg,국내도서>소설/시/희곡>추리/미스터리소설>한국 추리/미스터리소설
엄마의 말뚝,박완서,세계사,대덕소프트웨어마이스터고등학교,IT00009821,813.6 박65ㅇ c.2,"한국 현대 소설의 대표 단편작을 뽑아 한국어.영어로 동시 수록한 '바이링궐 에디션'. 엄마의 말뚝 연작은 한 소녀의 성장 과정을 그린 성장소설이면서, 한국 사회가 걸어온 지난 시절을 충실하게 재현한 사실주의의 성격을 동시에 지니고 있다.",2012-07-25,https://image.aladin.co.kr/product/1849/71/coversum/8994006214_1.jpg,국내도서>소설/시/희곡>한국소설>2000년대 이전 한국소설
엄마의 말뚝,박완서,세계사,대덕소프트웨어마이스터고등학교,IT00009824,813.6 박65ㅇ c.5,"한국 현대 소설의 대표 단편작을 뽑아 한국어.영어로 동시 수록한 '바이링궐 에디션'. 엄마의 말뚝 연작은 한 소녀의 성장 과정을 그린 성장소설이면서, 한국 사회가 걸어온 지난 시절을 충실하게 재현한 사실주의의 성격을 동시에 지니고 있다.",2012-07-25,https://image.aladin.co.kr/product/1849/71/coversum/8994006214_1.jpg,국내도서>소설/시/희곡>한국소설>2000년대 이전 한국소설
엄마의 말뚝,박완서,세계사,대덕소프트웨어마이스터고등학교,IT00009825,813.6 박65ㅇ c.6,"한국 현대 소설의 대표 단편작을 뽑아 한국어.영어로 동시 수록한 '바이링궐 에디션'. 엄마의 말뚝 연작은 한 소녀의 성장 과정을 그린 성장소설이면서, 한국 사회가 걸어온 지난 시절을 충실하게 재현한 사실주의의 성격을 동시에 지니고 있다.",2012-07-25,https://image.aladin.co.kr/product/1849/71/coversum/8994006214_1.jpg,국내도서>소설/시/희곡>한국소설>2000년대 이전 한국소설
엄마의 말뚝,박완서,세계사,대덕소프트웨어마이스터고등학교,IT00009828,813.6 박65ㅇ c.9,"한국 현대 소설의 대표 단편작을 뽑아 한국어.영어로 동시 수록한 '바이링궐 에디션'. 엄마의 말뚝 연작은 한 소녀의 성장 과정을 그린 성장소설이면서, 한국 사회가 걸어온 지난 시절을 충실하게 재현한 사실주의의 성격을 동시에 지니고 있다.",2012-07-25,https://image.aladin.co.kr/product/1849/71/coversum/8994006214_1.jpg,국내도서>소설/시/희곡>한국소설>2000년대 이전 한국소설
엄마의 말뚝,박완서,세계사,대덕소프트웨어마이스터고등학교,IT00009829,813.6 박65ㅇ c.10,"한국 현대 소설의 대표 단편작을 뽑아 한국어.영어로 동시 수록한 '바이링궐 에디션'. 엄마의 말뚝 연작은 한 소녀의 성장 과정을 그린 성장소설이면서, 한국 사회가 걸어온 지난 시절을 충실하게 재현한 사실주의의 성격을 동시에 지니고 있다.",2012-07-25,https://image.aladin.co.kr/product/1849/71/coversum/8994006214_1.jpg,국내도서>소설/시/희곡>한국소설>2000년대 이전 한국소설
엄마의 말뚝,박완서,세계사,대덕소프트웨어마이스터고등학교,IT00009831,813.6 박65ㅇ c.12,"한국 현대 소설의 대표 단편작을 뽑아 한국어.영어로 동시 수록한 '바이링궐 에디션'. 엄마의 말뚝 연작은 한 소녀의 성장 과정을 그린 성장소설이면서, 한국 사회가 걸어온 지난 시절을 충실하게 재현한 사실주의의 성격을 동시에 지니고 있다.",2012-07-25,https://image.aladin.co.kr/product/1849/71/coversum/8994006214_1.jpg,국내도서>소설/시/희곡>한국소설>2000년대 이전 한국소설
봄비 내리는 날,김한수,창비,대덕소프트웨어마이스터고등학교,IT00009954,813.7 김92ㅂ,1992년 출간한 이래 25년간 사랑받아온 김한수 첫 소설집 봄비 내리는 날이 전면개정되어 출간되었다. 저자가 문장을 일일이 매만져 더 밀도있는 작품으로 새로이 선보인다. 등단작 '성장'을 비롯하여 총 세편의 중편소설이 묶여 있다.,2017-11-17,https://image.aladin.co.kr/product/12303/31/coversum/893643750x_2.jpg,국내도서>소설/시/희곡>한국소설>2000년대 이전 한국소설
비행운,김애란,문학과지성사,대덕소프트웨어마이스터고등학교,IT00009962,813.7 김63ㅂ,"달려라, 아비 두근두근 내 인생의 작가 김애란의 세번째 소설집. 친구처럼 곁에서 나의 이야기를 들어주러 온 듯 이번 소설집에서도 김애란은 자신의 매력을 백분 발휘한다. 또한 좀더 많은 세대와 공간을 아우르며 확장을 시도하기도 한다.",2012-07-18,https://image.aladin.co.kr/product/1801/21/coversum/8932023158_1.jpg,국내도서>소설/시/희곡>한국소설>2000년대 이후 한국소설
 1995 이상문학상 수상작품집 제19회,윤후명,문학사상사,대덕소프트웨어마이스터고등학교,EM00002638,810.82 문91ㅇ,"서사성에 기대지 않는 윤씨의 소설은 이야기구조에서 소설적 재미를 찾는 독자를 당황시킨다. 그 대신 질문을 던진다. 이 우주 속에서 너의 삶은 무엇인가, 왜 사는가, 무엇을 위해 그토록 분주하게 일하는가. 독자에게 스스로의 삶을 돌이켜보게 만들고 성찰할 기회를 주는 것이야말로 소설의 기능이라고 그는 생각한다.",1995-07-01,https://image.aladin.co.kr/product/19/84/coversum/8970121617_1.gif,국내도서>소설/시/희곡>한국소설>2000년대 이전 한국소설
구해줘,기욤 뮈소,밝은세상,대덕소프트웨어마이스터고등학교,EM00007698,863 뮈55ㄱ c.4,"샘과 줄리에트, 그레이스와 마크 루텔리는 사랑을 지키기 위해 주어진 운명을 거부하고 현실과 싸워나간다. 화해와 용서는 어둠을 극복하고 밝고 환한 세계로 나아가고자 하는 그들이 가장 우선적으로 해결해야 할 숙제이다.",2022-01-19,https://image.aladin.co.kr/product/28692/8/coversum/8984374393_1.jpg,국내도서>소설/시/희곡>프랑스소설
해리포터와 불사조 기사단 제5권  ,조앤 K. 롤링,문학수첩,대덕소프트웨어마이스터고등학교,EM00002723,843.8 롤299ㅎ,"그리핀도르, 슬리데린, 래번클로, 후플푸프 등, 호그와트 마법학교의 네 기숙사를 상징하는 색깔과 마법 동물을 활용해 화려한 디자인, 고급스러운 장정으로 재탄생한 《해리 포터》 시리즈의 기숙사 에디션 한국어판이 양장본으로 출간되었다.",2023-06-12,https://image.aladin.co.kr/product/31702/47/coversum/k562833684_1.jpg,국내도서>소설/시/희곡>판타지/환상문학>외국판타지/환상소설
해리포터와 불사조 기사단 5 5,조앤. K. 롤링,문학수첩,대덕소프트웨어마이스터고등학교,EM00002727,843 롤239ㅎ,이번에 출간하는 《해리 포터》 시리즈는 지난 2019년에 새로운 번역을 선보인 버전이다. 7권 《해리 포터와 죽음의 성물》로 완간된 기존의 《해리 포터》 시리즈는 빈틈없는 소설적 구성과 생생한 캐릭터 그리고 마법 세계를 정교하게 묘사하며 풍부한 상상력이 돋보이면서도 정밀한 세계관을 구축했다.,2024-11-28,https://image.aladin.co.kr/product/35255/74/coversum/k162934145_1.jpg,국내도서>소설/시/희곡>판타지/환상문학>외국판타지/환상소설
해리포터와 혼혈왕자 제6권 1,조앤.K. 롤링,문학수첩,대덕소프트웨어마이스터고등학교,EM00002772,843 롤239ㅎ v.1,"선과 악의 대립 속에서 평범한 어린 소년이 한 사람의 영웅으로 성장해나간다는 보편적인 테마를 정교한 환상 세계의 묘사로 접목시킨 '해리포터' 시리즈. 전 세계적인 신드롬을 일으키고 21세기의 고전으로 자리매김한 '해리포터' 시리즈의 국내 출간 15주년을 맞아, 문학수첩에서 전권 개정판을 선보인다.",2019-01-20,https://image.aladin.co.kr/product/22685/29/coversum/k752636035_1.jpg,국내도서>소설/시/희곡>판타지/환상문학>외국판타지/환상소설
땀 흘리는 소설,김혜진 김세희 김애란 서유미 구병모 김재영 윤고은 장강명,창비교육,대덕소프트웨어마이스터고등학교,IT00011040,813.7 김94ㄸ,"현직 교사들이 사회에 첫발을 내딛을 제자들을 걱정하며, 앞으로의 사회생활에 지표가 되어 줄 8편의 소설을 가려 엮은 책. 책에는 동시대 청년들의 애환을 섬세하게 그려 내고 있는 작가 8명의 단편 소설이 실려 있다.",2019-03-01,https://image.aladin.co.kr/product/18570/39/coversum/k002635860_1.jpg,국내도서>소설/시/희곡>한국소설>2000년대 이후 한국소설
에볼루션 맨,로이 루이스,코쿤아우트,대덕소프트웨어마이스터고등학교,IT00011075,843 루68ㅇ,"수백만 년 동안 천천히 진행된 초기 인류의 진화과정을 한 원시인 가족의 삶으로 압축시켜 보여주는 소설로, 다양한 장르를 넘나들며 과학, 역사, 예술, 사회화 과정 등 사람이라면 누구나 주목할만한 주제를 포괄적으로 다루고 있다.",2019-12-02,https://image.aladin.co.kr/product/21856/81/coversum/k702636303_1.jpg,국내도서>소설/시/희곡>영미소설
신이 된 남자 6  동방으로 떠난 메시아  하,제랄드 메사디에,책세상,대덕소프트웨어마이스터고등학교,EM00001767,863 메51ㅅ,,,,
 이야기,신경숙,마음산책,대덕소프트웨어마이스터고등학교,EM00001914,813.6 신14ㅈ,"'지금까지와는 다른' 글, '달이 듣고 함빡 웃을 수 있는 이야기', '달이 듣고 고개를 끄덕거리는 이야기'를 엮은 짧은 소설집 달에게 들려주고 싶은 이야기는 작가 신경숙의 작품들 가운데 가장 경쾌하고 명랑한 작품집이 아닐까 싶다.",2013-03-18,https://image.aladin.co.kr/product/2445/75/coversum/8954620663_1.jpg,국내도서>소설/시/희곡>한국소설>2000년대 이후 한국소설
바다유리,도종환,현대문학북스,대덕소프트웨어마이스터고등학교,EM00001951,813.6 도75ㅂ,"동화는 본래 '어린이를 위한 이야기'이다. 하지만 근래 들어 '어른을 위한 동화'라 이름 붙일 수 있는 장르의 책들이 끊이지 않고 출판되고 있다. 아마도 이 세상이, 반복되는 삶에 지쳐 꿈을 잃어버린 어른들로 가득차 있기 때문일지도 모르겠다.",2002-07-04,https://image.aladin.co.kr/product/36/41/coversum/8989549604_1.gif,국내도서>소설/시/희곡>한국소설>2000년대 이후 한국소설
나무를 심은 사람,장 지오노,두레,대덕소프트웨어마이스터고등학교,EM00002048,863 지65ㄴ,"'희망을 심고 행복을 가꾼' 한 사람이 메마르고 황폐한 땅에 홀로 수십 년 동안 나무를 심어 황무지를 생명이 살아 숨쉬는 숲으로 바꾸어놓는 이야기로, 작가가 자신의 경험을 바탕으로 첫 원고를 쓴 뒤 20여 년 동안 다듬어 완성한 작품이다.",2018-03-10,https://image.aladin.co.kr/product/13539/52/coversum/8974431149_2.jpg,국내도서>소설/시/희곡>프랑스소설
셜록 홈즈 전집 2  네 사람의 서명,아서 코난 도일,황금가지,대덕소프트웨어마이스터고등학교,EM00002213,843.608 도69ㅅ v.2,"이번엔 도난 당한 보물찾기다. 이번 사건은 전작에 비해 다소 복잡하다. 작품 전면에 등장하는 피살자만도 2명. 줄거리의 배후에 깔린 죽음도 1건, 도합 3건의 살인사건이다. 뭐, 이 정도면 한 일주일 홈즈가 코카인을 하지 않아도 되니 너무 크게 걱정할 필요는 없다.",2002-02-05,https://image.aladin.co.kr/product/32/99/coversum/8982734023_2.jpg,국내도서>소설/시/희곡>추리/미스터리소설>영미 추리/미스터리소설
염소를 모는 여자,전경린,문학동네,대덕소프트웨어마이스터고등학교,EM00002217,813.6 전14ㅇ,전경린이 작품활동을 시작한 지 2년 만에 출간한 첫 소설집으로 등단작 사막의 달을 비롯하여 총 여덟 편의 작품이 담겨 있다.,2014-06-23,https://image.aladin.co.kr/product/4244/71/coversum/8954624839_1.jpg,국내도서>소설/시/희곡>한국소설>2000년대 이전 한국소설
아홉살 인생,위기철,청년사,대덕소프트웨어마이스터고등학교,EM00002360,813.6 위18ㅇ c.2,"아홉 살의 고단한 인생을 사는 주인공 백여민 눈을 통해 본, 지지리 가난했지만 함께 어울려 살았던 1960년대 산동네 사람들의 힘들면서도 가슴 따뜻한 이야기를 담은 책이다.",2020-05-06,https://image.aladin.co.kr/product/24012/19/coversum/k772639415_1.jpg,국내도서>소설/시/희곡>한국소설>2000년대 이전 한국소설
신 3,베르나르 베르베르,열린책들,대덕소프트웨어마이스터고등학교,EM00010245,863.6 베297ㅅ v.3,계획부터 집필에 걸린 시간만 9년에 달하는 베르베르 생애 최고의 대작 『신』이 새로운 판형과 표지를 갖추고 독자들을 찾아왔다. 그리스·로마 신화를 바탕으로 기독교와 유대교 전승을 더하고 거기에 불교적 세계관을 결합하여 인류의 역사를 재조명하려는 야심 찬 계획의 산물인 『신』은 프랑스와 한국에서 도합 300만 부 이상 판매되며 베르베르의 놀라운 저력을 다시 한번 증명했다.,2024-01-30,https://image.aladin.co.kr/product/33601/34/coversum/893292404x_1.jpg,국내도서>소설/시/희곡>프랑스소설
승자는 혼자다 2,파울로 코엘료,문학동네,대덕소프트웨어마이스터고등학교,EM00010368,879 코64ㅅ v.2,"""꿈을 이루기 위해 당신은 어디까지 갈 수 있습니까?"" <연금술사>의 작가, 마법적 이야기꾼 파울로 코엘료의 2009년 신작! 칸 영화제를 배경으로 24시간 동안 펼쳐지는 숨가쁜 이야기를 그린 작품. 명성의 정상에 서 있는 사람들과 그들의 자리에 오르기 위해 발버둥치는 사람들의 이야기가 담겨 있다. 프랑스 DNA는 '위대한 고전 비극을 연상시키는 작품'이라 평하기도 했다.",2009-07-25,https://image.aladin.co.kr/product/418/78/coversum/8954608493_2.jpg,국내도서>소설/시/희곡>스페인/중남미소설
승자는 혼자다 2,파울로 코엘료,문학동네,대덕소프트웨어마이스터고등학교,EM00010383,879 코64ㅅ v.2 c.2,"""꿈을 이루기 위해 당신은 어디까지 갈 수 있습니까?"" <연금술사>의 작가, 마법적 이야기꾼 파울로 코엘료의 2009년 신작! 칸 영화제를 배경으로 24시간 동안 펼쳐지는 숨가쁜 이야기를 그린 작품. 명성의 정상에 서 있는 사람들과 그들의 자리에 오르기 위해 발버둥치는 사람들의 이야기가 담겨 있다. 프랑스 DNA는 '위대한 고전 비극을 연상시키는 작품'이라 평하기도 했다.",2009-07-25,https://image.aladin.co.kr/product/418/78/coversum/8954608493_2.jpg,국내도서>소설/시/희곡>스페인/중남미소설
용의자 의 헌신,히가시노게이고,현대문학,대덕소프트웨어마이스터고등학교,EM00010373,833.6 히12ㅇ,히가시노 게이고 문학의 정수로 일컬어지는 용의자 X의 헌신이 새롭게 번역되어 출간됐다. 일본 문학 전문 번역가 양억관이 자신의 번역을 대폭 손질해 원작이 지닌 문학적 향기와 감동을 오롯이 되살려 냈다.,2017-08-30,https://image.aladin.co.kr/product/11649/82/coversum/8990982707_1.jpg,국내도서>소설/시/희곡>추리/미스터리소설>일본 추리/미스터리소설
다이어트의 여왕,백영옥,문학동네,대덕소프트웨어마이스터고등학교,EM00010374,813.6 백64ㄷ,"<스타일>로 제4회 세계문학상을 수상한 소설가 백영옥이 그려 보이는 초감각 다이어트 게임. ""우리 헤어지자!"" 만난 지 삼 년, 갑작스런 그의 통보. 그리고 다이어트 돌입? 삶을 통째로 바꾸는 기적의 리얼 다큐? 40킬로그램을 감량했던 왕년의 다이어트 여왕들은 지금 어떻게 되었을까?",2009-07-07,https://image.aladin.co.kr/product/417/53/coversum/8954608434_1.jpg,국내도서>소설/시/희곡>한국소설>2000년대 이후 한국소설
눈물은 힘이 세다,이철환,해냄출판사,대덕소프트웨어마이스터고등학교,EM00010379,813.6 이83ㄴ,"선한 우리 이웃들의 이야기를 담담한 필치로 그려낸 360만 베스트셀러 연탄길의 작가 이철환이 처음으로 선보이는 장편소설. 상처 받은 인생에 던지는 꿈과 희망의 이야기로, 어려운 환경 속에서도 지치지 않고 꿈을 이루어가는 주인공 유진을 통해 삶의 기쁨과 가족의 소중함을 일깨우는 작품이다.",2009-08-10,https://image.aladin.co.kr/product/439/83/coversum/8973379348_1.jpg,국내도서>소설/시/희곡>한국소설>2000년대 이후 한국소설
브레이킹 던,스테프니 메이어,북폴리오(대한교과서 미래엔컬처),대덕소프트웨어마이스터고등학교,EM00011942,843.6 메68ㅂ c.2,"<트와일라잇> <뉴문> <이클립스>에 이은 나의 뱀파이어 연인 '트와일라잇' 시리즈 4부로, 마지막 이야기다. '트와일라잇' 시리즈는 인간이 뱀파이어와 사랑에 빠진다는 설정의 러브스토리로, 미국에서만 500만부 이상 판매된 세계적인 베스트셀러. 영화판은 2008년 12월부터 시작해, 시리즈 전 편이 차례로 한 편씩 개봉된다.",2009-06-15,https://image.aladin.co.kr/product/409/25/coversum/8937832542_3.jpg,국내도서>소설/시/희곡>판타지/환상문학>외국판타지/환상소설
신이 된 남자 4  절름발이 예언자 사울  하,제랄드 메사디에,책세상,대덕소프트웨어마이스터고등학교,EM00001765,863 메51ㅅ,,,,
뿌리 깊은 나무 2 2,이정명,밀리언하우스,대덕소프트웨어마이스터고등학교,EM00001813,813.6 이73ㅃ,한국 팩션에 새로운 획을 그었다는 평가를 받으며 한국 사회에 '뿌나' 열풍을 불러일으켰던 이정명 장편소설 뿌리 깊은 나무가 새로운 장정과 표지로 옷을 갈아입고 은행나무에서 출간되었다.,2015-09-01,https://image.aladin.co.kr/product/6600/16/coversum/8956609276_1.jpg,국내도서>소설/시/희곡>역사소설>한국 역사소설
도가니,공지영,창비,대덕소프트웨어마이스터고등학교,EM00012562,813.6 공78ㄷ c.4,2009년 출간된 이래 큰 파장을 일으키며 사회적 약자와 소수자에 대한 폭력 문제를 본격적으로 공론화했던 장편소설 도가니가 2017년 100쇄를 기념하여 새로운 장정으로 출간되었다. 이 소설은 출간 후 8년이 지난 현재까지도 독자들에게 꾸준히 사랑받고 있다.,2017-08-18,https://image.aladin.co.kr/product/11567/68/coversum/8936434276_1.jpg,국내도서>소설/시/희곡>한국소설>2000년대 이후 한국소설
신 2,베르나르 베르베르,열린책들,대덕소프트웨어마이스터고등학교,EM00010244,863.6 베297ㅅ v.2,계획부터 집필에 걸린 시간만 9년에 달하는 베르베르 생애 최고의 대작 『신』이 새로운 판형과 표지를 갖추고 독자들을 찾아왔다. 그리스·로마 신화를 바탕으로 기독교와 유대교 전승을 더하고 거기에 불교적 세계관을 결합하여 인류의 역사를 재조명하려는 야심 찬 계획의 산물이다.,2024-01-30,https://image.aladin.co.kr/product/33272/99/coversum/8932924066_1.jpg,국내도서>소설/시/희곡>프랑스소설
 사랑보다 지독하다 노서아 가비,김탁환,살림출판사,대덕소프트웨어마이스터고등학교,EM00010376,813.6 김882ㄴ,"불멸의 이순신 나, 황진이의 작가 김탁환의 장편소설. 작가 김탁환은 평범한 역사적 사건에 불과했을 '고종독살 음모사건'에 상상력을 덧보태 경쾌한 사기꾼 이야기로 재탄생시켰다. 개화기 조선 최초의 바리스타를 둘러싼 미스터리와 반전에 반전을 거듭하는 유쾌한 사기극을 그린다. 주진모, 김소연 주연의 영화 [가비] 원작소설.",2009-07-06,https://image.aladin.co.kr/product/418/44/coversum/8952211960_1.jpg,국내도서>소설/시/희곡>한국소설>2000년대 이후 한국소설
뉴문,스테프니 메이어,북폴리오(아이세움),대덕소프트웨어마이스터고등학교,EM00010385,843.6 메68ㄴ,"<트와일라잇> <뉴문> <이클립스>에 이은 나의 뱀파이어 연인 '트와일라잇' 시리즈 4부로, 마지막 이야기다. '트와일라잇' 시리즈는 인간이 뱀파이어와 사랑에 빠진다는 설정의 러브스토리로, 미국에서만 500만부 이상 판매된 세계적인 베스트셀러. 영화판은 2008년 12월부터 시작해, 시리즈 전 편이 차례로 한 편씩 개봉된다.",2009-06-15,https://image.aladin.co.kr/product/409/25/coversum/8937832542_3.jpg,국내도서>소설/시/희곡>판타지/환상문학>외국판타지/환상소설
사도세자의 고백,이덕일,휴머니스트,대덕소프트웨어마이스터고등학교,EM00009404,911.058 이24ㅅ,"사도세자가 '정신병자'라는 기존의 통념을 깨며 북벌을 꿈꾸었던 무인군주 사도세자의 진정한 모습과, 그가 뒤주에 갇혀 죽게 된 진짜 이유를 추리소설적 기법으로 복원해낸 새로운 형식의 역사서.",2004-03-15,https://image.aladin.co.kr/product/47/31/coversum/8958621923_1.jpg,국내도서>소설/시/희곡>한국소설>2000년대 이전 한국소설
성균관 유생들의 나날 1,정은궐,파란미디어,대덕소프트웨어마이스터고등학교,EM00009424,813.6 정67ㅅ v.1,"조선시대를 배경으로 쓴 발랄한 로맨스 소설 <성균관 유생들의 나날>의 후속작. 대물 김윤희, 가랑 이선준, 걸오 문재신, 여림 구용하, '반궁의 잘금 4인방'이 돌아왔다. <규장각 각신들의 나날>에서는 우리가 미처 알지 못 했던 정조의 참모습과 규장각에 관한 모든 것을 보여준다.",2009-07-21,https://image.aladin.co.kr/product/419/95/coversum/s963710025_1.jpg,국내도서>소설/시/희곡>로맨스소설>한국 로맨스소설
산책하는 이들의 다섯 가지 즐거움 33,김연수,문학사상,대덕소프트웨어마이스터고등학교,EM00009411,810.82 이52 v.33,한 해 동안 발표된 중단편소설을 결산하는 '이상문학상'의 서른세 번째 작품집이 출간됐다. 2009년 대상 수상작은 김연수의 단편 '산책하는 이들의 다섯 가지 즐거움'. 인간의 내면에 존재하는 본원적인 고통의 의미를 '코끼리'라는 상징을 통하여 다양한 방식으로 조명하고 있는 작품이다.,2009-01-20,https://image.aladin.co.kr/product/310/94/coversum/8970128352_2.jpg,국내도서>소설/시/희곡>한국소설>2000년대 이후 한국소설
소현세자 3,이정근,책보세,대덕소프트웨어마이스터고등학교,EM00009442,813.6 이74ㅅ v.3,"이방원전의 작가 이정근의 역사 장편소설. 소현세자를 주인공으로 삼고 있지만 소현세자 개인사에 머물지 않고 소현세자가 살았던 격동의 시공을 포괄적으로 다루고 있다. 원래 「오마이뉴스」에 121회에 걸쳐 연재된 작품으로, 이번에 6부 3권으로 묶어낸 것이다.",2009-02-25,https://image.aladin.co.kr/product/1134/81/coversum/899615203x_1.jpg,국내도서>소설/시/희곡>역사소설>한국 역사소설
슬픔보다 더 슬픈 이야기,원태연,도서출판 광,대덕소프트웨어마이스터고등학교,EM00012619,813.6 원883ㅅ c.3,"원태연 시인의 소설 데뷔작. 원태연이 직접 연출하고, 권상우, 이보영, 이범수 주연의 영화 [슬픔보다 더 슬픈 이야기]의 원작소설이다. 함께 살면서도 사랑을 숨겨야 하는, 아픔을 알면서도 모르는 체 해야하는 두 남녀의 애틋한 사랑을 다룬 소설로, 영화 [슬픔보다 더 슬픈 이야기] 미발매 사운드 트랙 CD를 함께 제공한다.",2009-02-10,https://image.aladin.co.kr/product/321/92/coversum/8996212601_1.jpg,국내도서>소설/시/희곡>한국소설>2000년대 이후 한국소설
엄마를 부탁해,신경숙,창비,대덕소프트웨어마이스터고등학교,EM00019373,813.6 신14ㅇ c.6,"2011년 맨 아시아 문학상 수상작으로, 신경숙의 8번째 장편소설이다. 2007년 겨울부터 2008년 여름까지「창작과비평」에 연재된 작품이다. 지하철역에서 아버지의 손을 놓치고 실종된 어머니의 흔적을 추적하면서 기억을 복원하는 과정을 그렸다. 각 장은 전단지를 붙이고 광고를 내면서 엄마를 찾아 헤매는 자식들과 남편, 엄마의 시선으로 전개된다.",2008-10-24,https://image.aladin.co.kr/product/272/78/coversum/8936433679_2.jpg,국내도서>소설/시/희곡>한국소설>2000년대 이후 한국소설
엄마를 부탁해,신경숙,창비,대덕소프트웨어마이스터고등학교,IT00005840,813.6 신14ㅇ c.11,"2011년 맨 아시아 문학상 수상작으로, 신경숙의 8번째 장편소설이다. 2007년 겨울부터 2008년 여름까지「창작과비평」에 연재된 작품이다. 지하철역에서 아버지의 손을 놓치고 실종된 어머니의 흔적을 추적하면서 기억을 복원하는 과정을 그렸다. 각 장은 전단지를 붙이고 광고를 내면서 엄마를 찾아 헤매는 자식들과 남편, 엄마의 시선으로 전개된다.",2008-10-24,https://image.aladin.co.kr/product/272/78/coversum/8936433679_2.jpg,국내도서>소설/시/희곡>한국소설>2000년대 이후 한국소설
엄마를 부탁해,신경숙,창비,대덕소프트웨어마이스터고등학교,EM00009509,813.6 신14ㅇ,"2011년 맨 아시아 문학상 수상작으로, 신경숙의 8번째 장편소설이다. 2007년 겨울부터 2008년 여름까지「창작과비평」에 연재된 작품이다. 지하철역에서 아버지의 손을 놓치고 실종된 어머니의 흔적을 추적하면서 기억을 복원하는 과정을 그렸다. 각 장은 전단지를 붙이고 광고를 내면서 엄마를 찾아 헤매는 자식들과 남편, 엄마의 시선으로 전개된다.",2008-10-24,https://image.aladin.co.kr/product/272/78/coversum/8936433679_2.jpg,국내도서>소설/시/희곡>한국소설>2000년대 이후 한국소설
오래된 정원  상  상,황석영,창작과비평사,대덕소프트웨어마이스터고등학교,EM00009523,813.6 황54ㅇ v.상,"80년대 이후 격동했던 한국사회와 사회주의권의 붕괴를 근간으로 하는 세계사적 변화를 배경으로 젊은 두 남녀의 파란많은 삶과 사랑을 감동적으로 그려냈다. 이 작품은 기본 서사구조에서 회상과 편지글, 비망록과 기록 등에 이르기까지 다양한 형식으로 두 주인공 오현우와 한윤희의 교차적 서술방식을 통해 박진감 넘치면서도 서정적으로 전개된다. (제12회 이산문학상 수상작)",2000-05-02,https://image.aladin.co.kr/product/23/1/coversum/8936433369_1.jpg,국내도서>소설/시/희곡>한국소설>2000년대 이전 한국소설
인간에 대한 예의,공지영,창비,대덕소프트웨어마이스터고등학교,EM00009557,813.6 공78ㅇ,"한국 현대 소설의 대표 단편작을 뽑아 한국어.영어로 동시 수록한 바이링궐 에디션 : 한국 현대 소설 시리즈는 하버드 한국학 연구원, 각국 전문 번역진이 작업한 프로젝트이다.",2012-07-25,https://image.aladin.co.kr/product/1850/63/coversum/8994006354_1.jpg,국내도서>소설/시/희곡>한국소설>2000년대 이전 한국소설
자유의 감옥,미하엘 엔데,보물창고,대덕소프트웨어마이스터고등학교,EM00009568,853 엔24ㅈ,"미하엘 엔데의 작품집 자유의 감옥 개정판. 어린이와 어른이 함께 읽는 모모나 끝없는 이야기와 달리 전적으로 성인 독자를 위한 고품격 판타지 소설이다. 8편의 중.단편들이 각각 다른 이야기를 담고 있으면서도, 시간과 공간에 대한 아주 독특한 사유를 통해 유기적으로 연결되어 있다.",2008-09-05,https://image.aladin.co.kr/product/238/94/coversum/896170057x_2.jpg,국내도서>소설/시/희곡>독일소설
조대리의 트렁크,백가흠,창비,대덕소프트웨어마이스터고등학교,EM00009587,813.6 백12ㅈ,"2005년 여름 첫 소설집 <귀뚜라미가 온다>를 발표하며 날카로운 개성을 드러냈던 작가 백가흠의 두 번째 단편집이 출간됐다. 수록된 아홉 편의 소설은, 사건사고 파일을 펼쳐 보이듯 냉정하게 우리 시대의 불편한 현실을 그려낸다. 아이러니한 것은 그러한 작품들이 짙은 서정성을 담지하고 있다는 점이다.",2007-08-20,https://image.aladin.co.kr/product/96/81/coversum/8936437011_1.jpg,국내도서>소설/시/희곡>한국소설>2000년대 이후 한국소설
추사 2,한승원,열림원,대덕소프트웨어마이스터고등학교,EM00009627,813.6 한57ㅊ v.2,이상문학상 현대문학상 수상작가 한승원이 마침내 완성한 ‘조선 천재 3부작’ 『추사』 『초의』 『다산』이 새롭게 출간된다. 개정판엔 집필 당시에 “내가 김정희인지 김정희가 나인지 분별이 안 될” 경지의 몰입으로 꾼 꿈에서 만난 추사와의 대담을 해설의 형태로 풀어 덧붙였다.,2023-01-31,https://image.aladin.co.kr/product/30986/58/coversum/k372831408_1.jpg,국내도서>소설/시/희곡>역사소설>한국 역사소설
폭풍의 언덕,에밀리 브론테,민음사,대덕소프트웨어마이스터고등학교,EM00009654,843 브295ㅍ,"서른 살의 나이에 요절한 에밀리 브론테가 죽기 1년 전에 발표한 유일한 소설. '워더링 하이츠'를 무대로 펼쳐지는 캐서린과 히스클리프의 비극적인 사랑, 에드거와 이사벨을 향한 히스클리프의 잔인한 복수를 그린 이 작품은, 발표 당시 그 음산함과 등장인물의 야만성으로 인해 반도덕적이라는 비난을 받았다.",2005-03-15,https://image.aladin.co.kr/product/54/93/coversum/8937461188_3.jpg,국내도서>소설/시/희곡>영미소설
황진이 2 2,홍석중,대훈서적,대덕소프트웨어마이스터고등학교,EM00009698,813.6 홍54ㅎ v.2,,2006-10-30,https://image.aladin.co.kr/product/85/3/coversum/8991343007_1.jpg,국내도서>소설/시/희곡>역사소설>한국 역사소설
어두운 상점들의 거리,파트릭 모디아노,문학동네,대덕소프트웨어마이스터고등학교,EM00017492,863.6 모28ㅇ c.2,"공쿠르상 수상작이자 파트릭 모디아노의 대표작. 이 작품은 기억상실증에 걸린 한 퇴역 탐정이 자신의 과거를 추적하는 여정을 그린 소설이다. 흥신소의 퇴역 탐정인 작중 화자는 조악한 단서 몇 가지에 의지해 마치 다른 인물의 뒤를 밟듯 낯선 자신의 과거를 추적한다. 소멸한 과거, 잃어버린 삶의 흔적, 악몽 속에서 잊어버린 대전의 경험을 주제로 하여, 그는 프루스트가 말한 존재의 근원으로서 ‘잃어버린 시간’을 특유의 신비하고 몽상적인 언어로 탐색해냈다.",2010-05-17,https://image.aladin.co.kr/product/705/25/coversum/8954610978_2.jpg,국내도서>소설/시/희곡>프랑스소설
오베라는 남자,프레드릭 배크만,다산책방,대덕소프트웨어마이스터고등학교,EM00017505,859.7 배877ㅇ,한 사람의 인생이 끝나기도 전에 그 사람이 구식이 되어버리는 세상과 자기 손으로 타이어 하나 갈아 끼우지 못하는 바보 같은 사람들을 도저히 이해할 수 없어 외톨이가 되기를 자처하는 남자 오베. 그러나 그는 도움을 청하는 이웃들의 손길을 차마 내치지 못해 마을의 해결사 노릇을 하게 된다.,2023-03-09,https://image.aladin.co.kr/product/31282/49/coversum/k162832578_2.jpg,국내도서>소설/시/희곡>세계의 소설>북유럽소설
높고 푸른 사다리,공지영,한겨레출판,대덕소프트웨어마이스터고등학교,EM00017539,813.6 공78ㄴ,작가 공지영의 열한 번째 장편소설 높고 푸른 사다리가 개정 출간된다. 인생과 사랑의 섭리를 예민한 감수성으로 그려낸 이 작품은 인간의 삶이 어떠한 신비로 운명을 극복해 나가는지를 이야기한다.,2019-09-05,https://image.aladin.co.kr/product/20613/48/coversum/8965746876_1.jpg,국내도서>소설/시/희곡>한국소설>2000년대 이후 한국소설
넌 동물이야  비스코비츠 ,알레산드로 보파,민음사,대덕소프트웨어마이스터고등학교,EM00011656,883 보892ㄴ,"백만장자가 된 돼지, 성형수술을 시도한 꿀벌, 채식주의자 사자, 숙주를 사랑한 기생충…… 작품의 주인공 비스코비츠는 매번 새로운 모습으로 새로운 삶을 살아간다. 그리고 그의 곁엔 언제나 매혹적인 운명의 상대, 리우바가 있다. 그 둘은 먹고 먹히거나 속고 속이면서 서로를 사랑하고 미워한다.",2025-04-20,https://image.aladin.co.kr/product/36422/62/coversum/8937428725_1.jpg,국내도서>소설/시/희곡>세계의 소설>이탈리아소설
김홍신의 대발해 7  동경천도와 역모,김홍신,아리샘,대덕소프트웨어마이스터고등학교,EM00011720,813.6 김95ㄱ v.7,"베스트셀러 작가 김홍신이 1998년 국회의원 시절부터 무려 8년여에 걸쳐 구상하여 집필한 소설. 668년 고구려의 멸망에서부터 698년 고구려 유장 대조영이 세운 발해가 926년 멸망하기까지 파란만장했던 역사를 담은 장대한 스케일의 작품이다. 주변국과 싸워나가는 발해의 정치 군사 외교의 전략 전술이 흥미롭게 그려져 있으며, 수많은 영웅들의 원대한 꿈과 야망, 들풀처럼 억센 민초들의 애환이 녹아들어 있다.",2010-03-10,https://image.aladin.co.kr/product/754/3/coversum/8992673612_1.jpg,국내도서>소설/시/희곡>역사소설>한국 역사소설
김홍신의 대발해 10  발해여 발해여,김홍신,아리샘,대덕소프트웨어마이스터고등학교,EM00011726,813.6 김95ㄱ v.10,"베스트셀러 작가 김홍신이 1998년 국회의원 시절부터 무려 8년여에 걸쳐 구상하여 집필한 소설. 668년 고구려의 멸망에서부터 698년 고구려 유장 대조영이 세운 발해가 926년 멸망하기까지 파란만장했던 역사를 담은 장대한 스케일의 작품이다. 주변국과 싸워나가는 발해의 정치 군사 외교의 전략 전술이 흥미롭게 그려져 있으며, 수많은 영웅들의 원대한 꿈과 야망, 들풀처럼 억센 민초들의 애환이 녹아들어 있다.",2010-03-10,https://image.aladin.co.kr/product/754/4/coversum/8992673647_1.jpg,국내도서>소설/시/희곡>역사소설>한국 역사소설
유성의 인연 2,히가시노게이고,현대문학,대덕소프트웨어마이스터고등학교,EM00011741,833.6 히12ㅇ v.2,"‘일본 미스터리의 제왕’이라 불리는 히가시노 게이고의 대표작 『유성의 인연』이 10여 년 만에 전면 개정판으로 재탄생했다. 살인사건으로 부모를 잃은 세 남매가 별똥별 아래 맹세한 인연의 끈으로 험난한 세상을 서로 의지해 살아가며, 범인을 밝히기 위해 고군분투하는 모습을 그렸다.",2020-01-31,https://image.aladin.co.kr/product/23155/22/coversum/8972751502_1.jpg,국내도서>소설/시/희곡>추리/미스터리소설>일본 추리/미스터리소설
여형사 유키히라의 살인 보고서,하타타케히코,북스토리,대덕소프트웨어마이스터고등학교,EM00011744,833.6 하882ㅇ,"일본열도를 뜨겁게 달구었던 드라마 [언페어]의 주인공, 여형사 유키히라 나츠미의 두뇌게임 시리즈. 이 책은 드라마 [언페어]의 원작인 하타 타케히코의 추리소설에 이은 후속작으로, 생후 3개월 된 아기의 유괴 사건을 맡게 된 여형사 유키히라가 그 수사 과정에서 드러난 뜻밖의 소녀 연쇄살인 사건을 풀어나가는 미스터리 범죄소설이다.",2010-09-13,https://image.aladin.co.kr/product/764/16/coversum/8993480575_1.jpg,국내도서>소설/시/희곡>추리/미스터리소설>일본 추리/미스터리소설
사람의 나라,강철근,이지출판,대덕소프트웨어마이스터고등학교,EM00011773,813.6 강83ㅅ,,2010-01-07,https://image.aladin.co.kr/product/632/13/coversum/8992822421_1.jpg,국내도서>소설/시/희곡>역사소설>한국 역사소설
의적 일지매,정비석,창해,대덕소프트웨어마이스터고등학교,EM00011791,813.6 정48ㅇ,"작가가 고전 일지매dp를 재미있게 꾸며 쓴 역사인물소설. 임진왜란 동안 나라에 반역하여 재물을 모은 자들을 의적 일지매가 직접 응징한다는 내용이다. 의협심이 강하고 용기와 지혜로 남의 물건을 훔쳐 내는 일지매를 그려나간다. 일지매에 대한 새로운 해석에 덧붙여 양반들의 악행과 박해받는 백성들에 초점을 맞춰 재미를 강조한다.
",2008-05-27,https://image.aladin.co.kr/product/219/64/coversum/897919806x_1.jpg,국내도서>소설/시/희곡>역사소설>한국 역사소설
방과 후,히가시노게이고,창해,대덕소프트웨어마이스터고등학교,EM00011792,833.6 히12ㅂ,"히가시노 게이고가 작가로 전업하는 데 결정적인 계기가 된 작품이다. 방과 후는 결코 데뷔작이라고 믿기지 않는, 고등학생들 특유의 섬세하고 예리한 감정을 탄탄한 복선과 트릭 안에 담아낸 학원 미스터리 소설이다. 이 작품을 통해 ‘히가시노 게이고 스타일’의 시작점을 엿볼 수 있게 될 것이다.",2019-07-10,https://image.aladin.co.kr/product/19532/89/coversum/k192635021_1.jpg,국내도서>소설/시/희곡>추리/미스터리소설>일본 추리/미스터리소설
애도하는 사람,텐도아라타,문학동네,대덕소프트웨어마이스터고등학교,EM00011800,833.6 텐25ㅇ,"오늘날 이 사회에 넘쳐나는 무차별 살상, 학대 등 다양한 종류의 사건과 사고, 폭력과 상처를 마주했을 때, 과연 우리는 무엇을 할 수 있을까? 붕대 클럽의 작가 텐도 아라타는 이 질문에 대한 대답을 한 편의 소설로 대신한다. 자신과 아무런 관계가 없는 타인의 죽음을 애도하기 위해 전국을 떠도는 청년의 이야기로, 나오키 상 수상작이다.",2010-02-05,https://image.aladin.co.kr/product/626/74/coversum/8954609651_1.jpg,국내도서>소설/시/희곡>일본소설>1950년대 이후 일본소설
연서,한호택,달과소,대덕소프트웨어마이스터고등학교,EM00011816,813.6 한95ㅇ,"동북아의 제국이었던 백제, 꺼져가고 있던 제국의 마지막 불꽃을 태운 백제 무왕 사랑과 투쟁을 그린다. 미혼모의 아들 장(무왕)이 어려서부터 용의 아들이라 불린 점은 강가의 검은 용과 과부 사이에서 아들을 잉태하고, 그가 백제의 왕위에 올라 무왕이 되었다는 '무왕열전'의 내용이다. 위덕왕의 서자로 태어나 서동 일을 했던 장의 어린 시절은 꽃님과의 못 이룬 사랑에 대한 상처와 영웅이 되기 위한 수련의 기간을 그려냈다.",2008-08-04,https://image.aladin.co.kr/product/238/91/coversum/8991223249_1.jpg,국내도서>소설/시/희곡>역사소설>한국 역사소설
연애 소설 읽는 노인,루이스 세풀베다,열린책들,대덕소프트웨어마이스터고등학교,EM00011833,873 세896ㅇ,,2009-11-30,https://image.aladin.co.kr/product/588/5/coversum/8932909369_1.jpg,국내도서>소설/시/희곡>스페인/중남미소설
전우치 1,권오단,산수야,대덕소프트웨어마이스터고등학교,EM00011866,813.6 권65ㅈ v.1,실재 인물인 전우치를 소재로 탁월한 역사적 상상력과 풍부한 사료와 재기 넘치는 한문시의 묘미를 결합시켜 흥미진진한 전우치의 활약상을 들려 주는 역사 소설이다. 전우치의 일대기를 시대적 배경을 바탕으로 짜임새 있게 재구성하여 역사 속 인물 전우치를 만나게 해 준다.,2009-12-08,https://image.aladin.co.kr/product/586/68/coversum/8980971915_1.jpg,국내도서>소설/시/희곡>역사소설>한국 역사소설
난장이가 쏘아올린 작은 공,조세희,이성과 힘,대덕소프트웨어마이스터고등학교,EM00017589,813.6 조53ㄴ c.9,"한국 현대문학의 대표적인 고전으로 평가받는 『난장이가 쏘아올린 작은 공』은 1970년대 난장이로 상징되는 도시 노동자들의 모습을 담고 있다. 개정판에서는 판형과 표지를 새로이 하고, 오늘날의 표기법에 맞게 일부 단어와 문장을 다듬었다.",2024-02-15,https://image.aladin.co.kr/product/33415/76/coversum/8995151226_1.jpg,국내도서>소설/시/희곡>한국소설>2000년대 이전 한국소설
난장이가 쏘아올린 작은 공,조세희,이성과 힘,대덕소프트웨어마이스터고등학교,IT00009528,813.6 조53ㄴ c.19,"한국 현대문학의 대표적인 고전으로 평가받는 『난장이가 쏘아올린 작은 공』은 1970년대 난장이로 상징되는 도시 노동자들의 모습을 담고 있다. 개정판에서는 판형과 표지를 새로이 하고, 오늘날의 표기법에 맞게 일부 단어와 문장을 다듬었다.",2024-02-15,https://image.aladin.co.kr/product/33415/76/coversum/8995151226_1.jpg,국내도서>소설/시/희곡>한국소설>2000년대 이전 한국소설
난장이가 쏘아올린 작은 공,조세희,이성과 힘,대덕소프트웨어마이스터고등학교,IT00009530,813.6 조53ㄴ c.21,"한국 현대문학의 대표적인 고전으로 평가받는 『난장이가 쏘아올린 작은 공』은 1970년대 난장이로 상징되는 도시 노동자들의 모습을 담고 있다. 개정판에서는 판형과 표지를 새로이 하고, 오늘날의 표기법에 맞게 일부 단어와 문장을 다듬었다.",2024-02-15,https://image.aladin.co.kr/product/33415/76/coversum/8995151226_1.jpg,국내도서>소설/시/희곡>한국소설>2000년대 이전 한국소설
1984,조지 오웰,민음사,대덕소프트웨어마이스터고등학교,EM00017742,808 세14 v.77 c.14,"민음사에서 조지 오웰 탄생 100주년을 맞아 그의 대표작 <1984>를 새롭게 펴냈다. <1984>는 널리 알려진 바와 같이 전체주의를 비판하는 디스토피아 소설로, 날카로운 풍자와 정치적 함의로 유명하다. '절대 권력은 절대 부패한다'는 명언을 탁월하게 형상화한 작품.",2003-06-16,https://image.aladin.co.kr/product/41/89/coversum/s122531356_2.jpg,국내도서>소설/시/희곡>영미소설
달과 그림자,박은우,우원북스,대덕소프트웨어마이스터고등학교,EM00011664,813.6 박67ㄷ,"정유재란 직전, 도요토미 히데요시가 출발시킨 일본 간자의 이순신 암살 사건을 다룬 박은우의 역사소설. 전쟁종결자 이순신을 지키기 위해 요미가 되려는 장호준. 이순신을 죽이기 위해 장호준이 되려는 요미. 임진왜란, 베일 벗는 간자들의 치열한 암살·첩보전이 펼쳐진다.",2010-06-15,https://image.aladin.co.kr/product/722/1/coversum/8996433721_1.jpg,국내도서>소설/시/희곡>역사소설>한국 역사소설
1 84 2  7  9 ,무라카미 하루키,문학동네,대덕소프트웨어마이스터고등학교,EM00011701,833.6 무292ㅇ v.2 c.2,"전세계 독자가 손꼽아 기다려온 무라카미 하루키 5년 만의 신작 장편소설. 압도적인 이야기의 강렬함, 읽기를 멈출 수 없는 놀라운 흡인력, 이전 작품을 모두 끌어안으면서도 확연한 한 획을 긋는 무라카미 하루키 문학의 결정판.",2009-09-08,https://image.aladin.co.kr/product/434/24/coversum/8954608655_2.jpg,국내도서>소설/시/희곡>일본소설>1950년대 이후 일본소설
무슨 일이 일어났는지는 아무도,김영하,문학동네,대덕소프트웨어마이스터고등학교,EM00011697,813.7 김64ㅁ,"김영하 등단 25주년을 맞아 새롭게 선보이는 '복복서가x김영하_소설'의 여섯번째 작품은 무슨 일이 일어났는지는 아무도이다. 김영하가 세계의 여러 도시, 여러 장소에서 마치 즉흥연주를 하듯 마음 가는 대로 써내려간 매혹적인 이야기 열세 편을 모은 독특한 소설집이다.",2020-09-30,https://image.aladin.co.kr/product/25225/16/coversum/k252633807_1.jpg,국내도서>소설/시/희곡>한국소설>2000년대 이후 한국소설
김홍신의 대발해 5  등주와 장성을 정벌하다,김홍신,아리샘,대덕소프트웨어마이스터고등학교,EM00011722,813.6 김95ㄱ v.5,"베스트셀러 작가 김홍신이 1998년 국회의원 시절부터 무려 8년여에 걸쳐 구상하여 집필한 소설. 668년 고구려의 멸망에서부터 698년 고구려 유장 대조영이 세운 발해가 926년 멸망하기까지 파란만장했던 역사를 담은 장대한 스케일의 작품이다. 주변국과 싸워나가는 발해의 정치 군사 외교의 전략 전술이 흥미롭게 그려져 있으며, 수많은 영웅들의 원대한 꿈과 야망, 들풀처럼 억센 민초들의 애환이 녹아들어 있다.",2010-03-10,https://image.aladin.co.kr/product/754/3/coversum/8992673590_1.jpg,국내도서>소설/시/희곡>역사소설>한국 역사소설
김홍신의 대발해 2  다시 뜨는 고구려 혼불,김홍신,아리샘,대덕소프트웨어마이스터고등학교,EM00011725,813.6 김95ㄱ v.2,"베스트셀러 작가 김홍신이 1998년 국회의원 시절부터 무려 8년여에 걸쳐 구상하여 집필한 소설. 668년 고구려의 멸망에서부터 698년 고구려 유장 대조영이 세운 발해가 926년 멸망하기까지 파란만장했던 역사를 담은 장대한 스케일의 작품이다. 주변국과 싸워나가는 발해의 정치 군사 외교의 전략 전술이 흥미롭게 그려져 있으며, 수많은 영웅들의 원대한 꿈과 야망, 들풀처럼 억센 민초들의 애환이 녹아들어 있다.",2010-03-10,https://image.aladin.co.kr/product/753/99/coversum/8992673566_1.jpg,국내도서>소설/시/희곡>역사소설>한국 역사소설
카지노,김진명,새움,대덕소프트웨어마이스터고등학교,EM00011729,813.6 김78ㅋ,"그간 현실과 픽션을 넘나들며 당대의 첨예한 미스터리들을 풀어 온 작가 김진명이 '진정한 프로 갬블러와 카지노의 세계'를 흥미진진하게 그려냈다. 숱한 패배 속에서도 살아남는 지혜를 터득하고자 하는 인간, 갬블러의 몸부림을 생생하게 그려내고 있다.",2022-12-21,https://image.aladin.co.kr/product/30665/45/coversum/k122830031_1.jpg,국내도서>소설/시/희곡>한국소설>2000년대 이후 한국소설
졸업,히가시노게이고,현대문학,대덕소프트웨어마이스터고등학교,EM00011732,833.6 히12ㅈ,"최근 10년간 한국인이 가장 사랑한 소설가, 히가시노 게이고의 대표작 가가 형사 시리즈가 한국 출간 10여 년 만에 완전히 새로운 모습으로 독자들을 만난다. 이번에 새롭게 선보인 가가 형사 시리즈 개정판은 ‘가가 형사’의 대학 시절부터 네리마 경찰서 소속 형사 시기까지를 다룬 7권의 작품을 아우른다.",2019-07-25,https://image.aladin.co.kr/product/19822/33/coversum/8972750085_2.jpg,국내도서>소설/시/희곡>추리/미스터리소설>일본 추리/미스터리소설
초록빛 향기,김지안,신영미디어,대덕소프트웨어마이스터고등학교,EM00011738,813.6 김78ㅊ,,2010-08-19,https://image.aladin.co.kr/product/760/33/coversum/894133294x_2.jpg,국내도서>소설/시/희곡>로맨스소설>한국 로맨스소설
별궁의 노래,김용상,순,대덕소프트웨어마이스터고등학교,EM00011743,813.6 김65ㅂ,"병자호란 뒤 소현세자와 함께 청나라에 끌려가 8년 동안 볼모생활을 하며 세상에 눈뜬 소현세자빈 이야기. 시대를 앞서간 왕실여인 소현세자빈을 소설로 살려냈다. 작가는 <조선왕조실록>, <심양장계> 등 사료를 철저히 조사하여 당대의 조선 상황, 청나라의 자연과 문물, 실존 인물들의 명멸을 치밀하게 교차시켰다.",2010-05-15,https://image.aladin.co.kr/product/699/92/coversum/8996417025_1.jpg,국내도서>소설/시/희곡>역사소설>한국 역사소설
유성의 인연 1,히가시노게이고,현대문학,대덕소프트웨어마이스터고등학교,EM00011753,833.6 히12ㅇ v.1,"‘일본 미스터리의 제왕’이라 불리는 히가시노 게이고의 대표작 『유성의 인연』이 10여 년 만에 전면 개정판으로 재탄생했다. 살인사건으로 부모를 잃은 세 남매가 별똥별 아래 맹세한 인연의 끈으로 험난한 세상을 서로 의지해 살아가며, 범인을 밝히기 위해 고군분투하는 모습을 그렸다.",2020-01-31,https://image.aladin.co.kr/product/23155/7/coversum/8972751499_1.jpg,국내도서>소설/시/희곡>추리/미스터리소설>일본 추리/미스터리소설
겨울 여행,아멜리 노통브,문학세계사,대덕소프트웨어마이스터고등학교,EM00011761,863 노885ㄱ,"매해 8월이면 새 소설과 함께 독자들을 찾아오는 프랑스 문단의 베스트셀러 작가인 아멜리 노통브가 올해도 어김없이 새 작품을 발표했다. 2010년, 데뷔 19년째를 맞는 아멜리 노통브의 열여덟 번째 소설 제목 겨울 여행은 슈베르트의 연작 가곡집(우리나라에는 '겨울 나그네'로 더 많이 알려져 있다)에서 영감을 얻은 것이다.",2015-07-20,https://image.aladin.co.kr/product/755/28/coversum/8970755004_2.jpg,국내도서>소설/시/희곡>프랑스소설
숨그네,헤르타 뮐러,문학동네,대덕소프트웨어마이스터고등학교,EM00011764,853 뮐294ㅅ,노벨문학상 수상 작가 헤르타 뮐러의 2009년 대표작. 이차대전 후 루마니아에서 소련 강제수용소로 이송된 열일곱 살 독일 소년의 삶을 충격적이고 강렬한 시적 언어로 그려냈다. 작가 헤르타 뮐러는 철저히 비인간화한 상황 속에서 살아남고자 하는 삶의 한 현장을 섬뜩하면서도 아름답게 포착했다.,2010-05-17,https://image.aladin.co.kr/product/705/18/coversum/8954610889_1.jpg,국내도서>소설/시/희곡>세계의 소설>동유럽소설
동이,이준혁,문예춘추사,대덕소프트웨어마이스터고등학교,EM00011839,813.7 이76ㄷ,"조선의 성군으로 잘 알려진 영조의 생모, 숙빈 최씨의 삶을 다룬 소설 동이. 평민 무수리 출신으로 인현왕후와 장희빈의 궁중암투, 서인과 남인의 처절한 당파투쟁 속에서도 끝까지 살아남아 자신이 낳은 아들을 보위에 오르게 한 숙빈 최씨의 사랑과 눈물, 그리고 야망의 역사가 소설 속에 담겨 있다.",2010-04-30,https://image.aladin.co.kr/product/680/12/coversum/8976040554_1.jpg,국내도서>소설/시/희곡>역사소설>한국 역사소설
새들이 서 있다,박혜상,문학과지성사,대덕소프트웨어마이스터고등학교,EM00011857,813.7 박94ㅅ,'제6회 문학과사회 신인문학상(소설 부문)'을 수상한 박혜상의 첫번째 소설집. 당선작이자 표제작인 '새들이 서 있다'를 비롯해 9편의 소설로 구성되어 있다. 작가는 단편 '새들이 서 있다'에서 오이디푸스 콤플렉스의 새로운 방식으로 전복하며 익숙하고도 새로운 서사를 보여준다.,2009-12-18,https://image.aladin.co.kr/product/603/25/coversum/8932020116_1.jpg,국내도서>소설/시/희곡>한국소설>2000년대 이후 한국소설
추방 1,앨런 폴섬,넥서스BOOKS,대덕소프트웨어마이스터고등학교,EM00011859,843 폴54ㅊ v.1,"1994년 <모레>로 국내에 소개된 바 있는 앨런 폴섬의 세 번째 장편 소설로 박진감 넘치는 문장과 잘 짜여진 구성이 여전하다. 빠른 장면전환과 스피디한 전개, 로스앤젤레스.런던.파리.모스크바를 오가는 거대한 스케일이 돋보이는 미스터리 대작.",2004-12-15,https://image.aladin.co.kr/product/53/17/coversum/8957970975_1.jpg,국내도서>소설/시/희곡>추리/미스터리소설>영미 추리/미스터리소설
추방 2,앨런 폴섬,넥서스BOOKS,대덕소프트웨어마이스터고등학교,EM00011860,843 폴54ㅊ v.2,,2004-12-15,https://image.aladin.co.kr/product/53/17/coversum/8957970983_1.jpg,국내도서>소설/시/희곡>추리/미스터리소설>영미 추리/미스터리소설
난장이가 쏘아올린 작은 공,조세희,이성과 힘,대덕소프트웨어마이스터고등학교,EM00017585,813.6 조53ㄴ c.5,"한국 현대문학의 대표적인 고전으로 평가받는 『난장이가 쏘아올린 작은 공』은 1970년대 난장이로 상징되는 도시 노동자들의 모습을 담고 있다. 개정판에서는 판형과 표지를 새로이 하고, 오늘날의 표기법에 맞게 일부 단어와 문장을 다듬었다.",2024-02-15,https://image.aladin.co.kr/product/33415/76/coversum/8995151226_1.jpg,국내도서>소설/시/희곡>한국소설>2000년대 이전 한국소설
난장이가 쏘아올린 작은 공,조세희,이성과 힘,대덕소프트웨어마이스터고등학교,EM00017714,813.6 조53ㄴ c.16,"한국 현대문학의 대표적인 고전으로 평가받는 『난장이가 쏘아올린 작은 공』은 1970년대 난장이로 상징되는 도시 노동자들의 모습을 담고 있다. 개정판에서는 판형과 표지를 새로이 하고, 오늘날의 표기법에 맞게 일부 단어와 문장을 다듬었다.",2024-02-15,https://image.aladin.co.kr/product/33415/76/coversum/8995151226_1.jpg,국내도서>소설/시/희곡>한국소설>2000년대 이전 한국소설
난장이가 쏘아올린 작은 공,조세희,이성과 힘,대덕소프트웨어마이스터고등학교,IT00009529,813.6 조53ㄴ c.20,"한국 현대문학의 대표적인 고전으로 평가받는 『난장이가 쏘아올린 작은 공』은 1970년대 난장이로 상징되는 도시 노동자들의 모습을 담고 있다. 개정판에서는 판형과 표지를 새로이 하고, 오늘날의 표기법에 맞게 일부 단어와 문장을 다듬었다.",2024-02-15,https://image.aladin.co.kr/product/33415/76/coversum/8995151226_1.jpg,국내도서>소설/시/희곡>한국소설>2000년대 이전 한국소설
1984,조지 오웰,민음사,대덕소프트웨어마이스터고등학교,EM00017628,808 세14 v.77 c.6,"민음사에서 조지 오웰 탄생 100주년을 맞아 그의 대표작 <1984>를 새롭게 펴냈다. <1984>는 널리 알려진 바와 같이 전체주의를 비판하는 디스토피아 소설로, 날카로운 풍자와 정치적 함의로 유명하다. '절대 권력은 절대 부패한다'는 명언을 탁월하게 형상화한 작품.",2003-06-16,https://image.aladin.co.kr/product/41/89/coversum/s122531356_2.jpg,국내도서>소설/시/희곡>영미소설
1984,조지 오웰,민음사,대덕소프트웨어마이스터고등학교,EM00017630,808 세14 v.77 c.8,"민음사에서 조지 오웰 탄생 100주년을 맞아 그의 대표작 <1984>를 새롭게 펴냈다. <1984>는 널리 알려진 바와 같이 전체주의를 비판하는 디스토피아 소설로, 날카로운 풍자와 정치적 함의로 유명하다. '절대 권력은 절대 부패한다'는 명언을 탁월하게 형상화한 작품.",2003-06-16,https://image.aladin.co.kr/product/41/89/coversum/s122531356_2.jpg,국내도서>소설/시/희곡>영미소설
1984,조지 오웰,민음사,대덕소프트웨어마이스터고등학교,EM00017631,808 세14 v.77 c.9,"민음사에서 조지 오웰 탄생 100주년을 맞아 그의 대표작 <1984>를 새롭게 펴냈다. <1984>는 널리 알려진 바와 같이 전체주의를 비판하는 디스토피아 소설로, 날카로운 풍자와 정치적 함의로 유명하다. '절대 권력은 절대 부패한다'는 명언을 탁월하게 형상화한 작품.",2003-06-16,https://image.aladin.co.kr/product/41/89/coversum/s122531356_2.jpg,국내도서>소설/시/희곡>영미소설
1984,조지 오웰,민음사,대덕소프트웨어마이스터고등학교,EM00017741,808 세14 v.77 c.13,"민음사에서 조지 오웰 탄생 100주년을 맞아 그의 대표작 <1984>를 새롭게 펴냈다. <1984>는 널리 알려진 바와 같이 전체주의를 비판하는 디스토피아 소설로, 날카로운 풍자와 정치적 함의로 유명하다. '절대 권력은 절대 부패한다'는 명언을 탁월하게 형상화한 작품.",2003-06-16,https://image.aladin.co.kr/product/41/89/coversum/s122531356_2.jpg,국내도서>소설/시/희곡>영미소설
막차의 신,아가와 다이주,소소의책,대덕소프트웨어마이스터고등학교,IT00009029,833 이64ㅁ,"아가와 다이주 소설. 하루에 전철이 아무리 운행되어도 그중 막차는 한 번뿐이다. 이 책은 복잡한 도시에서 서로 부대끼며 살아가는 사람들, 저마다 처한 상황이 다르지만 소중한 인생의 한순간을 밀도 있게, 그리고 작은 반전에 웃음 짓게 만드는 일곱 개의 맛깔스런 이야기를 담고 있다.",2018-12-17,https://image.aladin.co.kr/product/17634/63/coversum/k972534212_1.jpg,국내도서>소설/시/희곡>추리/미스터리소설>일본 추리/미스터리소설
공주의남자 3  조선판 로미오와 줄리엣,김정민,페이퍼스토리,대덕소프트웨어마이스터고등학교,EM00012811,810 김74공 v.3 c.2,"드라마 [공주의 남자]를 소설로 만난다. 왕이 되고자 하는 열망에 들뜬 수양대군이 대신 김종서를 무참히 살해한 사건, 이른바 계유정난(1453)이다. 소설은 김종서의 아들 승유와 수양대군의 딸 세령 간의 운명적인 사랑을 다루고 있다. 여기에 승유를 사랑한 단종의 누이 경혜공주, 세령을 사랑한 신숙주의 아들 신면이 엇갈린 애정구도를 형성한다.",2011-11-10,https://image.aladin.co.kr/product/1340/92/coversum/899658343x_1.jpg,국내도서>소설/시/희곡>로맨스소설>한국 로맨스소설
별들너머 저쪽과 이쪽,이호철,중앙books,대덕소프트웨어마이스터고등학교,EM00009875,813.6 이95ㅂ,,2009-03-30,https://image.aladin.co.kr/product/356/28/coversum/8961888498_1.jpg,국내도서>소설/시/희곡>한국소설>2000년대 이후 한국소설
녹두장군  4 4,송기숙,시대의창출판사,대덕소프트웨어마이스터고등학교,EM00010068,813.6 송18ㄴ v.4,,2008-07-10,https://image.aladin.co.kr/product/232/22/coversum/8959401153_1.jpg,국내도서>소설/시/희곡>역사소설>한국 역사소설
달콤살벌한 그 녀석 1,연우,우신,대덕소프트웨어마이스터고등학교,IT00004367,813.7 연66ㄷ v.1,"연우 장편소설. 종갓집 막내딸로 태어나 집안 남자들의 몸종처럼 살아온 세비. 대학 합격 후 꿈같은 독립생활에 젖어 있던 그녀에게 청천벽력 같은 소식이 전해진다. 1년 동안 취직을 못하면 고향으로 내려오라는 할아버지의 엄명이 떨어진 것. 취업에 고심하던 그녀에게 꿀, 아니 황금 아르바이트 기회가 주어지는데….",2016-11-25,https://image.aladin.co.kr/product/9720/98/coversum/8929824137_1.jpg,국내도서>소설/시/희곡>로맨스소설>한국 로맨스소설
변명 1,정길연,이룸,대덕소프트웨어마이스터고등학교,EM00010091,813.6 정18ㅂ v.1,"SBS TV 일일드라마 [두 아내] 원작 소설. 누가 봐도 남부러울 것 없는 결혼 생활을 이어가던 현강과 태희, 눈에 넣어도 아프지 않을 딸 마리. 이들의 평범한 결혼 생활에 변화가 나타난다. 현강의 첫사랑 은묘. 현강은 은묘를 다시 만난 순간부터 그녀와의 사랑에 급격히 빠져든다. 그런 현강을 태희는 사랑할 권리를 존중해준다는 이유로 아무런 제지도 하지 않는다. 그러던 어느 날 현강이 교통사고로 의식불명 상태가 되는데…",2009-05-01,https://image.aladin.co.kr/product/367/21/coversum/8957074546_1.jpg,국내도서>소설/시/희곡>한국소설>2000년대 이후 한국소설
침묵을 삼킨 소년,야쿠마루 가쿠,예문아카이브,대덕소프트웨어마이스터고등학교,IT00009033,833.6 야877ㅊ,"2005년 천사의 나이프로 에도가와 란포상을 수상하며 화려하게 일본 문단에 데뷔한 후, 꾸준히 소년범죄에 대해 다양한 문제를 다뤄 온 야쿠마루 가쿠의 장편소설 침묵을 삼킨 소년이 보라나비 저작­번역상을 수상한 이영미 번역가의 손길을 거쳐 국내 독자들을 찾는다.",2016-09-20,https://image.aladin.co.kr/product/9264/75/coversum/k102535216_1.jpg,국내도서>소설/시/희곡>일본소설>1950년대 이후 일본소설
노르웨이의 숲,무라카미하루키,민음사,대덕소프트웨어마이스터고등학교,IT00009879,833.6 무292ㄴ c.4,"페이지를 처음 펼치는 오늘의 젊음들에게, 그리고 오랜 기억 속에 책의 한 구절을 간직하고 있는 어제의 젊음들에게, 한결같은 울림으로 예민하고 섬세한 청춘의 감성을 전하며 영원한 필독서로 사랑받고 있는 무라카미 하루키의 대표작이다.",2017-08-07,https://image.aladin.co.kr/product/11561/49/coversum/8937434482_1.jpg,국내도서>소설/시/희곡>일본소설>1950년대 이후 일본소설
밤의여왕,로버트슈나이더,북스토리,대덕소프트웨어마이스터고등학교,EM00012823,840 로44밤,오르가니스트로 밀리언셀러 작가 반열에 오른 로버트 슈나이더. 밤의 여왕은 오르가니스트에 이어 라인탈 골짜기를 배경으로 음악에 사랑과 운명을 실어 이야기하는 '라인탈 시리즈' 중 최고 걸작으로 꼽힌다. 전작에서 그러했듯이 로버트 슈나이더는 자신의 장기인 해박한 음악 지식과 유려한 문체로 독자들에게 음악과 문학의 감동을 동시에 전달한다.,2011-07-05,https://image.aladin.co.kr/product/1205/72/coversum/8993480613_1.jpg,국내도서>소설/시/희곡>세계의 소설>기타 국가 소설
게물랭의 댄서,조르주심농,열린책들,대덕소프트웨어마이스터고등학교,EM00012824,860 조297게,"전 세계 50개 이상의 언어로 번역되어 5억 권 이상의 작품이 팔려 나간 작가 조르주 심농의 '매그레 시리즈' 10권. 스무 살도 채 되지 않은 풋내기지만 허세 부리기 좋아하는 두 청년 샤보와 델포스. 그들은 유흥비를 충당하기 위해 단골 카바레 '게물랭'의 금고를 털기로 작당한다. 그러나 가게가 문 닫기를 기다려 어둠 속에서 도둑질에 나선 그들은, 가게의 아름다운 댄서와 이야기를 나누던 부유한 손님의 시체를 발견하는데…",2011-08-20,https://image.aladin.co.kr/product/1271/83/coversum/8932915105_2.jpg,국내도서>소설/시/희곡>추리/미스터리소설>기타국가 추리/미스터리소설
해를품은달 1  정은궐장편소설,정은궐,파란,대덕소프트웨어마이스터고등학교,EM00012827,810 정67해 v.1,,,,
안녕 시모키타자와,요시모토바나나,민음사,대덕소프트웨어마이스터고등학교,EM00012839,830 요58안,"1988년, 전 세계 독자들의 사랑을 받은 데뷔작 키친으로 이름을 알린 이래, 읽는 이의 마음에 깊이 새겨지는 위로와 치유의 메시지를 전해 온 요시모토 바나나. 안녕 시모키타자와는 '젊은이의 거리' 시모키타자와를 배경으로, 사람과 사람이 함께 살아가는 풍경을 그린 요시모토 바나나의 사랑스럽고 독특한 신작이다.",2011-08-12,https://image.aladin.co.kr/product/1267/6/coversum/8937483866_1.jpg,국내도서>소설/시/희곡>일본소설>1950년대 이후 일본소설
리스본행 야간열차 2,파스칼 메르시어,들녘,대덕소프트웨어마이스터고등학교,EM00009933,853 메297ㄹ v.2,,2023-04-03,https://image.aladin.co.kr/product/31400/13/coversum/k002832204_1.jpg,국내도서>소설/시/희곡>독일소설
지켜야 할 세계,문경민,다산책방,대덕소프트웨어마이스터고등학교,EM00019748,813.7 문14ㅈ c.2,"제13회 혼불문학상 수상작. 2023년 올해는 한국 문학의 최전선에 선 작가들을 심사위원으로 위촉해 의미 있는 작품들을 발굴해 내는 데에 힘을 보탰고, 단단한 문장과 유려한 전개 속에 ‘교권 추락,’ ‘장애,’ ‘돌봄’ 등 우리가 직시해야 할 화두를 담은 『지켜야 할 세계』가 고른 지지를 받으며 수상작으로 선정되었다.",2023-10-06,https://image.aladin.co.kr/product/32611/82/coversum/k732935544_1.jpg,국내도서>소설/시/희곡>한국소설>2000년대 이후 한국소설
연수,장류진,창비,대덕소프트웨어마이스터고등학교,EM00019753,813.7 장296ㅇ,"10만 독자의 사랑을 받은 화제의 첫 소설집 『일의 기쁨과 슬픔』, 일본·대만 등 4개국에서 인기를 얻은 첫 장편소설 『달까지 가자』를 연이어 흥행시키며 독보적인 입지를 구축한 장류진의 두번째 소설집 『연수』가 출간되었다.",2023-06-23,https://image.aladin.co.kr/product/31877/95/coversum/8936439170_1.jpg,국내도서>소설/시/희곡>한국소설>2000년대 이후 한국소설
더 리더 책 읽어주는 남자,베른하르트 슐링크,이레,대덕소프트웨어마이스터고등학교,EM00010059,853 슐298ㄷ c.2,"베른하르트 슐링크의 대표작이자 영화 [더 리더]의 원작으로 잘 알려진 책 읽어주는 남자가 새롭게 출간되었다. 15세 소년과 36세 여인의 파격적인 사랑 이야기 속에 역사와 인간의 죄의식, 사랑, 윤리에 관한 깊은 통찰을 담은 소설이다.",2013-03-25,https://image.aladin.co.kr/product/2523/7/coversum/8952768566_1.jpg,국내도서>소설/시/희곡>독일소설
남북 2,김경진,들녘,대덕소프트웨어마이스터고등학교,EM00009946,813.6 김14ㄴ v.2,「동해」 「데프콘」등 일련의 가상 전쟁 소설로 이름을 높혔던 김경진의 최신작은 납북한 사이의 전면전을 다루고 있다. 어디까지나 가상일뿐 실제 일어나서는 안될 일이 바로 전쟁이다. 소설 <남북>은 정교한 스토리와 해박한 전문지식의 힘을 얻어 박진감 넘치는 드라마로 선보인다.,1999-05-29,https://image.aladin.co.kr/product/19/46/coversum/8975271242_1.jpg,국내도서>소설/시/희곡>한국소설>2000년대 이전 한국소설
내 심장을 쏴라,정유정,은행나무,대덕소프트웨어마이스터고등학교,EM00019472,813.6 정66ㄴ c.3,"<내 인생의 스프링캠프>로 세계청소년문학상을 수상했던 정유정의 장편소설. 1억원 고료 2009년 제5회 세계문학상을 수상했다. 김화영, 황석영, 박범신, 구효서, 하응백, 김형경, 은희경, 서영채, 김미현 등이 심사위원으로 나선 세계문학상 심사에서 '뜨거운 감동과 생에 대한 각성이 꿈틀대며, 희망에 대한 끈을 다시 움켜잡게 만드는 마력이 깃든 작품'이라는 평을 받았다.",2009-05-20,https://image.aladin.co.kr/product/364/94/coversum/s956602999_1.jpg,국내도서>소설/시/희곡>한국소설>2000년대 이후 한국소설
녹두장군  9 9,송기숙,시대의창출판사,대덕소프트웨어마이스터고등학교,EM00010073,813.6 송18ㄴ v.9,,2008-07-10,https://image.aladin.co.kr/product/232/23/coversum/895940120x_1.jpg,국내도서>소설/시/희곡>역사소설>한국 역사소설
해를품은달 1  정은궐장편소설,정은궐,파란,대덕소프트웨어마이스터고등학교,IT00006419,810 정67해 v.1 c.4,,,,
세 가지 이야기,귀스타브 플로베르,문학동네,대덕소프트웨어마이스터고등학교,IT00004402,863 플295ㅅ,문학동네 세계문학전집 149권. 문학의 수도사 귀스타브 플로베르가 발표한 유일한 단편집이자 마지막 완성작. 말년작답게 어린 시절부터 보고 듣고 겪어온 경험들을 소재 삼아 그만의 아름다운 문체로 자신의 성찰과 종교성을 녹여냈다.,2016-12-02,https://image.aladin.co.kr/product/9787/84/coversum/8954643299_1.jpg,국내도서>소설/시/희곡>프랑스소설
사랑이 달리다,심윤경,문학동네,대덕소프트웨어마이스터고등학교,IT00001922,813.6 심66ㅅ,"나의 아름다운 정원으로 한겨레문학상을 수상하고 달의 제단으로 무영문학상을 수상한 작가 심윤경의 장편소설. 발표하는 작품마다 매번 새로운 세계를 펼쳐 보이는 작가 심윤경, 이번에 그와 함께한 파트너는 '마하39로 달리는 여자' 김혜나다.",2012-07-20,https://image.aladin.co.kr/product/1828/17/coversum/8954618812_1.jpg,국내도서>소설/시/희곡>한국소설>2000년대 이후 한국소설
이반 일리치의 죽음,레프 니꼴라예비치 똘스또이,창비,대덕소프트웨어마이스터고등학교,IT00013147,892.83 똘57ㅇ c.2,'창비세계문학' 7권. 똘스또이의 중단편 중에서 가장 훌륭한 작품이라는 평가를 받는 이반 일리치의 죽음은 삶에 대한 똘스또이의 생각과 문제의식이 잘 나타나 있다. 이 작품은 한 인간의 삶과 죽음을 냉철하게 관찰하고 분석하고 묘사했다.,2012-10-09,https://image.aladin.co.kr/product/2013/23/coversum/8936464078_2.jpg,국내도서>소설/시/희곡>러시아소설
그녀는 다 계획이 있다,히가시노 게이고,하빌리스,대덕소프트웨어마이스터고등학교,IT00013314,833.6 히12그 c.3,"교코는 부자가 되겠다는 원대한 계획을 이루기 위해 파티장으로 출근하는 컴패니언이다. 어느 날, 하나야 보석점 고객 감사파티가 끝난 뒤 직장동료 에리가 호텔 밀실에서 죽은 채 발견되고, 교코는 자신이 점찍은 부동산회사 전무 다카미가 사건에 유달리 관심을 가지고 있음을 알게 된다.",2021-02-26,https://image.aladin.co.kr/product/26427/0/coversum/k182738525_1.jpg,국내도서>소설/시/희곡>추리/미스터리소설>일본 추리/미스터리소설
일인칭 단수,무라카미 하루키,문학동네,대덕소프트웨어마이스터고등학교,IT00013180,833.6 하296일,"한일 양국에서 독보적인 존재감을 발휘하고 있는 작가 무라카미 하루키가 『여자 없는 남자들』 이후 6년 만에 선보이는 소설집. 작가 특유의 미스터리한 세계관과 감성적인 필치, 일인칭 주인공 '나'의 시점으로 진행되는 작품이라는 공통점을 지닌 단편 여덟 편을 모았다.",2020-11-26,https://image.aladin.co.kr/product/25638/33/coversum/8954675980_2.jpg,국내도서>소설/시/희곡>일본소설>1950년대 이후 일본소설
빙과,요네자와 호노부,엘릭시르,대덕소프트웨어마이스터고등학교,IT00013248,833.6 고74 v.1,,2025-07-30,https://image.aladin.co.kr/product/36890/9/coversum/k422030715_1.jpg,국내도서>만화>코믹/명랑만화
내 영혼이 따뜻했던 날들,포리스트 카터,아름드리미디어,대덕소프트웨어마이스터고등학교,IT00013261,843 카884ㄴ c.2,"포리스트 카터의 자전적인 소설로, 이야기는 주인공인 '작은나무'가 홀어머니의 죽음으로 조부모와 함께 살게 되는 것으로 시작한다. 체로키족인 할아버지, 할머니와 함께 산 속 오두막에 살면서 '작은나무'는 산사람으로, 또 인디언으로 자연과 더불어 살아가면서 자연의 이치로 세상을 보고 판단하는 지혜를 배워간다.",2014-05-30,https://image.aladin.co.kr/product/19025/43/coversum/8955824955_1.jpg,국내도서>소설/시/희곡>영미소설
내 영혼이 따뜻했던 날들,포리스트 카터,아름드리미디어,대덕소프트웨어마이스터고등학교,IT00013273,843 카884ㄴ c.14,"포리스트 카터의 자전적인 소설로, 이야기는 주인공인 '작은나무'가 홀어머니의 죽음으로 조부모와 함께 살게 되는 것으로 시작한다. 체로키족인 할아버지, 할머니와 함께 산 속 오두막에 살면서 '작은나무'는 산사람으로, 또 인디언으로 자연과 더불어 살아가면서 자연의 이치로 세상을 보고 판단하는 지혜를 배워간다.",2014-05-30,https://image.aladin.co.kr/product/19025/43/coversum/8955824955_1.jpg,국내도서>소설/시/희곡>영미소설
내 영혼이 따뜻했던 날들,포리스트 카터,아름드리미디어,대덕소프트웨어마이스터고등학교,IT00013276,843 카884ㄴ c.17,"포리스트 카터의 자전적인 소설로, 이야기는 주인공인 '작은나무'가 홀어머니의 죽음으로 조부모와 함께 살게 되는 것으로 시작한다. 체로키족인 할아버지, 할머니와 함께 산 속 오두막에 살면서 '작은나무'는 산사람으로, 또 인디언으로 자연과 더불어 살아가면서 자연의 이치로 세상을 보고 판단하는 지혜를 배워간다.",2014-05-30,https://image.aladin.co.kr/product/19025/43/coversum/8955824955_1.jpg,국내도서>소설/시/희곡>영미소설
오렌지 소녀,요슈타인 가아더,현암사,대덕소프트웨어마이스터고등학교,EM00012076,853 가62ㅇ,"15살짜리 사춘기 소년 게오르그는 새아버지와 어머니, 두 분 사이에서 태어난 여동생과 산다. 어느 날 느닷없이 11년 전에 아버지가 보낸 편지가 도착하면서, 아버지가 19살 때 단 한 번 마주친 '오렌지소녀'와의 간절한 러브스토리가 공개된다.",2005-01-15,https://image.aladin.co.kr/product/53/95/coversum/8932312818_1.jpg,국내도서>소설/시/희곡>세계의 소설>북유럽소설
룬의 아이들 윈터러 2,전민희,제우미디어,대덕소프트웨어마이스터고등학교,EM00012090,813.6 전38ㄹ v.2 c.2,"아름다운 세계관과 개성 넘치는 캐릭터, 유려한 문체와 깊이 있는 감성으로 한국 판타지를 이끌어온 전민희 작가의 대표작 룬의 아이들 - 윈터러(전7권)가 엘릭시르에서 새롭게 출간되었다.",2019-06-21,https://image.aladin.co.kr/product/19521/71/coversum/8954656544_1.jpg,국내도서>소설/시/희곡>판타지/환상문학>한국판타지/환상소설
룬의 아이들 3  살아남은 자들의 섬,전민희,제우미디어,대덕소프트웨어마이스터고등학교,EM00012091,813.6 전38ㄹ v.3,"아름다운 세계관과 개성 넘치는 캐릭터, 유려한 문체와 깊이 있는 감성으로 한국 판타지를 이끌어온 전민희 작가의 대표작 룬의 아이들 - 윈터러(전7권)가 엘릭시르에서 새롭게 출간되었다.",2019-06-21,https://image.aladin.co.kr/product/19521/77/coversum/8954656552_1.jpg,국내도서>소설/시/희곡>판타지/환상문학>한국판타지/환상소설
룬의 아이들   윈터러 4  사라지지 않는 피,전민희,제우미디어,대덕소프트웨어마이스터고등학교,EM00012093,813.6 전38ㄹ v.4,"아름다운 세계관과 개성 넘치는 캐릭터, 유려한 문체와 깊이 있는 감성으로 한국 판타지를 이끌어온 전민희 작가의 대표작 룬의 아이들 - 윈터러(전7권)가 엘릭시르에서 새롭게 출간되었다.",2019-06-21,https://image.aladin.co.kr/product/19521/86/coversum/8954656560_1.jpg,국내도서>소설/시/희곡>판타지/환상문학>한국판타지/환상소설
룬의 아이들   윈터러 4  사라지지 않는 피,전민희,제우미디어,대덕소프트웨어마이스터고등학교,EM00012094,813.6 전38ㄹ v.4 c.2,"아름다운 세계관과 개성 넘치는 캐릭터, 유려한 문체와 깊이 있는 감성으로 한국 판타지를 이끌어온 전민희 작가의 대표작 룬의 아이들 - 윈터러(전7권)가 엘릭시르에서 새롭게 출간되었다.",2019-06-21,https://image.aladin.co.kr/product/19521/86/coversum/8954656560_1.jpg,국내도서>소설/시/희곡>판타지/환상문학>한국판타지/환상소설
룬의 아이들 2부 데모닉 2 1,전민희,제우미디어,대덕소프트웨어마이스터고등학교,EM00012101,813.6 전38ㄹ v.2-1,전민희 작가의 대표작 룬의 아이들 - 윈터러에 이어 시리즈 2부인 룬의 아이들 - 데모닉이 엘릭시르에서 새롭게 출간되었다. '룬의 아이들' 시리즈는 국내 판매량 총 160만 부를 넘은 밀리언셀러다.,2020-06-10,https://image.aladin.co.kr/product/24258/47/coversum/895467187x_1.jpg,국내도서>소설/시/희곡>판타지/환상문학>한국판타지/환상소설
룬의 아이들 2부 데모닉 2 2,전민희,제우미디어,대덕소프트웨어마이스터고등학교,EM00012104,813.6 전38ㄹ v.2-2 c.2,전민희 작가의 대표작 룬의 아이들 - 윈터러에 이어 시리즈 2부인 룬의 아이들 - 데모닉이 엘릭시르에서 새롭게 출간되었다. '룬의 아이들' 시리즈는 국내 판매량 총 160만 부를 넘은 밀리언셀러다.,2020-06-10,https://image.aladin.co.kr/product/24258/47/coversum/895467187x_1.jpg,국내도서>소설/시/희곡>판타지/환상문학>한국판타지/환상소설
룬의 아이들 2부 데모닉 2 7,전민희,제우미디어,대덕소프트웨어마이스터고등학교,EM00012113,813.6 전38ㄹ v.2-7,전민희 작가의 대표작 룬의 아이들 - 윈터러에 이어 시리즈 2부인 룬의 아이들 - 데모닉이 엘릭시르에서 새롭게 출간되었다. '룬의 아이들' 시리즈는 국내 판매량 총 160만 부를 넘은 밀리언셀러다.,2020-06-10,https://image.aladin.co.kr/product/24258/45/coversum/8954671950_1.jpg,국내도서>소설/시/희곡>판타지/환상문학>한국판타지/환상소설
천변풍경,박태원,깊은샘,대덕소프트웨어마이스터고등학교,EM00012120,813.6 박883ㅊ,"한국문학을 권하다 시리즈 30권. 1936년 8월부터 10월, 1937년 1월부터 9월까지 조광에 연재된 장편소설로, 박태원의 대표작이자 한국 모더니즘 소설의 정수라 평가받는 작품이다.",2015-07-27,https://image.aladin.co.kr/product/6320/11/coversum/k182433238_1.jpg,국내도서>소설/시/희곡>한국소설>2000년대 이전 한국소설
마당을 나온 암탉,황선미,사계절출판사,대덕소프트웨어마이스터고등학교,EM00012182,813.8 황54ㅁ,"<a href=""/catalog/book.asp?ISBN=8901028514&UID=<% =qsUID %>""><나쁜 어린이표></a>로 아이들만의 생각을 절묘하게 표현해냈던 황선미의 장편동화. 닭장에서 알을 낳기로 정해진 암탉 잎싹이 닭장을 나와 자신의 알을 품고 자신만의 새끼를 위해 모성을 발휘한다는 이야기를 담고 있다. 초등 고학년용.",2000-05-29,https://image.aladin.co.kr/product/34/91/coversum/8971968710_2.gif,국내도서>어린이>동화/명작/고전>국내창작동화
7년의 밤,정유정,은행나무,대덕소프트웨어마이스터고등학교,EM00012215,813.6 정66ㅊ,"제1회 세계청소년문학상 수상작 내 인생의 스프링 캠프, 제5회 세계문학상 수상작 내 심장을 쏴라 작가 정유정의 장편소설. 수상 이후 오랜 시간 준비하여 야심 차게 내놓는 소설로, 치밀한 사전 조사와 압도적인 상상력으로 무장한 작품이다. 7년의 밤 동안 아버지와 아들에게 일어난 슬프고 신비로우며 통렬한 이야기가 펼쳐진다.",2011-03-23,https://image.aladin.co.kr/product/988/67/coversum/8956604991_3.jpg,국내도서>소설/시/희곡>한국소설>2000년대 이후 한국소설
제발 조용히 좀 해요,레이먼드 카버,문학동네,대덕소프트웨어마이스터고등학교,IT00008257,843 카44ㅈ,"'미니멀리즘의 대가', '체호프의 정신을 계승한 작가'라 불리는 레이먼드 카버. 하루키가 극진한 애정을 고백한 바 있는 카버의 작품세계가 문학동네 '레이먼드 카버 소설 전집'을 통해 정식 소개된다. 전4권 예정. 이전에 집사재에서 3권으로 출간된 바 있다.",2004-03-20,https://image.aladin.co.kr/product/47/54/coversum/8982817581_1.gif,국내도서>소설/시/희곡>영미소설
아몬드,손원평,창비,대덕소프트웨어마이스터고등학교,IT00008346,813.7 손66ㅇ,"2017년 처음 출간된 이래 국내 종이책 기준 100만 부 판매를 기록한 베스트셀러이자 스테디 셀러 『아몬드』가 절판기간을 거쳐 재출간된다. 강렬하고 새로운 2종의 표지로 청소년과 성인 독자에게 새롭게 다가가며, 단편 외전이 함께 수록돼 상상력과 읽는 재미를 배가시킨다.",2023-07-14,https://image.aladin.co.kr/product/31893/32/coversum/k212833749_2.jpg,국내도서>소설/시/희곡>한국소설>2000년대 이후 한국소설
28,정유정,은행나무,대덕소프트웨어마이스터고등학교,IT00008352,813.7 정66ㅇ,"내 인생의 스프링 캠프, 내 심장을 쏴라의 작가 정유정의 장편소설 세트. 28과 7년의 밤으로 구성되었다.",2013-06-16,https://image.aladin.co.kr/product/2986/66/coversum/6000652182_2.jpg,국내도서>소설/시/희곡>한국소설>2000년대 이후 한국소설
날씨가 좋으면 찾아가겠어요,이도우,시공사,대덕소프트웨어마이스터고등학교,IT00008364,813.7 이25ㄴ,2018년 첫 출간 이후 꾸준히 스테디셀러 자리를 지키며 수십만 독자들에게 사랑 받아온 〈날씨가 좋으면 찾아가겠어요〉가 독립출판 수박설탕에서 견고하고 소장 가치 높은 양장본으로 재단장해 돌아왔다.,2023-11-22,https://image.aladin.co.kr/product/32916/2/coversum/k572936830_2.jpg,국내도서>소설/시/희곡>한국소설>2000년대 이후 한국소설
날씨가 좋으면 찾아가겠어요,이도우,시공사,대덕소프트웨어마이스터고등학교,IT00008365,813.7 이25ㄴ c.2,2018년 첫 출간 이후 꾸준히 스테디셀러 자리를 지키며 수십만 독자들에게 사랑 받아온 〈날씨가 좋으면 찾아가겠어요〉가 독립출판 수박설탕에서 견고하고 소장 가치 높은 양장본으로 재단장해 돌아왔다.,2023-11-22,https://image.aladin.co.kr/product/32916/2/coversum/k572936830_2.jpg,국내도서>소설/시/희곡>한국소설>2000년대 이후 한국소설
살인의 문 1,히가시노게이고,재인,대덕소프트웨어마이스터고등학교,IT00008566,833.6 히12ㅅ v.1 c.5,히가시노 게이고 장편소설. 어린 시절부터 친구에게 철저히 인생을 농락당해 온 한 남자의 처절한 자기고백이다. 또한 서서히 침몰해가는 주인공이 불타는 복수심과 살인 충동을 증폭시키는 심리적 과정을 주인공 일인칭 시점의 섬세한 필치로 묘사한 문제작이다.,2018-08-31,https://image.aladin.co.kr/product/16439/1/coversum/8990982723_1.jpg,국내도서>소설/시/희곡>추리/미스터리소설>일본 추리/미스터리소설
살인의 문 1,히가시노게이고,재인,대덕소프트웨어마이스터고등학교,IT00008409,833.6 히12ㅅ v.1,히가시노 게이고 장편소설. 어린 시절부터 친구에게 철저히 인생을 농락당해 온 한 남자의 처절한 자기고백이다. 또한 서서히 침몰해가는 주인공이 불타는 복수심과 살인 충동을 증폭시키는 심리적 과정을 주인공 일인칭 시점의 섬세한 필치로 묘사한 문제작이다.,2018-08-31,https://image.aladin.co.kr/product/16439/1/coversum/8990982723_1.jpg,국내도서>소설/시/희곡>추리/미스터리소설>일본 추리/미스터리소설
살인의 문 1,히가시노게이고,재인,대덕소프트웨어마이스터고등학교,IT00008411,833.6 히12ㅅ v.1 c.3,히가시노 게이고 장편소설. 어린 시절부터 친구에게 철저히 인생을 농락당해 온 한 남자의 처절한 자기고백이다. 또한 서서히 침몰해가는 주인공이 불타는 복수심과 살인 충동을 증폭시키는 심리적 과정을 주인공 일인칭 시점의 섬세한 필치로 묘사한 문제작이다.,2018-08-31,https://image.aladin.co.kr/product/16439/1/coversum/8990982723_1.jpg,국내도서>소설/시/희곡>추리/미스터리소설>일본 추리/미스터리소설
살인의 문 2,히가시노게이고,재인,대덕소프트웨어마이스터고등학교,IT00008567,833.6 히12ㅅ v.2 c.4,히가시노 게이고 장편소설. 어린 시절부터 친구에게 철저히 인생을 농락당해 온 한 남자의 처절한 자기고백이다. 또한 서서히 침몰해가는 주인공이 불타는 복수심과 살인 충동을 증폭시키는 심리적 과정을 주인공 일인칭 시점의 섬세한 필치로 묘사한 문제작이다.,2018-08-31,https://image.aladin.co.kr/product/16439/6/coversum/8990982731_3.jpg,국내도서>소설/시/희곡>추리/미스터리소설>일본 추리/미스터리소설
살인의 문 2,히가시노게이고,재인,대덕소프트웨어마이스터고등학교,IT00008414,833.6 히12ㅅ v.2 c.3,히가시노 게이고 장편소설. 어린 시절부터 친구에게 철저히 인생을 농락당해 온 한 남자의 처절한 자기고백이다. 또한 서서히 침몰해가는 주인공이 불타는 복수심과 살인 충동을 증폭시키는 심리적 과정을 주인공 일인칭 시점의 섬세한 필치로 묘사한 문제작이다.,2018-08-31,https://image.aladin.co.kr/product/16439/6/coversum/8990982731_3.jpg,국내도서>소설/시/희곡>추리/미스터리소설>일본 추리/미스터리소설
나르치스와 골드문트,헤르만 헤세,그책,대덕소프트웨어마이스터고등학교,IT00008474,853 헤54ㄴ,"<지와 사랑>이란 제목으로 더 널리 알려진 헤르만 헤세의 대표작. 지성과 감성, 종교와 예술이라는 두 상반된 세계를 상징하는 두 인물, 나르치스와 골드문트가 나눈 사랑과 우정, 이상과 갈등의 과정이 담긴 책이다.",2002-07-30,https://image.aladin.co.kr/product/37/1/coversum/s382934787_1.jpg,국내도서>소설/시/희곡>독일소설
돌이킬 수 없는 약속,야쿠마루가쿠,북플라자,대덕소프트웨어마이스터고등학교,IT00009477,833.6 야876ㄷ c.11,"불우한 어린 시절을 보내다 도박에 빠져 빚을 지고 쫓기는 신세가 된 무카이는 삶이 얼마 남지 않은 노파와 만나게 된다. 노파는 큰돈을 주며, 자신의 딸을 살해한 놈들이 교도소에서 나오면 죽여달라고 부탁하고, 무카이는 그 부탁을 꼭 들어주겠다고 약속한다.",2022-12-26,https://image.aladin.co.kr/product/30763/8/coversum/k772830457_1.jpg,국내도서>소설/시/희곡>추리/미스터리소설>일본 추리/미스터리소설
돌이킬 수 없는 약속,야쿠마루가쿠,북플라자,대덕소프트웨어마이스터고등학교,IT00009476,833.6 야876ㄷ c.10,"불우한 어린 시절을 보내다 도박에 빠져 빚을 지고 쫓기는 신세가 된 무카이는 삶이 얼마 남지 않은 노파와 만나게 된다. 노파는 큰돈을 주며, 자신의 딸을 살해한 놈들이 교도소에서 나오면 죽여달라고 부탁하고, 무카이는 그 부탁을 꼭 들어주겠다고 약속한다.",2022-12-26,https://image.aladin.co.kr/product/30763/8/coversum/k772830457_1.jpg,국내도서>소설/시/희곡>추리/미스터리소설>일본 추리/미스터리소설
수수께끼 풀이는 저녁식사 후에 2,히가시가와 도쿠야,아르테,대덕소프트웨어마이스터고등학교,IT00008576,833.6 히929ㅅ v.2 c.2,"일본에서 해리 포터 신작보다 많이 팔렸고(2011년 오리콘 차트 집계), 미스터리 장르에서는 처음으로 일본 서점대상을 수상했으며, 드라마, 연극, 영화로도 만들어져 '수수께끼 열풍'을 불러일으킨 히가시가와 도쿠야의 수수께끼 풀이는 저녁 식사 후에 시리즈.",2016-09-30,https://image.aladin.co.kr/product/9398/12/coversum/895096659x_1.jpg,국내도서>소설/시/희곡>추리/미스터리소설>일본 추리/미스터리소설
수수께끼 풀이는 저녁식사 후에 3,히가시가와,아르테,대덕소프트웨어마이스터고등학교,IT00008578,833.6 히929ㅅ v.3,"일본에서 해리 포터 신작보다 많이 팔렸고(2011년 오리콘 차트 집계), 미스터리 장르에서는 처음으로 일본 서점대상을 수상했으며, 드라마, 연극, 영화로도 만들어져 '수수께끼 열풍'을 불러일으킨 히가시가와 도쿠야의 수수께끼 풀이는 저녁 식사 후에 시리즈.",2016-09-30,https://image.aladin.co.kr/product/9398/12/coversum/8950966603_1.jpg,국내도서>소설/시/희곡>추리/미스터리소설>일본 추리/미스터리소설
악의 교전 2,기시유스케,느낌이있는책,대덕소프트웨어마이스터고등학교,IT00008647,833.6 기58ㅇ v.2,"소설 속 등장하는 학교는 이미 도덕적 올바름은 잃은 지 오래. 배움의 전당이라는 허울만 남은 학교 안에서 일어나는 집단 따돌림, 폭력, 절도, 마약, 성추행 등. 학생에서 학생에게로, 그리고 교사에서 학생에게로 이어지는 악의 연쇄 속으로 상상조차 할 수 없던 ‘절대 악(惡)’이 등장한다.",2025-02-26,https://image.aladin.co.kr/product/35917/29/coversum/k052037698_1.jpg,국내도서>소설/시/희곡>추리/미스터리소설>일본 추리/미스터리소설
매스커레이드 이브,히가시노게이고,현대문학,대덕소프트웨어마이스터고등학교,IT00008660,833.6 히12ㅁ,"오늘날 일본 미스터리계를 대표하는 거장으로 군림하고 있는 작가 히가시노 게이고의 장편소설. 2011년 히가시노 게이고가 자신의 작가 생활 25주년을 기념하며 펴낸 매스커레이드 호텔(2012)의 과거 이야기로, 닛타와 나오미라는 주인공 콤비의 탄생 비화를 연작 형식으로 그려낸다.",2015-08-21,https://image.aladin.co.kr/product/6468/80/coversum/8972757462_1.jpg,국내도서>소설/시/희곡>추리/미스터리소설>일본 추리/미스터리소설
매스커레이드 호텔,히가시노게이고,현대문학,대덕소프트웨어마이스터고등학교,IT00009859,833.6 히12ㅁ c.3,히가시노 게이고의 작가 생활 25주년 기념작. 새로운 캐릭터 닛타 고스케가 이번 작품에서 새롭게 등장한다. 범죄 해결의 실마리를 풀어가는 수사 과정이 호텔이란 특정 공간에서 일어나는 예측 불가능한 사건들과 교차하면서 숨 가쁘게 이어지는 소설이다.,2012-07-31,https://image.aladin.co.kr/product/1849/11/coversum/8972756121_1.jpg,국내도서>소설/시/희곡>추리/미스터리소설>일본 추리/미스터리소설
매스커레이드 호텔,히가시노게이고,현대문학,대덕소프트웨어마이스터고등학교,IT00008661,833.6 히12ㅁ,히가시노 게이고의 작가 생활 25주년 기념작. 새로운 캐릭터 닛타 고스케가 이번 작품에서 새롭게 등장한다. 범죄 해결의 실마리를 풀어가는 수사 과정이 호텔이란 특정 공간에서 일어나는 예측 불가능한 사건들과 교차하면서 숨 가쁘게 이어지는 소설이다.,2012-07-31,https://image.aladin.co.kr/product/1849/11/coversum/8972756121_1.jpg,국내도서>소설/시/희곡>추리/미스터리소설>일본 추리/미스터리소설
클라라 죽이기,고바야시 야스미,검은숲,대덕소프트웨어마이스터고등학교,IT00009264,833.6 고41ㅋ c.2,"고바야시 야스미 소설. 호두까기 인형과 생쥐 왕의 전투, 공주를 구하기 위해 대신 인형이 되는 저주를 받은 청년 등 상상력을 자극하는 호두까기 인형의 설정에, 앨리스 죽이기에서 완벽하게 구축해놓은 세계관을 더한 작품이다.",2017-02-15,https://image.aladin.co.kr/product/10360/26/coversum/8952777883_1.jpg,국내도서>소설/시/희곡>추리/미스터리소설>일본 추리/미스터리소설
라플라스의 마녀,히가시노 게이고,현대문학,대덕소프트웨어마이스터고등학교,IT00008671,833.6 히12ㄹ,"일본 추리소설계를 대표하는 최고의 베스트셀러 작가 히가시노 게이고가 2015년, 데뷔 30주년 기념작으로 선보인 작품. 가도카와 쇼텐 출판사 창립 70주년 기념작이기도 한 이번 작품은 제31회 에도가와란포상을 수상한 데뷔작 방과 후 이후 통산 80번째 단행본이다.",2016-01-11,https://image.aladin.co.kr/product/7288/55/coversum/s422635497_1.jpg,국내도서>소설/시/희곡>추리/미스터리소설>일본 추리/미스터리소설
라플라스의 마녀,히가시노 게이고,현대문학,대덕소프트웨어마이스터고등학교,IT00009364,833.6 히12ㄹ c.2,"일본 추리소설계를 대표하는 최고의 베스트셀러 작가 히가시노 게이고가 2015년, 데뷔 30주년 기념작으로 선보인 작품. 가도카와 쇼텐 출판사 창립 70주년 기념작이기도 한 이번 작품은 제31회 에도가와란포상을 수상한 데뷔작 방과 후 이후 통산 80번째 단행본이다.",2016-01-11,https://image.aladin.co.kr/product/7288/55/coversum/s422635497_1.jpg,국내도서>소설/시/희곡>추리/미스터리소설>일본 추리/미스터리소설
                ,Roald Dahl,Puffin Books,대덕소프트웨어마이스터고등학교,IT00002367,843 D111t c.8,"『원서 읽는 단어장』의 열한 번째 책으로 20세기 최고의 인기 작가 로알드 달(Roald Dahl)의 대표 단편 작품을 영어원서로 읽도록 도와주는 책이다. 먼저 출간된 『원서 읽는 단어장』시리즈의 도서들과 마찬가지로 해당 원서에 등장하는 어려운 어휘가 본문 등장 순서대로 정리되어 있어 원서를 쉽게 읽고 자연스럽게 어휘력이 향상되도록 도와주며, 이어지는 Comprehension Quiz를 통해 본문 내용에 대한 이해도를 측정해볼 수 있도록 구성되어 있다.",2010-11-01,https://image.aladin.co.kr/product/801/56/coversum/8956054878_1.jpg,국내도서>외국어>영어독해
                ,Roald Dahl,Puffin Books,대덕소프트웨어마이스터고등학교,IT00002379,843 D111t c.20,"『원서 읽는 단어장』의 열한 번째 책으로 20세기 최고의 인기 작가 로알드 달(Roald Dahl)의 대표 단편 작품을 영어원서로 읽도록 도와주는 책이다. 먼저 출간된 『원서 읽는 단어장』시리즈의 도서들과 마찬가지로 해당 원서에 등장하는 어려운 어휘가 본문 등장 순서대로 정리되어 있어 원서를 쉽게 읽고 자연스럽게 어휘력이 향상되도록 도와주며, 이어지는 Comprehension Quiz를 통해 본문 내용에 대한 이해도를 측정해볼 수 있도록 구성되어 있다.",2010-11-01,https://image.aladin.co.kr/product/801/56/coversum/8956054878_1.jpg,국내도서>외국어>영어독해
                ,Roald Dahl,Puffin Books,대덕소프트웨어마이스터고등학교,IT00002402,843 D111t c.43,"『원서 읽는 단어장』의 열한 번째 책으로 20세기 최고의 인기 작가 로알드 달(Roald Dahl)의 대표 단편 작품을 영어원서로 읽도록 도와주는 책이다. 먼저 출간된 『원서 읽는 단어장』시리즈의 도서들과 마찬가지로 해당 원서에 등장하는 어려운 어휘가 본문 등장 순서대로 정리되어 있어 원서를 쉽게 읽고 자연스럽게 어휘력이 향상되도록 도와주며, 이어지는 Comprehension Quiz를 통해 본문 내용에 대한 이해도를 측정해볼 수 있도록 구성되어 있다.",2010-11-01,https://image.aladin.co.kr/product/801/56/coversum/8956054878_1.jpg,국내도서>외국어>영어독해
                ,Roald Dahl,Puffin Books,대덕소프트웨어마이스터고등학교,IT00002421,843 D111t c.62,"『원서 읽는 단어장』의 열한 번째 책으로 20세기 최고의 인기 작가 로알드 달(Roald Dahl)의 대표 단편 작품을 영어원서로 읽도록 도와주는 책이다. 먼저 출간된 『원서 읽는 단어장』시리즈의 도서들과 마찬가지로 해당 원서에 등장하는 어려운 어휘가 본문 등장 순서대로 정리되어 있어 원서를 쉽게 읽고 자연스럽게 어휘력이 향상되도록 도와주며, 이어지는 Comprehension Quiz를 통해 본문 내용에 대한 이해도를 측정해볼 수 있도록 구성되어 있다.",2010-11-01,https://image.aladin.co.kr/product/801/56/coversum/8956054878_1.jpg,국내도서>외국어>영어독해
                ,Roald Dahl,Puffin Books,대덕소프트웨어마이스터고등학교,IT00002385,843 D111t c.26,"『원서 읽는 단어장』의 열한 번째 책으로 20세기 최고의 인기 작가 로알드 달(Roald Dahl)의 대표 단편 작품을 영어원서로 읽도록 도와주는 책이다. 먼저 출간된 『원서 읽는 단어장』시리즈의 도서들과 마찬가지로 해당 원서에 등장하는 어려운 어휘가 본문 등장 순서대로 정리되어 있어 원서를 쉽게 읽고 자연스럽게 어휘력이 향상되도록 도와주며, 이어지는 Comprehension Quiz를 통해 본문 내용에 대한 이해도를 측정해볼 수 있도록 구성되어 있다.",2010-11-01,https://image.aladin.co.kr/product/801/56/coversum/8956054878_1.jpg,국내도서>외국어>영어독해
                ,Roald Dahl,Puffin Books,대덕소프트웨어마이스터고등학교,IT00002387,843 D111t c.28,"『원서 읽는 단어장』의 열한 번째 책으로 20세기 최고의 인기 작가 로알드 달(Roald Dahl)의 대표 단편 작품을 영어원서로 읽도록 도와주는 책이다. 먼저 출간된 『원서 읽는 단어장』시리즈의 도서들과 마찬가지로 해당 원서에 등장하는 어려운 어휘가 본문 등장 순서대로 정리되어 있어 원서를 쉽게 읽고 자연스럽게 어휘력이 향상되도록 도와주며, 이어지는 Comprehension Quiz를 통해 본문 내용에 대한 이해도를 측정해볼 수 있도록 구성되어 있다.",2010-11-01,https://image.aladin.co.kr/product/801/56/coversum/8956054878_1.jpg,국내도서>외국어>영어독해
                ,Roald Dahl,Puffin Books,대덕소프트웨어마이스터고등학교,IT00002391,843 D111t c.32,"『원서 읽는 단어장』의 열한 번째 책으로 20세기 최고의 인기 작가 로알드 달(Roald Dahl)의 대표 단편 작품을 영어원서로 읽도록 도와주는 책이다. 먼저 출간된 『원서 읽는 단어장』시리즈의 도서들과 마찬가지로 해당 원서에 등장하는 어려운 어휘가 본문 등장 순서대로 정리되어 있어 원서를 쉽게 읽고 자연스럽게 어휘력이 향상되도록 도와주며, 이어지는 Comprehension Quiz를 통해 본문 내용에 대한 이해도를 측정해볼 수 있도록 구성되어 있다.",2010-11-01,https://image.aladin.co.kr/product/801/56/coversum/8956054878_1.jpg,국내도서>외국어>영어독해
                ,Roald Dahl,Puffin Books,대덕소프트웨어마이스터고등학교,IT00002392,843 D111t c.33,"『원서 읽는 단어장』의 열한 번째 책으로 20세기 최고의 인기 작가 로알드 달(Roald Dahl)의 대표 단편 작품을 영어원서로 읽도록 도와주는 책이다. 먼저 출간된 『원서 읽는 단어장』시리즈의 도서들과 마찬가지로 해당 원서에 등장하는 어려운 어휘가 본문 등장 순서대로 정리되어 있어 원서를 쉽게 읽고 자연스럽게 어휘력이 향상되도록 도와주며, 이어지는 Comprehension Quiz를 통해 본문 내용에 대한 이해도를 측정해볼 수 있도록 구성되어 있다.",2010-11-01,https://image.aladin.co.kr/product/801/56/coversum/8956054878_1.jpg,국내도서>외국어>영어독해
                ,Roald Dahl,Puffin Books,대덕소프트웨어마이스터고등학교,IT00002422,843 D111t c.63,"『원서 읽는 단어장』의 열한 번째 책으로 20세기 최고의 인기 작가 로알드 달(Roald Dahl)의 대표 단편 작품을 영어원서로 읽도록 도와주는 책이다. 먼저 출간된 『원서 읽는 단어장』시리즈의 도서들과 마찬가지로 해당 원서에 등장하는 어려운 어휘가 본문 등장 순서대로 정리되어 있어 원서를 쉽게 읽고 자연스럽게 어휘력이 향상되도록 도와주며, 이어지는 Comprehension Quiz를 통해 본문 내용에 대한 이해도를 측정해볼 수 있도록 구성되어 있다.",2010-11-01,https://image.aladin.co.kr/product/801/56/coversum/8956054878_1.jpg,국내도서>외국어>영어독해
                ,Roald Dahl,Puffin Books,대덕소프트웨어마이스터고등학교,IT00002435,843 D111t c.76,"『원서 읽는 단어장』의 열한 번째 책으로 20세기 최고의 인기 작가 로알드 달(Roald Dahl)의 대표 단편 작품을 영어원서로 읽도록 도와주는 책이다. 먼저 출간된 『원서 읽는 단어장』시리즈의 도서들과 마찬가지로 해당 원서에 등장하는 어려운 어휘가 본문 등장 순서대로 정리되어 있어 원서를 쉽게 읽고 자연스럽게 어휘력이 향상되도록 도와주며, 이어지는 Comprehension Quiz를 통해 본문 내용에 대한 이해도를 측정해볼 수 있도록 구성되어 있다.",2010-11-01,https://image.aladin.co.kr/product/801/56/coversum/8956054878_1.jpg,국내도서>외국어>영어독해
                ,Roald Dahl,Puffin Books,대덕소프트웨어마이스터고등학교,IT00002397,843 D111t c.38,"『원서 읽는 단어장』의 열한 번째 책으로 20세기 최고의 인기 작가 로알드 달(Roald Dahl)의 대표 단편 작품을 영어원서로 읽도록 도와주는 책이다. 먼저 출간된 『원서 읽는 단어장』시리즈의 도서들과 마찬가지로 해당 원서에 등장하는 어려운 어휘가 본문 등장 순서대로 정리되어 있어 원서를 쉽게 읽고 자연스럽게 어휘력이 향상되도록 도와주며, 이어지는 Comprehension Quiz를 통해 본문 내용에 대한 이해도를 측정해볼 수 있도록 구성되어 있다.",2010-11-01,https://image.aladin.co.kr/product/801/56/coversum/8956054878_1.jpg,국내도서>외국어>영어독해
                ,Roald Dahl,Puffin Books,대덕소프트웨어마이스터고등학교,IT00002398,843 D111t c.39,"『원서 읽는 단어장』의 열한 번째 책으로 20세기 최고의 인기 작가 로알드 달(Roald Dahl)의 대표 단편 작품을 영어원서로 읽도록 도와주는 책이다. 먼저 출간된 『원서 읽는 단어장』시리즈의 도서들과 마찬가지로 해당 원서에 등장하는 어려운 어휘가 본문 등장 순서대로 정리되어 있어 원서를 쉽게 읽고 자연스럽게 어휘력이 향상되도록 도와주며, 이어지는 Comprehension Quiz를 통해 본문 내용에 대한 이해도를 측정해볼 수 있도록 구성되어 있다.",2010-11-01,https://image.aladin.co.kr/product/801/56/coversum/8956054878_1.jpg,국내도서>외국어>영어독해
광장 구운몽,최인훈,문학과지성사,대덕소프트웨어마이스터고등학교,IT00002508,813.6 최68ㄱ c.2,"최인훈 전집 1권. 광장은 분단 상황에서 이데올로기의 대립 속에 고뇌하던 청년의 모습을 그린 장편소설. 전후의 문제소설로 평가받고 있다. 한 지식인의 외로운 자기성찰을 밀실과 광장, 즉 남과 북의 대비를 통해 묘사하고 있다.",2008-11-13,https://image.aladin.co.kr/product/281/47/coversum/8932019150_1.jpg,국내도서>소설/시/희곡>한국소설>2000년대 이전 한국소설
광장 구운몽,최인훈,문학과지성사,대덕소프트웨어마이스터고등학교,IT00002511,813.6 최68ㄱ c.5,"최인훈 전집 1권. 광장은 분단 상황에서 이데올로기의 대립 속에 고뇌하던 청년의 모습을 그린 장편소설. 전후의 문제소설로 평가받고 있다. 한 지식인의 외로운 자기성찰을 밀실과 광장, 즉 남과 북의 대비를 통해 묘사하고 있다.",2008-11-13,https://image.aladin.co.kr/product/281/47/coversum/8932019150_1.jpg,국내도서>소설/시/희곡>한국소설>2000년대 이전 한국소설
 김동인 단편선  감자,김동인,문학과지성사,대덕소프트웨어마이스터고등학교,IT00002529,813.6 김25ㄱ c.2,한국문학전집의 첫 번째 권은 김동인의 단편선 <감자>. 극단적인 상황과 비극적 운명에 빠진 인물 군상들을 냉정하게 서술해낸 한국 근대 단편 문학의 선구자 김동인의 단편 12편을 수록했다. 인간과 환경에 대한 근대적 인식을 빼어난 문체와 서술로 형상화한 김동인의 빼어난 작품들을 만나볼 수 있다.,2004-12-03,https://image.aladin.co.kr/product/53/3/coversum/8932015538_1.jpg,국내도서>소설/시/희곡>한국소설>2000년대 이전 한국소설
상록수,심훈,문학과지성사,대덕소프트웨어마이스터고등학교,IT00002542,813.6 심96ㅅ c.2,"심훈의 장편소설 『상록수』는 1935년 동아일보 창간 15주년을 기념하여 기획된 장편소설 현상모집에 당선되어, 같은 신문 1935년 9월 10일부터 1936년 2월 15일까지 연재되었다.",2025-10-15,https://image.aladin.co.kr/product/37399/73/coversum/k132032892_1.jpg,국내도서>청소년>청소년 인물
상록수,심훈,문학과지성사,대덕소프트웨어마이스터고등학교,IT00002545,813.6 심96ㅅ c.5,"심훈의 장편소설 『상록수』는 1935년 동아일보 창간 15주년을 기념하여 기획된 장편소설 현상모집에 당선되어, 같은 신문 1935년 9월 10일부터 1936년 2월 15일까지 연재되었다.",2025-10-15,https://image.aladin.co.kr/product/37399/73/coversum/k132032892_1.jpg,국내도서>청소년>청소년 인물
상록수,심훈,문학과지성사,대덕소프트웨어마이스터고등학교,IT00002548,813.6 심96ㅅ c.8,"심훈의 장편소설 『상록수』는 1935년 동아일보 창간 15주년을 기념하여 기획된 장편소설 현상모집에 당선되어, 같은 신문 1935년 9월 10일부터 1936년 2월 15일까지 연재되었다.",2025-10-15,https://image.aladin.co.kr/product/37399/73/coversum/k132032892_1.jpg,국내도서>청소년>청소년 인물
아름다움이 나를 멸시한다,은희경,창비,대덕소프트웨어마이스터고등학교,EM00009488,813.6 은97ㅇ c.3,"1995년 등단하여 올해로 등단 25주년을 맞으며, 이미 하나의 장르가 된 우리 시대의 작가 은희경. 서정적 감수성과 냉철한 관찰력을 결합한 유머러스한 필치로 현대인의 삶을 예리하게 묘파한 은희경 소설집 『아름다움이 나를 멸시한다』가 13년 만에 ‘리마스터판’으로 돌아왔다.",2020-05-15,https://image.aladin.co.kr/product/24058/37/coversum/893643814x_1.jpg,국내도서>소설/시/희곡>한국소설>2000년대 이후 한국소설
아름다움이 나를 멸시한다,은희경,창비,대덕소프트웨어마이스터고등학교,EM00011642,813.6 은97ㅇ c.4,"1995년 등단하여 올해로 등단 25주년을 맞으며, 이미 하나의 장르가 된 우리 시대의 작가 은희경. 서정적 감수성과 냉철한 관찰력을 결합한 유머러스한 필치로 현대인의 삶을 예리하게 묘파한 은희경 소설집 『아름다움이 나를 멸시한다』가 13년 만에 ‘리마스터판’으로 돌아왔다.",2020-05-15,https://image.aladin.co.kr/product/24058/37/coversum/893643814x_1.jpg,국내도서>소설/시/희곡>한국소설>2000년대 이후 한국소설
왕건 1  송악산,신봉승,해냄,대덕소프트웨어마이스터고등학교,EM00006572,813.6 신45ㅇ v.1,,,,
마의 산 1 1,토마스 만,홍신문화사,대덕소프트웨어마이스터고등학교,EM00007336,853 만885ㅁ v.1,제1차 세계대전으로 인해 정치 및 사회의식이 대전환점을 맞이한 시기에 토마스 만이 자신의 정신적 삶의 궤적을 기록한 소설. 마의 산은 스위스 다보스에 있는 폐결핵 요양원 베르크호프를 일컫는다. 주인공은 하부르크 조선소에 취직이 확정된 23세의 청년 한스 카스토르프. 그는 사촌을 문병하기 위해 3주 예정으로 마의 산을 찾았다.,2008-06-20,https://image.aladin.co.kr/product/226/6/coversum/8932403317_2.jpg,국내도서>소설/시/희곡>독일소설
마의 산 2,토마스 만,홍신문화사,대덕소프트웨어마이스터고등학교,EM00007348,853 마61ㅁ v.2,제1차 세계대전으로 인해 정치 및 사회의식이 대전환점을 맞이한 시기에 토마스 만이 자신의 정신적 삶의 궤적을 기록한 소설. 마의 산은 스위스 다보스에 있는 폐결핵 요양원 베르크호프를 일컫는다. 주인공은 하부르크 조선소에 취직이 확정된 23세의 청년 한스 카스토르프. 그는 사촌을 문병하기 위해 3주 예정으로 마의 산을 찾았다.,2008-06-20,https://image.aladin.co.kr/product/226/6/coversum/8932403325_2.jpg,국내도서>소설/시/희곡>독일소설
나무의 언어,귀도 미나 디 소스피로,설렘,대덕소프트웨어마이스터고등학교,IT00010981,843 소57ㄴ c.2,"주목의 탄생에서부터 오늘날에 이르기까지의 굉장히 긴 시간을 담고 있다. 어린 시절의 주목은 벌레들과 사슴들과 이야기를 나누고, 어머니 나무가 생을 마쳤을 때 그녀는 30년간 애도에 잠긴 채 성장을 멈춘다.",2021-06-15,https://image.aladin.co.kr/product/27564/11/coversum/k642733916_3.jpg,국내도서>소설/시/희곡>세계의 소설>이탈리아소설
문학으로 읽는 나의 인권 감수성,김경민,지식의날개,대덕소프트웨어마이스터고등학교,IT00010992,342.1 김14ㅁ,"한국 현대소설 연구자인 저자가 여성, 도시, 국가폭력, 전쟁, 국민이라는 다섯 가지 소주제를 중심으로 인권의 영역에서 가장 침해받기 쉬운, 사회적 약자의 위치에 처한 이들의 이야기를 통해 우리 안에 내재된 인권감수성을 일깨운다.",2019-08-01,https://image.aladin.co.kr/product/20001/78/coversum/8920034370_1.jpg,국내도서>소설/시/희곡>한국소설>2000년대 이후 한국소설
오래된 일기,이승우,창비,대덕소프트웨어마이스터고등학교,EM00009781,813.6 이57ㅇ,생의 이면 식물들의 사생활의 작가 이승우의 소설집. 표제작 '오래된 일기'를 포함하여 9편의 단편이 수록되어 있다. '오래된 일기'에서는 아버지의 죽음에 대한 죄의식에 사로잡힌 '나'가 등장한다. '나'는 떨쳐지지 않는 죄의식을 떨치기 위한 방편으로 소설쓰기를 택한다.,2008-11-28,https://image.aladin.co.kr/product/286/70/coversum/8936437089_1.jpg,국내도서>소설/시/희곡>한국소설>2000년대 이후 한국소설
퇴원,이청준,푸르메,대덕소프트웨어마이스터고등학교,EM00009803,813.6 이83ㅌ,"'한국인의 내면세계와 삶의 본질'에 천착해온 작가 이청준의 소설 선집. 1965년 데뷔한 이후, 40년이 넘는 세월동안 발표한 수많은 작품 가운데서 문학상을 수상한 여섯 편을 골라 엮었다. 등단작이자 제7회 「사상계」 신인문학상 수상작인을 '퇴원'  비롯,  동인문학상, 대한민국 문화예술상, 한국일보 창작문학상, 중앙문예대상, 21세기문학상 등 국내 굴지의 문학상을 수상한 작품들을 한자리에서 만나볼 수 있다.",2006-12-15,https://image.aladin.co.kr/product/86/27/coversum/8995800356_1.jpg,국내도서>소설/시/희곡>한국소설>2000년대 이후 한국소설
태백산맥 2,조정래,해냄,대덕소프트웨어마이스터고등학교,EM00009862,813.6 조74ㅌ v.2,작가 조정래의 등단 50주년을 기념하여 대하소설 3부작 태백산맥 아리랑 한강을 개정 출간한다. 작가는 초판 출간 후 31년 만에 다시 책을 펼쳐 전편을 손수 퇴고함으로써 새로운 '정본(定本)'을 완성했다.,2020-10-15,https://image.aladin.co.kr/product/25326/76/coversum/8965749220_1.jpg,국내도서>소설/시/희곡>역사소설>한국 역사소설
태백산맥 8,조정래,해냄,대덕소프트웨어마이스터고등학교,EM00009868,813.6 조74ㅌ v.8,작가 조정래의 등단 50주년을 기념하여 대하소설 3부작 태백산맥 아리랑 한강을 개정 출간한다. 작가는 초판 출간 후 31년 만에 다시 책을 펼쳐 전편을 손수 퇴고함으로써 새로운 '정본(定本)'을 완성했다.,2020-10-15,https://image.aladin.co.kr/product/25326/82/coversum/896574928x_1.jpg,국내도서>소설/시/희곡>역사소설>한국 역사소설
나흘,이현수,문학동네,대덕소프트웨어마이스터고등학교,EM00013721,813.7 이94ㄴ,정갈한 문체와 깊이 있는 묘사로 시대를 자연스레 넘나들며 생의 날카로운 순간들을 꼼꼼히 수집해온 소설가 이현수의 세번째 장편소설. 충북 영동 출신인 그는 이 장편소설에서 그동안 애써 말하지 않았던 고향의 아픈 과거를 펼쳐놓는다.,2013-04-16,https://image.aladin.co.kr/product/2588/61/coversum/8954621147_1.jpg,국내도서>소설/시/희곡>한국소설>2000년대 이후 한국소설
제3인류 1,베르나르 베르베르,열린책들,대덕소프트웨어마이스터고등학교,EM00013790,863 베297ㅈ v.1,베르나르 베르베르 특유의 상상력과 장대한 스케일이 돋보이는 스테디셀러 SF 소설 『제3인류』가 초판 발간 10주년을 맞아 새로운 판형과 표지를 갖추고 다시 한번 독자들을 찾아왔다.,2023-11-15,https://image.aladin.co.kr/product/32882/0/coversum/8932923752_1.jpg,국내도서>소설/시/희곡>과학소설(SF)>외국 과학소설
제3인류 2,베르나르 베르베르,열린책들,대덕소프트웨어마이스터고등학교,EM00013791,863 베297ㅈ v.2,"인간 사회에 노출된 에마슈들의 운명이 흥미진진하게 그려진다. 그들의 활약과 모험, 인간과의 갈등 등 놀라운 이야기의 흐름 속에서 본질적 질문이 제기된다. 그들은 인간인가, 동물인가? 그들은 인류의 희망인가, 재앙인가?",2023-11-15,https://image.aladin.co.kr/product/32882/11/coversum/8932923760_1.jpg,국내도서>소설/시/희곡>과학소설(SF)>외국 과학소설
모래밭 아이들,하이타니겐지로,양철북,대덕소프트웨어마이스터고등학교,EM00019257,833.8 하68ㅁ,"나는 선생님이 좋아요의 작가 하이타니 겐지로의 소설 개정판. 임시 교사인 구즈하라 준을 통해 학교란 무엇인가, 교육이란 무엇인가를 간결하고도 힘 있는 문체로 묻고 있다. 아이들은 진부한 가치를 강요하고 틀에 박힌 수업을 하는 교사들에게 날카로운 비판을 휘두른다.",2008-07-29,https://image.aladin.co.kr/product/240/7/coversum/8990220815_1.jpg,국내도서>소설/시/희곡>일본소설>1950년대 이후 일본소설
그들이 내 이름을 부를 때,방현석,이야기공작소,대덕소프트웨어마이스터고등학교,EM00019327,813.6 방94ㄱ,2003년 「존재의 형식」으로 황순원 문학상을 수상한 방현석이 9년 만에 발표하는 그들이 내 이름을 부를 때는 2011년 12월 13일 작고한 故 김근태의 삶을 그린 소설이다.,2020-06-08,https://image.aladin.co.kr/product/24083/67/coversum/k912639135_1.jpg,국내도서>소설/시/희곡>한국소설>2000년대 이후 한국소설
나미야 잡화점의 기적,히가시노게이고,현대문학,대덕소프트웨어마이스터고등학교,IT00009885,833.6 히12ㄴ c.5,히가시노 게이고의 가장 경이로운 대표작 『나미야 잡화점의 기적』이 국내 출간 10주년을 맞아 무선 보급판으로 발간된다. 초판 표지의 감동을 그대로 담아낸 무선판은 다소 무게감 있었던 양장판과 다르게 누구나 가볍게 들고 다니며 읽을 수 있도록 했다.,2022-12-19,https://image.aladin.co.kr/product/30768/99/coversum/k252830652_2.jpg,국내도서>소설/시/희곡>일본소설>1950년대 이후 일본소설
 소설 김삿갓 바람처럼 흐르는 구름처럼,이청,경덕출판사,대덕소프트웨어마이스터고등학교,EM00009813,813.6 이83ㅂ,조선시대 시인 김삿갓(본명 김병연)의 생애를 그린 전기소설. 실존인물이면서도 상당부분 전설이 되버린 김삿갓의 인간적 면모와 고뇌를 담는 데 초점을 두었다. 성철 스님의 일대기를 그린 <우리 옆에 왔던 부처>의 작가 이청이 2006년 「월간조선」에 '방랑 김삿갓 - 이 멋진 세상'이란 제목으로 연재했던 것을 묶은 단행본이다.,2007-04-25,https://image.aladin.co.kr/product/91/45/coversum/6000222560_1.jpg,국내도서>소설/시/희곡>역사소설>한국 역사소설
태백산맥 4,조정래,해냄,대덕소프트웨어마이스터고등학교,EM00009864,813.6 조74ㅌ v.4,작가 조정래의 등단 50주년을 기념하여 대하소설 3부작 태백산맥 아리랑 한강을 개정 출간한다. 작가는 초판 출간 후 31년 만에 다시 책을 펼쳐 전편을 손수 퇴고함으로써 새로운 '정본(定本)'을 완성했다.,2020-10-15,https://image.aladin.co.kr/product/25326/76/coversum/8965749247_1.jpg,국내도서>소설/시/희곡>역사소설>한국 역사소설
태백산맥 9,조정래,해냄,대덕소프트웨어마이스터고등학교,EM00009869,813.6 조74ㅌ v.9,작가 조정래의 등단 50주년을 기념하여 대하소설 3부작 태백산맥 아리랑 한강을 개정 출간한다. 작가는 초판 출간 후 31년 만에 다시 책을 펼쳐 전편을 손수 퇴고함으로써 새로운 '정본(定本)'을 완성했다.,2020-10-15,https://image.aladin.co.kr/product/25326/83/coversum/8965749298_1.jpg,국내도서>소설/시/희곡>역사소설>한국 역사소설
태백산맥 10,조정래,해냄,대덕소프트웨어마이스터고등학교,EM00009870,813.6 조74ㅌ v.10,작가 조정래의 등단 50주년을 기념하여 대하소설 3부작 태백산맥 아리랑 한강을 개정 출간한다. 작가는 초판 출간 후 31년 만에 다시 책을 펼쳐 전편을 손수 퇴고함으로써 새로운 '정본(定本)'을 완성했다.,2020-10-15,https://image.aladin.co.kr/product/25326/74/coversum/8965749204_1.jpg,국내도서>소설/시/희곡>역사소설>한국 역사소설
너는 착한 아이야,나카와키하쓰에,작은씨앗,대덕소프트웨어마이스터고등학교,EM00013722,833 나872ㄴ,,,,
나미야 잡화점의 기적,히가시노게이고,현대문학,대덕소프트웨어마이스터고등학교,IT00009888,833.6 히12ㄴ c.8,히가시노 게이고의 가장 경이로운 대표작 『나미야 잡화점의 기적』이 국내 출간 10주년을 맞아 무선 보급판으로 발간된다. 초판 표지의 감동을 그대로 담아낸 무선판은 다소 무게감 있었던 양장판과 다르게 누구나 가볍게 들고 다니며 읽을 수 있도록 했다.,2022-12-19,https://image.aladin.co.kr/product/30768/99/coversum/k252830652_2.jpg,국내도서>소설/시/희곡>일본소설>1950년대 이후 일본소설
해를품은달 2  정운궐장편소설,정은궐,파란,대덕소프트웨어마이스터고등학교,EM00012826,810 정67해 v.2,,,,
해를품은달 1  정은궐장편소설,정은궐,파란,대덕소프트웨어마이스터고등학교,EM00012828,810 정67해 v.1 c.2,,,,
비밀의도시,패트리스채플린,이덴슬리벨,대덕소프트웨어마이스터고등학교,EM00012832,890 패887비,,,,
엉덩이에 입맞춤을,에필리 하우오파,들녘,대덕소프트웨어마이스터고등학교,EM00009936,843 하66ㅇ,,,,
녹두장군  2 2,송기숙,시대의창,대덕소프트웨어마이스터고등학교,EM00010066,813.6 송18ㄴ v.2,,2008-07-10,https://image.aladin.co.kr/product/232/22/coversum/8959401137_1.jpg,국내도서>소설/시/희곡>역사소설>한국 역사소설
녹두장군  11 11,송기숙,시대의창,대덕소프트웨어마이스터고등학교,EM00010075,813.6 송18ㄴ v.11,,2008-07-10,https://image.aladin.co.kr/product/232/23/coversum/8959401226_1.jpg,국내도서>소설/시/희곡>역사소설>한국 역사소설
체공녀 강주룡,박서련,한겨레,대덕소프트웨어마이스터고등학교,EM00019739,813.7 박54ㅊ c.2,한겨레문학상의 스물세 번째 수상작 《체공녀 강주룡》의 개정판이 출간되었다. 《체공녀 강주룡》은 1931년 평양 평원 고무 공장 파업을 주동하고 을밀대 지붕에 올라 우리나라 최초로 ‘고공 농성’을 벌였던 여성 노동자 강주룡의 일생을 그린 전기 소설이다.,2024-11-30,https://image.aladin.co.kr/product/35306/31/coversum/k582035074_1.jpg,국내도서>소설/시/희곡>한국소설>2000년대 이후 한국소설
리스본행 야간열차 1,파스칼 메르시어,들녘,대덕소프트웨어마이스터고등학교,EM00009932,853 메297ㄹ v.1,"단조로운 바퀴 소리, 덜컹거리는 사물들… 삶에 회의를 느끼고 충동적으로 올라탄 열차가 데려다준 도시 리스본. 경사진 골목길을 달리는 오래된 전차와 낯선 언어를 헤집고 만난 새로운 사람들. 파스칼 메르시어의 《리스본행 야간열차》가 비채에서 새롭게 출간되었다.",2022-12-20,https://image.aladin.co.kr/product/30698/94/coversum/8934940719_1.jpg,국내도서>소설/시/희곡>독일소설
동해 1,김경진,들녘,대덕소프트웨어마이스터고등학교,EM00009948,813.6 김14ㄷ v.1,"소설의 소재는 한반도 주변 해역, 그것도 바다 밑에서 벌어지는 잠수함전이다. 한국 해군이 장비할 독일제 212급 잠수함의 작전배치를 둘러싸고 벌어지는 미, 러, 중, 일 4개국 해군의 신경전이 결국 우발적인 실전으로 확대된다는 시나리오다. 1999년 처음 출간된 소설로, 2006년 지난 6년 여의 변화를 반영하여 개작한 개정판이 출간되었다.",2006-05-04,https://image.aladin.co.kr/product/4/15/coversum/8975275361_1.jpg,국내도서>소설/시/희곡>한국소설>2000년대 이전 한국소설
어머니,막심 고리키,써네스트,대덕소프트웨어마이스터고등학교,EM00009988,892.83 고298ㅇ,,2009-11-30,https://image.aladin.co.kr/product/587/33/coversum/8932909237_1.jpg,국내도서>소설/시/희곡>러시아소설
사랑한후에오는것들,공지영,소담,대덕소프트웨어마이스터고등학교,EM00010782,813.6 공78ㅅ c.2,,,,
천년의 금서,김진명,새움,대덕소프트웨어마이스터고등학교,EM00012354,813.6 김78ㅊ c.3,"무궁화꽃이 피었습니다, 한반도 작가 김진명 장편소설. 고대사 문제를 새롭게 조명한 작품이다. 핵융합 발전의 획기적인 발전을 주도했던 ETER의 물리학자 이정서는 대통령의 초청으로 프랑스에서 귀국한다. 그는 대통령 초청만찬에서 공적을 치하 받지만 기쁨도 잠시, 며칠 후 친구의 충격적인 죽음을 접하게 된다.",2023-01-16,https://image.aladin.co.kr/product/30835/98/coversum/k972831378_1.jpg,국내도서>소설/시/희곡>한국소설>2000년대 이후 한국소설
천년의 금서,김진명,새움,대덕소프트웨어마이스터고등학교,EM00012355,813.6 김78ㅊ c.4,"무궁화꽃이 피었습니다, 한반도 작가 김진명 장편소설. 고대사 문제를 새롭게 조명한 작품이다. 핵융합 발전의 획기적인 발전을 주도했던 ETER의 물리학자 이정서는 대통령의 초청으로 프랑스에서 귀국한다. 그는 대통령 초청만찬에서 공적을 치하 받지만 기쁨도 잠시, 며칠 후 친구의 충격적인 죽음을 접하게 된다.",2023-01-16,https://image.aladin.co.kr/product/30835/98/coversum/k972831378_1.jpg,국내도서>소설/시/희곡>한국소설>2000년대 이후 한국소설
천년의 금서,김진명,새움,대덕소프트웨어마이스터고등학교,EM00010029,813.6 김78ㅊ,"무궁화꽃이 피었습니다, 한반도 작가 김진명 장편소설. 고대사 문제를 새롭게 조명한 작품이다. 핵융합 발전의 획기적인 발전을 주도했던 ETER의 물리학자 이정서는 대통령의 초청으로 프랑스에서 귀국한다. 그는 대통령 초청만찬에서 공적을 치하 받지만 기쁨도 잠시, 며칠 후 친구의 충격적인 죽음을 접하게 된다.",2023-01-16,https://image.aladin.co.kr/product/30835/98/coversum/k972831378_1.jpg,국내도서>소설/시/희곡>한국소설>2000년대 이후 한국소설
내 심장을 쏴라,정유정,은행나무,대덕소프트웨어마이스터고등학교,EM00010058,813.6 정66ㄴ,"<내 인생의 스프링캠프>로 세계청소년문학상을 수상했던 정유정의 장편소설. 1억원 고료 2009년 제5회 세계문학상을 수상했다. 김화영, 황석영, 박범신, 구효서, 하응백, 김형경, 은희경, 서영채, 김미현 등이 심사위원으로 나선 세계문학상 심사에서 '뜨거운 감동과 생에 대한 각성이 꿈틀대며, 희망에 대한 끈을 다시 움켜잡게 만드는 마력이 깃든 작품'이라는 평을 받았다.",2009-05-20,https://image.aladin.co.kr/product/364/94/coversum/s956602999_1.jpg,국내도서>소설/시/희곡>한국소설>2000년대 이후 한국소설
체공녀 강주룡,박서련,한겨레,대덕소프트웨어마이스터고등학교,EM00019738,813.7 박54ㅊ,한겨레문학상의 스물세 번째 수상작 《체공녀 강주룡》의 개정판이 출간되었다. 《체공녀 강주룡》은 1931년 평양 평원 고무 공장 파업을 주동하고 을밀대 지붕에 올라 우리나라 최초로 ‘고공 농성’을 벌였던 여성 노동자 강주룡의 일생을 그린 전기 소설이다.,2024-11-30,https://image.aladin.co.kr/product/35306/31/coversum/k582035074_1.jpg,국내도서>소설/시/희곡>한국소설>2000년대 이후 한국소설
또다시 같은 꿈을 꾸었어,스미노 요루,소미미디어,대덕소프트웨어마이스터고등학교,IT00009461,833.6 스38ㄸ c.5,너의 췌장을 먹고 싶어의 작가 스미노 요루가 지친 사람들에게 전하는 다정하고 따스한 이야기. 자타공인 똑똑하고 당돌한 소녀 고야나기 나노카는 학교 안에는 이렇다 할 친구가 없지만 학교 밖에는 친구가 많다.,2017-10-25,https://image.aladin.co.kr/product/11979/89/coversum/k532531533_2.jpg,국내도서>소설/시/희곡>일본소설>1950년대 이후 일본소설
또다시 같은 꿈을 꾸었어,스미노 요루,소미미디어,대덕소프트웨어마이스터고등학교,IT00009463,833.6 스38ㄸ c.7,너의 췌장을 먹고 싶어의 작가 스미노 요루가 지친 사람들에게 전하는 다정하고 따스한 이야기. 자타공인 똑똑하고 당돌한 소녀 고야나기 나노카는 학교 안에는 이렇다 할 친구가 없지만 학교 밖에는 친구가 많다.,2017-10-25,https://image.aladin.co.kr/product/11979/89/coversum/k532531533_2.jpg,국내도서>소설/시/희곡>일본소설>1950년대 이후 일본소설
테스팅 1,조엘 샤보노,북폴리오,대덕소프트웨어마이스터고등학교,IT00007376,843 샤45ㅌ v.1,"청소년 미스터리 소설들을 펴내며 10대들의 고민과 감정에 관심을 가져온 작가, 조엘 샤보노의 야심작. 테스팅 1은 출간 전, 프랑크프루트 도서전시회에서 소개되어 일찌감치 주목 받으며 7개국에 수출되었고 미국 대표적인 리뷰 사이트인 「굿리드」에서 호평을 얻었다.",2013-10-28,https://image.aladin.co.kr/product/3261/11/coversum/8937834375_2.jpg,국내도서>소설/시/희곡>판타지/환상문학>외국판타지/환상소설
타라 덩컨 4 2  드래곤의 배반,소피 오두인 마미코니안,소담출판사,대덕소프트웨어마이스터고등학교,IT00007397,863 마38ㅌ v.4-2,,,,
타라 덩컨 12 2  최후의 전투,소피 오두인 마미코니안,소담출판사,대덕소프트웨어마이스터고등학교,IT00007413,863 마38ㅌ v.12-2,,,,
달에게 들려주고 싶은 이야기,신경숙,문학동네,대덕소프트웨어마이스터고등학교,EM00013649,813.6 신14ㄷ,"'지금까지와는 다른' 글, '달이 듣고 함빡 웃을 수 있는 이야기', '달이 듣고 고개를 끄덕거리는 이야기'를 엮은 짧은 소설집 달에게 들려주고 싶은 이야기는 작가 신경숙의 작품들 가운데 가장 경쾌하고 명랑한 작품집이 아닐까 싶다.",2013-03-18,https://image.aladin.co.kr/product/2445/75/coversum/8954620663_1.jpg,국내도서>소설/시/희곡>한국소설>2000년대 이후 한국소설
두근두근 내 인생,김애란,창비,대덕소프트웨어마이스터고등학교,EM00013672,813.6 김63ㄷ,"2002년, 약관의 나이로 등단한 이래 달려라 아비 침이 고인다 두 권의 소설집만으로 한국일보문학상, 오늘의 젊은 예술가상, 신동엽창작상, 이효석문학상, 김유정문학상, 젊은작가상 등을 수상하며 2천년대 한국문학을 대표하는 작가로 자리매김한 김애란의 첫번째 장편소설. 가장 어린 부모와 가장 늙은 자식의 청춘과 사랑에 대한 눈부신 이야기를 다룬다.",2011-06-20,https://image.aladin.co.kr/product/1190/50/coversum/8936433873_2.jpg,국내도서>소설/시/희곡>한국소설>2000년대 이후 한국소설
동물농장,조지 오웰,더클래식,대덕소프트웨어마이스터고등학교,IT00008804,843 오66ㄷ c.2,1945년에 간행된 조지 오웰의 대표작. 어떤 농장의 동물들이 늙은 돼지 메이저의 부추김에 빠져 농장주의 압제에 대항해 반란을 일으켜 인간의 착취가 없는 '모든 동물이 평등한 이상사회'를 건설한다. 그러나 돼지들이 지도자가 되어 다시 동물들을 압박하기 시작하는데...,1998-08-05,https://image.aladin.co.kr/product/4/6/coversum/s93746005x_3.jpg,국내도서>소설/시/희곡>영미소설
동물농장,조지 오웰,더클래식,대덕소프트웨어마이스터고등학교,IT00008818,843 오66ㄷ c.16,1945년에 간행된 조지 오웰의 대표작. 어떤 농장의 동물들이 늙은 돼지 메이저의 부추김에 빠져 농장주의 압제에 대항해 반란을 일으켜 인간의 착취가 없는 '모든 동물이 평등한 이상사회'를 건설한다. 그러나 돼지들이 지도자가 되어 다시 동물들을 압박하기 시작하는데...,1998-08-05,https://image.aladin.co.kr/product/4/6/coversum/s93746005x_3.jpg,국내도서>소설/시/희곡>영미소설
동물농장,조지 오웰,더클래식,대덕소프트웨어마이스터고등학교,IT00008821,843 오66ㄷ c.19,1945년에 간행된 조지 오웰의 대표작. 어떤 농장의 동물들이 늙은 돼지 메이저의 부추김에 빠져 농장주의 압제에 대항해 반란을 일으켜 인간의 착취가 없는 '모든 동물이 평등한 이상사회'를 건설한다. 그러나 돼지들이 지도자가 되어 다시 동물들을 압박하기 시작하는데...,1998-08-05,https://image.aladin.co.kr/product/4/6/coversum/s93746005x_3.jpg,국내도서>소설/시/희곡>영미소설
동물농장,조지 오웰,더클래식,대덕소프트웨어마이스터고등학교,IT00008822,843 오66ㄷ c.20,1945년에 간행된 조지 오웰의 대표작. 어떤 농장의 동물들이 늙은 돼지 메이저의 부추김에 빠져 농장주의 압제에 대항해 반란을 일으켜 인간의 착취가 없는 '모든 동물이 평등한 이상사회'를 건설한다. 그러나 돼지들이 지도자가 되어 다시 동물들을 압박하기 시작하는데...,1998-08-05,https://image.aladin.co.kr/product/4/6/coversum/s93746005x_3.jpg,국내도서>소설/시/희곡>영미소설
                     ,John Escott,Oxford University,대덕소프트웨어마이스터고등학교,IT00002749,843 E74g,,2000-11-02,https://image.aladin.co.kr/img/noimg_sum_b.gif,
머저리 클럽,최인호,랜덤하우스코리아,대덕소프트웨어마이스터고등학교,IT00003118,813.6 최68ㅁ c.2,"여섯 명의 '악동'을 통해 고등학생 청소년들의 고뇌와 우정, 꿈을 그려낸 성장 소설. 부모 세대의 그릇된 기대와 사회적 제약 속에서 아이들은 끊임없이 일탈과 전복을 꾀한다. 공부와 씨름하는 동안 학교 바깥에서 펼쳐지는 세상을 동경하고, 등굣길에 마주친 이성을 그리워하고, 불투명한 미래에 불안감을 느끼면서도, 지금 자신들이 삶에서 가장 소중한 시간의 마지막을 보내고 있다는 안타까움으로 눈물지으며 성장해 간다.",2008-07-14,https://image.aladin.co.kr/product/235/57/coversum/8925522225_1.jpg,국내도서>소설/시/희곡>한국소설>2000년대 이후 한국소설
하루하루가 이별의 날,프레드릭 배크만,다산책방,대덕소프트웨어마이스터고등학교,IT00013305,859.7 배877ㅎ c.2,"오베라는 남자, 할머니가 미안하다고 전해달랬어요 작가 프레드릭 배크만의 장편소설. 삶의 어느 한 순간이 끊임없이 재생되고, 현재가 녹아내리며, 완전히 놓아버릴 때까지, 기억을 잃어가는 노인과 천천히 헤어짐을 배워가는 가족의 이별 이야기이다.",2017-06-28,https://image.aladin.co.kr/product/11167/15/coversum/k272531086_2.jpg,국내도서>소설/시/희곡>세계의 소설>북유럽소설
연을 쫓는 아이,할레드 호세이니,현대문학,대덕소프트웨어마이스터고등학교,IT00013338,843 호54ㅇ,"부유한 상인의 아들 아미르와 비극적인 숙명을 지닌 그의 하인 하산의 이야기를 그린 성장소설로, 주인공 아미르가 어린 시절의 과오를 직시하고 속죄하며 치유와 구원에 이르는 과정을 감동적으로 펼쳐 보인다.
",2022-08-20,https://image.aladin.co.kr/product/30005/40/coversum/k592838350_1.jpg,국내도서>소설/시/희곡>영미소설
미성년 상,표도르 미하일로비치 도스또예프스끼,열린책들,대덕소프트웨어마이스터고등학교,IT00013344,892.83 도57ㅁ v.상 c.2,"불행한 운명을 타고난 한 청년의 이상과 현실 사이의 방황을 그린 도스토예프스키의 성장 소설. 삶의 정신적 지주가 되어야 할 아버지 세대의 부재로 인해 온갖 불의와 도덕적 타락의 유혹에 무방비 상태로 내던져진, 위험하고 불완전한 상황에서 보호받을 수 없는 자식들에 대한 작가적 문제 의식에서 씌어졌다.",2010-04-25,https://image.aladin.co.kr/product/692/6/coversum/8932911088_1.jpg,국내도서>소설/시/희곡>러시아소설
파친코 1,이민진,문학사상사,대덕소프트웨어마이스터고등학교,IT00013350,843 이38ㅍ v.1,"4대에 걸친 재일조선인 가족의 이야기를 그린 세계적 베스트셀러, 이민진 작가의 장편소설 《파친코》가 인플루엔셜에서 새로운 번역으로 출간되어 한국 독자들과 만난다. 《파친코》는 재미교포 1.5세인 이민진 작가가 30년에 달하는 긴 세월에 걸쳐 집필한 대하소설이다.
",2022-07-27,https://image.aladin.co.kr/product/29496/39/coversum/s382931339_2.jpg,국내도서>소설/시/희곡>영미소설
파친코 2,이민진,문학사상사,대덕소프트웨어마이스터고등학교,IT00013353,843 이38ㅍ v.2,"4대에 걸친 재일조선인 가족의 이야기를 그린 세계적 베스트셀러, 이민진 작가의 장편소설 《파친코》가 새롭게 출간되었다. 《파친코》는 재미교포 1.5세대인 이민진 작가가 30년에 달하는 세월에 걸쳐 집필한 대하소설로, 2017년 출간되어 《뉴욕타임스》 베스트셀러에 올랐다.",2022-08-25,https://image.aladin.co.kr/product/29496/41/coversum/k192838537_2.jpg,국내도서>소설/시/희곡>영미소설
파친코 2,이민진,문학사상사,대덕소프트웨어마이스터고등학교,IT00013355,843 이38ㅍ v.2 c.3,"4대에 걸친 재일조선인 가족의 이야기를 그린 세계적 베스트셀러, 이민진 작가의 장편소설 《파친코》가 새롭게 출간되었다. 《파친코》는 재미교포 1.5세대인 이민진 작가가 30년에 달하는 세월에 걸쳐 집필한 대하소설로, 2017년 출간되어 《뉴욕타임스》 베스트셀러에 올랐다.",2022-08-25,https://image.aladin.co.kr/product/29496/41/coversum/k192838537_2.jpg,국내도서>소설/시/희곡>영미소설
저주 토끼,정보라,래빗홀,대덕소프트웨어마이스터고등학교,IT00016876,813.7 정45ㅈ,정보라의 호러/SF/판타지 소설집 저주토끼 전면 개정판. 만두 파동 사건에서 영감을 받아 쓰인 표제작 '저주토끼'는 날카로운 분노를 생생하게 살리고 어디에도 기댈 곳 없는 사람들의 맥락이 선명히 드러나기를 바라는 작가의 뜻을 충실히 반영하여 결말 부분 일부를 최초 창작 버전으로 복원하였다.,2023-04-13,https://image.aladin.co.kr/product/31484/34/coversum/k712832622_2.jpg,국내도서>소설/시/희곡>과학소설(SF)>한국 과학소설
꿀벌의 예언 2,베르나르 베르베르,열린책들,대덕소프트웨어마이스터고등학교,IT00016889,863 베297ㄲ v.2,꿀벌이 사라지고 인류 멸종의 위기가 닥친 30년 뒤의 지구를 목격한 르네는 미래를 바꾸기 위해 시공간을 넘나드는 모험을 떠난다. 인류를 구할 방법이 적힌 고대의 예언서 꿀벌의 예언을 찾아 과거와 미래를 오가는 르네와 그 일행은 과연 예언서를 찾아 지구를 구할 수 있을까?,2023-06-20,https://image.aladin.co.kr/product/31877/65/coversum/8932923426_2.jpg,국내도서>소설/시/희곡>과학소설(SF)>외국 과학소설
트러스트,에르난 디아스,문학동네,대덕소프트웨어마이스터고등학교,IT00016906,843.6 디62ㅌ,"1920년대 월 스트리트를 주요 배경으로 한 『트러스트』는 금융계에서 전설적인 성공을 거두며 어마어마한 부를 쌓은 앤드루 베벨과 밀드레드 베벨 부부에 대해 네 가지 서로 다른 이야기를 펼쳐나가면서 경제, 금융, 돈, 권력, 계급 등 오늘날 가장 시급하고 중요한 문제를 다룬다.",2023-02-24,https://image.aladin.co.kr/product/31180/30/coversum/s642937436_1.jpg,국내도서>소설/시/희곡>영미소설
눈부신 안부,백수린,문학동네,대덕소프트웨어마이스터고등학교,IT00017023,813.7 백56ㄴ,"소설가 백수린의 장편소설. 2011년 데뷔한 이래 세 권의 소설집과 한 권의 중편소설, 짧은 소설들과 산문을 발표하는 동안 조급해하지 않고 장편의 그릇에 담고 싶은 이야기를 기다린 그가 등단 12년 만에 펴내는 첫 장편소설이다.",2023-05-24,https://image.aladin.co.kr/product/31688/62/coversum/8954699375_2.jpg,국내도서>소설/시/희곡>한국소설>2000년대 이후 한국소설
개  김훈 장편소설,김훈,푸른숲,대덕소프트웨어마이스터고등학교,EM00009198,813.6 김96ㄱ,,,,
고향사진관,김정현,은행나무,대덕소프트웨어마이스터고등학교,EM00009213,813.6 김74ㄱ,아버지의 작가 김정현의 장편소설. 뇌사 상태의 아버지로 인해 젊은 날의 꿈을 접을 수밖에 없었던 실존 인물 서용준. 이 소설은 작가의 실제 친구를 모델로 한 실화 소설이다. 자신의 몸을 갉아먹고 있는 암세포 앞에서도 홀로 남으실 어머니와 자신을 의지하는 가족들을 먼저 걱정했던 주인공 용준의 이야기다.,2008-12-22,https://image.aladin.co.kr/product/294/22/coversum/8956602778_1.jpg,국내도서>소설/시/희곡>한국소설>2000년대 이후 한국소설
개밥바라기별,황석영,문학동네,대덕소프트웨어마이스터고등학교,EM00012453,813.6 황54ㄱ c.2,"'문학동네 한국문학 전집' 2권. 황석영 장편소설. 2008년 초판이 출간된 이 작품은 수많은 독자들의 뜨거운 호응을 이끌어낸 자전적 성장소설로, 사회의 모순을 비판하면서도 소외된 인간에 대한 이해의 끈을 놓지 않았던 소설세계를 가능하게 한 비밀의 시공간을 열어 보인다.",2014-01-15,https://image.aladin.co.kr/product/3538/53/coversum/8954623247_1.jpg,국내도서>소설/시/희곡>한국소설>2000년대 이후 한국소설
꽃밭,최인호,열림원,대덕소프트웨어마이스터고등학교,EM00009261,813.6 최68ㄲ,"소설가 최인호의 10주기를 기리며 에세이 『최인호의 인생 꽃밭』 추모 에디션이 출간되었다. 2007년 최인호 소설가가 생전에 출간한 에세이집 『꽃밭』을 소설가 타계 10주기를 맞아 재출간한 『최인호의 인생 꽃밭』은, 에세이 형식의 글도 있지만 대부분의 작품들이 연작소설 형식을 취하고 있는 “짧은 소설집이라고 해도 무방할” 것이다.",2023-09-25,https://image.aladin.co.kr/product/32509/41/coversum/k842935726_1.jpg,국내도서>에세이>한국에세이
눈길,이청준,열림원,대덕소프트웨어마이스터고등학교,EM00009293,813.6 이83ㄴ,"청소년들이 읽어야 하는 한국 대표 작가들의 중요 작품들을 엄선하여 모은 소설 선집 ‘사피엔스 한국문학 중.단편소설’ 시리즈. [눈길], [서편제], [벌레 이야기] 등 인간의 내면과 사회에 대한 깊은 성찰을 끊임없이 이어간 작가 이청준의 단편 세 편이 실려 있다.
",2012-02-13,https://image.aladin.co.kr/product/1522/59/coversum/8965880769_1.jpg,국내도서>소설/시/희곡>한국소설>2000년대 이전 한국소설
당신의 조각들,타블로,문학동네,대덕소프트웨어마이스터고등학교,EM00009309,813.6 타47ㄷ,타블로의 소설집 당신의 조각들 영문판. 번역과정에서 일부 살리지 못한 타블로만의 번뜩이는 문장과 분위기를 있는 그대로 담았다. 이번 영문판에는 '스트로베리 필즈 포에버' '휴식' '쥐' '우리들 세상의 벽' '안단테' 등 당신의 조각들에 등장하는 소설 10편이 모두 실려 있다.,2009-02-03,https://image.aladin.co.kr/product/311/2/coversum/8954607578_1.jpg,국내도서>소설/시/희곡>한국소설>2000년대 이후 한국소설
도박사 1,김진명,대산,대덕소프트웨어마이스터고등학교,EM00009321,813.6 김78ㄷ v.1,김진명의 신작 장편소설. 에베레스트에서 실종된 남동생을 찾기 위해 네팔에 온 무교는 그곳 카지노의 대부에게 빚을 지고 협박당하는 처지가 된다. 같은 호텔에 투숙한 서후는 '바카라'라는 도박으로 무교의 빚을 갚아주고 사라져 버리는데...,2004-12-21,https://image.aladin.co.kr/product/53/14/coversum/8937209365_2.jpg,국내도서>소설/시/희곡>한국소설>2000년대 이후 한국소설
드 니로의 게임,라위 하지,마음산책,대덕소프트웨어마이스터고등학교,EM00009329,843 하78ㄷ,"영어권 단일 작품에 가장 많은 상금을 부여하는 임팩 더블린 문학상의 2008년 수상작. 폴 오스터, 이사벨 아옌데, 존 업다이크, 토머스 핀천, 마거릿 애트우드, 코맥 맥카시 등의 작품을 제치고 수상했다. 아랍계 작가 라위 하지의 데뷔작으로, 국내에는 처음으로 소개된다.",2009-01-15,https://image.aladin.co.kr/product/309/35/coversum/8960900508_2.jpg,국내도서>소설/시/희곡>세계의 소설>중동/튀르키예소설
모랫말 아이들,황석영,문학동네,대덕소프트웨어마이스터고등학교,EM00009355,813.6 황54ㅁ,"황석영의 어른을 위한 동화. 10개의 짧은 이야기로 구성되어 있다. 한국전쟁 직후인 1950년대 서울 한강변의 모랫말. 아직 전쟁의 상흔이 짙게 남은 그곳에서 작가의 분신으로 보이는 소년 수남이가 화자가 되어, 모랫말 사람들의 이야기를 들려준다.",2013-01-28,https://image.aladin.co.kr/product/2320/36/coversum/895462037x_3.jpg,국내도서>소설/시/희곡>한국소설>2000년대 이후 한국소설
벽오금학도,이외수,해냄출판사,대덕소프트웨어마이스터고등학교,EM00009388,813.6 이65ㅂ,"이외수 장편소설. 풍류도인 농월당 선생과 그의 손자인 백발동안의 강은백, 신통력을 지닌 누더기 노파, 피해망상증 시인 김도문, '외엽일란도'를 그리는 수묵화의 대가 고산묵월 등 아무 연관성 없는 사람들 같지만 씨줄과 날줄처럼 정교하게 직조된 사람들이 펼쳐내는 인간 존재의 본질에 관한 이야기다.",2014-04-20,https://image.aladin.co.kr/product/4019/43/coversum/8965744431_1.jpg,국내도서>소설/시/희곡>한국소설>2000년대 이전 한국소설
쌍둥이별,조디 피콜트,이레,대덕소프트웨어마이스터고등학교,EM00009480,843 피875ㅆ,뉴욕타임스 베스트셀러이자 미국도서관협회에서 선정하는 알렉스 어워드 수상작. 백혈병에 걸린 언니 케이트를 치료하기 위한 목적으로 태어나게 된 열세 살 안나가 다시는 자신의 몸에 손대지 못하도록 부모님께 소송을 걸겠다고 변호사 캠벨 알렉산더를 찾아가는 것으로부터 소설은 시작된다.,2008-11-17,https://image.aladin.co.kr/product/283/72/coversum/8957091432_2.jpg,국내도서>소설/시/희곡>영미소설
압구정 다이어리,정수현,소담출판사,대덕소프트웨어마이스터고등학교,EM00009503,813.6 정56ㅇ,"시트콤 ‘논스톱’의 작가가 쓴 한국형 칙릿 소설. 젊은 세대들의 욕망과 취향을 반영하는 압구정의 이야기를 연애담 속에서 들려준다. 남자들 앞에서 앙큼한 여우짓을 하지만 자신의 욕망을 꾸미거나 감추지 않는 여성들이 등장한다. 
",2008-06-20,https://image.aladin.co.kr/product/222/95/coversum/8973819356_1.jpg,국내도서>소설/시/희곡>한국소설>2000년대 이후 한국소설
악기들의 도서관,김중혁,문학동네,대덕소프트웨어마이스터고등학교,EM00011932,813.6 김76ㅇ c.2,"펭귄뉴스의 작가 김중혁의 두 번째 소설집. 2008년 제2회 김유정 문학상 수상작인 ‘엇박자D'를 비롯한 총 여덟 편의 작품들이 수록돼 있다. 작품들은 작가가 수집한 온갖 소리들의 모음들이다. 피아노, LP음반, 오르골, 600여 가지 악기 소리가 채집된 음반파일 등이 모여 성숙한 이야기의 변주를 선보인다.",2008-04-23,https://image.aladin.co.kr/product/206/45/coversum/8954605672_3.jpg,국내도서>소설/시/희곡>한국소설>2000년대 이후 한국소설
악의 수도원,딘 쿤츠,다산북스,대덕소프트웨어마이스터고등학교,EM00009501,843 쿤85ㅇ,죽음을 보는 능력을 지닌 오드 토머스 시리즈의 세 번째 이야기. 다른 이들을 구한 대가로 사랑하는 연인을 잃은 오드가 수도원에 은둔하면서 벌어지는 사건을 다룬다. 한국 독자들에게 보내는 저자의 친필 메시지가 수록되어 있다.,2008-11-10,https://image.aladin.co.kr/product/278/56/coversum/8993285306_1.jpg,국내도서>소설/시/희곡>추리/미스터리소설>영미 추리/미스터리소설
엄마를 부탁해,신경숙,창비,대덕소프트웨어마이스터고등학교,IT00005837,813.6 신14ㅇ c.8,"2011년 맨 아시아 문학상 수상작으로, 신경숙의 8번째 장편소설이다. 2007년 겨울부터 2008년 여름까지「창작과비평」에 연재된 작품이다. 지하철역에서 아버지의 손을 놓치고 실종된 어머니의 흔적을 추적하면서 기억을 복원하는 과정을 그렸다. 각 장은 전단지를 붙이고 광고를 내면서 엄마를 찾아 헤매는 자식들과 남편, 엄마의 시선으로 전개된다.",2008-10-24,https://image.aladin.co.kr/product/272/78/coversum/8936433679_2.jpg,국내도서>소설/시/희곡>한국소설>2000년대 이후 한국소설
외규장각 도서의 비밀  2 2,조완선,Human & Books,대덕소프트웨어마이스터고등학교,EM00009530,813.6 조65ㅇ v.1,외규장각도서를 둘러싼 미스터리를 다룬 역사추리소설. 1866년 로즈제독이 이끄는 프랑스 함대가 강화도를 공격한다. 그들은 외규장각을 불태우고 우리의 귀중한 도서를 약탈해가고. 그로부터 약 100년의 시간이 흐른 뒤 프랑스 국립도서관에서 일하던 박병선 박사가  직지심체요절를 발견해 구텐베르크보다 우리의 금속인쇄술이 더 오래되었음을 밝힌다.,2008-06-02,https://image.aladin.co.kr/product/216/91/coversum/8960780383_1.jpg,국내도서>소설/시/희곡>추리/미스터리소설>한국 추리/미스터리소설
지문 사냥꾼,이적,웅진씽크빅,대덕소프트웨어마이스터고등학교,EM00009606,813.6 이74ㅈ,"뮤지션 이적이 펴낸 소설집. 자유자재로 방향을 트는 상상력과, 탄탄한 이야기 구조가 맞물려 있는 열두 편의 작품이 수록되어 있다. 내러티브가 명확하게 드러나는 몇 편의 이야기를 제외하고는 아주 짧은 분량의 소설들이 대부분이다. 본문에는 디자이너 이관용 씨의 일러스트를 함께 실었다.",2005-05-01,https://image.aladin.co.kr/product/56/9/coversum/8901049848_1.jpg,국내도서>소설/시/희곡>판타지/환상문학>한국판타지/환상소설
추사 1 1,한승원,열림원,대덕소프트웨어마이스터고등학교,EM00009626,813.6 한57ㅊ v.1,이상문학상 현대문학상 수상작가 한승원이 마침내 완성한 ‘조선 천재 3부작’ 『추사』 『초의』 『다산』이 새롭게 출간된다. 개정판엔 집필 당시에 “내가 김정희인지 김정희가 나인지 분별이 안 될” 경지의 몰입으로 꾼 꿈에서 만난 추사와의 대담을 해설의 형태로 풀어 덧붙였다.,2023-01-31,https://image.aladin.co.kr/product/30986/55/coversum/k012831408_1.jpg,국내도서>소설/시/희곡>역사소설>한국 역사소설
침이 고인다,김애란,문학과지성사,대덕소프트웨어마이스터고등학교,EM00009635,813.6 김63ㅊ,"2005년 첫 소설집 <달려라 아비>를 발표, 반짝이는 상상력으로 단숨에 독자를 사로잡은 작가 김애란. 문단과 언론은 마치 기다렸다는 듯 그녀를 반겼다. 2년이 흘렀다. 다시 김애란의 새 이야기가 궁금해지는 시점이다. 그녀를 향한 또 다른 평가가 기대되는 시기이다. 그래서 그녀가 두 번째 단편집 <침이 고인다>로 돌아왔다.",2007-09-28,https://image.aladin.co.kr/product/98/83/coversum/8932018049_1.jpg,국내도서>소설/시/희곡>한국소설>2000년대 이후 한국소설
풍선을 샀어,조경란,문학과지성사,대덕소프트웨어마이스터고등학교,EM00009658,813.6 조14ㅍ,등단 13년째를 맞는 작가 조경란의 다섯번째 소설집. 4년 만의 소설집인 이 책에는 '비평가가 뽑은 올해의 좋은 소설'인 표제작을 비롯하여 그간 작가가 계간지에 발표했던 여덟 편의 단편이 수록되었다. 작품 속 화자는 하나같이 1인칭인 '나'로 가족보다 더 긴밀한 유사가족의 틀 속에서 생활하는 인물들이 등장한다.,2012-11-16,https://image.aladin.co.kr/product/225/25/coversum/8932018693_1.jpg,국내도서>소설/시/희곡>한국소설>2000년대 이후 한국소설
나목  도둑맞은 가난,박완서,민음사,대덕소프트웨어마이스터고등학교,EM00009729,813.6 박65ㄴ,소설가 박완서의 초기 대표작 7편 수록한 작품집이다. 등단작인 '나목'과 '도둑맞은 가난'을 비롯하여 총 일곱 편의 소설을 모아 엮었다. 한국 현대 문학을 대표하는 작가들의 주요 작품들을 소개하는 '오늘의 작가 총서'의 열한 번째 권으로 출간되었다.,2005-10-01,https://image.aladin.co.kr/product/59/28/coversum/8937420112_1.jpg,국내도서>소설/시/희곡>한국소설>2000년대 이전 한국소설
오베라는 남자,프레드릭 배크만,다산책방,대덕소프트웨어마이스터고등학교,IT00012988,859.7 배877ㅇ c.2,한 사람의 인생이 끝나기도 전에 그 사람이 구식이 되어버리는 세상과 자기 손으로 타이어 하나 갈아 끼우지 못하는 바보 같은 사람들을 도저히 이해할 수 없어 외톨이가 되기를 자처하는 남자 오베. 그러나 그는 도움을 청하는 이웃들의 손길을 차마 내치지 못해 마을의 해결사 노릇을 하게 된다.,2023-03-09,https://image.aladin.co.kr/product/31282/49/coversum/k162832578_2.jpg,국내도서>소설/시/희곡>세계의 소설>북유럽소설
저승차사 화율의 마지막 선택,김진규,문학동네,대덕소프트웨어마이스터고등학교,EM00011650,813.7 김78ㅈ,"문학동네소설상 수상작 달을 먹다와, 남촌 공생원 마나님의 280일의 작가 김진규의 세번째 장편소설. 저승차사 화율의 마지막 선택은 조선시대를 배경으로 다양한 인물들이 전생과 현생을 넘나들며 서로 얽히고설키면서, 시공을 초월한 사랑과 운명에 대한 예리한 통찰을 보여주는 작품이다.",2010-06-29,https://image.aladin.co.kr/product/722/57/coversum/8954611567_1.jpg,국내도서>소설/시/희곡>한국소설>2000년대 이후 한국소설
오스카 와오의 짧고 놀라운 삶,주노 디아스,문학동네,대덕소프트웨어마이스터고등학교,EM00011657,843 디62ㅇ,"주노 디아스의 첫 번째 장편소설. 주노 디아스는 이 소설로 퓰리처상을 비롯해 미국비평가협회상 등 다수의 상을 수상했다. 도미니카 공화국과 미국 뉴저지에서 자란 작가의 경험이 반영된 소설로, 도미니카계 이민자 집안에서 태어난 오스카와 누나 롤라, 어머니 벨리시아와 할아버지 아벨라르 등 삼대에 걸친 이야기이다.",2009-01-12,https://image.aladin.co.kr/product/298/49/coversum/895460711x_1.jpg,국내도서>소설/시/희곡>영미소설
아버지의 오토바이,조두진,예담,대덕소프트웨어마이스터고등학교,EM00011663,813.6 조26ㅇ,"2005년 <도모유키>로 한겨레문학상을 수상한 조두진의 장편소설. 1960년대와 1970년대, 1980년대를 지나온 한 집안의 가족사를 통해 산업화 시대를 살아가는 남편들과 아버지들의 이야기를 풀어낸다. 제 좋은 일, 제 하고 싶은 일을 하느라 무책임한 강자가 되기보다는 책임을 아는 약자로 살아가는 아버지들의 삶을 그린다.",2009-06-22,https://image.aladin.co.kr/product/415/66/coversum/8959133868_1.jpg,국내도서>소설/시/희곡>한국소설>2000년대 이후 한국소설
바이퍼케이션 3  하이드라,이우혁,해냄,대덕소프트웨어마이스터고등학교,EM00011695,813.6 이66ㅂ v.3,90년대 초 '하이텔'에 연재한 소설이 열광적인 성원을 얻어 단행본으로 출간되고 850만 부 판매라는 기록을 세운 퇴마록의 작가 이우혁. 평범한 공학도에서 베스트셀러 작가로 거듭나며 한국소설의 기린아로 떠오른 이우혁이 7년 만에 드디어 내놓은 장편소설이다. 사이코패스와 광기를 넘어 존재하는 또다른 힘을 다룬 작품.,2010-08-10,https://image.aladin.co.kr/product/751/0/coversum/8973372610_1.jpg,국내도서>소설/시/희곡>추리/미스터리소설>한국 추리/미스터리소설
김홍신의 대발해 6  불심과 진신사리,김홍신,아리샘,대덕소프트웨어마이스터고등학교,EM00011721,813.6 김95ㄱ v.6,"베스트셀러 작가 김홍신이 1998년 국회의원 시절부터 무려 8년여에 걸쳐 구상하여 집필한 소설. 668년 고구려의 멸망에서부터 698년 고구려 유장 대조영이 세운 발해가 926년 멸망하기까지 파란만장했던 역사를 담은 장대한 스케일의 작품이다. 주변국과 싸워나가는 발해의 정치 군사 외교의 전략 전술이 흥미롭게 그려져 있으며, 수많은 영웅들의 원대한 꿈과 야망, 들풀처럼 억센 민초들의 애환이 녹아들어 있다.",2010-03-10,https://image.aladin.co.kr/product/754/3/coversum/8992673604_1.jpg,국내도서>소설/시/희곡>역사소설>한국 역사소설
김홍신의 대발해 8  오태후의 야망,김홍신,아리샘,대덕소프트웨어마이스터고등학교,EM00011728,813.6 김95ㄱ v.8,"베스트셀러 작가 김홍신이 1998년 국회의원 시절부터 무려 8년여에 걸쳐 구상하여 집필한 소설. 668년 고구려의 멸망에서부터 698년 고구려 유장 대조영이 세운 발해가 926년 멸망하기까지 파란만장했던 역사를 담은 장대한 스케일의 작품이다. 주변국과 싸워나가는 발해의 정치 군사 외교의 전략 전술이 흥미롭게 그려져 있으며, 수많은 영웅들의 원대한 꿈과 야망, 들풀처럼 억센 민초들의 애환이 녹아들어 있다.",2010-02-10,https://image.aladin.co.kr/product/754/3/coversum/8992673620_1.jpg,국내도서>소설/시/희곡>역사소설>한국 역사소설
인간은 이 세상의 거대한 꿩이다,헤르타 뭘러,문학동네,대덕소프트웨어마이스터고등학교,EM00011783,853 뭘294ㅇ,,,,
숙명,히가시노게이고,창해,대덕소프트웨어마이스터고등학교,IT00012033,833.6 히12ㅅ c.2,"유명 대기업 UR전산의 대표이사가 살해당했다. 장소는 묘지, 흉기는 이전 대표였던 우류 나오아키의 유품인 석궁. 해당 사건을 조사하게 된 형사 와쿠라 유사쿠는 우류 나오아키의 아들이자 의사인 우류 아키히코와 다시 마주치며 기묘한 운명을 느낀다.",2020-05-29,https://image.aladin.co.kr/product/23975/96/coversum/k162639017_1.jpg,국내도서>소설/시/희곡>추리/미스터리소설>일본 추리/미스터리소설
엑스페리먼트,마리오 지오다노,이레,대덕소프트웨어마이스터고등학교,EM00011804,853 지65ㅇ,"2010년 부천국제판타스틱영화제 개막작 [엑스페리먼트] 원작소설. 1971년 스탠포드 대학교, 게임이라 여겼던 14일간의 감옥 체험. 죄수와 간수로 분리된 20여 명의 참가자들. 실험 2일째 사소한 다툼이 벌어지고, 실험 5일째 첫 번째 살인이 발생한다. ""인간이 극한 상황에 놓이면, 강자와 약자가 명확해지지."" 당신의 선택은?",2010-08-12,https://image.aladin.co.kr/product/747/90/coversum/8957091807_1.jpg,국내도서>소설/시/희곡>독일소설
이계만화점 3,강한이,어울림,대덕소프트웨어마이스터고등학교,EM00011809,813.6 강92ㅇ v.3,강한이의 퓨전 판타지 장편소설. 고등학생인 하빈은 집 앞의 버려진 우물에서 만화점으로 이어진 차원의 통로를 발견한다. 만화점(萬貨店). 지구에는 존재하지 않는 온갖 상품을 파는 가게. 마법과 무공도 상품으로 판매되는 그곳에서 실종된 아버지의 흔적을 발견하는 하빈. 아버지를 찾기 위해 만화점의 비밀을 파헤친다.,2010-08-19,https://image.aladin.co.kr/product/760/34/coversum/8964302494_1.jpg,국내도서>소설/시/희곡>판타지/환상문학>한국판타지/환상소설
동화처럼,김경욱,민음사,대덕소프트웨어마이스터고등학교,EM00011822,813.6 김14ㄷ,"오늘의 작가 총서 39권. 주인공인 ‘장미’와 ‘명제’는 대학 시절 동아리에서 알게 되었지만 그때는 서로를 미처 발견하지 못한다. 시간이 흐른 뒤 우연히 다시 만나 사랑에 빠진 이후에는 연애가 주는 경이로움을 만끽하지만, 결혼을 결심한 순간부터 사랑 아닌 다른 이유들로 서로에게 상처를 남긴다.",2021-12-31,https://image.aladin.co.kr/product/28642/24/coversum/8937420600_1.jpg,국내도서>소설/시/희곡>한국소설>2000년대 이후 한국소설
지금이 아니면 언제 ,프리모 레비,노마드북스,대덕소프트웨어마이스터고등학교,EM00011847,883 레48ㅈ,"30주기 기념으로 번역 출간되는 저자의 처음이자 마지막 소설이다. 그가 친구를 통해 들은 이야기를 모티프로 쓰여진 작품으로, 1943년부터 1945년까지 나치와 대항하며 싸웠던 러시아와 폴란드계 유대인들의 유격전을 비롯해 러시아에서 동유럽을 거쳐 밀라노로 도착하는 그들의 긴 여정을 담았다.",2017-04-24,https://image.aladin.co.kr/product/10823/38/coversum/897199813x_1.jpg,국내도서>소설/시/희곡>세계의 소설>이탈리아소설
전우치 2,권오단,산수야,대덕소프트웨어마이스터고등학교,EM00011867,813.6 권65ㅈ v.2,실재 인물인 전우치를 소재로 탁월한 역사적 상상력과 풍부한 사료와 재기 넘치는 한문시의 묘미를 결합시켜 흥미진진한 전우치의 활약상을 들려 주는 역사 소설이다. 전우치의 일대기를 시대적 배경을 바탕으로 짜임새 있게 재구성하여 역사 속 인물 전우치를 만나게 해 준다.,2009-12-18,https://image.aladin.co.kr/product/594/99/coversum/8980971923_1.jpg,국내도서>소설/시/희곡>역사소설>한국 역사소설
난장이가 쏘아올린 작은 공,조세희,이성과 힘,대덕소프트웨어마이스터고등학교,EM00017584,813.6 조53ㄴ c.4,"한국 현대문학의 대표적인 고전으로 평가받는 『난장이가 쏘아올린 작은 공』은 1970년대 난장이로 상징되는 도시 노동자들의 모습을 담고 있다. 개정판에서는 판형과 표지를 새로이 하고, 오늘날의 표기법에 맞게 일부 단어와 문장을 다듬었다.",2024-02-15,https://image.aladin.co.kr/product/33415/76/coversum/8995151226_1.jpg,국내도서>소설/시/희곡>한국소설>2000년대 이전 한국소설
난장이가 쏘아올린 작은 공,조세희,이성과 힘,대덕소프트웨어마이스터고등학교,EM00017586,813.6 조53ㄴ c.6,"한국 현대문학의 대표적인 고전으로 평가받는 『난장이가 쏘아올린 작은 공』은 1970년대 난장이로 상징되는 도시 노동자들의 모습을 담고 있다. 개정판에서는 판형과 표지를 새로이 하고, 오늘날의 표기법에 맞게 일부 단어와 문장을 다듬었다.",2024-02-15,https://image.aladin.co.kr/product/33415/76/coversum/8995151226_1.jpg,국내도서>소설/시/희곡>한국소설>2000년대 이전 한국소설
난장이가 쏘아올린 작은 공,조세희,이성과 힘,대덕소프트웨어마이스터고등학교,EM00017711,813.6 조53ㄴ c.13,"한국 현대문학의 대표적인 고전으로 평가받는 『난장이가 쏘아올린 작은 공』은 1970년대 난장이로 상징되는 도시 노동자들의 모습을 담고 있다. 개정판에서는 판형과 표지를 새로이 하고, 오늘날의 표기법에 맞게 일부 단어와 문장을 다듬었다.",2024-02-15,https://image.aladin.co.kr/product/33415/76/coversum/8995151226_1.jpg,국내도서>소설/시/희곡>한국소설>2000년대 이전 한국소설
난장이가 쏘아올린 작은 공,조세희,이성과 힘,대덕소프트웨어마이스터고등학교,EM00017713,813.6 조53ㄴ c.15,"한국 현대문학의 대표적인 고전으로 평가받는 『난장이가 쏘아올린 작은 공』은 1970년대 난장이로 상징되는 도시 노동자들의 모습을 담고 있다. 개정판에서는 판형과 표지를 새로이 하고, 오늘날의 표기법에 맞게 일부 단어와 문장을 다듬었다.",2024-02-15,https://image.aladin.co.kr/product/33415/76/coversum/8995151226_1.jpg,국내도서>소설/시/희곡>한국소설>2000년대 이전 한국소설
난장이가 쏘아올린 작은 공,조세희,이성과 힘,대덕소프트웨어마이스터고등학교,IT00009531,813.6 조53ㄴ c.22,"한국 현대문학의 대표적인 고전으로 평가받는 『난장이가 쏘아올린 작은 공』은 1970년대 난장이로 상징되는 도시 노동자들의 모습을 담고 있다. 개정판에서는 판형과 표지를 새로이 하고, 오늘날의 표기법에 맞게 일부 단어와 문장을 다듬었다.",2024-02-15,https://image.aladin.co.kr/product/33415/76/coversum/8995151226_1.jpg,국내도서>소설/시/희곡>한국소설>2000년대 이전 한국소설
1984,조지 오웰,민음사,대덕소프트웨어마이스터고등학교,EM00017625,808 세14 v.77 c.3,"민음사에서 조지 오웰 탄생 100주년을 맞아 그의 대표작 <1984>를 새롭게 펴냈다. <1984>는 널리 알려진 바와 같이 전체주의를 비판하는 디스토피아 소설로, 날카로운 풍자와 정치적 함의로 유명하다. '절대 권력은 절대 부패한다'는 명언을 탁월하게 형상화한 작품.",2003-06-16,https://image.aladin.co.kr/product/41/89/coversum/s122531356_2.jpg,국내도서>소설/시/희곡>영미소설
1984,조지 오웰,민음사,대덕소프트웨어마이스터고등학교,EM00017627,808 세14 v.77 c.5,"민음사에서 조지 오웰 탄생 100주년을 맞아 그의 대표작 <1984>를 새롭게 펴냈다. <1984>는 널리 알려진 바와 같이 전체주의를 비판하는 디스토피아 소설로, 날카로운 풍자와 정치적 함의로 유명하다. '절대 권력은 절대 부패한다'는 명언을 탁월하게 형상화한 작품.",2003-06-16,https://image.aladin.co.kr/product/41/89/coversum/s122531356_2.jpg,국내도서>소설/시/희곡>영미소설
1984,조지 오웰,민음사,대덕소프트웨어마이스터고등학교,EM00017632,808 세14 v.77 c.10,"민음사에서 조지 오웰 탄생 100주년을 맞아 그의 대표작 <1984>를 새롭게 펴냈다. <1984>는 널리 알려진 바와 같이 전체주의를 비판하는 디스토피아 소설로, 날카로운 풍자와 정치적 함의로 유명하다. '절대 권력은 절대 부패한다'는 명언을 탁월하게 형상화한 작품.",2003-06-16,https://image.aladin.co.kr/product/41/89/coversum/s122531356_2.jpg,국내도서>소설/시/희곡>영미소설
1984,조지 오웰,민음사,대덕소프트웨어마이스터고등학교,EM00017743,808 세14 v.77 c.15,"민음사에서 조지 오웰 탄생 100주년을 맞아 그의 대표작 <1984>를 새롭게 펴냈다. <1984>는 널리 알려진 바와 같이 전체주의를 비판하는 디스토피아 소설로, 날카로운 풍자와 정치적 함의로 유명하다. '절대 권력은 절대 부패한다'는 명언을 탁월하게 형상화한 작품.",2003-06-16,https://image.aladin.co.kr/product/41/89/coversum/s122531356_2.jpg,국내도서>소설/시/희곡>영미소설
1984,조지 오웰,민음사,대덕소프트웨어마이스터고등학교,EM00017744,808 세14 v.77 c.16,"민음사에서 조지 오웰 탄생 100주년을 맞아 그의 대표작 <1984>를 새롭게 펴냈다. <1984>는 널리 알려진 바와 같이 전체주의를 비판하는 디스토피아 소설로, 날카로운 풍자와 정치적 함의로 유명하다. '절대 권력은 절대 부패한다'는 명언을 탁월하게 형상화한 작품.",2003-06-16,https://image.aladin.co.kr/product/41/89/coversum/s122531356_2.jpg,국내도서>소설/시/희곡>영미소설
미망 1,박완서,문학사상사,대덕소프트웨어마이스터고등학교,EM00005277,813.6 박66ㅁ v.1,"1990년 초판을 출간한 박완서 작가의 장편소설  『미망』(전 3권)이 2024년 민음사에서 새롭게 출간되었다. 『미망』은 총 3권으로 이루어진 흔치 않은 대작으로, 조선 말부터 일제강점기를 지나 한국전쟁 이후 분단에 이르기까지 개성의 한 중인 출신 상인 전처만 집안의 일대기를 다루고 있다.",2024-08-09,https://image.aladin.co.kr/product/34444/56/coversum/8937457407_1.jpg,국내도서>소설/시/희곡>한국소설>2000년대 이전 한국소설
하늘의 눈동자 1  유년편 1,하이타니 겐지로,양철북,대덕소프트웨어마이스터고등학교,EM00005370,833 겐78ㅎ v.1,"인간에 대한 따뜻한 시선으로 우리 시대의 참다운 인간상과 진정한 교육의 의미를 이야기하는 작가, 하이타니 겐지로의 작품으로, 일본에서 TV 드라마로도 제작.방영된 바 있다. 일본에서는 유년편에 이어 주인공 린타로가 중학생이 되며 성장해가는 소년편과 성장편까지 출간되었다.",2005-07-18,https://image.aladin.co.kr/product/57/42/coversum/8990220459_2.jpg,국내도서>소설/시/희곡>일본소설>1950년대 이후 일본소설
하늘의 눈동자 2  유년편 2,하이타니 겐지로,양철북,대덕소프트웨어마이스터고등학교,EM00005509,813.6 겐78ㅎ v.2,,2005-07-18,https://image.aladin.co.kr/product/57/42/coversum/8990220467_2.jpg,국내도서>소설/시/희곡>일본소설>1950년대 이후 일본소설
무기의 그늘  상  1,황석영,창작과비평사,대덕소프트웨어마이스터고등학교,EM00005605,813.6 황53ㅁ v.1,,,,
오 자히르,파울로 코엘료,문학동네,대덕소프트웨어마이스터고등학교,EM00005612,879 코64ㅇ,"<연금술사>, <베로니카 죽기로 결심하다>의 작가 파울로 코엘료의 2005년 최신작 <오 자히르>가 출간됐다. 이란에서 하루에 8만5천 부가 팔려나갔으며, 프랑스에서는 1주일 만에 베스트셀러 1위에 올랐고, 이탈리아에서 출간 1개월 만에 42만 부의 판매고를 기록한 화제작이다. '소유하고 싶고 자유롭고 싶다'-사랑의 두 얼굴을 빛나는 성찰로 그려낸 소설.",2005-07-11,https://image.aladin.co.kr/product/57/26/coversum/8982819991_2.jpg,국내도서>소설/시/희곡>스페인/중남미소설
나를 찾아 떠나는 여행 1,쌩떽쥐뻬리,움직이는책,대덕소프트웨어마이스터고등학교,EM00005838,863 생883ㄴ v.1,,,,
결혼은  미친 짓이다,이만교,민음사,대덕소프트웨어마이스터고등학교,EM00005981,813.6 이32ㄱ,"2000년 24회 '오늘의 작가상'을 수상한 이만교의 장편소설. 제목처럼, 우리 사회의 '사랑' 또는 '결혼'이라는 개념 속에 감추어져 있는 위선과 위악을 파헤치려 한 소설이다. 주인공들은 사회적 관습에서 일탈한 연인들이고, 그들 사이의 솔직하고 적나라한 대사에서 위선에 찬 도덕론과 결혼 풍습의 함의가 드러난다.",2005-10-01,https://image.aladin.co.kr/product/59/27/coversum/8937420287_1.jpg,국내도서>소설/시/희곡>한국소설>2000년대 이전 한국소설
노르웨이의 숲,무라카미하루키,민음사,대덕소프트웨어마이스터고등학교,IT00009877,833.6 무292ㄴ c.2,"페이지를 처음 펼치는 오늘의 젊음들에게, 그리고 오랜 기억 속에 책의 한 구절을 간직하고 있는 어제의 젊음들에게, 한결같은 울림으로 예민하고 섬세한 청춘의 감성을 전하며 영원한 필독서로 사랑받고 있는 무라카미 하루키의 대표작이다.",2017-08-07,https://image.aladin.co.kr/product/11561/49/coversum/8937434482_1.jpg,국내도서>소설/시/희곡>일본소설>1950년대 이후 일본소설
노르웨이의 숲,무라카미하루키,민음사,대덕소프트웨어마이스터고등학교,IT00009878,833.6 무292ㄴ c.3,"페이지를 처음 펼치는 오늘의 젊음들에게, 그리고 오랜 기억 속에 책의 한 구절을 간직하고 있는 어제의 젊음들에게, 한결같은 울림으로 예민하고 섬세한 청춘의 감성을 전하며 영원한 필독서로 사랑받고 있는 무라카미 하루키의 대표작이다.",2017-08-07,https://image.aladin.co.kr/product/11561/49/coversum/8937434482_1.jpg,국내도서>소설/시/희곡>일본소설>1950년대 이후 일본소설
노르웨이의 숲,무라카미하루키,민음사,대덕소프트웨어마이스터고등학교,IT00009047,833.6 무292ㄴ,"페이지를 처음 펼치는 오늘의 젊음들에게, 그리고 오랜 기억 속에 책의 한 구절을 간직하고 있는 어제의 젊음들에게, 한결같은 울림으로 예민하고 섬세한 청춘의 감성을 전하며 영원한 필독서로 사랑받고 있는 무라카미 하루키의 대표작이다.",2017-08-07,https://image.aladin.co.kr/product/11561/49/coversum/8937434482_1.jpg,국내도서>소설/시/희곡>일본소설>1950년대 이후 일본소설
천년의 금서,김진명,새움,대덕소프트웨어마이스터고등학교,EM00010190,813.6 김78ㅊ c.2,"무궁화꽃이 피었습니다, 한반도 작가 김진명 장편소설. 고대사 문제를 새롭게 조명한 작품이다. 핵융합 발전의 획기적인 발전을 주도했던 ETER의 물리학자 이정서는 대통령의 초청으로 프랑스에서 귀국한다. 그는 대통령 초청만찬에서 공적을 치하 받지만 기쁨도 잠시, 며칠 후 친구의 충격적인 죽음을 접하게 된다.",2023-01-16,https://image.aladin.co.kr/product/30835/98/coversum/k972831378_1.jpg,국내도서>소설/시/희곡>한국소설>2000년대 이후 한국소설
녹두장군  6 6,송기숙,시대의창출판사,대덕소프트웨어마이스터고등학교,EM00010070,813.6 송18ㄴ v.6,,2008-07-10,https://image.aladin.co.kr/product/232/22/coversum/895940117x_1.jpg,국내도서>소설/시/희곡>역사소설>한국 역사소설
녹두장군  7 7,송기숙,시대의창출판사,대덕소프트웨어마이스터고등학교,EM00010071,813.6 송18ㄴ v.7,,2008-07-10,https://image.aladin.co.kr/product/232/22/coversum/8959401188_1.jpg,국내도서>소설/시/희곡>역사소설>한국 역사소설
스밀라의 눈에 대한 감각,페터 회,마음산책,대덕소프트웨어마이스터고등학교,EM00006065,859.81 회894ㅅ,"<스밀라의 눈에 대한 감각>은 1992년 덴마크어로 출간된 이래 전세계 33개국에 번역되어 세계적인 반향을 불러일으킨 작품이다. 덴마크 올해의 작가상(1992), 덴마크 비평가상(1993), 전국 서점 협회 황금면류관상(1993), 전영 추리작가 협회 실버대거상(1994), 독일 추리 협회상(1995), 이탈리아 방카렐라상(1995) 등을 수상했으며 1993년에는 '타임'지 '올해의 책'으로 선정되기도 했다.",2005-08-10,https://image.aladin.co.kr/product/57/81/coversum/8989351731_3.jpg,국내도서>소설/시/희곡>추리/미스터리소설>기타국가 추리/미스터리소설
바깥은 여름,김애란,문학동네,대덕소프트웨어마이스터고등학교,IT00009839,813.7 김63ㅂ c.3,비행운 이후 5년 만에 펴내는 김애란 소설집. 역대 최연소 수상으로 화제를 모은 이상문학상 수상작 '침묵의 미래'와 젊은작가상 수상작 '어디로 가고 싶으신가요'를 포함해 일곱 편의 단편이 실렸다.,2017-06-28,https://image.aladin.co.kr/product/11145/47/coversum/s532932793_1.jpg,국내도서>소설/시/희곡>한국소설>2000년대 이후 한국소설
바깥은 여름,김애란,문학동네,대덕소프트웨어마이스터고등학교,IT00009843,813.7 김63ㅂ c.7,비행운 이후 5년 만에 펴내는 김애란 소설집. 역대 최연소 수상으로 화제를 모은 이상문학상 수상작 '침묵의 미래'와 젊은작가상 수상작 '어디로 가고 싶으신가요'를 포함해 일곱 편의 단편이 실렸다.,2017-06-28,https://image.aladin.co.kr/product/11145/47/coversum/s532932793_1.jpg,국내도서>소설/시/희곡>한국소설>2000년대 이후 한국소설
바깥은 여름,김애란,문학동네,대덕소프트웨어마이스터고등학교,IT00009845,813.7 김63ㅂ c.9,비행운 이후 5년 만에 펴내는 김애란 소설집. 역대 최연소 수상으로 화제를 모은 이상문학상 수상작 '침묵의 미래'와 젊은작가상 수상작 '어디로 가고 싶으신가요'를 포함해 일곱 편의 단편이 실렸다.,2017-06-28,https://image.aladin.co.kr/product/11145/47/coversum/s532932793_1.jpg,국내도서>소설/시/희곡>한국소설>2000년대 이후 한국소설
바깥은 여름,김애란,문학동네,대덕소프트웨어마이스터고등학교,IT00009855,813.7 김63ㅂ c.19,비행운 이후 5년 만에 펴내는 김애란 소설집. 역대 최연소 수상으로 화제를 모은 이상문학상 수상작 '침묵의 미래'와 젊은작가상 수상작 '어디로 가고 싶으신가요'를 포함해 일곱 편의 단편이 실렸다.,2017-06-28,https://image.aladin.co.kr/product/11145/47/coversum/s532932793_1.jpg,국내도서>소설/시/희곡>한국소설>2000년대 이후 한국소설
바깥은 여름,김애란,문학동네,대덕소프트웨어마이스터고등학교,IT00009857,813.7 김63ㅂ c.21,비행운 이후 5년 만에 펴내는 김애란 소설집. 역대 최연소 수상으로 화제를 모은 이상문학상 수상작 '침묵의 미래'와 젊은작가상 수상작 '어디로 가고 싶으신가요'를 포함해 일곱 편의 단편이 실렸다.,2017-06-28,https://image.aladin.co.kr/product/11145/47/coversum/s532932793_1.jpg,국내도서>소설/시/희곡>한국소설>2000년대 이후 한국소설
바깥은 여름,김애란,문학동네,대덕소프트웨어마이스터고등학교,IT00006550,813.7 김63ㅂ,비행운 이후 5년 만에 펴내는 김애란 소설집. 역대 최연소 수상으로 화제를 모은 이상문학상 수상작 '침묵의 미래'와 젊은작가상 수상작 '어디로 가고 싶으신가요'를 포함해 일곱 편의 단편이 실렸다.,2017-06-28,https://image.aladin.co.kr/product/11145/47/coversum/s532932793_1.jpg,국내도서>소설/시/희곡>한국소설>2000년대 이후 한국소설
82년생 김지영,조남주,민음사,대덕소프트웨어마이스터고등학교,IT00007297,813.7 조192ㅍ c.2,오늘의 젊은 작가 13권. 조남주 장편소설. 시사 교양 프로그램에서 10년 동안 일한 방송 작가답게 서민들의 일상에서 발생하는 비극을 사실적이고 공감대 높은 스토리로 표현하는 데 특출 난 재능을 보이는 작가는 82년생 김지영에서 30대를 살고 있는 한국 여성들의 보편적인 일상을 완벽하게 재현한다.,2016-10-14,https://image.aladin.co.kr/product/9476/48/coversum/8937473135_1.jpg,국내도서>소설/시/희곡>한국소설>2000년대 이후 한국소설
돼지가 한 마리도 죽지 않던 날,로버트 뉴턴 펙,사계절출판사,대덕소프트웨어마이스터고등학교,IT00006563,843 펙295ㄷ,욜로욜로 시리즈. 우연히 옆집 태너 아저씨네 소 '행주치마'가 새끼를 낳으려는 걸 본 로버트는 행주치마의 출산을 돕고 목에 걸린 혹까지 떼어내 준다. 그 대가로 태너 아저씨한테서 새끼 돼지 핑키를 선물받는다. 처음으로 자기만의 돼지를 갖게 된 로버트는 핑키를 자식처럼 동생처럼 살갑게 돌보기 시작한다.,2017-07-03,https://image.aladin.co.kr/product/11281/48/coversum/k432531890_1.jpg,국내도서>소설/시/희곡>영미소설
아내가 결혼했다,박현욱,문이당,대덕소프트웨어마이스터고등학교,EM00010032,813.6 박94ㅇ c.3,문학동네 한국문학 전집 시리즈 18권. 제2회 세계문학상 수상작. 2008년 정윤수 감독에 의해 동명의 제목으로 영화화되면서 다시 한번 ‘아내가 결혼했다’라는 논쟁적 주제에 대한 사회적 관심을 이끌어내기도 했다.,2014-01-15,https://image.aladin.co.kr/product/3539/52/coversum/8954623409_1.jpg,국내도서>소설/시/희곡>한국소설>2000년대 이후 한국소설
웨하스,하성란,문학동네,대덕소프트웨어마이스터고등학교,EM00003367,813.6 하54ㅇ,"올해로 등단한 지 꼭 십 년이 되는 하성란의 네 번째 소설집 <웨하스>가 출간됐다. <푸른수염의 첫번째 아내> 이후 4년 만이다.  2004년 이수문학상 수상작인 '강의 백일몽'을 비롯, 2002년부터 발표한 작품들을 모았다. 수록된 열한 편의 소설은 주변적 현실과 일상의 환부를 원숙하고 세련된 솜씨로 짚어낸다.",2006-08-31,https://image.aladin.co.kr/product/68/36/coversum/8954602096_1.jpg,국내도서>소설/시/희곡>한국소설>2000년대 이후 한국소설
시간 여행자의 아내 1,오드리 니페네거,미토스북스,대덕소프트웨어마이스터고등학교,EM00003368,843 니894ㅅ v.1,"뛰어난 재능을 가진 화가이자 소설 한 편으로 세계적인 작가로 급부상한 작가 오드리 니페네거의 데뷔작. '시간 여행'이라는 초현실적 판타지와 독창적인 러브스토리가 결합된 소설로, '시간 여행 유전자'를 지닌 주인공 헨리가 시간여행을 하게 되면서 과거, 현재, 미래를 관통하게 되는 한 편의 대서사시이다.",2009-08-17,https://image.aladin.co.kr/product/441/0/coversum/8952212290_2.jpg,국내도서>소설/시/희곡>영미소설
고등어,공지영,웅진,대덕소프트웨어마이스터고등학교,EM00003480,813.6 공78ㄱ,"1994년 첫 출간된 공지영의 장편소설. 같은 해 출간된 작가의 소설집 인간에 대한 예의, 한 해 앞서 출간된 장편소설 무소의 뿔처럼 혼자서 가라와 함께 동시에 베스트셀러 목록에 오르며 당시 문단뿐만 아니라 사회적으로도 신선한 충격을 안겨준 작품이다.",2017-09-10,https://image.aladin.co.kr/product/11789/67/coversum/8965745780_1.jpg,국내도서>소설/시/희곡>한국소설>2000년대 이전 한국소설
삼국지 3 3,나관중,민음사,대덕소프트웨어마이스터고등학교,EM00003875,823.5 나15ㅅ v.3,"1988년 출간된 이래 누적판매 2,000만 부라는 대기록을 세운 이문열 삼국지가 출간 30여 년 만에 새롭게 출간된다. 이번 개정 신판에서는 지난 30년간 독자들에게서 받은 질문과 평역자 자신이 계속하여 고민하였던 내용들을 새롭게 손보았다.",2020-03-25,https://image.aladin.co.kr/product/23379/41/coversum/8925568810_1.jpg,국내도서>소설/시/희곡>역사소설>외국 역사소설
삼국지 6 6,나관중,민음사,대덕소프트웨어마이스터고등학교,EM00007488,823.5 나15ㅅ v.6 c.2,"우리 시대 최고의 작가 황석영이 우리말로 옮긴 정역 『삼국지』를 새로운 장정으로 다시 선보인다. 명실상부하게 가장 믿을 만한 원본, 정확하고 생동감 넘치는 글맛, 고전의 참맛을 느낄 수 있는 210수의 한시, 중국 인물화의 대가 왕훙시가 그린 컬러삽화 150여장을 수록하여 사랑받았다.",2020-12-21,https://image.aladin.co.kr/product/25890/73/coversum/8936432915_1.jpg,국내도서>소설/시/희곡>역사소설>외국 역사소설
        삼국지 8  솥발처럼 갈라선 천하,나관중,민음사,대덕소프트웨어마이스터고등학교,EM00003880,823.5 나15ㅅ v.8,,2020-03-25,https://image.aladin.co.kr/product/23379/49/coversum/892556887x_1.jpg,국내도서>소설/시/희곡>역사소설>외국 역사소설
        삼국지 9  출사표     ,나관중,민음사,대덕소프트웨어마이스터고등학교,EM00003882,823.5 나15ㅅ v.9,,2020-03-25,https://image.aladin.co.kr/product/23379/49/coversum/8925568888_2.jpg,국내도서>소설/시/희곡>역사소설>외국 역사소설
내 영혼이 따뜻했던 날들,포리스트 카터,아름드리,대덕소프트웨어마이스터고등학교,EM00010584,843.6 카884ㄴ c.4,"포리스트 카터의 자전적인 소설로, 이야기는 주인공인 '작은나무'가 홀어머니의 죽음으로 조부모와 함께 살게 되는 것으로 시작한다. 체로키족인 할아버지, 할머니와 함께 산 속 오두막에 살면서 '작은나무'는 산사람으로, 또 인디언으로 자연과 더불어 살아가면서 자연의 이치로 세상을 보고 판단하는 지혜를 배워간다.",2014-05-30,https://image.aladin.co.kr/product/19025/43/coversum/8955824955_1.jpg,국내도서>소설/시/희곡>영미소설
창룡전 3  용의 반격,다나카요시키,서울문화사,대덕소프트웨어마이스터고등학교,EM00004165,833.6 다192ㅊ v.3,,2002-09-12,https://image.aladin.co.kr/product/38/93/coversum/8953295602_1.gif,국내도서>소설/시/희곡>판타지/환상문학>외국판타지/환상소설
 체 게바라의 빙산,아리엘 도르프만,창비,대덕소프트웨어마이스터고등학교,EM00004349,843 도297ㅂ,"칠레 출신의 세계적 작가 아리엘 도르프만의 신작 장편소설. 삐노체뜨 실각 이후를 배경으로, 혁명 2세대의 눈에 비친 칠레 현실과 나아갈 방향을 그린 작품이다.",2004-08-18,https://image.aladin.co.kr/product/51/4/coversum/8936470949_1.gif,국내도서>소설/시/희곡>스페인/중남미소설
칵테일  러브  좀비,조예은,안전가옥,대덕소프트웨어마이스터고등학교,EM00019799,813.7 조64ㅋ,,2020-04-13,https://image.aladin.co.kr/product/29543/72/coversum/k502837053_1.jpg,국내도서>소설/시/희곡>판타지/환상문학>한국판타지/환상소설
애린 왕자,앙투안 드 생텍쥐페리,이팝,대덕소프트웨어마이스터고등학교,EM00019800,863 생884애,"사투리로 재해석한 애린 왕자는 언어 실험의 일환으로 세월에 엷어지는 동심을 소환하는 새로운 형식을 보여준다. 원작의 감동을 전달하기 위해 언어 너머 프랑스어와 영어, 표준어를 거쳐 오롯이 경상도 사투리로 원문을 담았다.",2021-01-05,https://image.aladin.co.kr/product/26016/89/coversum/k062737858_1.jpg,국내도서>소설/시/희곡>프랑스소설
붉은 궁,허주은,시공사,대덕소프트웨어마이스터고등학교,EM00019990,843 허76ㅂ,"《사라진 소녀들의 숲》을 통해 한국 독자들에게 강렬한 인상을 준 허주은 작가가 2023년 에드거 앨런 포 수상작 《붉은 궁》으로 돌아왔다. 조선시대 영조 치하의 궁궐을 배경으로 한 이번 작품은 더욱 깊어진 정치적 음모에 한층 더 풍부해진 서스펜스로, 살인 사건에 몰입하여 추리할 수 있도록 한다.",2023-10-25,https://image.aladin.co.kr/product/32649/58/coversum/k222935657_1.jpg,국내도서>소설/시/희곡>추리/미스터리소설>기타국가 추리/미스터리소설
피를 마시는 새 6  빗속을 걷는 레콘,이영도,황금가지,대덕소프트웨어마이스터고등학교,EM00020134,813.7 이64ㅍ v.6,,2005-07-15,https://image.aladin.co.kr/product/57/33/coversum/8982739378_3.jpg,국내도서>소설/시/희곡>판타지/환상문학>한국판타지/환상소설
피를 마시는 새 1  황제 사냥꾼,이영도,황금가지,대덕소프트웨어마이스터고등학교,EM00020139,813.7 이64ㅍ v.1,"한국 판타지소설의 대표 작가 이영도의 신작이 출간됐다. <눈물을 마시는 새>의 이야기로부터 50년의 세월이 지난 후, 절대 권력과 자유 의지 간의 치열한 투쟁이 다시 시작된다. 특유의 유려한 글솜씨와 치밀한 주제의식, 자유로운 상상력이 돋보이는 대작이다. 전8권, 7월 15일 완간 예정.",2005-07-08,https://image.aladin.co.kr/product/57/24/coversum/8982739327_2.jpg,국내도서>소설/시/희곡>판타지/환상문학>한국판타지/환상소설
마녀와의 7일,히가시노 게이고,현대문학,대덕소프트웨어마이스터고등학교,EM00020322,833.6 히12ㅁ,I의 감시 체제가 강화된 가까운 미래를 무대로 ‘라플라스의 마녀’ 마도카와 함께 아버지의 죽음을 좇는 소년의 모험과 사건의 진상을 추적하는 형사의 활약상을 담은 작품이다. ‘AI’라는 소재를 전면에 내세우며 한층 거대하면서도 현실에 밀착된 시의성 있는 이야기를 선보인다.,2024-06-25,https://image.aladin.co.kr/product/34193/64/coversum/k642931316_1.jpg,국내도서>소설/시/희곡>추리/미스터리소설>일본 추리/미스터리소설
모방범 1,미야베 미유키,문학동네,대덕소프트웨어마이스터고등학교,EM00020333,833.6 미63ㅁ v.1,"'블랙펜 클럽' 25권. 이유, 이코, 용은 잠들다의 작가 미야베 미유키의 최고작이자 일본 추리소설계의 전설과도 같은 작품이다. 일본에서 2001년 출간되어 추리소설로서는 경이적인 판매고를 기록했으며, 마이니치 출판문화상 등 6개 상을 석권하면서 대중성과 작품성을 동시에 인정 받았다. 2002년에는 원작의 인기를 바탕으로 영화화되기도 했다.",2012-03-09,https://image.aladin.co.kr/product/1572/21/coversum/8954617719_1.jpg,국내도서>소설/시/희곡>추리/미스터리소설>일본 추리/미스터리소설
바다가 들리는 편의점,마치다 소노코,모모,대덕소프트웨어마이스터고등학교,EM00020341,833.6 마86ㅂ,"24시간 불이 꺼지지 않는 일상적 공간인 편의점을 무대로 나이, 성별, 취향, 사연, 그리고 편의점을 찾는 목적까지 제각각인 손님들과 범상치 않은 직원들이 만들어 가는 따뜻하고 감동적인 작품이다. 장별로 다른 테마와 인물이 등장하는 옴니버스 형식이다.",2023-03-24,https://image.aladin.co.kr/product/31399/67/coversum/k452832203_1.jpg,국내도서>소설/시/희곡>일본소설>1950년대 이후 일본소설
이름 없는 여자의 여덟 가지 인생,이미리내,위즈덤하우스,대덕소프트웨어마이스터고등학교,EM00020435,843.6 이38ㅇ c.2,"한 요양원의 치매 환자 구역에 흙을 먹는 걸로 악명 높은 노인, ‘묵 할머니’가 입원해 있다. 묵 할머니는 요양사에게 부고를 써달라고 부탁하면서, 자신의 인생을 요약하는 “여덟 단어”를 들려준다.",2024-07-16,https://image.aladin.co.kr/product/34316/99/coversum/k862932578_1.jpg,국내도서>소설/시/희곡>역사소설>외국 역사소설
잔류 인구,엘리자베스 문,푸른숲,대덕소프트웨어마이스터고등학교,EM00020447,843.6 문64ㅈ,"쓸모없음, 가치 없음의 시선을 기꺼이 부수고 스스로 ‘잔류 인구’가 된, 70대 여성 노인의 행성 생존기를 다룬다. 세계 주요 SF문학상인 로커스상, 휴고상, 제임스 팁트리 주니어상 최종 후보작으로 올랐던 화제작이다.",2021-10-27,https://image.aladin.co.kr/product/28204/3/coversum/k352835078_1.jpg,국내도서>소설/시/희곡>과학소설(SF)>외국 과학소설
 경성 제일 끽다점 카카듀,박서련,안온,대덕소프트웨어마이스터고등학교,EM00020480,813.7 박54ㅋ,"일제강점기의 엄혹한 현실을 살아낸 청년들이 건네는 뜨거운 안부다. “어떻게 살아야 할지 모르겠”고, “어떻게 살아도 엉망진창일 것만 같”으며 “끝까지 조금도 바뀌지 않을 것 같”은 세상을 과연 무엇으로 견뎌냈는지, 또한 지금 우리는 어떻게 견뎌내야 할는지 일러주는 대화다.",2024-03-13,https://image.aladin.co.kr/product/33613/57/coversum/k692939915_2.jpg,국내도서>소설/시/희곡>역사소설>한국 역사소설
퀸의 대각선 2,베르나르 베르베르,열린책들,대덕소프트웨어마이스터고등학교,EM00020487,863 베297ㅋ v.2,"베르나르 베르베르가 신작 소설 『퀸의 대각선』으로 돌아왔다. 개인의 뛰어난 역량이 인류 진보의 원동력이라고 믿는 모니카와, 함께 뭉친 집단이 역사를 움직인다고 믿는 니콜, 두 여성이 국제 정치 무대에서 격돌하면서 벌어지는 일을 다룬 작품이다.",2024-06-25,https://image.aladin.co.kr/product/34121/43/coversum/8932924406_1.jpg,국내도서>소설/시/희곡>프랑스소설
태고의 시간들,올가 토카르축,은행나무,대덕소프트웨어마이스터고등학교,EM00020489,892.95 토872ㅌ,"2018년 맨부커상 인터내셔널 부문 수상작가 올가 토카르축의 대표작. 폴란드의 국민 작가 반열에 오른 토카르축의 장편소설이 국내에 번역.출간된 것은 처음이다. 폴란드의 한 마을 '태고'를 배경으로 하고 있으며, 40대 이전의 작가들에게 수여하는 유서 깊은 문학상인 코시치엘스키 문학상을 수상했다.",2019-01-25,https://image.aladin.co.kr/product/17978/76/coversum/s952636994_1.jpg,국내도서>소설/시/희곡>세계의 소설>동유럽소설
대온실 수리 보고서,김금희,창비,대덕소프트웨어마이스터고등학교,EM00020747,813.7 김17ㄷ,"마음에 이는 무늬를 섬세하게 수놓으며 이야기의 아름다움을 증명해온 소설가 김금희가 장편소설 『대온실 수리 보고서』를 선보인다. 이 작품은 동양 최대의 유리온실이었던 창경궁 대온실을 배경으로, 그 안에 숨어 있는 가슴 저릿한 비밀과 인간에 대한 믿음을 저버리지 않으려는 신념을 감동적으로 보여준다.",2024-10-04,https://image.aladin.co.kr/product/34712/24/coversum/8936439650_2.jpg,국내도서>소설/시/희곡>한국소설>2000년대 이후 한국소설
우연은 비켜 가지 않는다,줄리언 반스,다산책방,대덕소프트웨어마이스터고등학교,EM00020773,843 반57ㅇ,『예감은 틀리지 않는다』로 맨부커상을 수상한 줄리언 반스의 신작 장편소설 『우연은 비켜 가지 않는다』가 다산책방에서 번역 출간되었다. 『연애의 기억』 이후 국내에 6년 만에 선보이는 줄리언 반스의 작품으로 “이것이 줄리언 반스다”라는 극찬과 함께 다시 한번 그만이 가능한 독보적인 이야기로 문학적 성취를 거두었음을 증명했다.,2024-09-02,https://image.aladin.co.kr/product/34625/43/coversum/k292933484_1.jpg,국내도서>소설/시/희곡>영미소설
양심 고백,김동식,요다,대덕소프트웨어마이스터고등학교,EM00020795,813.7 김25ㅇ c.2,김동식 소설집 4권. 2018년 출판계를 강타한 소설 회색 인간 작가 김동식의 단편 소설집. 김동식 작가가 2년간 쏟아낸 400여 편의 이야기 가운데 경쟁과 물신 풍조가 팽배한 현대 사회의 딜레마를 보여주는 26편의 이야기를 실었다.,2018-04-05,https://image.aladin.co.kr/product/13920/16/coversum/k642532522_1.jpg,국내도서>소설/시/희곡>한국소설>2000년대 이후 한국소설
밸런스 게임,김동식,요다,대덕소프트웨어마이스터고등학교,EM00020806,813.7 김25ㅂ c.2,"『회색 인간』으로 데뷔하여 한국 문단에 큰 충격을 주었던 김동식의 신작 소설집. ‘김동식 소설집’ 대장정의 막을 내리는 9, 10권을 동시 출간했다. 그중에서도 ‘김동식 소설집’ 10권 『밸런스 게임』은 김동식 작가의 특장점인 사고실험을 통해 극한의 상황에 놓인 인간의 딜레마를 보여준다. 기발한 상상력, 허를 찌르는 결말, 술술 읽히는 초단편 ‘김동식 소설’의 정수를 담은 완결판이다.",2021-03-10,https://image.aladin.co.kr/product/26567/30/coversum/k372738035_1.jpg,국내도서>소설/시/희곡>과학소설(SF)>한국 과학소설
제7일,위화,푸른숲,대덕소프트웨어마이스터고등학교,EM00020817,823.7 위95ㅈ,허삼관 매혈기로 한국 독자들에게 중국 소설의 매력을 흠뻑 전해준 작가 위화의 장편소설. '기차가 낳은 아이' 양페이가 불의의 사고로 죽고 나서 7일 동안 연옥에서 이승의 인연들을 만나 그동안의 앙금도 풀고 사랑을 재확인하는 과정이 담겨 있다.,2013-08-26,https://image.aladin.co.kr/product/3028/26/coversum/8971846968_3.jpg,국내도서>소설/시/희곡>중국소설
허삼관 매혈기,위화,푸른숲,대덕소프트웨어마이스터고등학교,EM00020818,823.7 위95ㅎ,전 세계인의 마음을 울린 위대한 작가 위화. 등단 40주년 기념 《인생》 《허삼관 매혈기》 개정판 출간! 현대 고전의 반열에 오른 ‘삶’이 계속되는 한 영원히 유효한 이야기.,2023-09-12,https://image.aladin.co.kr/product/32401/56/coversum/k192935989_1.jpg,국내도서>소설/시/희곡>중국소설
 연인  서태후,펄 S. 벅,길산,대덕소프트웨어마이스터고등학교,EM00009879,843 벅894ㅅ,,2015-02-02,https://image.aladin.co.kr/product/5300/1/coversum/8991291406_1.jpg,국내도서>소설/시/희곡>역사소설>외국 역사소설
차가운 피부,알베르트 산체스 피뇰,들녘,대덕소프트웨어마이스터고등학교,EM00009931,873 피195ㅊ,알베르트 산체스 피뇰은 스페인 바르셀로나 출신의 문화인류학자이자 작가이다. 첫 소설 차가운 피부(2002)는 카탈루냐어로 쓰인 소설로는 드물게도 스페인어로 번역되어 2년 남짓한 기간 동안 3만 부가 판매되는 예외적인 성과를 올렸다.,2017-10-23,https://image.aladin.co.kr/product/12032/25/coversum/k832531048_2.jpg,국내도서>소설/시/희곡>스페인/중남미소설
남북 1,김경진,들녘,대덕소프트웨어마이스터고등학교,EM00009945,813.6 김14ㄴ v.1,「동해」 「데프콘」등 일련의 가상 전쟁 소설로 이름을 높혔던 김경진의 최신작은 납북한 사이의 전면전을 다루고 있다. 어디까지나 가상일뿐 실제 일어나서는 안될 일이 바로 전쟁이다. 소설 <남북>은 정교한 스토리와 해박한 전문지식의 힘을 얻어 박진감 넘치는 드라마로 선보인다.,1999-05-15,https://image.aladin.co.kr/product/19/23/coversum/8975271234_1.jpg,국내도서>소설/시/희곡>한국소설>2000년대 이전 한국소설
연화,안나바오베이,이룸,대덕소프트웨어마이스터고등학교,EM00010019,823.7 안192ㅇ,,,,
녹두장군  5 5,송기숙,시대의창출판사,대덕소프트웨어마이스터고등학교,EM00010069,813.6 송18ㄴ v.5,,2008-07-10,https://image.aladin.co.kr/product/232/22/coversum/8959401161_1.jpg,국내도서>소설/시/희곡>역사소설>한국 역사소설
녹두장군  10 10,송기숙,시대의창출판사,대덕소프트웨어마이스터고등학교,EM00010074,813.6 송18ㄴ v.10,,2008-07-10,https://image.aladin.co.kr/product/232/23/coversum/8959401218_1.jpg,국내도서>소설/시/희곡>역사소설>한국 역사소설
랑월,박현주,모두의책협동조합,대덕소프트웨어마이스터고등학교,EM00019761,813.7 박94ㄹ,"일제강점기를 견뎌내고 민주주의 국가를 꿈꾸었던 사람들의 비극적이고 처절한 삶의 모습을 그려내고, 그들의 아름다운 꿈과 열정을 생생하게 표현하는 책. 전 지역에서 이름 없이 사라진 독립운동가들과 해방 후 건국운동가들의 삶을 소설로 복원하고 그들의 희생과 진실을 알리고 있다.",2021-12-10,https://image.aladin.co.kr/product/28463/96/coversum/k422835825_1.jpg,국내도서>소설/시/희곡>한국소설>2000년대 이후 한국소설
죽음은 언제나 당신과 함께,정보라,퍼플레인,대덕소프트웨어마이스터고등학교,EM00019790,813.7 정45죽,2022 부커상 국제 부문 최종후보에 이어 한국인 최초로 2023 전미도서상 최종후보에 오른 《저주토끼》의 작가 정보라의 신작이 출간되었다. 퍼플레인에서 펴낸 ‘정보라 환상문학 단편선’ 시리즈의 두 번째 책이다. 현대를 배경으로 펼쳐지는 욕망과 두려움의 세계를 다룬 초기작 열 편을 공들여 선별했다.,2023-11-11,https://image.aladin.co.kr/product/32757/91/coversum/k352936189_2.jpg,국내도서>소설/시/희곡>판타지/환상문학>한국판타지/환상소설
동이 1,정재인,MBC프로덕션,대덕소프트웨어마이스터고등학교,EM00010951,813.6 정73ㄷ v.1,"MBC 창사 49주년 특별기획 드라마 [동이]의 원작소설. 숙종 시대를 살피면서 외면되어온 중요한 한 여인이 있다. 숙빈최씨, 소설 속 '동이'가 빠져있는 것이다. 숙빈최씨는 영조를 낳은 생모다. 천인의 자식으로 태어나 장악원 무수리를 거쳐 감찰궁녀가 되기까지 혹독한 자신의 운명을 굳세게 헤쳐 나아가는 '동이' 숙빈최씨의 모습을 그린다.",2010-03-02,https://image.aladin.co.kr/product/651/47/coversum/8993866139_1.jpg,국내도서>소설/시/희곡>역사소설>한국 역사소설
그리스인 조르바,니코스 카잔차키스,열린책들,대덕소프트웨어마이스터고등학교,EM00011115,892.1 카72ㄱ,노벨 문학상 후보에 두 번이나 오르며 그리스 문학을 세계적으로 알리는 데 큰 기여를 한 니코스 카잔차키스의 대표작. 호쾌하고 농탕한 자유인 조르바가 펼치는 영혼의 투쟁을 풍부한 상상력으로 그려냈다. 조르바는 실존 인물로서 작가는 그를 힌두교도들의 '구루(사부)'와 수도승들의 '아버지'에 빗대었다.,2009-12-20,https://image.aladin.co.kr/product/603/79/coversum/8932909342_1.jpg,국내도서>소설/시/희곡>세계의 소설>기타 국가 소설
 엘리자베스 1세  여왕의 연인 1,필리파 그레고리,현대문화센타,대덕소프트웨어마이스터고등학교,EM00011164,843 그294ㅇ v.1,,2010-02-25,https://image.aladin.co.kr/product/651/88/coversum/8974283697_1.jpg,국내도서>소설/시/희곡>영미소설
소울 아프리카,조세프 케셀,서교출판사,대덕소프트웨어마이스터고등학교,EM00011320,863 케54ㅅ,"프랑스 최고 문학상인 '아카데미 프랑세스 상'을 수상한 조세프 케셀의 대표작. 작가가 아프리카 오지 곳곳을 여행하면서 겪었던 일들을 소재로 한 작품이다. 소설가 겸 신문기자, 리포터로 평생 글을 쓰며 살았던 작가는 야생동물들의 낙원 '암보셀리국립공원'에서 살아가는 한 가족의 모습과 심리상태를 세밀하게 묘사한다.",2009-09-02,https://image.aladin.co.kr/product/451/69/coversum/8988027787_1.jpg,국내도서>소설/시/희곡>프랑스소설
우리가 빛의 속도로 갈 수 없다면,김초엽,허블,대덕소프트웨어마이스터고등학교,IT00010737,813.7 김84ㅇ c.2,"2017년 '관내분실'과 '우리가 빛의 속도로 갈 수 없다면'으로 제2회 한국과학문학상 중단편 대상과 가작을 수상하며 작품 활동을 시작한 김초엽 작품집. '순례자들은 왜 돌아오지 않는가', '스펙트럼', '공생가설', '우리가 빛의 속도로 갈 수 없다면', '감정의 물성', '관내분실', '나의 우주 영웅에 관하여'가 수록되었다.",2019-06-24,https://image.aladin.co.kr/product/19359/16/coversum/s722039767_1.jpg,국내도서>소설/시/희곡>과학소설(SF)>한국 과학소설
다시 그 강가에 서다,제프 탈라리고,소수출판사,대덕소프트웨어마이스터고등학교,EM00011345,843 탈292ㄷ,"이국 작가가 그린 우리 이야기. 천국의 국경, 두만강 유역에서 벌어지는 생존을 위한 분투와 인간애를 조선족의 눈으로 감성적이고도 통렬하게 그린 작품이다. 두만강 유역 중국 쪽 국경 지대에 밭을 일구며 조용히 살고 있던 한 조선족 심마니의 이야기로, 두만강 유역과 옌볜 지역이 이 작품의 배경이다.",2009-08-15,https://image.aladin.co.kr/product/455/91/coversum/8995950900_1.jpg,국내도서>소설/시/희곡>영미소설
태양의 탑 3,전민희,제우미디어,대덕소프트웨어마이스터고등학교,EM00011359,813.6 전38ㅌ v.3,"세월의 돌, 룬의 아이들의 작가 전민희의 태양의 탑. 한국의 대표하는 장르문학가로 꼽히고 있는 전민희의 작품 중에서 가장 격정적이고 대중적인 코드를 갖췄다는 평가를 받고 있다. 특히 세월의 돌과 함께 '아룬드 연대기'의 한 축을 이루는 작품이다.",2010-03-03,https://image.aladin.co.kr/product/651/9/coversum/895952199x_1.jpg,국내도서>소설/시/희곡>판타지/환상문학>한국판타지/환상소설
로스트 심벌 1,댄 브라운,문학수첩,대덕소프트웨어마이스터고등학교,EM00010957,843 브292ㄹ v.1 c.2,"전 세계 8,000만 부라는 경이적인 판매 기록을 세운 초대형 베스트셀러 다빈치 코드의 저자 댄 브라운이 6년 만에 펴낸 신작. 상징과 암호로 둘러싸인 미국의 수도 워싱턴 D.C.를 중심으로 도시 곳곳에 숨겨진 비밀 결사조직 '프리메이슨'의 놀라운 비밀을 파헤치며 12시간의 숨 가쁜 모험이 펼쳐진다.",2009-12-01,https://image.aladin.co.kr/product/579/63/coversum/8983923385_1.jpg,국내도서>소설/시/희곡>추리/미스터리소설>영미 추리/미스터리소설
동이 2,정재인,MBC프로덕션,대덕소프트웨어마이스터고등학교,EM00011015,813.6 정73ㄷ v.2,"MBC 창사 49주년 특별기획 드라마 [동이]의 원작소설. 숙종 시대를 살피면서 외면되어온 중요한 한 여인이 있다. 숙빈최씨, 소설 속 '동이'가 빠져있는 것이다. 숙빈최씨는 영조를 낳은 생모다. 천인의 자식으로 태어나 장악원 무수리를 거쳐 감찰궁녀가 되기까지 혹독한 자신의 운명을 굳세게 헤쳐 나아가는 '동이' 숙빈최씨의 모습을 그린다.",2010-03-02,https://image.aladin.co.kr/product/651/47/coversum/8993866147_1.jpg,국내도서>소설/시/희곡>역사소설>한국 역사소설
 조선의 마지막 황녀 덕혜옹주,권비영,다산책방(다산북스),대덕소프트웨어마이스터고등학교,EM00012504,813.6 권48ㄷ c.2,"가장 고귀한 신분으로 태어났지만 가장 외롭게 생을 마감했던 덕혜옹주에 관한 소설이다. 작가는 덕혜옹주뿐 아니라 망국의 시대를 견뎌야 했던 모든 이들 ― 황제와 황족들, 청년들, 여자들과 아이들 ― 의 울분과 고통을 생생하게 되살리려고 노력했다.",2015-10-20,https://image.aladin.co.kr/product/8736/61/coversum/k332535487_1.jpg,국내도서>소설/시/희곡>역사소설>한국 역사소설
 조선의 마지막 황녀 덕혜옹주,권비영,다산책방(다산북스),대덕소프트웨어마이스터고등학교,EM00012505,813.6 권48ㄷ c.3,"가장 고귀한 신분으로 태어났지만 가장 외롭게 생을 마감했던 덕혜옹주에 관한 소설이다. 작가는 덕혜옹주뿐 아니라 망국의 시대를 견뎌야 했던 모든 이들 ― 황제와 황족들, 청년들, 여자들과 아이들 ― 의 울분과 고통을 생생하게 되살리려고 노력했다.",2015-10-20,https://image.aladin.co.kr/product/8736/61/coversum/k332535487_1.jpg,국내도서>소설/시/희곡>역사소설>한국 역사소설
말더듬이 선생님,시게마츠기요시,웅진지식하우스(웅진씽크빅),대덕소프트웨어마이스터고등학교,EM00011125,833.6 시14ㅁ,"말을 더듬는 버릇 때문에 비정규 강사로 머물며 학교를 옮겨 다니는 교사가 만난 여덟 명의 아이들 이야기. 분명 국어 선생님임에도 무라우치의 입에서 나오는 단어는 온전한 것이 없다. 말을 하지 않고도 할 수 있는 일이 많은데, 그는 하필 환영받지 못하는 선생님이 되어 아이들 앞에 나타난 것이다. 하지만 무라우치는 언제나 당당하다. 그리고 어눌하고 느리지만 단호한 말투로 자기 안에 갇힌 아이들과 대화를 시도한다.",2009-03-20,https://image.aladin.co.kr/product/348/83/coversum/8901093413_1.jpg,국내도서>소설/시/희곡>일본소설>1950년대 이후 일본소설
소년은 자란다,아라이,아우라,대덕소프트웨어마이스터고등학교,EM00011137,823.7 아292ㅅ,"세계적인 주목을 받고 있는 티베트 출신 소설가이며, 권위 있는 마오둔 문학상 수상 작가이기도 한 작가 아라이의 연작소설집. 소설집의 무대는 티베트인이 모여사는 장족 자치구이다. 척박한 티베트와 그 인근 자치구에서 살아가는 순박한 고향 사람들의 이야기를 한편으론 애잔하게, 다른 한편으론 해학적으로 그린다.",2009-09-15,https://image.aladin.co.kr/product/454/29/coversum/899604637x_1.jpg,국내도서>소설/시/희곡>중국소설
이로니  이디시,명지현,문학동네,대덕소프트웨어마이스터고등학교,EM00011154,813.6 명78ㅇ,"2006년 「현대문학」에 '더티 와이프'를 발표하며 작품활동을 시작한 명지현의 첫 소설집. 명쾌하고 속도감 있게 진행되는 여덟 편의 이야기가 실려 있다. 표제작 '이로니, 이디시'는 독일인 양부모를 두고 있는 쌍둥이 이로니와 이디시와, 그들의 하녀 고만이의 이야기다. 이로니와 이디시는 옆구리가 들러붙은 샴쌍둥이다.",2009-08-26,https://image.aladin.co.kr/product/447/80/coversum/8954608701_1.jpg,국내도서>소설/시/희곡>한국소설>2000년대 이후 한국소설
늑대의 문장,김유진,문학동네,대덕소프트웨어마이스터고등학교,EM00011236,813.6 김66ㄴ,"2004년 문학동네 신인상으로 등단한 김유진의 소설집. 원인 모를 폭사가 전염병처럼 사람들을 덮치는 '늑대의 문장', 저수지가 범람하여 실족사가 일상이 되는 '목소리', 바람이 세상을 삼키는 '마녀', 지진이 수백 명의 생명을 순식간에 앗아가는 '움' 등 모두 아홉 편의 이야기들이 수록되어 있다.",2009-04-08,https://image.aladin.co.kr/product/357/7/coversum/895460790x_1.jpg,국내도서>소설/시/희곡>한국소설>2000년대 이후 한국소설
한없이 멋진 꿈에,조해진,문학동네,대덕소프트웨어마이스터고등학교,EM00011261,813.6 조93ㅎ,"2004년 「문예중앙」 신인문학상으로 등단했으며, 소설집 <천사들의 도시>를 펴낸 조해진의 장편소설. 가슴속에 폐허를 간직한 사람들이다. 작가는 사람들로부터, 관계로부터, 그리고 이 도시로부터 소외당한 이들의 아픈 뒷모습을 조용하고도 격렬하게 그려 보인다.",2009-07-20,https://image.aladin.co.kr/product/429/16/coversum/895460854x_1.jpg,국내도서>소설/시/희곡>한국소설>2000년대 이후 한국소설
박사가 사랑한 수식,오가와 요코,현대문학,대덕소프트웨어마이스터고등학교,IT00010598,833.6 오11ㅂ c.2,"아쿠타가와상 수상 작가 오가와 요코의 대표작. 2004년 제1회 일본서점대상과 제55회 요미우리문학상을 수상하며 전 일본을 휩쓸고, 한국에서도 입소문을 타며 꾸준히 판매된 스테디셀러가 새로운 번역과 '박사'의 모델인 수학자 후지와라 마사히코의 해설이 추가된 개정판으로 독자에게 다가간다.",2014-08-14,https://image.aladin.co.kr/product/4468/20/coversum/897275708x_1.jpg,국내도서>소설/시/희곡>일본소설>1950년대 이후 일본소설
박사가 사랑한 수식,오가와 요코,현대문학,대덕소프트웨어마이스터고등학교,IT00010600,833.6 오11ㅂ c.4,"아쿠타가와상 수상 작가 오가와 요코의 대표작. 2004년 제1회 일본서점대상과 제55회 요미우리문학상을 수상하며 전 일본을 휩쓸고, 한국에서도 입소문을 타며 꾸준히 판매된 스테디셀러가 새로운 번역과 '박사'의 모델인 수학자 후지와라 마사히코의 해설이 추가된 개정판으로 독자에게 다가간다.",2014-08-14,https://image.aladin.co.kr/product/4468/20/coversum/897275708x_1.jpg,국내도서>소설/시/희곡>일본소설>1950년대 이후 일본소설
박사가 사랑한 수식,오가와 요코,현대문학,대덕소프트웨어마이스터고등학교,IT00010602,833.6 오11ㅂ c.6,"아쿠타가와상 수상 작가 오가와 요코의 대표작. 2004년 제1회 일본서점대상과 제55회 요미우리문학상을 수상하며 전 일본을 휩쓸고, 한국에서도 입소문을 타며 꾸준히 판매된 스테디셀러가 새로운 번역과 '박사'의 모델인 수학자 후지와라 마사히코의 해설이 추가된 개정판으로 독자에게 다가간다.",2014-08-14,https://image.aladin.co.kr/product/4468/20/coversum/897275708x_1.jpg,국내도서>소설/시/희곡>일본소설>1950년대 이후 일본소설
나는 고양이로소이다,나쓰메소세키,신세계북스,대덕소프트웨어마이스터고등학교,IT00006407,833.6 나212ㄴ,"'나쓰메 소세키 소설 전집' 1권. 나는 고양이로소이다는 당대의 삶과 사회를 생생하고 우스꽝스럽게 그려내면서 호평과 반향을 일으킨 작품이다. 이 책에는 기존 번역본에서 볼 수 없는, 상·중·하편이 묶일 당시 소세키가 쓴 자서(自序)를 함께 넣었다.",2013-09-10,https://image.aladin.co.kr/product/3123/93/coversum/s582639136_1.jpg,국내도서>소설/시/희곡>일본소설>1950년대 이전 일본소설
태양의 탑 2,전민희,제우미디어,대덕소프트웨어마이스터고등학교,EM00011358,813.6 전38ㅌ v.2,"세월의 돌, 룬의 아이들의 작가 전민희의 태양의 탑. 한국의 대표하는 장르문학가로 꼽히고 있는 전민희의 작품 중에서 가장 격정적이고 대중적인 코드를 갖췄다는 평가를 받고 있다. 특히 세월의 돌과 함께 '아룬드 연대기'의 한 축을 이루는 작품이다.",2009-12-11,https://image.aladin.co.kr/product/587/20/coversum/8959521973_1.jpg,국내도서>소설/시/희곡>판타지/환상문학>한국판타지/환상소설
도서실의 바다,온다리쿠,북폴리오,대덕소프트웨어마이스터고등학교,EM00002900,833.6 온221ㄷ c.3,"온다 리쿠 소설을 아직 읽지 않은 독자에게는 입문서가, 온다 리쿠 마니아들에게는 보석과도 같은 컬렉션이 되어줄 단편집. 총 열 편의 소설이 수록되었다. <밤의 피크닉>의 전날 밤 이야기를 담은 단편 '피크닉 준비'를 비롯, 이 소설집의 주를 이루는 작품들은 온다 리쿠의 다른 장편소설들과 연결되어 있다.",2007-09-10,https://image.aladin.co.kr/product/98/1/coversum/8937832046_1.jpg,국내도서>소설/시/희곡>일본소설>1950년대 이후 일본소설
박사가 사랑한 수식,오가와요코,이레,대덕소프트웨어마이스터고등학교,EM00002991,833.6 오11ㅂ c.2,"아쿠타가와상 수상 작가 오가와 요코의 대표작. 2004년 제1회 일본서점대상과 제55회 요미우리문학상을 수상하며 전 일본을 휩쓸고, 한국에서도 입소문을 타며 꾸준히 판매된 스테디셀러가 새로운 번역과 '박사'의 모델인 수학자 후지와라 마사히코의 해설이 추가된 개정판으로 독자에게 다가간다.",2014-08-14,https://image.aladin.co.kr/product/4468/20/coversum/897275708x_1.jpg,국내도서>소설/시/희곡>일본소설>1950년대 이후 일본소설
 완역 반지제왕 1  반지원정대,J.R.R. 톨킨,동서문화사,대덕소프트웨어마이스터고등학교,EM00002994,843 톨829ㅂ v.1,,2002-02-02,https://image.aladin.co.kr/product/34/90/coversum/8949700638_1.gif,국내도서>소설/시/희곡>판타지/환상문학>외국판타지/환상소설
 완역 반지제왕 3  두 개의 탑,J.R.R. 톨킨,동서문화사,대덕소프트웨어마이스터고등학교,EM00002996,843 톨829ㅂ v.3,,2002-02-02,https://image.aladin.co.kr/product/34/90/coversum/8949700654_1.gif,국내도서>소설/시/희곡>판타지/환상문학>외국판타지/환상소설
 완역 반지제왕 4  두 개의 탑,J.R.R. 톨킨,동서문화사,대덕소프트웨어마이스터고등학교,EM00002997,843 톨829ㅂ v.4,,2002-02-02,https://image.aladin.co.kr/product/34/90/coversum/8949700662_1.gif,국내도서>소설/시/희곡>판타지/환상문학>외국판타지/환상소설
암흑의 핵심,조셉 콘레드,민음사,대덕소프트웨어마이스터고등학교,EM00003091,808.9 세14 v.7 c.3,영화 '지옥의 묵시록'의 원작 소설. 제국주의를 비판한 정치·사회소설로도 읽을 수 있겠지만 그것보다는 아프리카로 대변되는 인간의 어두운 면에 대한 성찰로 읽는 것이 더 옳다.,1998-08-05,https://image.aladin.co.kr/product/9/69/coversum/8937460076_3.jpg,국내도서>소설/시/희곡>영미소설
첫사랑,이반 투르게네프,꿈꾸는아이들,대덕소프트웨어마이스터고등학교,EM00003234,808.3 청55 v.4,"러시아 문학의 거장 투르게네프의 대표작 '첫사랑'과 '귀족의 보금자리', '무무'를 함께 수록했다. 투르게네프 특유의 섬세하고 부드러운 필치와 탁월한 심리묘사가 돋보이는 작품집.",2003-07-05,https://image.aladin.co.kr/product/42/34/coversum/s937460807_1.jpg,국내도서>소설/시/희곡>러시아소설
퀴즈쇼,김영하,문학동네,대덕소프트웨어마이스터고등학교,EM00003283,813.6 김64ㅋ,김영하 등단 25주년을 맞이해 시작된 ‘복복서가×김영하 소설’ 시리즈 2차분 6권 가운데 앞서 출간된 『오직 두 사람』 『나는 나를 파괴할 권리가 있다』 『빛의 제국』에 이어 나머지 3종이 모두 출간되었다.,2022-09-22,https://image.aladin.co.kr/product/30170/85/coversum/k012839682_1.jpg,국내도서>소설/시/희곡>한국소설>2000년대 이후 한국소설
포르노그라피아 102,비톨트 곰브로비치,민음사,대덕소프트웨어마이스터고등학교,EM00003293,808.9 세14 v.102,"<포르노그라피아>는 <페르디두르케>에서 출발한 작품이다. 폴란드 향촌소설적인 요소에 멜로드라마적인 광대극과 미스터리, 정치적 요소를 뒤섞은 이 작품은, 정돈된 어른의 세계에 잠입하여 질서를 전복시키는 젊음의 힘과 매혹을 노래한다.",2004-05-15,https://image.aladin.co.kr/product/49/16/coversum/8937461021_2.jpg,국내도서>소설/시/희곡>세계의 소설>동유럽소설
해리포터와 혼혈왕자 제7권 ,조앤 K. 롤링,문학수첩,대덕소프트웨어마이스터고등학교,EM00003305,843 롤239ㅎ v.7-1,,,,
해리포터와 혼혈왕자 제7권 ,조앤 K. 롤링,문학수첩,대덕소프트웨어마이스터고등학교,EM00003308,843 롤239ㅎ v.7-2,,,,
해리포터와 혼혈왕자 제7권 ,조앤 K. 롤링,문학수첩,대덕소프트웨어마이스터고등학교,EM00003311,843 롤239ㅎ v.7-3,,,,
해리포터와 혼혈왕자 제7권 ,조앤 K. 롤링,문학수첩,대덕소프트웨어마이스터고등학교,EM00003312,843 롤239ㅎ v.7-3 c.2,,,,
삼한지 1  밤이 깊을수록 별은 빛나고,김정산,예담(위즈덤하우스),대덕소프트웨어마이스터고등학교,EM00003337,813.6 김73ㅅ v.1,"고구려, 백제, 신라를 통칭하는 삼한을 배경으로 쓴 대하 역사 소설 <삼한지>의 개정판이다. 서기 580년경부터 신라가 삼국을 통일하는 676년까지, 반만년 역사를 통틀어 가장 변화무쌍한 격변기 100년의 역사를 새롭게 재구성했다. 방대한 자료를 바탕으로 소설적 재미와 역사적 교양을 동시에 추구한 작품.",2006-03-10,https://image.aladin.co.kr/product/62/98/coversum/8959131350_1.jpg,국내도서>소설/시/희곡>역사소설>한국 역사소설
삼한지 8  전란은 끝이 없어라,김정산,예담(위즈덤하우스),대덕소프트웨어마이스터고등학교,EM00003344,813.6 김73ㅅ v.8,,2003-08-20,https://image.aladin.co.kr/product/42/89/coversum/895757106x_1.gif,국내도서>소설/시/희곡>역사소설>한국 역사소설
소소한 풍경,박범신,자음과모음,대덕소프트웨어마이스터고등학교,EM00014070,813.6 박44ㅅ c.2,"우리 시대 영원한 청년작가 박범신이 '갈망 3부작', '자본주의 폭력성을 비판한 3부작' 이후 '논산집' 호숫가를 쓸쓸히 배회하며 완성한 장편소설 소소한 풍경으로 돌아왔다. 저마다의 상처를 안고 살아가는 이들의 '비밀'스러운 이야기가 펼쳐진다.",2014-04-30,https://image.aladin.co.kr/product/4019/51/coversum/8957078010_1.jpg,국내도서>소설/시/희곡>한국소설>2000년대 이후 한국소설
모털 엔진,필립 리브,부키,대덕소프트웨어마이스터고등학교,EM00014060,843 리47ㅁ,"[반지의 제왕] 피터 잭슨 감독이 제작과 각본을 맡아 화제가 된 영화 [모털 엔진]의 원작 소설로, 영국의 베스트셀러 작가이자 일러스트레이터인 필립 리브의 '견인 도시 연대기' 4부작의 서막을 여는 작품이다.",2018-10-31,https://image.aladin.co.kr/product/17455/18/coversum/8960516759_1.jpg,국내도서>소설/시/희곡>과학소설(SF)>외국 과학소설
이만큼 가까이,정세랑,창비,대덕소프트웨어마이스터고등학교,EM00014075,813.7 정54ㅇ,"정세랑의 유일무이한 성장소설 『이만큼 가까이』를 7년 만에 새로운 장정으로 선보인다. 『피프티 피플』 10만부 판매를 기념해 ‘정세랑 컬렉션’으로 함께 출간하는 이 소설은 한 세대의 감수성과 정체성을 대변하는 문화적 토양을 기반으로, 각 인물들이 겪는 성장의 진통을 애정 어린 시선으로 풀어낸 작품이다.",2021-08-20,https://image.aladin.co.kr/product/27721/48/coversum/8936434535_3.jpg,국내도서>소설/시/희곡>한국소설>2000년대 이후 한국소설
천지간,윤대녕,문학사상사,대덕소프트웨어마이스터고등학교,EM00006218,810.82 이52 v.20 c.2,제20회 이상문학상 수상작품집. 윤대녕의 <천지간> 등을 수록했다. 윤대녕의 작품은 그간의 윤대녕 소설과는 분명하게 차이를 보인다．'존재로부터 인간으로'라고도 말해질 수 있을 그 차이와 변화는 본질과 현실，존재와 현존을 대립적 의미망으로 놓고 각 쌍의 후자에 비해 전자를 우위에 놓던 작가적 태도를 그가 재고하기 시작했음을 알게 한다.,1996-05-01,https://image.aladin.co.kr/product/19/4/coversum/8970122044_2.jpg,국내도서>소설/시/희곡>한국소설>2000년대 이전 한국소설
아내의 상자 22,은희경,문학사상사,대덕소프트웨어마이스터고등학교,EM00005272,810.82 이52 v.22 c.3,"1998년 제22회 이상문학상 수상작. 교외카페에 앉아, 휴대전화로 집에 전화해서 숙제 안 한다고 아이들을 야단치고，읽은 책 이야기도 하고，헬스클럽이나 귀고리에 관한 이야기도 하고, 누구는 상가시세가 올라서 돈을 벌었다，아무개 교수의 교양강좌가 좋더라，듣고 울었다，등등의 얘기를 하면서 시간을 보내는 나이든 여자들을 보면서 ` 뿌리없이 떠도는 것들의 서글픔`을 느껴 썼다는 소설이다.",1998-01-25,https://image.aladin.co.kr/product/19/84/coversum/8970122842_3.jpg,국내도서>소설/시/희곡>한국소설>2000년대 이전 한국소설
 소설 목민심서 5 5,황인경,삼진기획,대덕소프트웨어마이스터고등학교,EM00005281,813.6 황69ㅁ v.5 c.2,,1992-07-01,https://image.aladin.co.kr/img/noimg_sum_b.gif,국내도서>소설/시/희곡>역사소설>한국 역사소설
시간 여행자의 아내 2,오드리 니페네거,미토스북스,대덕소프트웨어마이스터고등학교,EM00005354,843 니894ㅅ v.2,"뛰어난 재능을 가진 화가이자 소설 한 편으로 세계적인 작가로 급부상한 작가 오드리 니페네거의 데뷔작. '시간 여행'이라는 초현실적 판타지와 독창적인 러브스토리가 결합된 소설로, '시간 여행 유전자'를 지닌 주인공 헨리가 시간여행을 하게 되면서 과거, 현재, 미래를 관통하게 되는 한 편의 대서사시이다.",2009-08-17,https://image.aladin.co.kr/product/441/1/coversum/8952212304_2.jpg,국내도서>소설/시/희곡>영미소설
삼대,염상섭,소담출판사,대덕소프트웨어마이스터고등학교,EM00005500,813.6 염52ㅅ,우리 문학사의 주옥같은 작품을 한자리에 모은 한국문학전집이 발간되었다. 책은 그 세 번째로 한국 근대 장편소설의 대표작으로 꼽히는 염상섭의 <삼대>. 1930년대 서울의 중산층 가족사를 통해 들여다본 우리 근대의 자화상을 담은 작품이다.,2004-12-03,https://image.aladin.co.kr/product/53/3/coversum/8932015554_2.jpg,국내도서>소설/시/희곡>한국소설>2000년대 이전 한국소설
섬,이청준,열림원,대덕소프트웨어마이스터고등학교,EM00005510,813.6 이83ㅅ,,2011-03-14,https://image.aladin.co.kr/product/1121/43/coversum/8932021090_1.jpg,국내도서>소설/시/희곡>한국소설>2000년대 이후 한국소설
 대하역사소설     5 5  의형제편 2,洪命憙,사계절,대덕소프트웨어마이스터고등학교,EM00005518,813.6 홍34ㅇ v.5,,,,
무기의 그늘  하  2,황석영,창작과비평사,대덕소프트웨어마이스터고등학교,EM00005604,813.6 황53ㅁ v.2,,,,
아프리카인,르 클레지오,문학동네,대덕소프트웨어마이스터고등학교,EM00005606,863 클294ㅇ,2008년 노벨문학상 수상자 르 클레지오의 작품세계를 이해하는 데 좋은 단서가 되는 자전적 형식의 소설. 아프리카에서 유년시절을 보낸 저자가 작고한 아버지의 삶의 궤적을 되밟으며 그의 삶과 가치를 재구성하는 전기가 펼쳐진다. 아버지가 찍은 열다섯 장의 사진과 직접 손으로 그린 반소지방의 의료구역 지도가 함께 수록되어 있다.,2005-05-20,https://image.aladin.co.kr/product/56/18/coversum/8982819894_2.jpg,국내도서>소설/시/희곡>프랑스소설
기나긴 이별,레이먼드 챈들러,북하우스,대덕소프트웨어마이스터고등학교,EM00005892,843 챈27ㄱ,"미국의 대표적인 추리 소설가 레이먼드 챈들러의 가장 널리 알려진 대표작으로, 대실 해밋의 『몰타의 매』, 로스 맥도널드의 『움직이는 표적』과 더불어 하드보일드 3대 걸작으로 손꼽히는 작품이다. 이 작품으로 챈들러는 1955년 미국 추리 작가 협회의 최우수 작품상인 에드거상을 수상했다.",2020-06-30,https://image.aladin.co.kr/product/24342/31/coversum/8932912521_1.jpg,국내도서>소설/시/희곡>추리/미스터리소설>영미 추리/미스터리소설
프라이즈 2 2,에릭 시걸,김영사,대덕소프트웨어마이스터고등학교,EM00005234,843 시14ㅍ v.2,,1994-07-01,https://image.aladin.co.kr/product/15/50/coversum/8934901691_1.gif,국내도서>소설/시/희곡>영미소설
프라이즈 1 1,에릭 시걸,김영사,대덕소프트웨어마이스터고등학교,EM00005265,843 시14ㅍ v.1,"노벨상을 향해 질주하는 천재 과학자들의 숨가쁜 마라톤, 생애를 건 치열한 사랑. 이들 천재들의 애증과 땀방울이 스웨덴 한림원의 토론장에서 제약 회사들의 막대한 자본과 치열한 로비전쟁에 얽혀드는데...",1994-07-01,https://image.aladin.co.kr/product/15/50/coversum/8934901683_1.gif,국내도서>소설/시/희곡>영미소설
아내의 상자 22,은희경,문학사상사,대덕소프트웨어마이스터고등학교,EM00005270,810.82 이52 v.22,"1998년 제22회 이상문학상 수상작. 교외카페에 앉아, 휴대전화로 집에 전화해서 숙제 안 한다고 아이들을 야단치고，읽은 책 이야기도 하고，헬스클럽이나 귀고리에 관한 이야기도 하고, 누구는 상가시세가 올라서 돈을 벌었다，아무개 교수의 교양강좌가 좋더라，듣고 울었다，등등의 얘기를 하면서 시간을 보내는 나이든 여자들을 보면서 ` 뿌리없이 떠도는 것들의 서글픔`을 느껴 썼다는 소설이다.",1998-01-25,https://image.aladin.co.kr/product/19/84/coversum/8970122842_3.jpg,국내도서>소설/시/희곡>한국소설>2000년대 이전 한국소설
왕건 3  천하 통일 3,신봉승,해냄,대덕소프트웨어마이스터고등학교,EM00005586,813.6 신45ㅇ v.3,,,,
솔라리스,스타니스와프 렘,집사재,대덕소프트웨어마이스터고등학교,EM00005595,892.953 렘57ㅅ,"현대 SF 문학, 대중문화, 서브컬처에 이르기까지 전방위적 영향을 끼친 스타니스와프 렘의 최고 걸작 소설이다. 세 차례에 걸쳐 영화화될 정도로 대중과 아티스트의 호감을 산 솔라리스는 ‘타인’이라는 영원한 미지와의 조우를 절절히 그려낸 아름다운 소설이다.",2022-02-25,https://image.aladin.co.kr/product/28934/72/coversum/8937444704_1.jpg,국내도서>소설/시/희곡>과학소설(SF)>외국 과학소설
빛의 제국,김영하,문학동네,대덕소프트웨어마이스터고등학교,EM00005819,813.6 김64ㅂ,"북으로 귀환명령을 받은 남파간첩의 24시간을 긴박하게 묘사한 『빛의 제국』은 냉전문학의 이념적 계보를 스파이스릴러라는 장르로 해체해버리고, 신념과 가치의 경계가 허물어진 곳에서 인간 실존의 의미를 묻는 문제작이다. 기존판에는 없었던 작가의 말을 싣고 오류를 바로잡았다.",2022-05-23,https://image.aladin.co.kr/product/29489/27/coversum/k072837532_2.jpg,국내도서>소설/시/희곡>한국소설>2000년대 이후 한국소설
바깥은 여름,김애란,문학동네,대덕소프트웨어마이스터고등학교,IT00009853,813.7 김63ㅂ c.17,비행운 이후 5년 만에 펴내는 김애란 소설집. 역대 최연소 수상으로 화제를 모은 이상문학상 수상작 '침묵의 미래'와 젊은작가상 수상작 '어디로 가고 싶으신가요'를 포함해 일곱 편의 단편이 실렸다.,2017-06-28,https://image.aladin.co.kr/product/11145/47/coversum/s532932793_1.jpg,국내도서>소설/시/희곡>한국소설>2000년대 이후 한국소설
82년생 김지영,조남주,민음사,대덕소프트웨어마이스터고등학교,IT00008328,813.7 조192ㅍ c.4,오늘의 젊은 작가 13권. 조남주 장편소설. 시사 교양 프로그램에서 10년 동안 일한 방송 작가답게 서민들의 일상에서 발생하는 비극을 사실적이고 공감대 높은 스토리로 표현하는 데 특출 난 재능을 보이는 작가는 82년생 김지영에서 30대를 살고 있는 한국 여성들의 보편적인 일상을 완벽하게 재현한다.,2016-10-14,https://image.aladin.co.kr/product/9476/48/coversum/8937473135_1.jpg,국내도서>소설/시/희곡>한국소설>2000년대 이후 한국소설
타임라인 1 1,마이클 크라이튼,김영사,대덕소프트웨어마이스터고등학교,EM00003451,843 크292ㅌ v.1,"<쥬라기공원>의 작가 마이클 크라이튼의 신작 <타임라인>이 번역됐다. 미국에서 판매 즉시 1백만부가 나간 하이테크 스릴러. 잡지 퍼블리셔 위클리는 ""재미없는 부분이 단 한 군데도 없다""고 했다. 이미 세계 20여개국이 판권을 사들였다. 파라마운트 영화사는 3년후 블록버스터로 선보일 예정. -한국경제신문",2000-07-22,https://image.aladin.co.kr/product/24/18/coversum/8934905719_1.gif,국내도서>소설/시/희곡>과학소설(SF)>외국 과학소설
 안정효 장편소설 하얀전쟁 제2부  전쟁의 숲 2,안정효,고려원,대덕소프트웨어마이스터고등학교,EM00003559,813.6 안74ㅎ v.2,,,,
 안정효 장편소설 하얀전쟁 제2부  전쟁의 숲 2,안정효,고려원,대덕소프트웨어마이스터고등학교,EM00005171,813.6 안74ㅎ v.2 c.2,,,,
씨앗의 희망,헨리 데이비드 소로우,갈라파고스,대덕소프트웨어마이스터고등학교,EM00003563,844 소295ㅆ,"녹색사상가, 자연학자, 작가, 최초의 환경운동가, 이 모두이면서 이 모두를 뛰어넘는 한 거인의 발자취를 생생하게 느낄 수 있다. 소로우의 안내를 따라 숲에 들어가면 자연의 강인한 생명력, 오묘한 자연의 섭리와 조화, 위대한 생명의 신비를 느끼게 된다.",2004-05-18,https://image.aladin.co.kr/product/49/14/coversum/8990809045_1.gif,국내도서>소설/시/희곡>영미소설
삼국지연의 1 1,나관중,솔,대덕소프트웨어마이스터고등학교,EM00003663,823.5 나15ㅅ v.1,"옮긴이는 정본의 체제를 따라 120회로 구성했고 모종강이 회마다 단 제목도 그대로 살려 실었으며 원문의 시문(詩文) 하나 하나까지 고스란히 옮겼다. 또한 예술성 높은 명대의 삽화를 곁들이고 부록으로 '나오는 사람들' '무기, 장비, 진법' '전투 형세도' 등을 함께 실어, 제대로 된 <삼국지>로서의 면모와 가치를 보여준다.",2003-07-08,https://image.aladin.co.kr/product/42/11/coversum/8981336482_1.gif,국내도서>소설/시/희곡>역사소설>외국 역사소설
삼국지연의 2 2,나관중,솔,대덕소프트웨어마이스터고등학교,EM00003664,823.5 나15ㅅ v.2,,2003-07-08,https://image.aladin.co.kr/product/42/11/coversum/8981336490_1.gif,국내도서>소설/시/희곡>역사소설>외국 역사소설
삼국지연의 4 4,나관중,솔,대덕소프트웨어마이스터고등학교,EM00003666,823.5 나15ㅅ v.4,,2003-07-08,https://image.aladin.co.kr/product/42/11/coversum/8981336512_1.gif,국내도서>소설/시/희곡>역사소설>외국 역사소설
삼국지연의 7 7,나관중,솔,대덕소프트웨어마이스터고등학교,EM00003669,823.5 나15ㅅ v.7,,2003-07-08,https://image.aladin.co.kr/product/42/11/coversum/8981336547_1.gif,국내도서>소설/시/희곡>역사소설>외국 역사소설
셜록홈즈전집 5  셜록홈즈의 사건 5,아서코난 도일,시간과 공간사,대덕소프트웨어마이스터고등학교,EM00003672,843 도68ㅅ v.5,,2002-07-15,https://image.aladin.co.kr/product/36/47/coversum/8971421339_1.jpg,국내도서>소설/시/희곡>추리/미스터리소설>영미 추리/미스터리소설
셜록홈즈의 회상 6,아서 코난 도일,시간과 공간사,대덕소프트웨어마이스터고등학교,EM00003673,843 도68ㅅ v.6,"<셜록 홈즈의 회상록>엔 특기할만한 점이 두 가지 있다. '그리스 어 통역관'에서 홈즈 본인보다 더 인기 있다고도 말해지는 홈즈의 친형, 마이크로프트 홈즈가 처음 등장하며, '마지막 사건'에선 숙적 모리어티 교수와의 대결 끝에 홈즈가 폭포에 빠져 죽는 것으로 처리되는 점이 바로 그것.",2002-05-10,https://image.aladin.co.kr/product/34/82/coversum/8982734066_2.jpg,국내도서>소설/시/희곡>추리/미스터리소설>영미 추리/미스터리소설
셜록 홈즈 전집 1  공포의 계곡 1,아서코난 도일,시간과 공간사,대덕소프트웨어마이스터고등학교,EM00003684,843 도68ㅅ v.1,,2015-04-09,https://image.aladin.co.kr/product/9715/81/coversum/k132535046_1.jpg,국내도서>소설/시/희곡>추리/미스터리소설>영미 추리/미스터리소설
무소의 뿔처럼 혼자서 가라,공지영,푸른숲,대덕소프트웨어마이스터고등학교,EM00003872,813.6 공79ㅁ,"첫 출간 후 20년이 넘도록 독자들의 사랑을 꾸준히 받아 온 공지영 작가의 대표작 무소의 뿔처럼 혼자서 가라가 새롭게 독자들과 만난다. 여성에 대한 억압과 차별, 그리고 편견 등의 문제를 사회 전반의 문제로 끌어올린 작품으로, 출간 당시 사회적으로 주목을 받으며 페미니즘 논쟁의 중심에 자리하기도 했다.",2016-11-30,https://image.aladin.co.kr/product/9775/29/coversum/8965745748_2.jpg,국내도서>소설/시/희곡>한국소설>2000년대 이전 한국소설
삼국지 3 3,나관중,민음사,대덕소프트웨어마이스터고등학교,EM00007485,823.5 나15ㅅ v.3 c.2,"1988년 출간된 이래 누적판매 2,000만 부라는 대기록을 세운 이문열 삼국지가 출간 30여 년 만에 새롭게 출간된다. 이번 개정 신판에서는 지난 30년간 독자들에게서 받은 질문과 평역자 자신이 계속하여 고민하였던 내용들을 새롭게 손보았다.",2020-03-25,https://image.aladin.co.kr/product/23379/41/coversum/8925568810_1.jpg,국내도서>소설/시/희곡>역사소설>외국 역사소설
삼국지 4,나관중,민음사,대덕소프트웨어마이스터고등학교,EM00003876,823.5 나15ㅅ v.4,"1988년 출간된 이래 누적판매 2,000만 부라는 대기록을 세운『이문열 삼국지』가 출간 30여 년 만에 새롭게 출간되었다. 젊은 세대를 위해 내용을 손보고, 한자어 독음을 달아 읽기 쉽게 구성하였다.",2020-03-25,https://image.aladin.co.kr/product/23379/42/coversum/8925568829_1.jpg,국내도서>소설/시/희곡>역사소설>외국 역사소설
삼국지 4,나관중,민음사,대덕소프트웨어마이스터고등학교,EM00007486,823.5 나15ㅅ v.4 c.2,"1988년 출간된 이래 누적판매 2,000만 부라는 대기록을 세운『이문열 삼국지』가 출간 30여 년 만에 새롭게 출간되었다. 젊은 세대를 위해 내용을 손보고, 한자어 독음을 달아 읽기 쉽게 구성하였다.",2020-03-25,https://image.aladin.co.kr/product/23379/42/coversum/8925568829_1.jpg,국내도서>소설/시/희곡>역사소설>외국 역사소설
빨간기와 2,차오원쉬엔,새움,대덕소프트웨어마이스터고등학교,EM00003914,823 차65ㅃ v.2,,2005-03-25,https://image.aladin.co.kr/product/55/16/coversum/898853767x_1.jpg,국내도서>소설/시/희곡>중국소설
이별보다 슬픈약속,정유정,밝은세상,대덕소프트웨어마이스터고등학교,EM00003993,813.6 정66ㅇ,"태어남에서 죽음에 이르기까지, 굴곡이 심한 인생을 살았던 한 여자의 사랑 이야기. 긴 세월이 흐른 후 그녀의 딸이 엄마의 일기를 손에 넣게 되면서, 과거와 현재가 중첩되는 이야기 구조를 취하고 있다.",2002-05-06,https://image.aladin.co.kr/product/34/72/coversum/8984370207_1.gif,국내도서>소설/시/희곡>한국소설>2000년대 이후 한국소설
한강 2,조정래,해냄,대덕소프트웨어마이스터고등학교,EM00004045,813.6 조73ㅎ v.2,아리랑을 지나 태백산맥을 거쳐 우리 민족의 파란만장한 근현대사 1세기를 완성한 한국문학의 기념비 한강이 100쇄를 돌파하고 조정래 작가 등단 50주년을 맞이하여 개정판으로 출간되었다.,2020-11-30,https://image.aladin.co.kr/product/25726/21/coversum/8965743923_1.jpg,국내도서>소설/시/희곡>한국소설>2000년대 이후 한국소설
요재지이 6 6,포송령,민음사,대덕소프트웨어마이스터고등학교,EM00004066,823.5 포55ㅇ v.6,,2002-08-05,https://image.aladin.co.kr/product/37/2/coversum/8937411768_2.jpg,국내도서>소설/시/희곡>판타지/환상문학>외국판타지/환상소설
요재지이 4 4,포송령,민음사,대덕소프트웨어마이스터고등학교,EM00004068,823.5 포55ㅇ v.4,,2002-08-05,https://image.aladin.co.kr/product/37/1/coversum/8937411741_2.jpg,국내도서>소설/시/희곡>판타지/환상문학>외국판타지/환상소설
창룡전 2  용의 위력,다나카요시키,서울문화사,대덕소프트웨어마이스터고등학교,EM00004164,833.6 다192ㅊ v.2,,2002-07-30,https://image.aladin.co.kr/product/38/93/coversum/8953295599_1.gif,국내도서>소설/시/희곡>판타지/환상문학>외국판타지/환상소설
알렉산드로스 3  세상의 끝,발레리오 마시모 만프레디,들녘,대덕소프트웨어마이스터고등학교,EM00004353,883 만897ㅇ,,2004-07-23,https://image.aladin.co.kr/product/50/69/coversum/8975274438_1.gif,국내도서>소설/시/희곡>역사소설>외국 역사소설
바깥은 여름,김애란,문학동네,대덕소프트웨어마이스터고등학교,IT00009847,813.7 김63ㅂ c.11,비행운 이후 5년 만에 펴내는 김애란 소설집. 역대 최연소 수상으로 화제를 모은 이상문학상 수상작 '침묵의 미래'와 젊은작가상 수상작 '어디로 가고 싶으신가요'를 포함해 일곱 편의 단편이 실렸다.,2017-06-28,https://image.aladin.co.kr/product/11145/47/coversum/s532932793_1.jpg,국내도서>소설/시/희곡>한국소설>2000년대 이후 한국소설
바깥은 여름,김애란,문학동네,대덕소프트웨어마이스터고등학교,IT00009850,813.7 김63ㅂ c.14,비행운 이후 5년 만에 펴내는 김애란 소설집. 역대 최연소 수상으로 화제를 모은 이상문학상 수상작 '침묵의 미래'와 젊은작가상 수상작 '어디로 가고 싶으신가요'를 포함해 일곱 편의 단편이 실렸다.,2017-06-28,https://image.aladin.co.kr/product/11145/47/coversum/s532932793_1.jpg,국내도서>소설/시/희곡>한국소설>2000년대 이후 한국소설
바깥은 여름,김애란,문학동네,대덕소프트웨어마이스터고등학교,IT00009852,813.7 김63ㅂ c.16,비행운 이후 5년 만에 펴내는 김애란 소설집. 역대 최연소 수상으로 화제를 모은 이상문학상 수상작 '침묵의 미래'와 젊은작가상 수상작 '어디로 가고 싶으신가요'를 포함해 일곱 편의 단편이 실렸다.,2017-06-28,https://image.aladin.co.kr/product/11145/47/coversum/s532932793_1.jpg,국내도서>소설/시/희곡>한국소설>2000년대 이후 한국소설
바깥은 여름,김애란,문학동네,대덕소프트웨어마이스터고등학교,IT00009854,813.7 김63ㅂ c.18,비행운 이후 5년 만에 펴내는 김애란 소설집. 역대 최연소 수상으로 화제를 모은 이상문학상 수상작 '침묵의 미래'와 젊은작가상 수상작 '어디로 가고 싶으신가요'를 포함해 일곱 편의 단편이 실렸다.,2017-06-28,https://image.aladin.co.kr/product/11145/47/coversum/s532932793_1.jpg,국내도서>소설/시/희곡>한국소설>2000년대 이후 한국소설
바깥은 여름,김애란,문학동네,대덕소프트웨어마이스터고등학교,IT00009856,813.7 김63ㅂ c.20,비행운 이후 5년 만에 펴내는 김애란 소설집. 역대 최연소 수상으로 화제를 모은 이상문학상 수상작 '침묵의 미래'와 젊은작가상 수상작 '어디로 가고 싶으신가요'를 포함해 일곱 편의 단편이 실렸다.,2017-06-28,https://image.aladin.co.kr/product/11145/47/coversum/s532932793_1.jpg,국내도서>소설/시/희곡>한국소설>2000년대 이후 한국소설
82년생 김지영,조남주,민음사,대덕소프트웨어마이스터고등학교,IT00006552,813.7 조192ㅍ,오늘의 젊은 작가 13권. 조남주 장편소설. 시사 교양 프로그램에서 10년 동안 일한 방송 작가답게 서민들의 일상에서 발생하는 비극을 사실적이고 공감대 높은 스토리로 표현하는 데 특출 난 재능을 보이는 작가는 82년생 김지영에서 30대를 살고 있는 한국 여성들의 보편적인 일상을 완벽하게 재현한다.,2016-10-14,https://image.aladin.co.kr/product/9476/48/coversum/8937473135_1.jpg,국내도서>소설/시/희곡>한국소설>2000년대 이후 한국소설
애거서 크리스티 전집 3,애거서 크리스티,황금가지,대덕소프트웨어마이스터고등학교,EM00003491,843.6 크299ㅇ v.3,에르퀼 푸아로를 찾아온 어느 아가씨. 그녀는 자신이 살인 사건을 “저질렀을지도 모른다”며 도움을 요청한다. 하지만 실제로 푸아로를 만나자 그가 “너무 늙었다”며 이야기를 마치기도 전에 나가 버린다. 자존심에 상처를 입은 푸아로는 그녀의 흔적을 찾아 나서는데…….,2013-05-27,https://image.aladin.co.kr/product/2736/72/coversum/8982737677_3.jpg,국내도서>소설/시/희곡>추리/미스터리소설>영미 추리/미스터리소설
애거서 크리스티 전집 3,애거서 크리스티,황금가지,대덕소프트웨어마이스터고등학교,EM00007634,843.6 크299ㅇ v.3 c.2,에르퀼 푸아로를 찾아온 어느 아가씨. 그녀는 자신이 살인 사건을 “저질렀을지도 모른다”며 도움을 요청한다. 하지만 실제로 푸아로를 만나자 그가 “너무 늙었다”며 이야기를 마치기도 전에 나가 버린다. 자존심에 상처를 입은 푸아로는 그녀의 흔적을 찾아 나서는데…….,2013-05-27,https://image.aladin.co.kr/product/2736/72/coversum/8982737677_3.jpg,국내도서>소설/시/희곡>추리/미스터리소설>영미 추리/미스터리소설
 대하역사소설     8 8  화적편 2,洪命憙,사계절,대덕소프트웨어마이스터고등학교,EM00003511,813.6 홍34ㅇ v.8,,,,
셜록 홈즈 전집 4  셜록홈즈의 모험 4,아서 코난 도일,시간과 공간사,대덕소프트웨어마이스터고등학교,EM00003671,843 도68ㅅ v.4,,2002-05-30,https://image.aladin.co.kr/product/34/96/coversum/8971421320_1.jpg,국내도서>소설/시/희곡>추리/미스터리소설>영미 추리/미스터리소설
삼국지 1,나관중,민음사,대덕소프트웨어마이스터고등학교,EM00003873,823.5 나15ㅅ v.1,"우리 시대 최고의 작가 황석영이 우리말로 옮긴 정역 『삼국지』를 새로운 장정으로 다시 선보인다. 명실상부하게 가장 믿을 만한 원본, 정확하고 생동감 넘치는 글맛, 고전의 참맛을 느낄 수 있는 210수의 한시, 중국 인물화의 대가 왕훙시가 그린 컬러삽화 150여장을 수록하여 사랑받았다.",2020-12-21,https://image.aladin.co.kr/product/25890/73/coversum/8936432915_1.jpg,국내도서>소설/시/희곡>역사소설>외국 역사소설
삼국지 2,나관중,민음사,대덕소프트웨어마이스터고등학교,EM00007484,823.5 나15ㅅ v.2 c.2,"1988년 출간된 이래 누적판매 2,000만 부라는 대기록을 세운 이문열 삼국지가 출간 30여 년 만에 새롭게 출간된다. 이번 개정 신판에서는 지난 30년간 독자들에게서 받은 질문과 평역자 자신이 계속하여 고민하였던 내용들을 새롭게 손보았다.",2020-03-25,https://image.aladin.co.kr/product/23379/41/coversum/8925568802_1.jpg,국내도서>소설/시/희곡>역사소설>외국 역사소설
삼국지 5 5,나관중,민음사,대덕소프트웨어마이스터고등학교,EM00003877,823.5 나15ㅅ v.5,"이현세 그림 처음으로 만나는 삼국지 전5권 세트. 나관중 원작의 삼국지를 어린이들의 눈높이에 맞는 글과 만화가 이현세의 그림으로 재구성하였다. 사백 명이 넘는 인물과 수많은 전투에 담긴 다양한 삶과 지혜, 그리고 감동을 어린이들에게 그대로 전달하고자 한 책이다. 더불어 삼국지를 통해 앞으로 세상을 살아가는데 큰 힘을 얻게 되길 바라는 작가의 마음을 고스란히 담고자 했다.",2011-02-20,https://image.aladin.co.kr/product/1098/49/coversum/8994780092_1.jpg,국내도서>어린이>동화/명작/고전>어린이를 위한 고전
삼국지 5 5,나관중,민음사,대덕소프트웨어마이스터고등학교,EM00007487,823.5 나15ㅅ v.5 c.2,"이현세 그림 처음으로 만나는 삼국지 전5권 세트. 나관중 원작의 삼국지를 어린이들의 눈높이에 맞는 글과 만화가 이현세의 그림으로 재구성하였다. 사백 명이 넘는 인물과 수많은 전투에 담긴 다양한 삶과 지혜, 그리고 감동을 어린이들에게 그대로 전달하고자 한 책이다. 더불어 삼국지를 통해 앞으로 세상을 살아가는데 큰 힘을 얻게 되길 바라는 작가의 마음을 고스란히 담고자 했다.",2011-02-20,https://image.aladin.co.kr/product/1098/49/coversum/8994780092_1.jpg,국내도서>어린이>동화/명작/고전>어린이를 위한 고전
삼국지 6 6,나관중,민음사,대덕소프트웨어마이스터고등학교,EM00003878,823.5 나15ㅅ v.6,"우리 시대 최고의 작가 황석영이 우리말로 옮긴 정역 『삼국지』를 새로운 장정으로 다시 선보인다. 명실상부하게 가장 믿을 만한 원본, 정확하고 생동감 넘치는 글맛, 고전의 참맛을 느낄 수 있는 210수의 한시, 중국 인물화의 대가 왕훙시가 그린 컬러삽화 150여장을 수록하여 사랑받았다.",2020-12-21,https://image.aladin.co.kr/product/25890/73/coversum/8936432915_1.jpg,국내도서>소설/시/희곡>역사소설>외국 역사소설
        삼국지 9  출사표     ,나관중,민음사,대덕소프트웨어마이스터고등학교,EM00007491,823.5 나15ㅅ v.9 c.2,,2020-03-25,https://image.aladin.co.kr/product/23379/49/coversum/8925568888_2.jpg,국내도서>소설/시/희곡>역사소설>외국 역사소설
로빈 후드의 모험,하워드 파일,현대지성사,대덕소프트웨어마이스터고등학교,EM00003896,843 파68ㄹ,"비룡소 클래식 시리즈 23권. 하워드 파일의 대표작으로 수백 년간 영국에서 구전되며 사랑을 받아 온 로빈 후드 이야기를 가장 흥미진진하고 짜임새 엮어 낸 작품으로 평가 받고 있다. 스무 개의 굵직한 에피소드로 이뤄져 있으며, 거기에 로빈 후드가 처음 셔우드 숲에 숨어 살게 된 사연을 담은 프롤로그와 로빈 후드의 최후를 그린 에필로그가 더해져 있다.",2010-04-30,https://image.aladin.co.kr/product/693/62/coversum/8949140969_1.jpg,국내도서>어린이>동화/명작/고전>세계명작
 소설 광해군  하  2,이기담,창작시대,대덕소프트웨어마이스터고등학교,EM00004011,813.6 이18ㄱ v.2,,,,
내 생애 가장 아름다운 여행,즈느비에브 쉬레,작가정신,대덕소프트웨어마이스터고등학교,EM00004047,863.6 쉬293ㄴ,엄마가 남자친구와 결혼을 한다면 아이들은 어떻게 느낄까? 이 책의 화자는 열 살짜리 꼬마 또마. 이혼한 엄마의 연애와 결혼을 지켜보는 또마가 때로 짜증내면서도 엄마를 이해해가는 이야기다. 기자인 작가 즈느비에브 쉬레는 자기와 막내아들 또마의 이야기를 '소설'로 빚어냈다.,2000-10-07,https://image.aladin.co.kr/product/24/95/coversum/8972881325_1.gif,국내도서>소설/시/희곡>프랑스소설
내 영혼이 따뜻했던 날들,포리스트 카터,아름드리,대덕소프트웨어마이스터고등학교,EM00004097,199.1 카884ㄴ,"포리스트 카터의 자전적인 소설로, 이야기는 주인공인 '작은나무'가 홀어머니의 죽음으로 조부모와 함께 살게 되는 것으로 시작한다. 체로키족인 할아버지, 할머니와 함께 산 속 오두막에 살면서 '작은나무'는 산사람으로, 또 인디언으로 자연과 더불어 살아가면서 자연의 이치로 세상을 보고 판단하는 지혜를 배워간다.",2014-05-30,https://image.aladin.co.kr/product/19025/43/coversum/8955824955_1.jpg,국내도서>소설/시/희곡>영미소설
셜록홈즈의 귀환,아서 코난 도일,시간과 공간사,대덕소프트웨어마이스터고등학교,EM00004146,843 셜295 v.7,"""나의 샘솟는 아이디어는 세월에 녹스는 법도, 관습에 젖어 진부해지는 법도 없다네."" 전편에서 모리어티 교수와 함께 폭포에 떨어져 죽은줄 알았던 셜록 홈즈가 살아 돌아왔다. 그는 언제 왓슨과 독자 곁을 떠난 적이 있나 싶게 천연덕스러운 얼굴로 새로운 사건 수사를 시작한다.",2002-07-04,https://image.aladin.co.kr/product/36/52/coversum/8982734074_2.jpg,국내도서>소설/시/희곡>추리/미스터리소설>영미 추리/미스터리소설
한강 10 10,조정래,해냄,대덕소프트웨어마이스터고등학교,EM00004352,813.6 조73ㅎ v.10,아리랑을 지나 태백산맥을 거쳐 우리 민족의 파란만장한 근현대사 1세기를 완성한 한국문학의 기념비 한강이 100쇄를 돌파하고 조정래 작가 등단 50주년을 맞이하여 개정판으로 출간되었다.,2020-11-30,https://image.aladin.co.kr/product/25726/18/coversum/8965744660_1.jpg,국내도서>소설/시/희곡>한국소설>2000년대 이후 한국소설
눈물을 마시는 새 3  불을 다루는 도깨비,이영도,황금가지,대덕소프트웨어마이스터고등학교,EM00020097,813.7 이64ㄴ v.3,<드래곤 라자>로 한국 판타지소설계의 정상에 선 이영도의 신작이 출간됐다. 이전 작품들에서 한 걸음 더 나아가 한국적 소재를 바탕으로 새로운 세계를 창조하고자 한 노력이 돋보인다. 다소 낯설게 느껴지는 제목은 '백성들이 흘려야 할 눈물을 대신 마시는 왕'을 의미한다.,2003-01-18,https://image.aladin.co.kr/product/39/97/coversum/8982735763_3.jpg,국내도서>소설/시/희곡>판타지/환상문학>한국판타지/환상소설
피를 마시는 새 7  자신을 태우는자,이영도,황금가지,대덕소프트웨어마이스터고등학교,EM00020133,813.7 이64ㅍ v.7,,,,
모방범 2,미야베 미유키,문학동네,대덕소프트웨어마이스터고등학교,EM00020334,833.6 미63ㅁ v.2,"'블랙펜 클럽' 25권. 이유, 이코, 용은 잠들다의 작가 미야베 미유키의 최고작이자 일본 추리소설계의 전설과도 같은 작품이다. 일본에서 2001년 출간되어 추리소설로서는 경이적인 판매고를 기록했으며, 마이니치 출판문화상 등 6개 상을 석권하면서 대중성과 작품성을 동시에 인정 받았다. 2002년에는 원작의 인기를 바탕으로 영화화되기도 했다.",2012-03-09,https://image.aladin.co.kr/product/1572/21/coversum/8954617727_1.jpg,국내도서>소설/시/희곡>추리/미스터리소설>일본 추리/미스터리소설
사라진 서점,이비 우즈,인플루엔셜,대덕소프트웨어마이스터고등학교,EM00020370,843.6 우77ㅅ,더블린의 신비한 서점을 둘러싼 기묘한 이야기가 과거와 현대를 오가며 펼쳐진다. 2023년 영미권 최고의 화제작 《사라진 서점》이 드디어 한국의 독자들을 찾아왔다. 1920년대 파리와 더블린을 배경으로 역사적 사실과 소설적 상상을 우아하게 섞은 소설이다.,2024-07-30,https://image.aladin.co.kr/product/34358/83/coversum/k152932909_1.jpg,국내도서>소설/시/희곡>세계의 소설>아일랜드소설
솔로몬의 위증 1  사건,미야베 미유키,문학동네,대덕소프트웨어마이스터고등학교,EM00020384,833.6 미63ㅅ v.1,"미야베 미유키가 5년 만에 발표한 현대 미스터리. 2002년부터 2011년까지 9년여에 걸쳐 「소설 신초」에 연재된 작품으로 번역본 기준 원고지 8500매에 달하는 대작이다. 1부 사건, 2부 결의, 3부 법정의 전3권으로 이루어져 있다.",2013-06-12,https://image.aladin.co.kr/product/2707/41/coversum/8954621473_3.jpg,국내도서>소설/시/희곡>추리/미스터리소설>일본 추리/미스터리소설
솔로몬의 위증 3  법정,미야베 미유키,문학동네,대덕소프트웨어마이스터고등학교,EM00020386,833.6 미63ㅅ v.3,"미야베 미유키가 5년 만에 발표한 현대 미스터리. 2002년부터 2011년까지 9년여에 걸쳐 「소설 신초」에 연재된 작품으로 번역본 기준 원고지 8500매에 달하는 대작이다. 1부 사건, 2부 결의, 3부 법정의 전3권으로 이루어져 있다.",2013-07-10,https://image.aladin.co.kr/product/2811/10/coversum/8954621740_1.jpg,국내도서>소설/시/희곡>추리/미스터리소설>일본 추리/미스터리소설
여름의 빌라,백수린,문학동네,대덕소프트웨어마이스터고등학교,EM00020419,813.7 백56ㅇ,"소설집 폴링 인 폴 참담한 빛, 중편소설 친애하고 친애하는을 통해 한국문학을 대표하는 작가로 자리매김한 백수린. 대체 불가능한 아름다운 문장과 섬세한 플롯으로 문단과 독자의 신뢰를 한몸에 받아온 백수린이 세번째 소설집 여름의 빌라를 선보인다.",2020-07-07,https://image.aladin.co.kr/product/24489/98/coversum/8954673104_1.jpg,국내도서>소설/시/희곡>한국소설>2000년대 이후 한국소설
우리가 겨울을 지나온 방식,문미순,나무옆의자,대덕소프트웨어마이스터고등학교,EM00020427,813.7 문38ㅇ,"『미실』(김별아), 『아내가 결혼했다』(박현욱), 『내 심장을 쏴라』(정유정), 『보헤미안 랩소디』(정재민), 『저스티스맨』(도선우) 등 매해 걸출한 장편소설을 배출해온 세계문학상, 그 열아홉 번째 수상작인 문미순 작가의 『우리가 겨울을 지나온 방식』이 출간되었다.",2023-05-09,https://image.aladin.co.kr/product/36511/8/coversum/k292039424_1.jpg,국내도서>소설/시/희곡>한국소설>2000년대 이후 한국소설
지구 끝 날의 요리사,요나스 요나손,열린책들,대덕소프트웨어마이스터고등학교,EM00020457,859.7 요192ㅈ,『창문 넘어 도망친 100세 노인』의 저자 요나스 요나손의 신작 장편소설. 늘 멍청이라 불리며 구박받던 요한은 어느 날 형 프레드리크가 남긴 캠핑카를  몰다가 종말 예언가 페트라의 캐러밴을 쳐서 굴러 떨어지게 만든다. 종말을 12일 앞두고 페트라가 목숨을 끊으려던 바로 그 순간이었다. 멍청하기는 하지만 요리는 끝내주게 잘하는 요한은 페트라에게 맛있는 음식과 술을 건넨다.,2024-08-20,https://image.aladin.co.kr/product/34469/26/coversum/8932924554_1.jpg,국내도서>소설/시/희곡>세계의 소설>북유럽소설
피구왕 서영,황유미,빌리버튼,대덕소프트웨어마이스터고등학교,EM00020498,813.7 황66ㅍ,황유미 소설집. 피구왕 서영 속 단편들은 집단 속에서 표류하는 개인에 대한 이야기를 담고 있다. 과연 집단에 적응하지 못해 분투하는 이들이 잘못된 것일까? 오히려 집단이 추구하는 것이 잘못된 것은 아닐까? 마음속 깊숙이 자리 잡은 의문이 이 책의 시발점이다.,2019-01-16,https://image.aladin.co.kr/product/17897/77/coversum/k722534833_1.jpg,국내도서>소설/시/희곡>한국소설>2000년대 이후 한국소설
너의 유토피아,정보라,래빗홀,대덕소프트웨어마이스터고등학교,EM00020645,813.7 정45ㄴ,"부커상과 전미도서상 최종 후보로 선정되었던 정보라의 두 번째 소설집 《너의 유토피아》가 2025년 1월 래빗홀에서 다시 출간되었다. 2021년 출간된 《그녀를 만나다》의 개정판인 이 책은 〈너의 유토피아〉를 표제작으로 삼고, 새로운 순서와 장정, 더 정교히 다듬어진 문장으로 정비되어 독자를 만날 채비를 마쳤다.",2025-01-15,https://image.aladin.co.kr/product/35549/91/coversum/k752036371_2.jpg,국내도서>소설/시/희곡>과학소설(SF)>한국 과학소설
리틀 라이프 1,한야 야나기하라,시공사,대덕소프트웨어마이스터고등학교,EM00020646,843 야192ㄹ v.1,"영미권을 대표하는 문학상 맨부커상과 전미도서상 최종후보에 나란히 오르고, 「뉴욕타임스」, 「워싱턴포스트」, 「가디언」, 「월스트리트저널」을 비롯한 25개 언론사에서 '올해의 책'으로 꼽은 화제작.",2016-06-16,https://image.aladin.co.kr/product/8588/75/coversum/8952776372_3.jpg,국내도서>소설/시/희곡>영미소설
미키7 1,에드워드 애슈턴,황금가지,대덕소프트웨어마이스터고등학교,EM00020766,843 애56ㅁ v.1,,,,
새들이 남쪽으로 가는 날,리사 리드센,북파머스,대덕소프트웨어마이스터고등학교,EM00020768,859.7 리27ㅅ,소설은 저자가 임종을 앞둔 할아버지가 남긴 메모를 발견하면서부터 시작된다. 소설 속 인물인 ‘보’가 삶의 마지막을 목전에 두고 내내 어려웠던 아들과의 관계와 여러 문제들을 차차 풀어나가는 과정을 생생하게 그리며 독자에게 묵직한 여운을 남긴다.,2024-12-18,https://image.aladin.co.kr/product/35276/47/coversum/k442934552_3.jpg,국내도서>소설/시/희곡>세계의 소설>북유럽소설
나의 작은 무법자,크리스 휘타커,위즈덤하우스,대덕소프트웨어마이스터고등학교,EM00020775,843 휘882ㄴ,"깎아지른 절벽 너머로 햇살이 아름답게 떨어지는 안식처와 같은 곶(串) 케이프 헤이븐. 그곳 경찰 서장 '워크'의 시계는 30년 전, 열다섯 살의 '빈센트 킹'이 '시시 래들리'라는 아이를 죽이고 살인죄로 성인 교도소에 수감된 사건 이후로 멈춰 있다. 그런 워크를 걷게 하는 단 하나가 있다면 바로 죽은 시시의 언니이자 소꿉친구였던 스타 래들리와 그녀의 아이들이다.",2025-02-19,https://image.aladin.co.kr/product/35839/92/coversum/k012037865_1.jpg,국내도서>소설/시/희곡>추리/미스터리소설>영미 추리/미스터리소설
세상에서 가장 약한 요괴,김동식,요다,대덕소프트웨어마이스터고등학교,EM00020790,813.7 김25세,'오늘의 유머' 공포게시판에서 많은 이들의 호응을 얻었던 '김동식의 소설집'. 작가는 10년 동안 공장에서 노동하면서 머릿속으로 수없이 떠올렸던 이야기들을 거의 매일 게시판에 올렸다. '김동식 소설집'은 그렇게 써내려간 300편의 짧은 소설 가운데 66편을 추려 묶은 것이다.,2017-12-27,https://image.aladin.co.kr/product/12760/94/coversum/k072532679_1.jpg,국내도서>소설/시/희곡>한국소설>2000년대 이후 한국소설
일주일 만에 사랑할 순 없다,김동식,요다,대덕소프트웨어마이스터고등학교,EM00020803,813.7 김25일 c.2,2018년 회색 인간으로 데뷔하여 한국 문단에 큰 충격을 주었던 김동식 소설집. 카카오페이지 연재 당시 반응이 좋았던 작품들과 작가의 색다른 시도가 돋보이는 미공개 신작 등 23편의 단편을 모았다.,2020-03-20,https://image.aladin.co.kr/product/23546/70/coversum/k452638023_1.jpg,국내도서>소설/시/희곡>한국소설>2000년대 이후 한국소설
문어,김동식,요다,대덕소프트웨어마이스터고등학교,EM00020804,813.7 김25ㅁ,"'김동식 소설집' 대장정의 막을 내리는 9, 10권을 동시 출간했다. 9권 문어에는 낯선 세계에 던져진 인간의 심리를 집요하게 관찰하는 김동식표 SF를 담았다. 안드로이드 로봇, 인공지능, 우주, 외계인, 타임 리프, 좀비 등 다양한 소재의 SF 22편이 다채롭게 펼쳐진다.",2021-03-10,https://image.aladin.co.kr/product/26567/24/coversum/k142738035_1.jpg,국내도서>소설/시/희곡>과학소설(SF)>한국 과학소설
네가 있는 요일,박소영,창비,대덕소프트웨어마이스터고등학교,EM00020003,813.7 박55ㄴ,첫 작품 『스노볼』이 미국·프랑스·이탈리아 등 6개국에 번역 수출되고 영상화가 결정되며 새로운 문학의 얼굴로 주목받고 있는 박소영의 두 번째 장편소설 『네가 있는 요일』(창비청소년문학 121)이 출간되었다.,2023-09-08,https://image.aladin.co.kr/product/32425/6/coversum/8936457217_1.jpg,국내도서>청소년>청소년 문학>청소년 소설
이상 소설 전집,이상,민음사,대덕소프트웨어마이스터고등학교,EM00020089,813.61 이52ㅇ,이상 소설 전집. 실험적 구성과 파격적 문체를 통해 식민지 근대 한국과 그 시기를 살아 낸 사람들의 혼란스럽고 불안한 내면 심리를 형상화한 이상. 실험성과 전위성으로 인해 오늘날에도 다양한 비평 담론과 논쟁을 야기하는 이상의 소설을 한 권에 엮었다.,2012-11-05,https://image.aladin.co.kr/product/2062/36/coversum/8937463008_2.jpg,국내도서>소설/시/희곡>한국소설>2000년대 이전 한국소설
위대한 개츠비,F. 스콧 피츠제럴드,민음사,대덕소프트웨어마이스터고등학교,EM00020114,843 피85위,1920년대 미국을 배경으로 현대 물질문명의 황폐한 이면을 하드보일드 스타일로 묘사한 걸작이다. 어려서부터 성공의 야망을 품어온 미국 중서부 빈농 출신 개츠비는 1차대전 중 육군장교가 되어 상류층 아가씨 데이지를 사랑하게 된다.,2010-12-08,https://image.aladin.co.kr/product/41/79/coversum/s582934787_1.jpg,국내도서>소설/시/희곡>영미소설
피를 마시는 새 8  하늘을 딛는 자,이영도,황금가지,대덕소프트웨어마이스터고등학교,EM00020132,813.7 이64ㅍ v.8,,2005-07-15,https://image.aladin.co.kr/product/57/33/coversum/8982739394_1.jpg,국내도서>소설/시/희곡>판타지/환상문학>한국판타지/환상소설
피를 마시는 새 5  발케네의 주인,이영도,황금가지,대덕소프트웨어마이스터고등학교,EM00020135,813.7 이64ㅍ v.5,,2005-07-15,https://image.aladin.co.kr/product/57/33/coversum/898273936x_1.jpg,국내도서>소설/시/희곡>판타지/환상문학>한국판타지/환상소설
피를 마시는 새 3  유혈의 지배자,이영도,황금가지,대덕소프트웨어마이스터고등학교,EM00020137,813.7 이64ㅍ v.3,,2005-07-08,https://image.aladin.co.kr/product/57/24/coversum/8982739343_2.jpg,국내도서>소설/시/희곡>판타지/환상문학>한국판타지/환상소설
깊은 강 160,엔도 슈사쿠,민음사,대덕소프트웨어마이스터고등학교,EM00020279,833.6 엔25ㄱ,"국내에는 침묵의 작가로 잘 알려진, 평생에 걸쳐 신과 구원의 문제에 천착한 엔도 슈사쿠는, 1993년 병마와 사투를 벌이며 완성한 마지막 장편소설 깊은 강에 자기 문학의 모든 주제를 집약해 놓았다. 신은 인간 내면에 살아 숨 쉬며, 인간을 속박하는 것이 아니라 포용하는 존재임을 이 소설을 통해 역설한다.",2007-10-30,https://image.aladin.co.kr/product/100/33/coversum/8937461609_2.jpg,국내도서>소설/시/희곡>일본소설>1950년대 이후 일본소설
내일 또 내일 또 내일,개브리얼 제빈,문학동네,대덕소프트웨어마이스터고등학교,EM00020295,843.6 제559ㄴ,소꿉친구인 두 사람이 함께 게임을 만들게 되면서 일어나는 일을 다룬 이 책은 대학생들이 기발한 아이디어와 플로피디스크 하나로 게임계를 뒤집을 수 있었던 1990년대 ‘문화의 개척시대’를 배경으로 한 청춘 로맨스이자 성장물이다.,2023-08-24,https://image.aladin.co.kr/product/32308/74/coversum/8954694942_1.jpg,국내도서>소설/시/희곡>영미소설
돌이킬 수 있는,문목하,아작,대덕소프트웨어마이스터고등학교,EM00020312,813.7 문35ㄷ,"문목하의 데뷔작. 부패경찰과 정체불명의 불법 조직 사이에서 벌어지는 첩보와 배신, 초능력물과 누아르를 캐릭터와 대사로 녹여낸 작품이다. 김창규 작가는 ""초능력 전투물의 기시감을 너끈히 지우고 한 걸음 더 나아간, 장르 고전 자리를 예약한 데뷔작.""이라고 평했다.",2018-12-05,https://image.aladin.co.kr/product/17531/63/coversum/k062534304_1.jpg,국내도서>소설/시/희곡>과학소설(SF)>한국 과학소설
바베트의 만찬,이자크 디네센,문학동네,대덕소프트웨어마이스터고등학교,EM00020342,859.81 디194ㅂ,"영화 [아웃 오브 아프리카]의 원작자이자 영화 속에서 메릴 스트리프가 열연한 주인공의 실제 모델로 친숙한 덴마크 작가 이자크 디네센의 대표 단편. 1987년 작가의 고국 덴마크에서 영화화되어 아카데미 외국어 영화상, BAFTA 필름 어워드 외국어 영화상, 런던 비평가협회 외국어 영화상 등을 수상하기도 한 작품이다.",2012-01-17,https://image.aladin.co.kr/product/1470/8/coversum/8954616585_1.jpg,국내도서>소설/시/희곡>세계의 소설>북유럽소설
십자가와 반지의 초상,미야베 미유키,북스피어,대덕소프트웨어마이스터고등학교,EM00020394,833.60 미63ㅅ,"미야베 미유키의 '행복한 탐정' 시리즈. 어느 날, 버스가 통째로 납치되는 사건이 벌어진다. 범인은 권총을 든 노인이다. 버스 안에는 인터뷰를 마치고 회사로 돌아가던 스기무라도 타고 있었다. 노인의 요구조건은 '자신이 지목한 세 사람을 찾아내서 데려오라'는 것인데…",2015-06-29,https://image.aladin.co.kr/product/6186/48/coversum/8998791382_1.jpg,국내도서>소설/시/희곡>추리/미스터리소설>일본 추리/미스터리소설
이름 없는 여자의 여덟 가지 인생,이미리내,위즈덤하우스,대덕소프트웨어마이스터고등학교,EM00020434,843.6 이38ㅇ,"한 요양원의 치매 환자 구역에 흙을 먹는 걸로 악명 높은 노인, ‘묵 할머니’가 입원해 있다. 묵 할머니는 요양사에게 부고를 써달라고 부탁하면서, 자신의 인생을 요약하는 “여덟 단어”를 들려준다.",2024-07-16,https://image.aladin.co.kr/product/34316/99/coversum/k862932578_1.jpg,국내도서>소설/시/희곡>역사소설>외국 역사소설
화차,미야베 미유키,문학동네,대덕소프트웨어마이스터고등학교,EM00020520,833.6 미63ㅎ,"미야베 미유키의 사회파 미스터리 걸작 화차가 문학동네에서 새로운 번역으로 재출간된다. 기존 번역본에서 빠지거나 축약되었던 부분을 최대한 원문에 가깝게 되살려낸 결과 원고지 500매 정도의 분량이 추가된 완역본으로, 미야베 미유키 특유의 인간적이고 세심한 필치, 치밀한 구성력을 한층 생생하게 맛볼 수 있다.",2012-02-15,https://image.aladin.co.kr/product/1497/93/coversum/8954617433_2.jpg,국내도서>소설/시/희곡>추리/미스터리소설>일본 추리/미스터리소설
오랜 거짓말이 끝나는 날에,이누준,알토북스,대덕소프트웨어마이스터고등학교,EM00020757,833.6 이196ㅇ,"휴대전화 소설 대상 수상작가 이누준 장편소설. 집착에 가까울 만큼 딸을 사랑하는 엄마와 그린 듯 평범한 아빠 사이에서 일상의 행복을 누리며 살던 히마리. 그녀는 대학 졸업과 취업을 계기로 자신이 정말 해 보고 싶었던 일을 하기 위해 엄마에게서 떨어져 다른 지역으로 간다. 그리고 어느 눈 내리던 겨울 밤, 사고를 당할 뻔하고 기묘한 말을 듣는다. “4년 뒤 겨울, 넌 죽게 될 거야.”",2025-02-26,https://image.aladin.co.kr/product/35768/49/coversum/k832036747_1.jpg,국내도서>소설/시/희곡>일본소설>1950년대 이후 일본소설
두 사람의 인터내셔널,김기태,문학동네,대덕소프트웨어마이스터고등학교,EM00020769,813.7 김18ㄷ,"2022년 동아일보 신춘문예에서 “근래 보기 드문 강력하고 단단한 작품”, “처음부터 끝까지 단숨에 읽히게 만드는 흡인력이 돋보인다”는 평을 받으며 데뷔한 김기태의 첫 소설집 『두 사람의 인터내셔널』이 출간되었다.",2024-05-15,https://image.aladin.co.kr/product/33899/7/coversum/s272038473_1.jpg,국내도서>소설/시/희곡>한국소설>2000년대 이후 한국소설
3월의 마치,정한아,문학동네,대덕소프트웨어마이스터고등학교,EM00020771,813.7 정92ㅅ,『친밀한 이방인』의 정한아가 8년 만의 신작 장편 『3월의 마치』로 돌아왔다. 이 작품은 한 인간이 자기 자신과 화해할 수 있는 가장 확실하지만 불가능한 방법을 실행에 옮긴다. 바로 과거의 나와 직접 대면하는 것. 이를 위해 정한아는 성공한 노년의 여성 배우 ‘이마치’를 주인공으로 삼는다.,2025-02-28,https://image.aladin.co.kr/product/35891/11/coversum/k342037884_1.jpg,국내도서>소설/시/희곡>한국소설>2000년대 이후 한국소설
살인자의 정석,김동식,요다,대덕소프트웨어마이스터고등학교,EM00020801,813.7 김25ㅅ c.3,"김동식 소설집 7권. 카카오페이지에 연재되어 30만 독자를 사로잡았던 이야기들과 미공개 신작을 모았다. 앞뒤 설명 없이 사건으로 뛰어드는 스토리, 단숨에 읽히는 속도감, 기기묘묘한 반전까지. 김동식 소설의 재미를 극한으로 끌어올린 26편의 단편을 실었다.",2019-03-14,https://image.aladin.co.kr/product/18601/10/coversum/k842635065_1.jpg,국내도서>소설/시/희곡>한국소설>2000년대 이후 한국소설
밸런스 게임,김동식,요다,대덕소프트웨어마이스터고등학교,EM00020807,813.7 김25ㅂ c.3,"『회색 인간』으로 데뷔하여 한국 문단에 큰 충격을 주었던 김동식의 신작 소설집. ‘김동식 소설집’ 대장정의 막을 내리는 9, 10권을 동시 출간했다. 그중에서도 ‘김동식 소설집’ 10권 『밸런스 게임』은 김동식 작가의 특장점인 사고실험을 통해 극한의 상황에 놓인 인간의 딜레마를 보여준다. 기발한 상상력, 허를 찌르는 결말, 술술 읽히는 초단편 ‘김동식 소설’의 정수를 담은 완결판이다.",2021-03-10,https://image.aladin.co.kr/product/26567/30/coversum/k372738035_1.jpg,국내도서>소설/시/희곡>과학소설(SF)>한국 과학소설
나미야 잡화점의 기적,히가시노게이고,현대문학,대덕소프트웨어마이스터고등학교,IT00005977,833.6 히12ㄴ c.4,히가시노 게이고의 가장 경이로운 대표작 『나미야 잡화점의 기적』이 국내 출간 10주년을 맞아 무선 보급판으로 발간된다. 초판 표지의 감동을 그대로 담아낸 무선판은 다소 무게감 있었던 양장판과 다르게 누구나 가볍게 들고 다니며 읽을 수 있도록 했다.,2022-12-19,https://image.aladin.co.kr/product/30768/99/coversum/k252830652_2.jpg,국내도서>소설/시/희곡>일본소설>1950년대 이후 일본소설
나미야 잡화점의 기적,히가시노게이고,현대문학,대덕소프트웨어마이스터고등학교,EM00019386,833.6 히12ㄴ c.3,히가시노 게이고의 가장 경이로운 대표작 『나미야 잡화점의 기적』이 국내 출간 10주년을 맞아 무선 보급판으로 발간된다. 초판 표지의 감동을 그대로 담아낸 무선판은 다소 무게감 있었던 양장판과 다르게 누구나 가볍게 들고 다니며 읽을 수 있도록 했다.,2022-12-19,https://image.aladin.co.kr/product/30768/99/coversum/k252830652_2.jpg,국내도서>소설/시/희곡>일본소설>1950년대 이후 일본소설
계단 위의 여자,베른하르트 슐링크,시공사,대덕소프트웨어마이스터고등학교,EM00019393,853 슐298ㄱ,"책 읽어주는 남자 작가 베른하르트 슐링크의 장편소설. 소설가 배수아가 번역을 맡았다. 테러리스트와 그 주변인들의 균열된 삶을 통해 또 하나의 탁월한 도덕적 미로를 제시한 주말에 이어 6년 만에 선보이는 이번 장편에서, 그는 인간의 가장 복잡하고 내밀한 미로인 사랑과 죽음의 문제에 접근한다.",2016-08-18,https://image.aladin.co.kr/product/9002/85/coversum/895277681x_1.jpg,국내도서>소설/시/희곡>독일소설
풀꽃도 꽃이다 1,조정래,해냄,대덕소프트웨어마이스터고등학교,EM00019400,813.6 조74ㅍ v.1,조정래 장편소설. 손자를 맞이한 후 유아기부터 시작되는 온갖 사교육의 실태를 파악한 작가가 3년간 집중적으로 자료를 조사하고 각급학교와 사교육 현장을 찾아가 관련 종사자를 취재한 후 소설의 틀을 짜 2015년 말부터 본격적으로 집필에 돌입해 펴낸 작품이다.,2016-07-12,https://image.aladin.co.kr/product/8659/33/coversum/8965745616_2.jpg,국내도서>소설/시/희곡>한국소설>2000년대 이후 한국소설
그 산이 정말 거기 있었을까,박완서,웅진지식하우스,대덕소프트웨어마이스터고등학교,IT00013554,813.7 박65ㄱ c.2,"한국 문학의 거목, 박완서 작가의 대표작인 ‘소설로 그린 자화상’ 연작 『그 많던 싱아는 누가 다 먹었을까』와 『그 산이 정말 거기 있었을까』가 리커버 특별판으로 독자들을 찾아왔다. ‘2025서울국제도서전’을 뜨겁게 달군 사진작가 이옥토의 작품으로 표지를 갈아입고 장정을 새롭게 꾸며, 그 치열하고도 아름다운 기억의 공간을 지금 이곳으로 되살린다.",2025-08-18,https://image.aladin.co.kr/product/36931/16/coversum/8901296918_2.jpg,국내도서>소설/시/희곡>한국소설>2000년대 이후 한국소설
그 산이 정말 거기 있었을까,박완서,웅진지식하우스,대덕소프트웨어마이스터고등학교,IT00013555,813.7 박65ㄱ c.3,"한국 문학의 거목, 박완서 작가의 대표작인 ‘소설로 그린 자화상’ 연작 『그 많던 싱아는 누가 다 먹었을까』와 『그 산이 정말 거기 있었을까』가 리커버 특별판으로 독자들을 찾아왔다. ‘2025서울국제도서전’을 뜨겁게 달군 사진작가 이옥토의 작품으로 표지를 갈아입고 장정을 새롭게 꾸며, 그 치열하고도 아름다운 기억의 공간을 지금 이곳으로 되살린다.",2025-08-18,https://image.aladin.co.kr/product/36931/16/coversum/8901296918_2.jpg,국내도서>소설/시/희곡>한국소설>2000년대 이후 한국소설
나는 홍범도,송은일,바틀비,대덕소프트웨어마이스터고등학교,IT00013579,813.7 송67ㄴ,봉오동전투와 청산리전투에서 독립군이 당시 아시아 최강을 자랑하던 제국주의 일본 정규군을 상대로 대승을 거둔 지 꼭 100주년이 되는 해에 나온 대하소설. 항일전쟁의 주역 여천 홍범도 장군의 일대기를 문학적으로 형상화한 유장한 흐름의 역사소설이다.,2020-08-15,https://image.aladin.co.kr/product/24681/58/coversum/k302631496_2.jpg,국내도서>소설/시/희곡>한국소설>2000년대 이후 한국소설
백조와 박쥐,히가시노 게이고,현대문학,대덕소프트웨어마이스터고등학교,IT00013619,833.6 히12박,"히가시노 게이고 작가 데뷔 35주년 기념작. 도쿄 해안 도로변에 불법 주차된 차 안에서 흉기에 찔린 사체가 발견된다. 피해자는 정의로운 국선 변호인으로 명망이 높던 변호사 시라이시 겐스케. 수사는 난항이 예상되지만, 갑작스럽게 한 남자가 자백하며 사건은 순식간에 해결된다.",2021-08-16,https://image.aladin.co.kr/product/27736/48/coversum/k902733648_1.jpg,국내도서>소설/시/희곡>추리/미스터리소설>일본 추리/미스터리소설
나미야 잡화점의 기적,히가시노게이고,현대문학,대덕소프트웨어마이스터고등학교,EM00019385,833.6 히12ㄴ c.2,히가시노 게이고의 가장 경이로운 대표작 『나미야 잡화점의 기적』이 국내 출간 10주년을 맞아 무선 보급판으로 발간된다. 초판 표지의 감동을 그대로 담아낸 무선판은 다소 무게감 있었던 양장판과 다르게 누구나 가볍게 들고 다니며 읽을 수 있도록 했다.,2022-12-19,https://image.aladin.co.kr/product/30768/99/coversum/k252830652_2.jpg,국내도서>소설/시/희곡>일본소설>1950년대 이후 일본소설
종의 기원,정유정,은행나무,대덕소프트웨어마이스터고등학교,EM00019398,813.6 정66ㅈ,"펴내는 작품마다 압도적인 서사와 폭발적인 이야기의 힘으로 많은 독자들의 뜨거운 사랑을 받아온 정유정이 전작 28 이후 3년 만에 장편소설 종의 기원으로 독자들을 찾았다. 작품 안에서 늘 허를 찌르는 반전을 선사했던 작가답게, 이번 작품에서 정유정의 상상력은 전혀 다른 방향에서 빛을 발한다.",2016-05-14,https://image.aladin.co.kr/product/7492/9/coversum/8956609950_2.jpg,국내도서>소설/시/희곡>한국소설>2000년대 이후 한국소설
종의 기원,정유정,은행나무,대덕소프트웨어마이스터고등학교,IT00013311,813.6 정66ㅈ c.2,"펴내는 작품마다 압도적인 서사와 폭발적인 이야기의 힘으로 많은 독자들의 뜨거운 사랑을 받아온 정유정이 전작 28 이후 3년 만에 장편소설 종의 기원으로 독자들을 찾았다. 작품 안에서 늘 허를 찌르는 반전을 선사했던 작가답게, 이번 작품에서 정유정의 상상력은 전혀 다른 방향에서 빛을 발한다.",2016-05-14,https://image.aladin.co.kr/product/7492/9/coversum/8956609950_2.jpg,국내도서>소설/시/희곡>한국소설>2000년대 이후 한국소설
풀꽃도 꽃이다 2,조정래,해냄,대덕소프트웨어마이스터고등학교,EM00019401,813.6 조74ㅍ v.2,조정래 장편소설. 손자를 맞이한 후 유아기부터 시작되는 온갖 사교육의 실태를 파악한 작가가 3년간 집중적으로 자료를 조사하고 각급학교와 사교육 현장을 찾아가 관련 종사자를 취재한 후 소설의 틀을 짜 2015년 말부터 본격적으로 집필에 돌입해 펴낸 작품이다.,2016-07-12,https://image.aladin.co.kr/product/8659/33/coversum/8965745624_2.jpg,국내도서>소설/시/희곡>한국소설>2000년대 이후 한국소설
그 산이 정말 거기 있었을까,박완서,웅진지식하우스,대덕소프트웨어마이스터고등학교,IT00013563,813.7 박65ㄱ c.11,"한국 문학의 거목, 박완서 작가의 대표작인 ‘소설로 그린 자화상’ 연작 『그 많던 싱아는 누가 다 먹었을까』와 『그 산이 정말 거기 있었을까』가 리커버 특별판으로 독자들을 찾아왔다. ‘2025서울국제도서전’을 뜨겁게 달군 사진작가 이옥토의 작품으로 표지를 갈아입고 장정을 새롭게 꾸며, 그 치열하고도 아름다운 기억의 공간을 지금 이곳으로 되살린다.",2025-08-18,https://image.aladin.co.kr/product/36931/16/coversum/8901296918_2.jpg,국내도서>소설/시/희곡>한국소설>2000년대 이후 한국소설
그 산이 정말 거기 있었을까,박완서,웅진지식하우스,대덕소프트웨어마이스터고등학교,IT00013561,813.7 박65ㄱ c.9,"한국 문학의 거목, 박완서 작가의 대표작인 ‘소설로 그린 자화상’ 연작 『그 많던 싱아는 누가 다 먹었을까』와 『그 산이 정말 거기 있었을까』가 리커버 특별판으로 독자들을 찾아왔다. ‘2025서울국제도서전’을 뜨겁게 달군 사진작가 이옥토의 작품으로 표지를 갈아입고 장정을 새롭게 꾸며, 그 치열하고도 아름다운 기억의 공간을 지금 이곳으로 되살린다.",2025-08-18,https://image.aladin.co.kr/product/36931/16/coversum/8901296918_2.jpg,국내도서>소설/시/희곡>한국소설>2000년대 이후 한국소설
불편한 편의점,김호연,나무옆의자,대덕소프트웨어마이스터고등학교,IT00014600,813.7 김95ㅂ c.3,,2021-04-20,https://image.aladin.co.kr/product/29045/74/coversum/k192836746_2.jpg,국내도서>소설/시/희곡>한국소설>2000년대 이후 한국소설
불편한 편의점,김호연,나무옆의자,대덕소프트웨어마이스터고등학교,IT00014601,813.7 김95ㅂ c.4,,2021-04-20,https://image.aladin.co.kr/product/29045/74/coversum/k192836746_2.jpg,국내도서>소설/시/희곡>한국소설>2000년대 이후 한국소설
불편한 편의점,김호연,나무옆의자,대덕소프트웨어마이스터고등학교,IT00014602,813.7 김95ㅂ c.5,,2021-04-20,https://image.aladin.co.kr/product/29045/74/coversum/k192836746_2.jpg,국내도서>소설/시/희곡>한국소설>2000년대 이후 한국소설
수의 여왕,가와조에 아이,청미래,대덕소프트웨어마이스터고등학교,IT00013640,833.6 가65ㅅ c.2,"운명수로 상대방에게 저주를 거는, 아름답지만 피도 눈물도 없는 메르세인 왕국의 왕비에 대항하여 왕비의 양녀 나쟈가 자신의 잔혹한 운명을 극복하는 환상적인 모험의 이야기이다. 나쟈의 이야기를 따라가다 보면, 학교에서 배웠던 수학 이론들이 생생하고 재미있게 응용될 수 있다.",2020-08-25,https://image.aladin.co.kr/product/25019/39/coversum/8986836718_2.jpg,국내도서>소설/시/희곡>판타지/환상문학>외국판타지/환상소설
수의 여왕,가와조에 아이,청미래,대덕소프트웨어마이스터고등학교,IT00013641,833.6 가65ㅅ c.3,"운명수로 상대방에게 저주를 거는, 아름답지만 피도 눈물도 없는 메르세인 왕국의 왕비에 대항하여 왕비의 양녀 나쟈가 자신의 잔혹한 운명을 극복하는 환상적인 모험의 이야기이다. 나쟈의 이야기를 따라가다 보면, 학교에서 배웠던 수학 이론들이 생생하고 재미있게 응용될 수 있다.",2020-08-25,https://image.aladin.co.kr/product/25019/39/coversum/8986836718_2.jpg,국내도서>소설/시/희곡>판타지/환상문학>외국판타지/환상소설
수의 여왕,가와조에 아이,청미래,대덕소프트웨어마이스터고등학교,IT00013642,833.6 가65ㅅ c.4,"운명수로 상대방에게 저주를 거는, 아름답지만 피도 눈물도 없는 메르세인 왕국의 왕비에 대항하여 왕비의 양녀 나쟈가 자신의 잔혹한 운명을 극복하는 환상적인 모험의 이야기이다. 나쟈의 이야기를 따라가다 보면, 학교에서 배웠던 수학 이론들이 생생하고 재미있게 응용될 수 있다.",2020-08-25,https://image.aladin.co.kr/product/25019/39/coversum/8986836718_2.jpg,국내도서>소설/시/희곡>판타지/환상문학>외국판타지/환상소설
스틸 키스,제프리 디버,알에이치코리아,대덕소프트웨어마이스터고등학교,IT00013652,843 디44ㅅ,"흥미진진한 캐릭터, 철저한 자료 조사, 탄탄한 플롯, 충격적인 반전 등으로 독자를 사로잡는 제프리 디버의 링컨 라임 시리즈의 열두 번째 작품 『스틸 키스』는 사이코패스 악당이 스마트 컨트롤러를 통해 사물인터넷(IoT) 서버를 해킹하여 사람을 죽이는 이야기다.
",2020-05-20,https://image.aladin.co.kr/product/24108/33/coversum/8925536749_1.jpg,국내도서>소설/시/희곡>추리/미스터리소설>영미 추리/미스터리소설
오늘 밤  세계에서 이 사랑이 사라진다 해도,이치조 미사키,모모,대덕소프트웨어마이스터고등학교,IT00013693,833.6 이86ㅇ c.3,제26회 전격소설대상 ‘미디어워크스문고상’ 수상작. 밤에 자고 일어나면 기억이 리셋되는 ‘선행성 기억상실증’을 앓는 소녀 히노 마오리와 무미건조한 인생을 살고 있는 평범한 고등학생 가미야 도루의 풋풋하고 애틋한 사랑 이야기를 담았다.,2021-06-21,https://image.aladin.co.kr/product/27407/79/coversum/k362732558_3.jpg,국내도서>소설/시/희곡>일본소설>1950년대 이후 일본소설
소년이 온다,한강,창비,대덕소프트웨어마이스터고등학교,IT00009955,813.6 한12ㅅ c.3,섬세한 감수성과 치밀한 문장으로 인간 존재의 본질을 탐구해온 작가 한강의 여섯번째 장편소설. '상처의 구조에 대한 투시와 천착의 서사'를 통해 한강만이 풀어낼 수 있는 방식으로 1980년 5월을 새롭게 조명한다.,2014-05-19,https://image.aladin.co.kr/product/4086/97/coversum/8936434128_2.jpg,국내도서>소설/시/희곡>한국소설>2000년대 이후 한국소설
위고 카브레,브라이언 셀즈닉,뜰book(꿈소담이),대덕소프트웨어마이스터고등학교,EM00017416,808.9 셀77ㅇ,"주인공 위고가 잿더미 속에서 아버지가 고치다 만 자동인형을 찾아 수리하면서 그 속에 감추어진 비밀을 파헤치는 과정을 사실적으로 담아낸 추리 소설이다. 소설을 바탕으로 영화계의 거장 마틴 스콜세지 감독이 연출한 영화 [휴고]가 제69회 골든글러브 감독상, 제84회 아카데미 시상식 5개 부문을 수상했다. 2008년 칼데콧 상 수상작.",2012-02-21,https://image.aladin.co.kr/product/1554/25/coversum/895689793x_1.jpg,국내도서>소설/시/희곡>영미소설
1026,김진명,새움,대덕소프트웨어마이스터고등학교,EM00012485,813.6 김78ㅇ c.3,,2024-03-21,https://image.aladin.co.kr/product/33664/0/coversum/k822939738_1.jpg,국내도서>소설/시/희곡>한국소설>2000년대 이후 한국소설
그 산이 정말 거기 있었을까,박완서,웅진지식하우스,대덕소프트웨어마이스터고등학교,IT00013564,813.7 박65ㄱ c.12,"한국 문학의 거목, 박완서 작가의 대표작인 ‘소설로 그린 자화상’ 연작 『그 많던 싱아는 누가 다 먹었을까』와 『그 산이 정말 거기 있었을까』가 리커버 특별판으로 독자들을 찾아왔다. ‘2025서울국제도서전’을 뜨겁게 달군 사진작가 이옥토의 작품으로 표지를 갈아입고 장정을 새롭게 꾸며, 그 치열하고도 아름다운 기억의 공간을 지금 이곳으로 되살린다.",2025-08-18,https://image.aladin.co.kr/product/36931/16/coversum/8901296918_2.jpg,국내도서>소설/시/희곡>한국소설>2000년대 이후 한국소설
그 산이 정말 거기 있었을까,박완서,웅진지식하우스,대덕소프트웨어마이스터고등학교,IT00013565,813.7 박65ㄱ c.13,"한국 문학의 거목, 박완서 작가의 대표작인 ‘소설로 그린 자화상’ 연작 『그 많던 싱아는 누가 다 먹었을까』와 『그 산이 정말 거기 있었을까』가 리커버 특별판으로 독자들을 찾아왔다. ‘2025서울국제도서전’을 뜨겁게 달군 사진작가 이옥토의 작품으로 표지를 갈아입고 장정을 새롭게 꾸며, 그 치열하고도 아름다운 기억의 공간을 지금 이곳으로 되살린다.",2025-08-18,https://image.aladin.co.kr/product/36931/16/coversum/8901296918_2.jpg,국내도서>소설/시/희곡>한국소설>2000년대 이후 한국소설
그 산이 정말 거기 있었을까,박완서,웅진지식하우스,대덕소프트웨어마이스터고등학교,IT00013566,813.7 박65ㄱ c.14,"한국 문학의 거목, 박완서 작가의 대표작인 ‘소설로 그린 자화상’ 연작 『그 많던 싱아는 누가 다 먹었을까』와 『그 산이 정말 거기 있었을까』가 리커버 특별판으로 독자들을 찾아왔다. ‘2025서울국제도서전’을 뜨겁게 달군 사진작가 이옥토의 작품으로 표지를 갈아입고 장정을 새롭게 꾸며, 그 치열하고도 아름다운 기억의 공간을 지금 이곳으로 되살린다.",2025-08-18,https://image.aladin.co.kr/product/36931/16/coversum/8901296918_2.jpg,국내도서>소설/시/희곡>한국소설>2000년대 이후 한국소설
그 산이 정말 거기 있었을까,박완서,웅진지식하우스,대덕소프트웨어마이스터고등학교,IT00013569,813.7 박65ㄱ c.17,"한국 문학의 거목, 박완서 작가의 대표작인 ‘소설로 그린 자화상’ 연작 『그 많던 싱아는 누가 다 먹었을까』와 『그 산이 정말 거기 있었을까』가 리커버 특별판으로 독자들을 찾아왔다. ‘2025서울국제도서전’을 뜨겁게 달군 사진작가 이옥토의 작품으로 표지를 갈아입고 장정을 새롭게 꾸며, 그 치열하고도 아름다운 기억의 공간을 지금 이곳으로 되살린다.",2025-08-18,https://image.aladin.co.kr/product/36931/16/coversum/8901296918_2.jpg,국내도서>소설/시/희곡>한국소설>2000년대 이후 한국소설
그 산이 정말 거기 있었을까,박완서,웅진지식하우스,대덕소프트웨어마이스터고등학교,IT00013568,813.7 박65ㄱ c.16,"한국 문학의 거목, 박완서 작가의 대표작인 ‘소설로 그린 자화상’ 연작 『그 많던 싱아는 누가 다 먹었을까』와 『그 산이 정말 거기 있었을까』가 리커버 특별판으로 독자들을 찾아왔다. ‘2025서울국제도서전’을 뜨겁게 달군 사진작가 이옥토의 작품으로 표지를 갈아입고 장정을 새롭게 꾸며, 그 치열하고도 아름다운 기억의 공간을 지금 이곳으로 되살린다.",2025-08-18,https://image.aladin.co.kr/product/36931/16/coversum/8901296918_2.jpg,국내도서>소설/시/희곡>한국소설>2000년대 이후 한국소설
꿈꾸는 책들의 미로,발터 뫼어스,문학동네,대덕소프트웨어마이스터고등학교,IT00013576,853 뫼64ㄲ,"꿈꾸는 책들의 도시 두번째 이야기. 오랜 친구와 새로운 적, 새로운 아군과 오랜 적수, 그리고 무엇보다 돌아온 그림자 제왕에 대한 이야기다. '도서항해사'가 지하에서 책의 대양을 누비는 새로운 부흐하임, 그곳 미로로 떠나는 미테멘츠의 두번째 모험.",2015-09-15,https://image.aladin.co.kr/product/6659/13/coversum/8954637582_1.jpg,국내도서>소설/시/희곡>판타지/환상문학>외국판타지/환상소설
당신의 별이 사라지던 밤,서미애,엘릭시르,대덕소프트웨어마이스터고등학교,IT00013600,813.7 서38ㄷ,"지난 2015년 5년이라는 긴 휴지기를 깨고 신작을 내놓았던 서미애 작가가 다시 2년 만에 내놓은 장편소설이다. 안정적인 문장력과 탄탄한 구성, 흡입력 넘치는 서스펜스로 '추리의 여왕'이라 불렸던 그는 이제까지와 비슷한 결을 갖고 있지만 조금쯤 다른 느낌의 서스펜스 스릴러를 선보인다.",2018-02-09,https://image.aladin.co.kr/product/13269/80/coversum/8954650163_2.jpg,국내도서>소설/시/희곡>추리/미스터리소설>한국 추리/미스터리소설
밸런스 게임,김동식,요다,대덕소프트웨어마이스터고등학교,IT00013620,813.7 김25ㅂ,"『회색 인간』으로 데뷔하여 한국 문단에 큰 충격을 주었던 김동식의 신작 소설집. ‘김동식 소설집’ 대장정의 막을 내리는 9, 10권을 동시 출간했다. 그중에서도 ‘김동식 소설집’ 10권 『밸런스 게임』은 김동식 작가의 특장점인 사고실험을 통해 극한의 상황에 놓인 인간의 딜레마를 보여준다. 기발한 상상력, 허를 찌르는 결말, 술술 읽히는 초단편 ‘김동식 소설’의 정수를 담은 완결판이다.",2021-03-10,https://image.aladin.co.kr/product/26567/30/coversum/k372738035_1.jpg,국내도서>소설/시/희곡>과학소설(SF)>한국 과학소설
버터,유즈키 아사코,이봄,대덕소프트웨어마이스터고등학교,IT00013621,833.6 유77ㅂ,"2009년 도쿄 인근의 지역에서 발생한 연속 의문사 사건으로 일본이 발칵 뒤집힌다. 사람들이 경악한 것은 언론을 통해 공개된 100킬로그램이 넘는 용의자였다. 저자는 사건 자체보다 범인이 요리 블로그를 운영했고, 요리교실에 다녔다는 사실에 주목하며 소설 『버터』를 집필한다.",2021-08-25,https://image.aladin.co.kr/product/27835/93/coversum/k372734780_2.jpg,국내도서>소설/시/희곡>추리/미스터리소설>일본 추리/미스터리소설
불편한 편의점,김호연,나무옆의자,대덕소프트웨어마이스터고등학교,IT00013623,813.7 김95ㅂ,,2021-04-20,https://image.aladin.co.kr/product/29045/74/coversum/k192836746_2.jpg,국내도서>소설/시/희곡>한국소설>2000년대 이후 한국소설
불편한 편의점,김호연,나무옆의자,대덕소프트웨어마이스터고등학교,IT00017656,813.7 김95ㅂ c.7,,2021-04-20,https://image.aladin.co.kr/product/29045/74/coversum/k192836746_2.jpg,국내도서>소설/시/희곡>한국소설>2000년대 이후 한국소설
수의 여왕,가와조에 아이,청미래,대덕소프트웨어마이스터고등학교,IT00013639,833.6 가65ㅅ,"운명수로 상대방에게 저주를 거는, 아름답지만 피도 눈물도 없는 메르세인 왕국의 왕비에 대항하여 왕비의 양녀 나쟈가 자신의 잔혹한 운명을 극복하는 환상적인 모험의 이야기이다. 나쟈의 이야기를 따라가다 보면, 학교에서 배웠던 수학 이론들이 생생하고 재미있게 응용될 수 있다.",2020-08-25,https://image.aladin.co.kr/product/25019/39/coversum/8986836718_2.jpg,국내도서>소설/시/희곡>판타지/환상문학>외국판타지/환상소설
우리가 쓴 것,조남주,민음사,대덕소프트웨어마이스터고등학교,IT00013701,813.7 조192ㅇ,"조남주 작가의 첫 소설집. 「여자아이는 자라서」「가출」「현남 오빠에게」 등 8편의 단편소설로 구성된 소설집으로, 각각의 작품은 가스라이팅, 불법촬영, 돌봄 노동, 가부장제, 여성 노년의 삶, 페미니즘 내 세대 갈등 등 그동안 여성의 삶을 이야기함에 있어 주요한 화두로 등장했던 문제들을 관통한다.",2021-06-18,https://image.aladin.co.kr/product/27389/4/coversum/8937472066_2.jpg,국내도서>소설/시/희곡>한국소설>2000년대 이후 한국소설
 완역 반지제왕 0  호비트,J.R.R. 톨킨,동서문화사,대덕소프트웨어마이스터고등학교,EM00002993,843 톨829ㅂ v.0,"원제 The Lord of the Rings, 판타지 소설의 아버지 J.R.R. 톨킨의 대표작이면서 동시에 지금까지 모든 판타지 소설의 원형이자 틀로 작용한 교과서나 다름없는 소설이다.",2002-02-02,https://image.aladin.co.kr/product/34/90/coversum/894970062x_1.gif,국내도서>소설/시/희곡>판타지/환상문학>외국판타지/환상소설
씁쓸한 초콜릿,미리암 프레슬러,낭기열라,대덕소프트웨어마이스터고등학교,EM00003084,853 프233ㅆ,"독일 청소년문학계의 대표적인 반(反)권위주의적 작가이자 '제2의 루이제 린저'로 평가받는 미리암 프레슬러 소설. 소설은 15세 소녀 에바가 뚱뚱한 몸매로 인해 느끼고 겪는 일상에 대한 평이한 서사에도 불구하고, 인물의 의식에 대한 날카로운 포착과 정확한 묘사로 인해 실제적으로 다가온다.",2017-03-15,https://image.aladin.co.kr/product/10248/49/coversum/896170589x_1.jpg,국내도서>소설/시/희곡>독일소설
천 개의 찬란한 태양,할레드 호세이니,현대문학,대덕소프트웨어마이스터고등학교,EM00008144,843 호53ㅊ c.4,아프가니스탄의 굴곡진 현대사와 그 속에서 살아가는 사람들의 삶을 감동적으로 그려내 사랑과 구원의 인간 드라마를 전 세계에 선사한 아프가니스탄 출신 미국 작가 할레드 호세이니의 대표작 『천 개의 찬란한 태양』이 15년 만에 개정판으로 돌아왔다.,2022-08-20,https://image.aladin.co.kr/product/30005/31/coversum/k482838350_1.jpg,국내도서>소설/시/희곡>영미소설
퀴즈쇼,김영하,문학동네,대덕소프트웨어마이스터고등학교,EM00009645,813.6 김64ㅋ c.3,김영하 등단 25주년을 맞이해 시작된 ‘복복서가×김영하 소설’ 시리즈 2차분 6권 가운데 앞서 출간된 『오직 두 사람』 『나는 나를 파괴할 권리가 있다』 『빛의 제국』에 이어 나머지 3종이 모두 출간되었다.,2022-09-22,https://image.aladin.co.kr/product/30170/85/coversum/k012839682_1.jpg,국내도서>소설/시/희곡>한국소설>2000년대 이후 한국소설
해리포터와 혼혈왕자 제7권 ,조앤 K. 롤링,문학수첩,대덕소프트웨어마이스터고등학교,EM00003310,843 롤239ㅎ v.7-2 c.3,,,,
현의 노래,김훈,생각의나무,대덕소프트웨어마이스터고등학교,EM00003318,813.6 김97ㅎ,"칼의 노래로 동인문학상을, 단편 '화장(火葬)'으로 이상문학상을 수상한 김훈의 장편소설. 김훈이 칼의 노래 집필 이전부터 기획해온 현의 노래는 가야금의 예인 우륵의 생애를 그리고 있다. 특유의 유려하고 밀도 높은 언어로 왕과 장수, 대장장이와 궁녀, 관리와 범부- 먼 옛날 우리 땅의 풍경과 사람들을 되살려낸다.",2012-01-05,https://image.aladin.co.kr/product/1462/94/coversum/8954617255_1.jpg,국내도서>소설/시/희곡>역사소설>한국 역사소설
    살인사건,애거서 크리스티,해문출판사,대덕소프트웨어마이스터고등학교,EM00003321,843 크239ㅇ,"애거서 크리스티의 작품들 중 최고의 작품들만을 엄선한 '애거서 크리스티 에디터스 초이스' 시리즈. 푸아로가 등장하는 작품 중 세계에서 가장 많이 팔리는 애거서 크리스티 소설이자, 그리고 아무도 없었다와 함께 애거서 크리스티를 대표하는 작품이다.",2013-12-31,https://image.aladin.co.kr/product/3498/69/coversum/8960177768_1.jpg,국내도서>소설/시/희곡>추리/미스터리소설>영미 추리/미스터리소설
삼한지 6  새로운 영웅들,김정산,예담(위즈덤하우스),대덕소프트웨어마이스터고등학교,EM00003342,813.6 김73ㅅ v.6,,2006-03-10,https://image.aladin.co.kr/product/62/98/coversum/8959131407_1.jpg,국내도서>소설/시/희곡>역사소설>한국 역사소설
삼한지 7  도망가는 당태종,김정산,예담(위즈덤하우스),대덕소프트웨어마이스터고등학교,EM00003343,813.6 김73ㅅ v.7,,2003-08-20,https://image.aladin.co.kr/product/42/89/coversum/8957571035_1.gif,국내도서>소설/시/희곡>역사소설>한국 역사소설
소소한 풍경,박범신,자음과모음,대덕소프트웨어마이스터고등학교,EM00013929,813.6 박44ㅅ,"우리 시대 영원한 청년작가 박범신이 '갈망 3부작', '자본주의 폭력성을 비판한 3부작' 이후 '논산집' 호숫가를 쓸쓸히 배회하며 완성한 장편소설 소소한 풍경으로 돌아왔다. 저마다의 상처를 안고 살아가는 이들의 '비밀'스러운 이야기가 펼쳐진다.",2014-04-30,https://image.aladin.co.kr/product/4019/51/coversum/8957078010_1.jpg,국내도서>소설/시/희곡>한국소설>2000년대 이후 한국소설
저녁이 깊다,이혜경,문학과지성사,대덕소프트웨어마이스터고등학교,EM00014025,813.6 이94ㅈ,"1982년 「세계의 문학」에 중편 '우리들의 떨켜'를 발표하며 작품 활동을 시작한 이래, 일상의 세부와 가려진 삶들의 안팎에 드리운 균열을 다감하고도 예리한 시선으로 포착해온 작가 이혜경이 장편소설. 길 위의 집(1995)에 이은 그녀의 두번째 장편소설이다.",2014-09-12,https://image.aladin.co.kr/product/4619/35/coversum/8932026564_1.jpg,국내도서>소설/시/희곡>한국소설>2000년대 이후 한국소설
 완역 반지제왕 6  왕의 귀환,J.R.R. 톨킨,동서문화사,대덕소프트웨어마이스터고등학교,EM00002999,843 톨829ㅂ v.6,,2002-02-02,https://image.aladin.co.kr/product/34/90/coversum/8949700689_1.gif,국내도서>소설/시/희곡>판타지/환상문학>외국판타지/환상소설
씁쓸한 초콜릿,미리암 프레슬러,낭기열라,대덕소프트웨어마이스터고등학교,EM00003085,853 프233ㅆ c.2,"독일 청소년문학계의 대표적인 반(反)권위주의적 작가이자 '제2의 루이제 린저'로 평가받는 미리암 프레슬러 소설. 소설은 15세 소녀 에바가 뚱뚱한 몸매로 인해 느끼고 겪는 일상에 대한 평이한 서사에도 불구하고, 인물의 의식에 대한 날카로운 포착과 정확한 묘사로 인해 실제적으로 다가온다.",2017-03-15,https://image.aladin.co.kr/product/10248/49/coversum/896170589x_1.jpg,국내도서>소설/시/희곡>독일소설
암흑의 핵심,조셉 콘레드,민음사,대덕소프트웨어마이스터고등학교,EM00003090,808.9 세14 v.7 c.2,영화 '지옥의 묵시록'의 원작 소설. 제국주의를 비판한 정치·사회소설로도 읽을 수 있겠지만 그것보다는 아프리카로 대변되는 인간의 어두운 면에 대한 성찰로 읽는 것이 더 옳다.,1998-08-05,https://image.aladin.co.kr/product/9/69/coversum/8937460076_3.jpg,국내도서>소설/시/희곡>영미소설
천 개의 찬란한 태양,할레드 호세이니,현대문학,대덕소프트웨어마이스터고등학교,EM00003355,843 호53ㅊ c.3,아프가니스탄의 굴곡진 현대사와 그 속에서 살아가는 사람들의 삶을 감동적으로 그려내 사랑과 구원의 인간 드라마를 전 세계에 선사한 아프가니스탄 출신 미국 작가 할레드 호세이니의 대표작 『천 개의 찬란한 태양』이 15년 만에 개정판으로 돌아왔다.,2022-08-20,https://image.aladin.co.kr/product/30005/31/coversum/k482838350_1.jpg,국내도서>소설/시/희곡>영미소설
천 개의 찬란한 태양,할레드 호세이니,현대문학,대덕소프트웨어마이스터고등학교,EM00009630,843 호53ㅊ c.7,아프가니스탄의 굴곡진 현대사와 그 속에서 살아가는 사람들의 삶을 감동적으로 그려내 사랑과 구원의 인간 드라마를 전 세계에 선사한 아프가니스탄 출신 미국 작가 할레드 호세이니의 대표작 『천 개의 찬란한 태양』이 15년 만에 개정판으로 돌아왔다.,2022-08-20,https://image.aladin.co.kr/product/30005/31/coversum/k482838350_1.jpg,국내도서>소설/시/희곡>영미소설
어린왕자,생텍쥐페리,꿈꾸는아이들,대덕소프트웨어마이스터고등학교,EM00003241,808.3 청55 v.11,"전 세계인들의 사랑을 받은 가장 아름다운 이야기, 생텍쥐페리의 어린 왕자가 문학 평론가 황현산의 번역으로 열린책들에서 출간되었다. 황현산은 이 작품을 새롭게 번역하면서 생텍쥐페리의 진솔한 문체를 고스란히 살려 내기 위해 심혈을 기울였다.",2015-10-20,https://image.aladin.co.kr/product/6853/49/coversum/8932917248_2.jpg,국내도서>소설/시/희곡>프랑스소설
해리포터와 혼혈왕자 제7권 ,조앤 K. 롤링,문학수첩,대덕소프트웨어마이스터고등학교,EM00003316,843 롤239ㅎ v.7-4 c.3,,,,
삼한지 3  살수에 뜨는 별,김정산,예담(위즈덤하우스),대덕소프트웨어마이스터고등학교,EM00003339,813.6 김73ㅅ v.3,,2003-07-31,https://image.aladin.co.kr/product/42/63/coversum/8957570861_1.gif,국내도서>소설/시/희곡>역사소설>한국 역사소설
 애드워드 툴레인의 신기한 여행,케이트 디카밀로,비룡소,대덕소프트웨어마이스터고등학교,EM00013922,843 디872ㅅ,"2006년 '보스턴 글로브 혼 북 상' 수상작. 몸과 마음이 모두 차가운 도자기 토끼 인형, 에드워드 툴레인이 여행을 통해 사랑만 받고 그것을 당연한 것으로 여기던 교만한 삶에서 벗어나 진정 누군가를 사랑하고 남의 말에 귀 기울일 줄 알게 된다는 감동의 메시지를 담고 있다.
",2009-02-27,https://image.aladin.co.kr/product/3432/85/coversum/8949171198_1.jpg,국내도서>소설/시/희곡>영미소설
이상보다 높은 향기,김재형,지식과감성,대덕소프트웨어마이스터고등학교,EM00013927,813.7 김73ㅇ,M.I.T. 공과대학 박사 출신 김재형의 장편소설. 우주비행사를 꿈꾸며 성장하는 한 남자의 여정을 다룸으로써 꿈과 사랑의 본질에 대해 되돌아 보게 하는 작품이다. 주인공 브든은 노력을 통한 성취의 즐거움이 삶에 더 큰 에너지를 주도록 스스로의 환경을 만들어 나간다.,2014-08-01,https://image.aladin.co.kr/product/4432/75/coversum/1155282469_2.jpg,국내도서>소설/시/희곡>한국소설>2000년대 이후 한국소설
촐라체,박범신,푸른숲,대덕소프트웨어마이스터고등학교,EM00014069,813.6 박44ㅊ c.3,"2008년부터 2010년까지 1년 간격으로 박범신 작가는 장편소설 촐라체, 고산자, 은교를 펴냈다. 2015년 박범신은 촐라체 개정판을 문학동네에서 출간함으로써 그간 혼잣말처럼 불러왔던 '갈망 3부작'을 현실화했다.",2015-07-31,https://image.aladin.co.kr/product/6405/28/coversum/8954636934_1.jpg,국내도서>소설/시/희곡>한국소설>2000년대 이후 한국소설
땀 흘리는 소설,김혜진 김세희 김애란 서유미 구병모 김재영 윤고은 장강명,창비교육,대덕소프트웨어마이스터고등학교,IT00016036,813.7 김94ㄸ c.5,"현직 교사들이 사회에 첫발을 내딛을 제자들을 걱정하며, 앞으로의 사회생활에 지표가 되어 줄 8편의 소설을 가려 엮은 책. 책에는 동시대 청년들의 애환을 섬세하게 그려 내고 있는 작가 8명의 단편 소설이 실려 있다.",2019-03-01,https://image.aladin.co.kr/product/18570/39/coversum/k002635860_1.jpg,국내도서>소설/시/희곡>한국소설>2000년대 이후 한국소설
땀 흘리는 소설,김혜진 김세희 김애란 서유미 구병모 김재영 윤고은 장강명,창비교육,대덕소프트웨어마이스터고등학교,IT00016034,813.7 김94ㄸ c.3,"현직 교사들이 사회에 첫발을 내딛을 제자들을 걱정하며, 앞으로의 사회생활에 지표가 되어 줄 8편의 소설을 가려 엮은 책. 책에는 동시대 청년들의 애환을 섬세하게 그려 내고 있는 작가 8명의 단편 소설이 실려 있다.",2019-03-01,https://image.aladin.co.kr/product/18570/39/coversum/k002635860_1.jpg,국내도서>소설/시/희곡>한국소설>2000년대 이후 한국소설
100인의 배우  우리 문학을 읽다  오디오북,커뮤니케이션북스,커뮤니케이션북스,대덕소프트웨어마이스터고등학교,IT00011566,813.6 커36ㅂ c.2,"103명의 명품 배우들이 들려주는 한국 단편 걸작 100편. 최민식 문소리 정진영 예지원. 이름만으로도 설레는 명품 배우 103명이 낭독한 한국 단편 걸작 100편을 작은 USB에 담았다. 전체 낭독시간 104시간 19분. 활자에 생명을 불어넣는 배우들의 숨결로 새로운 독서 경험, 문학 세계가 펼쳐진다.",2018-05-04,https://image.aladin.co.kr/product/14232/13/coversum/k082532635_3.jpg,국내도서>소설/시/희곡>한국소설>2000년대 이전 한국소설
신이 쉼표를 넣은 곳에 마침표를 찍지 말라,류시화,더숲,대덕소프트웨어마이스터고등학교,IT00011078,388.115 류58ㅅ,"인도 여행 30년, 류시화 작가가 들려주는 인생 처방 우화들. 우리 삶에 친숙한 동물들, 스승들, 왕들, 학자들이 인도 우화만의 독특한 화법으로 삶의 지혜와 진리를 전한다. 지역마다 맛과 향이 다른 인도 음식처럼 어느 곳을 펼쳐 읽든 재미 이상의 의미와 깨달음이 있다.",2019-12-06,https://image.aladin.co.kr/product/22069/43/coversum/s262636211_1.jpg,국내도서>소설/시/희곡>한국소설>2000년대 이후 한국소설
배반의 여름,박완서,문학동네,대덕소프트웨어마이스터고등학교,IT00011119,813.6 박65 v.2,"박완서의 단편소설 전집 제2권. 1975년부터 1978년까지 발표한 열여섯 편의 소설을 실었다. 작가 자신이 '내 문학의 뿌리는 어머니'라고 밝힌 바대로, 이 책에 수록된 작품들은 모성의 힘을 그린다. 박완서의 소설의 모성은, 힘센 것들만이 권력을 쥐고 판을 치는 현대산업사회에서 뒤로 처진 자들의 아픔을 위무해준다.",2013-06-04,https://image.aladin.co.kr/product/68/25/coversum/8954601944_2.jpg,국내도서>소설/시/희곡>한국소설>2000년대 이전 한국소설
저녁의 해후,박완서,문학동네,대덕소프트웨어마이스터고등학교,IT00011121,813.6 박65 v.4,"박완서의 단편소설 전집 제4권. 1984년 1월부터 1986년 8월까지 발표한 작품들을 실었다. '지 알고 내 알고 하늘이 알건만', '해산바가지', '애 보기가 쉽다고?' 등의 소설에서 나타나는 하층민들의 인간애는 가진 자들의 야만성과 대비되어 더욱 빛을 발한다.",2013-06-04,https://image.aladin.co.kr/product/68/25/coversum/8954601960_2.jpg,국내도서>소설/시/희곡>한국소설>2000년대 이전 한국소설
설이,심윤경,한겨레출판,대덕소프트웨어마이스터고등학교,IT00011195,813.7 심66ㅅ,"14만 독자의 사랑을 받았던 나의 아름다운 정원의 심윤경 작가의 일곱 번째 장편소설이자 17년 만에 펴내는 두 번째 성장소설. 제7회 한겨레문학상 수상작인 나의 아름다운 정원이 '성장소설 이상의 성장소설'로 불렸다면, 설이는 '완전히 새로운 성장소설'이라고 할 수 있다.",2019-01-24,https://image.aladin.co.kr/product/17964/99/coversum/k262534333_1.jpg,국내도서>소설/시/희곡>한국소설>2000년대 이후 한국소설
유년의 뜰,오정희,문학과지성사,대덕소프트웨어마이스터고등학교,IT00011223,813.6 오74 v.2,"2017년 12월 15일, 곧 등단 50주년을 꽉 채워 맞는 오정희 작가의 소설 컬렉션이 출간된다. 불의 강은 내면에서 들끓는 파괴적 욕망과, 삶의 범속성을 넘어서려는 의지를 섬뜩하고도 섬세한 완벽주의로 형상화한 소설집이다.",2017-12-15,https://image.aladin.co.kr/product/12548/76/coversum/8932030618_1.jpg,국내도서>소설/시/희곡>한국소설>2000년대 이전 한국소설
한국인이라면 꼭 읽어야 할 한국단편소설      20,김유정,부크크,대덕소프트웨어마이스터고등학교,IT00011425,813.7 김66ㅎ,,,,
한국인이라면 꼭 읽어야 할 한국단편소설      20,김유정,부크크,대덕소프트웨어마이스터고등학교,IT00011429,813.7 김66ㅎ c.5,,,,
한국인이라면 꼭 읽어야 할 한국단편소설      20,김유정,부크크,대덕소프트웨어마이스터고등학교,IT00011432,813.7 김66ㅎ c.8,,,,
한국인이라면 꼭 읽어야 할 한국단편소설      20,김유정,부크크,대덕소프트웨어마이스터고등학교,IT00011436,813.7 김66ㅎ c.12,,,,
한국인이라면 꼭 읽어야 할 한국단편소설      20,김유정,부크크,대덕소프트웨어마이스터고등학교,IT00011427,813.7 김66ㅎ c.3,,,,
한국인이라면 꼭 읽어야 할 한국단편소설      20,김유정,부크크,대덕소프트웨어마이스터고등학교,IT00011430,813.7 김66ㅎ c.6,,,,
한국인이라면 꼭 읽어야 할 한국단편소설      20,김유정,부크크,대덕소프트웨어마이스터고등학교,IT00011435,813.7 김66ㅎ c.11,,,,
한국인이라면 꼭 읽어야 할 한국단편소설      20,김유정,부크크,대덕소프트웨어마이스터고등학교,IT00011437,813.7 김66ㅎ c.13,,,,
달을 먹다,김진규,문학동네,대덕소프트웨어마이스터고등학교,EM00007415,813.6 김78ㄷ,"제13회 문학동네소설상 수상작 달을 먹다는 치명적인 사랑의 이야기이다. 영정조시대를 배경으로 하고 있는 이 소설은, 엄격한 법도와 완강한 신분질서가 작동하던 그 시절, 금지된 사랑에 몸을 맡기는 인물들을 그린다.",2007-12-21,https://image.aladin.co.kr/product/102/40/coversum/8954604757_1.jpg,국내도서>소설/시/희곡>한국소설>2000년대 이후 한국소설
달을 먹다,김진규,문학동네,대덕소프트웨어마이스터고등학교,EM00007773,813.6 김78ㄷ c.2,"제13회 문학동네소설상 수상작 달을 먹다는 치명적인 사랑의 이야기이다. 영정조시대를 배경으로 하고 있는 이 소설은, 엄격한 법도와 완강한 신분질서가 작동하던 그 시절, 금지된 사랑에 몸을 맡기는 인물들을 그린다.",2007-12-21,https://image.aladin.co.kr/product/102/40/coversum/8954604757_1.jpg,국내도서>소설/시/희곡>한국소설>2000년대 이후 한국소설
4의 규칙 1,이안 콜드웰,랜덤하우스중앙,대덕소프트웨어마이스터고등학교,EM00007378,843 콜27ㅅ v.1,"출간되자마자 전미 언론의 집중 조명을 받으며 초판 20만 부가 사흘만에 팔려나간 화제작 <4의 규칙>이 번역됐다. <다 빈치 코드>, <장미의 이름> 등과 비교되는 역사 미스터리물. 정교한 미스터리를 헤쳐나가는 과정 속에 현대 미국 청년들의 현실과 우정, 사랑 등의 요소가 적절히 섞여있다.",2004-09-15,https://image.aladin.co.kr/product/51/62/coversum/8957577653_1.gif,국내도서>소설/시/희곡>추리/미스터리소설>영미 추리/미스터리소설
공의 경계 1,나스기노코,학산문화사,대덕소프트웨어마이스터고등학교,EM00007391,833.6 나57ㄱ v.1,,,,
부여현감 귀신체포기 2,김탁환,이가서,대덕소프트웨어마이스터고등학교,EM00007479,813.6 김882ㅂ v.2,,2005-01-03,https://image.aladin.co.kr/product/53/55/coversum/8958640715_1.jpg,국내도서>소설/시/희곡>추리/미스터리소설>한국 추리/미스터리소설
열녀문의 비밀  하 2,김탁환,민음사,대덕소프트웨어마이스터고등학교,EM00007520,813.6 김882ㅇ v.2,"방각본 살인 사건의 뒤를 이어 출간된 김탁환의 '백탑파 시리즈', 그 두 번째 이야기. 18세기 조선의 명탐정 김진과 의금부 도사 이명방이 열녀문을 둘러싼 음모를 밝힌다. 소설 속 소설이 꼬리를 물고 얽혀 있는 구조의 흥미로움, 역사 추리를 통한 지적 유희를 만끽할 수 있는 작품이다. 영화 [조선 명탐정] 원작 소설.",2007-12-24,https://image.aladin.co.kr/product/882/93/coversum/6000446304_1.jpg,국내도서>소설/시/희곡>추리/미스터리소설>한국 추리/미스터리소설
 파리의 조선궁녀  리심   3  돌아올 회   ,김탁환,민음사,대덕소프트웨어마이스터고등학교,EM00007432,813.6 김882ㄹ v.3,,,,
바다의 성당 1,일데폰소 팔꼬네스,대교베텔스만,대덕소프트웨어마이스터고등학교,EM00007470,873 팔15ㅂ v.1,"엄격한 가톨릭 윤리와 왕권이 아슬아슬하게 균형을 이루고 있던 14세기 스페인. 왕과 교회가 권위를 내세워 화려하고 웅장한 성당을 건축할 때, 민중들이 나서서 헌금 대신 노동력을 바쳐가며 정성 어린 그들만의 성당을 만들었다. 스페인의 현직 변호사 일데폰소 팔꼬네스가 이 성당을 소재로 장편소설을 썼다. <바다의 성당>. 거대한 역사의 소용돌이 속에 이름 없이 묵묵히 살아간 민중들의 삶을 그린 묵직한 휴먼 드라마다.",2007-08-10,https://image.aladin.co.kr/product/94/70/coversum/8957592547_2.jpg,국내도서>소설/시/희곡>스페인/중남미소설
바람의 화원 1,이정명,밀리언하우스,대덕소프트웨어마이스터고등학교,EM00007472,813.6 이74ㅂ v.1,조선시대 대표 화가인 김홍도와 신윤복의 이야기를 독특한 상상력으로 그려 낸 베스트셀러 바람의 화원을 10대들의 눈높이에 맞는 재미있는 동화로 각색했다. 26점의 그림을 통해 전개되는 스토리와 치밀한 구성력은 창조적인 상상력의 진수를 보여 주는 작품이다.,2008-10-30,https://image.aladin.co.kr/product/1381/99/coversum/6000503708_1.jpg,국내도서>어린이>초등5~6학년>동화/명작/고전
방황하는 칼날,히가시노게이고,바움,대덕소프트웨어마이스터고등학교,EM00007476,833.6 히12ㅂ,"강에서 떠내려가던 소녀의 시체가 발견된다. 피해자의 이름은 나가미네 에마. 유족은 아버지 나가미네 시게키 단 한 사람뿐이다. 그런 시게키에게 발신인을 알 수 없는 음성 메시지가 도착한다. “나가미네 에마는 스가노 카이지와 도모자키 아쓰야, 두 사람에게 살해당했다.”",2021-07-26,https://image.aladin.co.kr/product/27601/80/coversum/k332733920_1.jpg,국내도서>소설/시/희곡>일본소설>1950년대 이후 일본소설
오늘도 안녕하세요,리타 라킨,책이 좋은사람,대덕소프트웨어마이스터고등학교,EM00007527,843 라878ㅇ,,,,
은밀한 유산,이명인,대교베텔스만,대덕소프트웨어마이스터고등학교,EM00007535,813.6 이34ㅇ,"아버지의 우산, 낙타, 집으로 가는 길의 작가 이명인의 장편소설. 어느 시대, 어느 사회를 막론하고 뿌리 깊게 자리하고 있는 '계급'의 굴레를 다룬 작품이다. 소설은 과거와 현대를 오가는 두 집안의 숙명적인 만남을 그리며, 그 과정에서 그들이 남긴 은밀한 유산의 실체가 밝혀진다.",2008-02-01,https://image.aladin.co.kr/product/170/43/coversum/8957594388_2.jpg,국내도서>소설/시/희곡>한국소설>2000년대 이후 한국소설
 소설  이산 정조대왕 2,이병훈,디오네,대덕소프트웨어마이스터고등학교,EM00007537,813.6 김68ㅇ v.2,"조선 제22대 임금 정조대왕의 일대기를 그리는 드라마 '이산'의 대본을 토대로 쓴 소설. 아버지를 잃은 열한 살 나이에 찾아온 운명적 사랑, 삶의 주춧돌이 된 여인을 통해 이산은 성군이 되었을 것이라는 설정 아래 이야기를 전개시킨다. 각본에 충실하면서도 소설적 상상력을 한껏 발휘하고자 했다. 전5권으로 완간될 예정이다.",2007-10-15,https://image.aladin.co.kr/product/99/11/coversum/8992449208_1.jpg,국내도서>소설/시/희곡>역사소설>한국 역사소설
나선 계단의 앨리스,가노도모코,손안의책,대덕소프트웨어마이스터고등학교,EM00007735,833.6 가195ㄴ c.2,"대기업을 그만 둔 후 탐정 사무소를 연 전직 샐러리맨 출신의 중년 남성이, 일상에서 일어나는 소소한 미스터리들을 그의 어린 조수와 함께 풀어나간다는 줄거리의 소설이다. 죽은 남편이 자신을 위해 숨겨둔 금고 열쇠를 찾아 달라는 부인, 자기가 바람을 피우지 않았다는 사실을 증명해 달라는 아가씨, 30년 동안 길러온 애견이 사라졌다며 찾아달라는 할머니 등이 주인공 니키 준페이의 고객들.",2008-01-18,https://image.aladin.co.kr/product/169/78/coversum/8990028493_1.jpg,국내도서>소설/시/희곡>일본소설>1950년대 이후 일본소설
모래밭 아이들,하이타니 겐지로,양철북,대덕소프트웨어마이스터고등학교,EM00007830,833.8 하69ㅁ,"나는 선생님이 좋아요의 작가 하이타니 겐지로의 소설 개정판. 임시 교사인 구즈하라 준을 통해 학교란 무엇인가, 교육이란 무엇인가를 간결하고도 힘 있는 문체로 묻고 있다. 아이들은 진부한 가치를 강요하고 틀에 박힌 수업을 하는 교사들에게 날카로운 비판을 휘두른다.",2008-07-29,https://image.aladin.co.kr/product/240/7/coversum/8990220815_1.jpg,국내도서>소설/시/희곡>일본소설>1950년대 이후 일본소설
불멸의 이순신 2  활을 든 사림 2,김탁환,황금가지,대덕소프트웨어마이스터고등학교,EM00007880,813.6 김882ㅂ v.2,"당대 동아시아 최대의 사건이었던 7년 전쟁 임진왜란과, 세계 해전사에 전무후무한 업적을 남긴 명장 이순신을 새로운 시각으로 입체적으로 살려 낸 장편 역사 소설 불멸의 이순신이 민음사에서 재출간되었다.",2014-07-18,https://image.aladin.co.kr/product/4407/87/coversum/893744142x_1.jpg,국내도서>소설/시/희곡>역사소설>한국 역사소설
불멸의 이순신 5  아 한산대첩,김탁환,황금가지,대덕소프트웨어마이스터고등학교,EM00007883,813.6 김882ㅂ v.5,"당대 동아시아 최대의 사건이었던 7년 전쟁 임진왜란과, 세계 해전사에 전무후무한 업적을 남긴 명장 이순신을 새로운 시각으로 입체적으로 살려 낸 장편 역사 소설 불멸의 이순신이 민음사에서 재출간되었다.",2014-07-18,https://image.aladin.co.kr/product/4407/87/coversum/8937441454_1.jpg,국내도서>소설/시/희곡>역사소설>한국 역사소설
불멸의 이순신 6  삼도 수군 통제사,김탁환,황금가지,대덕소프트웨어마이스터고등학교,EM00007884,813.6 김882ㅂ v.6,"당대 동아시아 최대의 사건이었던 7년 전쟁 임진왜란과, 세계 해전사에 전무후무한 업적을 남긴 명장 이순신을 새로운 시각으로 입체적으로 살려 낸 장편 역사 소설 불멸의 이순신이 민음사에서 재출간되었다.",2014-07-18,https://image.aladin.co.kr/product/4407/88/coversum/8937441462_1.jpg,국내도서>소설/시/희곡>역사소설>한국 역사소설
불멸의 이순신 7  백의종군,김탁환,황금가지,대덕소프트웨어마이스터고등학교,EM00007885,813.6 김882ㅂ v.7,"당대 동아시아 최대의 사건이었던 7년 전쟁 임진왜란과, 세계 해전사에 전무후무한 업적을 남긴 명장 이순신을 새로운 시각으로 입체적으로 살려 낸 장편 역사 소설 불멸의 이순신이 민음사에서 재출간되었다.",2014-07-18,https://image.aladin.co.kr/product/4407/88/coversum/8937441470_1.jpg,국내도서>소설/시/희곡>역사소설>한국 역사소설
사신 치바,이사카코타로,웅진지식하우스,대덕소프트웨어마이스터고등학교,EM00007898,833.6 이52ㅅ c.3,"독특하고 기발한 상상력의 소설들로 주목 받아온 일본 작가 이사카 고타로의 작품을 모은 '이사카 코타로 세트(전3권)'. 이사카 코타로를 세상에 알린 최고의 대표작 사신 치바, 문학평론가와 편집자들이 뽑은 이사카 코타로 최고작 마왕, 2008 일본 서점대상 수상작 골든슬럼버 총 3권으로 구성되어 있다.",2008-06-05,https://image.aladin.co.kr/product/751/8/coversum/8901110733_1.jpg,국내도서>소설/시/희곡>추리/미스터리소설>일본 추리/미스터리소설
낮은 소리로 말하던 시간,안 리즈 그로베티,문학동네,대덕소프트웨어마이스터고등학교,EM00007748,863 그295ㄴ,"<낮은 소리로 말하던 시간>은 나치즘이 세를 떨치기 시작한 폭력의 시대를 배경으로 두 남자의 우정과 대화에 초점을 맞춘, 간결하면서도 묵직한 울림이 있는 작품이다. 작은 마을의 두 가족만을 클로즈업하여 무참한 역사가 개인의 가치를 어떻게 짓밟아 가는지를 보여 주고, 우정과 희망은 여전히 인간이 지켜야 할 가치임을 나지막하지만 힘있는 어조로 강조한다.
",2007-04-20,https://image.aladin.co.kr/product/91/15/coversum/8954603025_2.jpg,국내도서>소설/시/희곡>세계의 소설>북유럽소설
늑대와 향신료 1,하세쿠라이스나,학산문화사,대덕소프트웨어마이스터고등학교,EM00007769,833.6 하54ㄴ v.1,"성직자를 지향하는 청년 콜은 윈필 왕국 왕자의 권유로 교회의 부정을 바로잡는 일을 돕기 위해, 은인인 로렌스가 운영하는 온천장 ‘늑대와 향신료’를 떠나 여행길에 나선다. 그런 콜의 짐 속에 늑대의 귀와 꼬리를 가진 아름다운 소녀 뮤리가 숨어 있는데?!",2017-11-07,https://image.aladin.co.kr/product/12223/68/coversum/k012531546_1.jpg,국내도서>소설/시/희곡>라이트 노벨>익스트림(Extreme) 노벨
명랑한 갱이 지구를 돌린다,이사카고타로,은행나무,대덕소프트웨어마이스터고등학교,EM00007824,833.6 이52ㅁ c.3,"‘일본 엔터테인먼트 소설의 제왕’ 이사카 고타로의 대표작 「명랑한 갱 시리즈」가 출간되었다. 『명랑한 갱이 지구를 돌린다』,『명랑한 갱의 일상과 습격』,『명랑한 갱은 셋 세라』까지 15년이 넘는 긴 시간 동안 한결같은 사랑을 받으며 일본 내 누적 판매 부수 230만 부 돌파라는 대기록을 세운 작품이다.",2020-11-23,https://image.aladin.co.kr/product/25684/26/coversum/k092735342_1.jpg,국내도서>소설/시/희곡>일본소설>1950년대 이후 일본소설
바람의 눈이되어,떼레사 까르데나스,다른,대덕소프트웨어마이스터고등학교,EM00007891,873.8 까297ㅂ c.3,"한 늙은 노예가 어린 아이와 함께 탈출하며 인생말년에 사랑과 자유의 소중함을 깨닫게 되는 이야기. 간결한 묘사와 함축적인 의미전달을 통해 주제를 효과적으로 드러내고 있으며, 과거와 현재의 병치를 통해 빠르게 이야기를 전개시킨다. 라틴 아메리카 문화권의 작품에 주는 까사 데 아메리카 상과 쿠바 비평가 상을 수상하였으며, 미국, 캐나다, 영국 등에서 출간되었다.",2008-01-20,https://image.aladin.co.kr/product/169/82/coversum/8992711158_1.jpg,국내도서>소설/시/희곡>스페인/중남미소설
어제가 없으면 내일도 없다,미야베 미유키,북스피어,대덕소프트웨어마이스터고등학교,IT00011104,833.6 미63ㅇ,행복한 탐정 시리즈. 전작 [희망장]에서 조그마한 탐정 사무소를 차린 스기무라 사부로가 마침내 제대로 된 프로 탐정으로 활약하며 여성을 경멸하는 불쾌한 남자들의 번들거리는 욕망을 쫓기 시작한다.,2020-04-13,https://image.aladin.co.kr/product/23634/84/coversum/8998791978_1.jpg,국내도서>소설/시/희곡>추리/미스터리소설>일본 추리/미스터리소설
명시,안재성,M창비,대덕소프트웨어마이스터고등학교,IT00011201,813.7 안73ㅁ,"파업 작가 안재성 장편소설. '조선의 잔다르크', '백마 탄 여장군'이라 불리며 항일 무장투쟁의 최전선에서 싸웠던 독립운동가 김명시의 생애를 소설로 재현해낸 작품으로, 조국 해방과 사회주의 국가 건설을 꿈꾼 한 여성의 치열한 삶을 생생하게 그린 작품이다.",2020-03-25,https://image.aladin.co.kr/product/23774/67/coversum/k582639061_1.jpg,국내도서>소설/시/희곡>한국소설>2000년대 이후 한국소설
바람의 넋,오정희,문학과지성사,대덕소프트웨어마이스터고등학교,IT00011224,813.6 오74 v.3,"2017년 12월 15일, 곧 등단 50주년을 꽉 채워 맞는 오정희 작가의 소설 컬렉션이 출간된다. 바람의 넋은 삶 속에 깃들어 있는, 모든 의미와 가치를 함몰시키는 어두운 심연을 묵묵히 응시하며, 자기 안의 불온한 욕망과 죽음의 문제들을 집요하게 추적한 작품집이다.",2017-12-15,https://image.aladin.co.kr/product/12547/89/coversum/8932030626_1.jpg,국내도서>소설/시/희곡>한국소설>2000년대 이전 한국소설
한국인이라면 꼭 읽어야 할 한국단편소설      20,김유정,부크크,대덕소프트웨어마이스터고등학교,IT00011431,813.7 김66ㅎ c.7,,,,
한국인이라면 꼭 읽어야 할 한국단편소설      20,김유정,부크크,대덕소프트웨어마이스터고등학교,IT00011439,813.7 김66ㅎ c.15,,,,
고스트라이터,로버트 해리스,랜덤하우스코리아,대덕소프트웨어마이스터고등학교,EM00007390,843 해298ㄱ,"폼페이, 아크엔젤, 당신들의 조국 등의 히스토리 팩션으로 유명한 영국 작가 로버트 해리스가 현대를 배경으로 쓴 첫 소설. 대필작가ㅡ유명인과 밀접하고 비밀스런 관계를 유지하는ㅡ의 삶을 소재로 삼았다. 자살한 전임자를 대신해, 영국 전 수상의 고스트 라이터로 고용된 '나'가 이야기의 주인공이다.",2008-03-24,https://image.aladin.co.kr/product/186/67/coversum/8925517760_2.jpg,국내도서>소설/시/희곡>영미소설
공의 경계 2,나스기노코,학산문화사,대덕소프트웨어마이스터고등학교,EM00007392,833.6 나57ㄱ v.2,,,,
난설헌  나는 시인이다,윤지강,위즈덤하우스,대덕소프트웨어마이스터고등학교,EM00007405,813.6 윤78ㄴ,"하늘이 내린 뛰어난 재능도 여자에겐 축복이 되지 못했던 조선시대, 남성이나 시대적 가치에 종속되지 않은 독립적인 삶을 살았던 여성시인 난설헌 허초희의 생애를 소설화했다. 억압된 삶 속에서 시로 자유를 꿈꿨던 한 여성의 삶을 섬세한 필치로 그려낸 작품이다.",2008-02-25,https://image.aladin.co.kr/product/185/47/coversum/8959132837_1.jpg,국내도서>소설/시/희곡>역사소설>한국 역사소설
도레미파솔라시도 1,귀여니,반디출판사,대덕소프트웨어마이스터고등학교,EM00007419,813.6 귀64ㄷ v.1,"인터넷 소설가 귀여니의 대표작 중 하나인 도레미파솔라시도가 만화로 만들어졌다. 귀여니의 세 번째 인터넷 소설인 도레미파솔라시도는 좀 더 잔잔하고 어른의 색을 띤 소설이다. 이를 만화가 이경하가 만화책으로 만들어냈다. 컬러판의 순정만화 속 인물들이 그려가는 10대들만의 문화와 언어가 색다르다.  
",2008-04-05,https://image.aladin.co.kr/product/198/58/coversum/8990664683_2.jpg,국내도서>만화>순정만화>틴에이지 순정
 파리의 조선궁녀  리심   1  나아갈 진   ,김탁환,민음사,대덕소프트웨어마이스터고등학교,EM00007430,813.6 김882ㄹ v.1,,,,
바람의 화원 1,이정명,밀리언하우스,대덕소프트웨어마이스터고등학교,EM00009366,813.6 이74ㅂ v.1 c.2,조선시대 대표 화가인 김홍도와 신윤복의 이야기를 독특한 상상력으로 그려 낸 베스트셀러 바람의 화원을 10대들의 눈높이에 맞는 재미있는 동화로 각색했다. 26점의 그림을 통해 전개되는 스토리와 치밀한 구성력은 창조적인 상상력의 진수를 보여 주는 작품이다.,2008-10-30,https://image.aladin.co.kr/product/1381/99/coversum/6000503708_1.jpg,국내도서>어린이>초등5~6학년>동화/명작/고전
바람의 화원 2,이정명,밀리언하우스,대덕소프트웨어마이스터고등학교,EM00007473,813.6 이74ㅂ v.2,"<뿌리 깊은 나무>의 작가 이정명의 2007년작. SBS TV 드라마 [바람의 화원]의 원작 소설이다. 조선 사회 전 분야에서 변화가 일어나던 격동의 18세기 후반. 신윤복과 김홍도는 같은 시대의 화가였지만, 그들의 화풍은 극과 극이라 할 만큼 서로 달랐다. 스승과 제자인 동시에 경쟁자인 두 화가는, 왕실과 조정을 둘러싼 고위층의 음모와 그림을 매개로 팽팽한 대결을 벌인다.",2007-08-17,https://image.aladin.co.kr/product/96/65/coversum/8991643272_1.jpg,국내도서>소설/시/희곡>역사소설>한국 역사소설
방각본 살인 사건  상 1,김탁환,민음사,대덕소프트웨어마이스터고등학교,EM00007474,813.6 김882ㅂ v.1,"방대한 자료조사와 치밀하고 정확한 고증으로 한국 역사 소설에 새 바람을 일으킨 작가 김탁환의 소설. 이번엔 우리 역사상 가장 흥미로운 시기 중 하나인 18세기 말, 정조 치세를 배경으로 박지원, 홍대용, 박제가, 이덕무, 유득공 등 젊은 실학자들의 이야기를 담은 추리 소설 형식의 흥미로운 작품을 내놨다.",2007-12-31,https://image.aladin.co.kr/product/103/28/coversum/8937481499_1.jpg,국내도서>소설/시/희곡>추리/미스터리소설>한국 추리/미스터리소설
부여현감 귀신체포기 1,김탁환,이가서,대덕소프트웨어마이스터고등학교,EM00007478,813.6 김882ㅂ v.1,"<나, 황진이>, <불멸의 이순신>, <방각본 살인사건>의 작가 김탁환의 신작 소설. 열 편의 연작으로 이루어진 이 소설은 철저한 고증과 역사적 상상력을 무기로 삼는 김탁환식 팩션(faction)이며, 추리와 판타지가 결합된 장르문학으로, 그 정신적 지류는 지괴소설에 두고 있다고.",2005-01-03,https://image.aladin.co.kr/product/53/55/coversum/8958640707_1.jpg,국내도서>소설/시/희곡>추리/미스터리소설>한국 추리/미스터리소설
시식시종,우고 디폰테,베텔스만,대덕소프트웨어마이스터고등학교,EM00007508,843.6 디895ㅅ,"1534년 봄, 형과 아버지의 구박에 시달리던 소작농 우고 디폰테는 어린 딸 미란다와 함께 페데리코 영주에게 납치된다. 곧 죽을 시식시종의 자리를 대신하기 위해서. 언제 죽을지 모르는 위험천만한 직책을 맡게 된 우고는 최고의 요리를 보고도 더이상 맛을 즐길 수 없게 된다.",2003-09-20,https://image.aladin.co.kr/product/43/65/coversum/8957590005_2.jpg,국내도서>소설/시/희곡>세계의 소설>이탈리아소설
암스테르담의 커피상인,데이비드 리스,대교베텔스만,대덕소프트웨어마이스터고등학교,EM00007516,843 리57ㅇ,2000년 데뷔작 <종이의 음모>로 에드거 상 최고 소설 상을 수상한 작가 데이비드 리스의 두 번째 소설. 작품의 무대는 거짓말과 계략이 난무하는 1659년의 상업도시 암스테르담이다. 17세기의 암스테르담은 박해를 피해 네덜란드로 이주한 유대인들과 무역을 위해 유럽 각처에서 온 다양한 사람들이 모여 복잡한 상업 도시를 이룬 곳이다.,2006-07-25,https://image.aladin.co.kr/product/67/32/coversum/895759163x_2.jpg,국내도서>소설/시/희곡>추리/미스터리소설>영미 추리/미스터리소설
천일의 스캔들 2,필리파 그레고리,현대문화센타,대덕소프트웨어마이스터고등학교,EM00007564,843 그294ㅊ v.2,,2008-03-10,https://image.aladin.co.kr/product/189/39/coversum/8974283352_1.jpg,국내도서>소설/시/희곡>영미소설
아부지  저희 집으로 가입시더,윤문원,밝은세상,대덕소프트웨어마이스터고등학교,EM00007625,818 윤36ㅇ,"세상이 각박해질수록 더욱 간절하게 그리운 사람들이 있다. 바로, 가까이 있기에 사랑한다는 말조차 자주 해주지 못한 우리의 가족들이다. 「월간중앙」에 '작가 윤문원 에세이 내 마음의 가족 풍경'이라는 이름으로 16개월 동안 연재되었던 글에 네 편의 에세이를 더해 단행본으로 엮었다.",2010-06-07,https://image.aladin.co.kr/product/1428/58/coversum/8993793913_1.jpg,국내도서>에세이>한국에세이
아이들은 산에 가지 않았다 1,김가원,디오네,대덕소프트웨어마이스터고등학교,EM00007627,813.6 김12ㅇ v.1,"1991년 3월 26일에 발생했던 일명 '개구리소년 실종 사건'에 대한 이야기를 소설화한 작품이다. 당시 KAIST 교수로 재직하며 개구리소년 실종 사건을 조사했던 지은이가, 사건을 추적하며 기록한 내용을 소설 형태로 집필했다. 2005년 1월부터 10월까지 인터넷에 소개되었던 내용을 다듬어 단행본으로 펴냈다.",2005-11-20,https://image.aladin.co.kr/product/59/66/coversum/8989903793_2.jpg,국내도서>소설/시/희곡>한국소설>2000년대 이후 한국소설
감자 먹는 사람들,신경숙,창비,대덕소프트웨어마이스터고등학교,EM00009196,813.6 신14ㄱ c.2,,2004-04-21,https://image.aladin.co.kr/product/48/28/coversum/8990365880_1.gif,국내도서>만화>교양만화>인문/교양
늑대와 향신료 2,하세쿠라이스나,학산문화사,대덕소프트웨어마이스터고등학교,EM00007770,833.6 하54ㄴ v.2,항구도시 아티프에서 벌어진 성서 소동을 이겨낸 청년 콜과 현랑의 딸 뮤리. 연심을 털어놓은 뮤리에게 맹렬한 구애를 받으며 하루하루를 보내던 콜은 하이랜드 왕자에게 새로운 임무를 받는데...,2018-06-30,https://image.aladin.co.kr/product/15165/16/coversum/k152533669_1.jpg,국내도서>소설/시/희곡>라이트 노벨>익스트림(Extreme) 노벨
명랑한 갱이 지구를 돌린다,이사카고타로,은행나무,대덕소프트웨어마이스터고등학교,EM00007823,833.6 이52ㅁ c.2,"‘일본 엔터테인먼트 소설의 제왕’ 이사카 고타로의 대표작 「명랑한 갱 시리즈」가 출간되었다. 『명랑한 갱이 지구를 돌린다』,『명랑한 갱의 일상과 습격』,『명랑한 갱은 셋 세라』까지 15년이 넘는 긴 시간 동안 한결같은 사랑을 받으며 일본 내 누적 판매 부수 230만 부 돌파라는 대기록을 세운 작품이다.",2020-11-23,https://image.aladin.co.kr/product/25684/26/coversum/k092735342_1.jpg,국내도서>소설/시/희곡>일본소설>1950년대 이후 일본소설
밤하늘의 달처럼 빛나는 축구공,지크리트 라우베,검둥소,대덕소프트웨어마이스터고등학교,EM00007859,879 라66ㅂ,"햇볕이 잡아먹을 듯 내리쬐고, 황량한 바람이 모든 것을 바싹 말리는 황폐해진 모로코 오지 마을 이무서. 물 양동이 하나로 한 가족이 하루를 간신히 버티는 이무서에 프랑스 사람 폴과 안느가 찾아와 산에서 마을까지 연결되는 수도관을 놓아 준다.",2007-07-27,https://image.aladin.co.kr/product/96/9/coversum/8980403224_1.jpg,국내도서>소설/시/희곡>세계의 소설>동유럽소설
불멸의 이순신 3  폭풍 전야,김탁환,황금가지,대덕소프트웨어마이스터고등학교,EM00007881,813.6 김882ㅂ v.3,"당대 동아시아 최대의 사건이었던 7년 전쟁 임진왜란과, 세계 해전사에 전무후무한 업적을 남긴 명장 이순신을 새로운 시각으로 입체적으로 살려 낸 장편 역사 소설 불멸의 이순신이 민음사에서 재출간되었다.",2014-07-18,https://image.aladin.co.kr/product/4407/87/coversum/8937441438_1.jpg,국내도서>소설/시/희곡>역사소설>한국 역사소설
바람의 눈이되어,떼레사 까르데나스,다른,대덕소프트웨어마이스터고등학교,EM00007889,873.8 까297ㅂ,"한 늙은 노예가 어린 아이와 함께 탈출하며 인생말년에 사랑과 자유의 소중함을 깨닫게 되는 이야기. 간결한 묘사와 함축적인 의미전달을 통해 주제를 효과적으로 드러내고 있으며, 과거와 현재의 병치를 통해 빠르게 이야기를 전개시킨다. 라틴 아메리카 문화권의 작품에 주는 까사 데 아메리카 상과 쿠바 비평가 상을 수상하였으며, 미국, 캐나다, 영국 등에서 출간되었다.",2008-01-20,https://image.aladin.co.kr/product/169/82/coversum/8992711158_1.jpg,국내도서>소설/시/희곡>스페인/중남미소설
잃어버린 단어들의 사전,핍 윌리엄스,엘리,대덕소프트웨어마이스터고등학교,IT00013030,843 윌298ㅇ,"실제 『옥스퍼드 영어 사전』의 편찬 역사를 바탕으로, ‘영어의 규범’이라고 할 만한 이 사전을 만든 남성 편집자들의 역사에서 시선을 돌려, 사전의 권위에서 누락된 여성들의 언어와 사전을 만드는 데 기여한 다양한 여성들을 조명한다.",2021-01-29,https://image.aladin.co.kr/product/25967/84/coversum/k162738281_1.jpg,국내도서>소설/시/희곡>영미소설
심장에 수놓은 이야기,구병모,아르테,대덕소프트웨어마이스터고등학교,IT00013149,813.7 구44ㅅ c.2,"가장 강렬하고 아름다운 판타지를 선사하는 ‘스토리텔러’ 작가 구병모의 신작으로, 삶 속에 도사린 폭력에 맞선 사람들을 구원해주는 환상적 순간을 눈앞에 펼쳐 보인다. 평범한 중년 여성 ‘시미’는 동료 ‘화인’을 통해 미제 사건들의 연결 고리를 따라가며 비밀을 공모하듯 낯선 세계로 발을 들인다.",2020-03-18,https://image.aladin.co.kr/product/23577/67/coversum/8950986736_1.jpg,국내도서>소설/시/희곡>한국소설>2000년대 이후 한국소설
그녀는 다 계획이 있다,히가시노 게이고,하빌리스,대덕소프트웨어마이스터고등학교,IT00013179,833.6 히12그 c.2,"교코는 부자가 되겠다는 원대한 계획을 이루기 위해 파티장으로 출근하는 컴패니언이다. 어느 날, 하나야 보석점 고객 감사파티가 끝난 뒤 직장동료 에리가 호텔 밀실에서 죽은 채 발견되고, 교코는 자신이 점찍은 부동산회사 전무 다카미가 사건에 유달리 관심을 가지고 있음을 알게 된다.",2021-02-26,https://image.aladin.co.kr/product/26427/0/coversum/k182738525_1.jpg,국내도서>소설/시/희곡>추리/미스터리소설>일본 추리/미스터리소설
그녀는 다 계획이 있다,히가시노 게이고,하빌리스,대덕소프트웨어마이스터고등학교,IT00013315,833.6 히12그 c.4,"교코는 부자가 되겠다는 원대한 계획을 이루기 위해 파티장으로 출근하는 컴패니언이다. 어느 날, 하나야 보석점 고객 감사파티가 끝난 뒤 직장동료 에리가 호텔 밀실에서 죽은 채 발견되고, 교코는 자신이 점찍은 부동산회사 전무 다카미가 사건에 유달리 관심을 가지고 있음을 알게 된다.",2021-02-26,https://image.aladin.co.kr/product/26427/0/coversum/k182738525_1.jpg,국내도서>소설/시/희곡>추리/미스터리소설>일본 추리/미스터리소설
두 사람 다 죽는다,애덤 실베라,문학수첩,대덕소프트웨어마이스터고등학교,IT00013201,843 실44ㄷ,상처투성이 두 소년의 인생이 한 통의 전화로 인해 완전히 바뀌어 버리는 롤러코스터 같은 하루를 그리고 있다. 자극적이고 드라마틱한 사건을 쉴 새 없이 펼쳐나가는 대신 가장 현실적이고 공감할 수 있는 이야기를 그려나가는 서사 전략으로 주인공들에게 공감하게 하고 몰입하게 한다.,2021-01-22,https://image.aladin.co.kr/product/26236/79/coversum/8983928476_1.jpg,국내도서>소설/시/희곡>영미소설
내 영혼이 따뜻했던 날들,포리스트 카터,아름드리미디어,대덕소프트웨어마이스터고등학교,IT00013260,843 카884ㄴ,"포리스트 카터의 자전적인 소설로, 이야기는 주인공인 '작은나무'가 홀어머니의 죽음으로 조부모와 함께 살게 되는 것으로 시작한다. 체로키족인 할아버지, 할머니와 함께 산 속 오두막에 살면서 '작은나무'는 산사람으로, 또 인디언으로 자연과 더불어 살아가면서 자연의 이치로 세상을 보고 판단하는 지혜를 배워간다.",2014-05-30,https://image.aladin.co.kr/product/19025/43/coversum/8955824955_1.jpg,국내도서>소설/시/희곡>영미소설
내 영혼이 따뜻했던 날들,포리스트 카터,아름드리미디어,대덕소프트웨어마이스터고등학교,IT00013264,843 카884ㄴ c.5,"포리스트 카터의 자전적인 소설로, 이야기는 주인공인 '작은나무'가 홀어머니의 죽음으로 조부모와 함께 살게 되는 것으로 시작한다. 체로키족인 할아버지, 할머니와 함께 산 속 오두막에 살면서 '작은나무'는 산사람으로, 또 인디언으로 자연과 더불어 살아가면서 자연의 이치로 세상을 보고 판단하는 지혜를 배워간다.",2014-05-30,https://image.aladin.co.kr/product/19025/43/coversum/8955824955_1.jpg,국내도서>소설/시/희곡>영미소설
내 영혼이 따뜻했던 날들,포리스트 카터,아름드리미디어,대덕소프트웨어마이스터고등학교,IT00013267,843 카884ㄴ c.8,"포리스트 카터의 자전적인 소설로, 이야기는 주인공인 '작은나무'가 홀어머니의 죽음으로 조부모와 함께 살게 되는 것으로 시작한다. 체로키족인 할아버지, 할머니와 함께 산 속 오두막에 살면서 '작은나무'는 산사람으로, 또 인디언으로 자연과 더불어 살아가면서 자연의 이치로 세상을 보고 판단하는 지혜를 배워간다.",2014-05-30,https://image.aladin.co.kr/product/19025/43/coversum/8955824955_1.jpg,국내도서>소설/시/희곡>영미소설
내 영혼이 따뜻했던 날들,포리스트 카터,아름드리미디어,대덕소프트웨어마이스터고등학교,IT00013271,843 카884ㄴ c.12,"포리스트 카터의 자전적인 소설로, 이야기는 주인공인 '작은나무'가 홀어머니의 죽음으로 조부모와 함께 살게 되는 것으로 시작한다. 체로키족인 할아버지, 할머니와 함께 산 속 오두막에 살면서 '작은나무'는 산사람으로, 또 인디언으로 자연과 더불어 살아가면서 자연의 이치로 세상을 보고 판단하는 지혜를 배워간다.",2014-05-30,https://image.aladin.co.kr/product/19025/43/coversum/8955824955_1.jpg,국내도서>소설/시/희곡>영미소설
내 영혼이 따뜻했던 날들,포리스트 카터,아름드리미디어,대덕소프트웨어마이스터고등학교,IT00013274,843 카884ㄴ c.15,"포리스트 카터의 자전적인 소설로, 이야기는 주인공인 '작은나무'가 홀어머니의 죽음으로 조부모와 함께 살게 되는 것으로 시작한다. 체로키족인 할아버지, 할머니와 함께 산 속 오두막에 살면서 '작은나무'는 산사람으로, 또 인디언으로 자연과 더불어 살아가면서 자연의 이치로 세상을 보고 판단하는 지혜를 배워간다.",2014-05-30,https://image.aladin.co.kr/product/19025/43/coversum/8955824955_1.jpg,국내도서>소설/시/희곡>영미소설
천년의 사랑  하  하,양귀자,살림,대덕소프트웨어마이스터고등학교,EM00008766,813.6 양16ㅊ v.하 c.2,"한국의 연애 소설은 근대성의 상징인 도시를 무대로 한 자유연애에 기초했고, 최근 신세대 소설에 이르기까지 그같은 사랑이야기의 기본 골격은 성풍속과 감수성의 차이에도 불구하고 여전히 유지되고 있다．그러나 <천년의 사랑>은 동북아시아에서 전통적으로 내려오던 귀신이야기를 현대적으로 활용한 연애 소설이란 점에서 독특한 개성을 발",1995-08-01,https://image.aladin.co.kr/product/18/98/coversum/8985577182_1.jpg,국내도서>소설/시/희곡>한국소설>2000년대 이전 한국소설
천년의 사랑  하  하,양귀자,살림,대덕소프트웨어마이스터고등학교,EM00008712,813.6 양16ㅊ v.하,"한국의 연애 소설은 근대성의 상징인 도시를 무대로 한 자유연애에 기초했고, 최근 신세대 소설에 이르기까지 그같은 사랑이야기의 기본 골격은 성풍속과 감수성의 차이에도 불구하고 여전히 유지되고 있다．그러나 <천년의 사랑>은 동북아시아에서 전통적으로 내려오던 귀신이야기를 현대적으로 활용한 연애 소설이란 점에서 독특한 개성을 발",1995-08-01,https://image.aladin.co.kr/product/18/98/coversum/8985577182_1.jpg,국내도서>소설/시/희곡>한국소설>2000년대 이전 한국소설
제인에어 납치사건,재스퍼 포드,북하우스,대덕소프트웨어마이스터고등학교,EM00008916,843 포27ㅈ,"세계에서 세 번째로 악한 아케론 하데스가 '산문의 문'을 통해 <제인 에어> 속으로 들어가 제인 에어를 유괴하는 사건이 벌어진다. 제인 에어가 사라지면서 소설은 엉망진창이 되어버리고, 문학을 사랑하는 영국 국민들에게 이 사건은 '충격과 공포' 그 자체이다.",2003-07-16,https://image.aladin.co.kr/product/42/42/coversum/895605066x_1.gif,국내도서>소설/시/희곡>판타지/환상문학>외국판타지/환상소설
연애소설,가네시로 가즈키,북폴리오,대덕소프트웨어마이스터고등학교,EM00012060,833.6 가194ㅇ c.2,"어린 시절부터 친하게 지내는 사람 모두가 사고로 죽어버리는 남자. 누구도 가까이 하지 않겠다고, 시선 마주하지 않겠다고 결심한 그의 삶에 말 그대로 '불쑥' 한 여자가 뛰어든다. 그는 난생 처음 경계선을 넘어서기로, 운명을 거역하기로 결심한다. 두 사람은 무서운 운명을 이겨낼 수 있을 것인가.('연애소설')",2006-02-10,https://image.aladin.co.kr/product/45/65/coversum/8937830183_1.jpg,국내도서>소설/시/희곡>일본소설>1950년대 이후 일본소설
룬의 아이들 3  살아남은 자들의 섬,전민희,제우미디어,대덕소프트웨어마이스터고등학교,EM00012092,813.6 전38ㄹ v.3 c.2,"아름다운 세계관과 개성 넘치는 캐릭터, 유려한 문체와 깊이 있는 감성으로 한국 판타지를 이끌어온 전민희 작가의 대표작 룬의 아이들 - 윈터러(전7권)가 엘릭시르에서 새롭게 출간되었다.",2019-06-21,https://image.aladin.co.kr/product/19521/77/coversum/8954656552_1.jpg,국내도서>소설/시/희곡>판타지/환상문학>한국판타지/환상소설
룬의 아이들 2부 데모닉 2 5  데모닉,전민희,제우미디어,대덕소프트웨어마이스터고등학교,EM00012109,813.6 전38ㄹ v.2-5,전민희 작가의 대표작 룬의 아이들 - 윈터러에 이어 시리즈 2부인 룬의 아이들 - 데모닉이 엘릭시르에서 새롭게 출간되었다. '룬의 아이들' 시리즈는 국내 판매량 총 160만 부를 넘은 밀리언셀러다.,2020-06-10,https://image.aladin.co.kr/product/24258/44/coversum/8954671934_1.jpg,국내도서>소설/시/희곡>판타지/환상문학>한국판타지/환상소설
룬의 아이들 2부 데모닉 2 5  데모닉,전민희,제우미디어,대덕소프트웨어마이스터고등학교,EM00012110,813.6 전38ㄹ v.2-5 c.2,전민희 작가의 대표작 룬의 아이들 - 윈터러에 이어 시리즈 2부인 룬의 아이들 - 데모닉이 엘릭시르에서 새롭게 출간되었다. '룬의 아이들' 시리즈는 국내 판매량 총 160만 부를 넘은 밀리언셀러다.,2020-06-10,https://image.aladin.co.kr/product/24258/44/coversum/8954671934_1.jpg,국내도서>소설/시/희곡>판타지/환상문학>한국판타지/환상소설
수수께끼 풀이는 저녁식사 후에,히가시가와도쿠야,21세기북스,대덕소프트웨어마이스터고등학교,EM00012188,833.6 히12ㅅ c.2,"일본에서 해리 포터 신작보다 많이 팔렸고(2011년 오리콘 차트 집계), 미스터리 장르에서는 처음으로 일본 서점대상을 수상했으며, 드라마, 연극, 영화로도 만들어져 '수수께끼 열풍'을 불러일으킨 히가시가와 도쿠야의 수수께끼 풀이는 저녁 식사 후에 시리즈.",2016-09-30,https://image.aladin.co.kr/product/9398/12/coversum/8950966603_1.jpg,국내도서>소설/시/희곡>추리/미스터리소설>일본 추리/미스터리소설
7년의 밤,정유정,은행나무,대덕소프트웨어마이스터고등학교,EM00012936,813.6 정66ㅊ c.4,"제1회 세계청소년문학상 수상작 내 인생의 스프링 캠프, 제5회 세계문학상 수상작 내 심장을 쏴라 작가 정유정의 장편소설. 수상 이후 오랜 시간 준비하여 야심 차게 내놓는 소설로, 치밀한 사전 조사와 압도적인 상상력으로 무장한 작품이다. 7년의 밤 동안 아버지와 아들에게 일어난 슬프고 신비로우며 통렬한 이야기가 펼쳐진다.",2011-03-23,https://image.aladin.co.kr/product/988/67/coversum/8956604991_3.jpg,국내도서>소설/시/희곡>한국소설>2000년대 이후 한국소설
루나,줄리 앤 피터스,궁리출판,대덕소프트웨어마이스터고등학교,EM00012241,843 피884ㄹ,,2010-02-22,https://image.aladin.co.kr/product/647/18/coversum/8958201800_1.jpg,국내도서>소설/시/희곡>영미소설
초한지 6  동트기 전,이문열,민음사,대덕소프트웨어마이스터고등학교,EM00012279,823.5 이36ㅊ v.6,"한 시대를 대표한 거장 이문열 작가의 역사 소설 『이문열 초한지』가 초판 이후 10여 년이 지난 지금, 코로나라는 극명한 난세 앞에 다시 나타났다. 이번 개정 신판은 작가가 환골탈태의 마음으로 6개월 동안 시대 상황을 고려한 보완 및 수정 작업을 거듭해 탄생한 책이다.",2020-11-05,https://image.aladin.co.kr/product/25493/67/coversum/8925589680_1.jpg,국내도서>소설/시/희곡>역사소설>외국 역사소설
초한지 7  뒤집히는 대세,이문열,민음사,대덕소프트웨어마이스터고등학교,EM00012280,823.5 이36ㅊ v.7,"한 시대를 대표한 거장 이문열 작가의 역사 소설 『이문열 초한지』가 초판 이후 10여 년이 지난 지금, 코로나라는 극명한 난세 앞에 다시 나타났다. 이번 개정 신판은 작가가 환골탈태의 마음으로 6개월 동안 시대 상황을 고려한 보완 및 수정 작업을 거듭해 탄생한 책이다.",2020-11-05,https://image.aladin.co.kr/product/25493/67/coversum/8925589672_1.jpg,국내도서>소설/시/희곡>역사소설>외국 역사소설
사서함 110호의 우편물,이도우,시공사,대덕소프트웨어마이스터고등학교,IT00008366,813.7 이25ㅅ,"첫 출간 이후 누적 110쇄를 돌파하고, 여러 나라에서 번역 출간되며 수많은 독자들의 사랑을 받아온 롱 스테디셀러 사서함 110호의 우편물. 누군가에겐 추억으로, 누군가에겐 현재진행형으로, 오랫동안 곁을 지켜온 이 이야기가 작가의 공들인 수정 작업을 거쳐 전면개정판으로 재출간되었다.",2022-07-30,https://image.aladin.co.kr/product/29829/2/coversum/k702838510_1.jpg,국내도서>소설/시/희곡>로맨스소설>한국 로맨스소설
그레이스,마거릿 애트우드,민음사,대덕소프트웨어마이스터고등학교,IT00008387,843.5 애887ㄱ,"1843년 캐나다에서 실제 일어났던 살인 사건을 바탕으로 쓰인 미스터리 소설이자, 기묘한 매력을 지닌 여인 그레이스 마크스와 그녀를 둘러싼 인물들의 복잡한 욕망을 파헤치는 심리 소설.",2017-10-18,https://image.aladin.co.kr/product/12037/95/coversum/8937434636_3.jpg,국내도서>소설/시/희곡>추리/미스터리소설>기타국가 추리/미스터리소설
그레이스,마거릿 애트우드,민음사,대덕소프트웨어마이스터고등학교,IT00008388,843.5 애887ㄱ c.2,"1843년 캐나다에서 실제 일어났던 살인 사건을 바탕으로 쓰인 미스터리 소설이자, 기묘한 매력을 지닌 여인 그레이스 마크스와 그녀를 둘러싼 인물들의 복잡한 욕망을 파헤치는 심리 소설.",2017-10-18,https://image.aladin.co.kr/product/12037/95/coversum/8937434636_3.jpg,국내도서>소설/시/희곡>추리/미스터리소설>기타국가 추리/미스터리소설
살인의 문 2,히가시노게이고,재인,대덕소프트웨어마이스터고등학교,IT00008568,833.6 히12ㅅ v.2 c.5,히가시노 게이고 장편소설. 어린 시절부터 친구에게 철저히 인생을 농락당해 온 한 남자의 처절한 자기고백이다. 또한 서서히 침몰해가는 주인공이 불타는 복수심과 살인 충동을 증폭시키는 심리적 과정을 주인공 일인칭 시점의 섬세한 필치로 묘사한 문제작이다.,2018-08-31,https://image.aladin.co.kr/product/16439/6/coversum/8990982731_3.jpg,국내도서>소설/시/희곡>추리/미스터리소설>일본 추리/미스터리소설
눈보라 체이스,히가시노게이고,소미미디어,대덕소프트웨어마이스터고등학교,IT00008415,833.6 히12ㄴ,"히가시노 게이고 ‘설산 시리즈’ 중 가장 재미있고 경쾌한 최고 인기작, 《눈보라 체이스》가 10만 부 기념 특별 에디션으로 새롭게 출간되었다. 뜬금없이 살인범이라는 누명을 쓴 주인공 다쓰미와 모종의 이유로 비밀리에 그들을 뒤쫓게 된 형사들의 숨 막히는 추격전을 그린 소설이다.",2022-02-09,https://image.aladin.co.kr/product/28833/80/coversum/k672836692_1.jpg,국내도서>소설/시/희곡>추리/미스터리소설>일본 추리/미스터리소설
돌이킬 수 없는 약속,야쿠마루가쿠,북플라자,대덕소프트웨어마이스터고등학교,IT00009472,833.6 야876ㄷ c.6,"불우한 어린 시절을 보내다 도박에 빠져 빚을 지고 쫓기는 신세가 된 무카이는 삶이 얼마 남지 않은 노파와 만나게 된다. 노파는 큰돈을 주며, 자신의 딸을 살해한 놈들이 교도소에서 나오면 죽여달라고 부탁하고, 무카이는 그 부탁을 꼭 들어주겠다고 약속한다.",2022-12-26,https://image.aladin.co.kr/product/30763/8/coversum/k772830457_1.jpg,국내도서>소설/시/희곡>추리/미스터리소설>일본 추리/미스터리소설
돌이킬 수 없는 약속,야쿠마루가쿠,북플라자,대덕소프트웨어마이스터고등학교,IT00008513,833.6 야876ㄷ c.2,"불우한 어린 시절을 보내다 도박에 빠져 빚을 지고 쫓기는 신세가 된 무카이는 삶이 얼마 남지 않은 노파와 만나게 된다. 노파는 큰돈을 주며, 자신의 딸을 살해한 놈들이 교도소에서 나오면 죽여달라고 부탁하고, 무카이는 그 부탁을 꼭 들어주겠다고 약속한다.",2022-12-26,https://image.aladin.co.kr/product/30763/8/coversum/k772830457_1.jpg,국내도서>소설/시/희곡>추리/미스터리소설>일본 추리/미스터리소설
매스커레이드 나이트,히가시노게이고,현대문학,대덕소프트웨어마이스터고등학교,IT00008659,833.6 히12ㅁ c.2,"일본 추리소설계의 거장 히가시노 게이고의 ‘호텔 추리 수사극’. 2011년 작가 데뷔 25주년 기념작 매스커레이드 호텔, 2014년 일본 문예지 '다 빈치' 선정 올해의 책 1위로 꼽힌 매스커레이드 이브에 이어 3년 만에 선보인 '매스커레이드 시리즈' 세 번째 작품이다.",2018-08-30,https://image.aladin.co.kr/product/16497/13/coversum/897275899x_2.jpg,국내도서>소설/시/희곡>추리/미스터리소설>일본 추리/미스터리소설
매스커레이드 호텔,히가시노게이고,현대문학,대덕소프트웨어마이스터고등학교,IT00009860,833.6 히12ㅁ c.4,히가시노 게이고의 작가 생활 25주년 기념작. 새로운 캐릭터 닛타 고스케가 이번 작품에서 새롭게 등장한다. 범죄 해결의 실마리를 풀어가는 수사 과정이 호텔이란 특정 공간에서 일어나는 예측 불가능한 사건들과 교차하면서 숨 가쁘게 이어지는 소설이다.,2012-07-31,https://image.aladin.co.kr/product/1849/11/coversum/8972756121_1.jpg,국내도서>소설/시/희곡>추리/미스터리소설>일본 추리/미스터리소설
멀리 돌아가는 히나,요네자와 호노부,엘릭시르,대덕소프트웨어마이스터고등학교,IT00013254,833.6 고74 c.2,"고전부 시리즈 네 번째 권. 고전부 시리즈는 고등학교의 특별 활동 동아리 '고전부'에 소속되어 있는 학생들이 일상에서 벌어지는 수수께끼를 해결해 나가는 학원 청춘 미스터리 소설이다. 작가 요네자와 호노부의 데뷔 시리즈이자, 애니메이션 [빙과]의 원작 소설이기도 하다.",2014-09-19,https://image.aladin.co.kr/product/4565/42/coversum/8954625487_2.jpg,국내도서>소설/시/희곡>추리/미스터리소설>일본 추리/미스터리소설
                ,Roald Dahl,Puffin Books,대덕소프트웨어마이스터고등학교,IT00002374,843 D111t c.15,"『원서 읽는 단어장』의 열한 번째 책으로 20세기 최고의 인기 작가 로알드 달(Roald Dahl)의 대표 단편 작품을 영어원서로 읽도록 도와주는 책이다. 먼저 출간된 『원서 읽는 단어장』시리즈의 도서들과 마찬가지로 해당 원서에 등장하는 어려운 어휘가 본문 등장 순서대로 정리되어 있어 원서를 쉽게 읽고 자연스럽게 어휘력이 향상되도록 도와주며, 이어지는 Comprehension Quiz를 통해 본문 내용에 대한 이해도를 측정해볼 수 있도록 구성되어 있다.",2010-11-01,https://image.aladin.co.kr/product/801/56/coversum/8956054878_1.jpg,국내도서>외국어>영어독해
                ,Roald Dahl,Puffin Books,대덕소프트웨어마이스터고등학교,IT00002378,843 D111t c.19,"『원서 읽는 단어장』의 열한 번째 책으로 20세기 최고의 인기 작가 로알드 달(Roald Dahl)의 대표 단편 작품을 영어원서로 읽도록 도와주는 책이다. 먼저 출간된 『원서 읽는 단어장』시리즈의 도서들과 마찬가지로 해당 원서에 등장하는 어려운 어휘가 본문 등장 순서대로 정리되어 있어 원서를 쉽게 읽고 자연스럽게 어휘력이 향상되도록 도와주며, 이어지는 Comprehension Quiz를 통해 본문 내용에 대한 이해도를 측정해볼 수 있도록 구성되어 있다.",2010-11-01,https://image.aladin.co.kr/product/801/56/coversum/8956054878_1.jpg,국내도서>외국어>영어독해
                ,Roald Dahl,Puffin Books,대덕소프트웨어마이스터고등학교,IT00002380,843 D111t c.21,"『원서 읽는 단어장』의 열한 번째 책으로 20세기 최고의 인기 작가 로알드 달(Roald Dahl)의 대표 단편 작품을 영어원서로 읽도록 도와주는 책이다. 먼저 출간된 『원서 읽는 단어장』시리즈의 도서들과 마찬가지로 해당 원서에 등장하는 어려운 어휘가 본문 등장 순서대로 정리되어 있어 원서를 쉽게 읽고 자연스럽게 어휘력이 향상되도록 도와주며, 이어지는 Comprehension Quiz를 통해 본문 내용에 대한 이해도를 측정해볼 수 있도록 구성되어 있다.",2010-11-01,https://image.aladin.co.kr/product/801/56/coversum/8956054878_1.jpg,국내도서>외국어>영어독해
                ,Roald Dahl,Puffin Books,대덕소프트웨어마이스터고등학교,IT00002414,843 D111t c.55,"『원서 읽는 단어장』의 열한 번째 책으로 20세기 최고의 인기 작가 로알드 달(Roald Dahl)의 대표 단편 작품을 영어원서로 읽도록 도와주는 책이다. 먼저 출간된 『원서 읽는 단어장』시리즈의 도서들과 마찬가지로 해당 원서에 등장하는 어려운 어휘가 본문 등장 순서대로 정리되어 있어 원서를 쉽게 읽고 자연스럽게 어휘력이 향상되도록 도와주며, 이어지는 Comprehension Quiz를 통해 본문 내용에 대한 이해도를 측정해볼 수 있도록 구성되어 있다.",2010-11-01,https://image.aladin.co.kr/product/801/56/coversum/8956054878_1.jpg,국내도서>외국어>영어독해
                ,Roald Dahl,Puffin Books,대덕소프트웨어마이스터고등학교,IT00002415,843 D111t c.56,"『원서 읽는 단어장』의 열한 번째 책으로 20세기 최고의 인기 작가 로알드 달(Roald Dahl)의 대표 단편 작품을 영어원서로 읽도록 도와주는 책이다. 먼저 출간된 『원서 읽는 단어장』시리즈의 도서들과 마찬가지로 해당 원서에 등장하는 어려운 어휘가 본문 등장 순서대로 정리되어 있어 원서를 쉽게 읽고 자연스럽게 어휘력이 향상되도록 도와주며, 이어지는 Comprehension Quiz를 통해 본문 내용에 대한 이해도를 측정해볼 수 있도록 구성되어 있다.",2010-11-01,https://image.aladin.co.kr/product/801/56/coversum/8956054878_1.jpg,국내도서>외국어>영어독해
                ,Roald Dahl,Puffin Books,대덕소프트웨어마이스터고등학교,IT00002417,843 D111t c.58,"『원서 읽는 단어장』의 열한 번째 책으로 20세기 최고의 인기 작가 로알드 달(Roald Dahl)의 대표 단편 작품을 영어원서로 읽도록 도와주는 책이다. 먼저 출간된 『원서 읽는 단어장』시리즈의 도서들과 마찬가지로 해당 원서에 등장하는 어려운 어휘가 본문 등장 순서대로 정리되어 있어 원서를 쉽게 읽고 자연스럽게 어휘력이 향상되도록 도와주며, 이어지는 Comprehension Quiz를 통해 본문 내용에 대한 이해도를 측정해볼 수 있도록 구성되어 있다.",2010-11-01,https://image.aladin.co.kr/product/801/56/coversum/8956054878_1.jpg,국내도서>외국어>영어독해
                ,Roald Dahl,Puffin Books,대덕소프트웨어마이스터고등학교,IT00002431,843 D111t c.72,"『원서 읽는 단어장』의 열한 번째 책으로 20세기 최고의 인기 작가 로알드 달(Roald Dahl)의 대표 단편 작품을 영어원서로 읽도록 도와주는 책이다. 먼저 출간된 『원서 읽는 단어장』시리즈의 도서들과 마찬가지로 해당 원서에 등장하는 어려운 어휘가 본문 등장 순서대로 정리되어 있어 원서를 쉽게 읽고 자연스럽게 어휘력이 향상되도록 도와주며, 이어지는 Comprehension Quiz를 통해 본문 내용에 대한 이해도를 측정해볼 수 있도록 구성되어 있다.",2010-11-01,https://image.aladin.co.kr/product/801/56/coversum/8956054878_1.jpg,국내도서>외국어>영어독해
                ,Roald Dahl,Puffin Books,대덕소프트웨어마이스터고등학교,IT00002432,843 D111t c.73,"『원서 읽는 단어장』의 열한 번째 책으로 20세기 최고의 인기 작가 로알드 달(Roald Dahl)의 대표 단편 작품을 영어원서로 읽도록 도와주는 책이다. 먼저 출간된 『원서 읽는 단어장』시리즈의 도서들과 마찬가지로 해당 원서에 등장하는 어려운 어휘가 본문 등장 순서대로 정리되어 있어 원서를 쉽게 읽고 자연스럽게 어휘력이 향상되도록 도와주며, 이어지는 Comprehension Quiz를 통해 본문 내용에 대한 이해도를 측정해볼 수 있도록 구성되어 있다.",2010-11-01,https://image.aladin.co.kr/product/801/56/coversum/8956054878_1.jpg,국내도서>외국어>영어독해
                ,Roald Dahl,Puffin Books,대덕소프트웨어마이스터고등학교,IT00002393,843 D111t c.34,"『원서 읽는 단어장』의 열한 번째 책으로 20세기 최고의 인기 작가 로알드 달(Roald Dahl)의 대표 단편 작품을 영어원서로 읽도록 도와주는 책이다. 먼저 출간된 『원서 읽는 단어장』시리즈의 도서들과 마찬가지로 해당 원서에 등장하는 어려운 어휘가 본문 등장 순서대로 정리되어 있어 원서를 쉽게 읽고 자연스럽게 어휘력이 향상되도록 도와주며, 이어지는 Comprehension Quiz를 통해 본문 내용에 대한 이해도를 측정해볼 수 있도록 구성되어 있다.",2010-11-01,https://image.aladin.co.kr/product/801/56/coversum/8956054878_1.jpg,국내도서>외국어>영어독해
                ,Roald Dahl,Puffin Books,대덕소프트웨어마이스터고등학교,IT00002395,843 D111t c.36,"『원서 읽는 단어장』의 열한 번째 책으로 20세기 최고의 인기 작가 로알드 달(Roald Dahl)의 대표 단편 작품을 영어원서로 읽도록 도와주는 책이다. 먼저 출간된 『원서 읽는 단어장』시리즈의 도서들과 마찬가지로 해당 원서에 등장하는 어려운 어휘가 본문 등장 순서대로 정리되어 있어 원서를 쉽게 읽고 자연스럽게 어휘력이 향상되도록 도와주며, 이어지는 Comprehension Quiz를 통해 본문 내용에 대한 이해도를 측정해볼 수 있도록 구성되어 있다.",2010-11-01,https://image.aladin.co.kr/product/801/56/coversum/8956054878_1.jpg,국내도서>외국어>영어독해
                ,Roald Dahl,Puffin Books,대덕소프트웨어마이스터고등학교,IT00002401,843 D111t c.42,"『원서 읽는 단어장』의 열한 번째 책으로 20세기 최고의 인기 작가 로알드 달(Roald Dahl)의 대표 단편 작품을 영어원서로 읽도록 도와주는 책이다. 먼저 출간된 『원서 읽는 단어장』시리즈의 도서들과 마찬가지로 해당 원서에 등장하는 어려운 어휘가 본문 등장 순서대로 정리되어 있어 원서를 쉽게 읽고 자연스럽게 어휘력이 향상되도록 도와주며, 이어지는 Comprehension Quiz를 통해 본문 내용에 대한 이해도를 측정해볼 수 있도록 구성되어 있다.",2010-11-01,https://image.aladin.co.kr/product/801/56/coversum/8956054878_1.jpg,국내도서>외국어>영어독해
광장 구운몽,최인훈,문학과지성사,대덕소프트웨어마이스터고등학교,IT00002507,813.6 최68ㄱ,"최인훈 전집 1권. 광장은 분단 상황에서 이데올로기의 대립 속에 고뇌하던 청년의 모습을 그린 장편소설. 전후의 문제소설로 평가받고 있다. 한 지식인의 외로운 자기성찰을 밀실과 광장, 즉 남과 북의 대비를 통해 묘사하고 있다.",2008-11-13,https://image.aladin.co.kr/product/281/47/coversum/8932019150_1.jpg,국내도서>소설/시/희곡>한국소설>2000년대 이전 한국소설
 김동인 단편선  감자,김동인,문학과지성사,대덕소프트웨어마이스터고등학교,IT00002530,813.6 김25ㄱ c.3,한국문학전집의 첫 번째 권은 김동인의 단편선 <감자>. 극단적인 상황과 비극적 운명에 빠진 인물 군상들을 냉정하게 서술해낸 한국 근대 단편 문학의 선구자 김동인의 단편 12편을 수록했다. 인간과 환경에 대한 근대적 인식을 빼어난 문체와 서술로 형상화한 김동인의 빼어난 작품들을 만나볼 수 있다.,2004-12-03,https://image.aladin.co.kr/product/53/3/coversum/8932015538_1.jpg,국내도서>소설/시/희곡>한국소설>2000년대 이전 한국소설
 김동인 단편선  감자,김동인,문학과지성사,대덕소프트웨어마이스터고등학교,IT00002538,813.6 김25ㄱ c.11,한국문학전집의 첫 번째 권은 김동인의 단편선 <감자>. 극단적인 상황과 비극적 운명에 빠진 인물 군상들을 냉정하게 서술해낸 한국 근대 단편 문학의 선구자 김동인의 단편 12편을 수록했다. 인간과 환경에 대한 근대적 인식을 빼어난 문체와 서술로 형상화한 김동인의 빼어난 작품들을 만나볼 수 있다.,2004-12-03,https://image.aladin.co.kr/product/53/3/coversum/8932015538_1.jpg,국내도서>소설/시/희곡>한국소설>2000년대 이전 한국소설
 김동인 단편선  감자,김동인,문학과지성사,대덕소프트웨어마이스터고등학교,IT00002539,813.6 김25ㄱ c.12,한국문학전집의 첫 번째 권은 김동인의 단편선 <감자>. 극단적인 상황과 비극적 운명에 빠진 인물 군상들을 냉정하게 서술해낸 한국 근대 단편 문학의 선구자 김동인의 단편 12편을 수록했다. 인간과 환경에 대한 근대적 인식을 빼어난 문체와 서술로 형상화한 김동인의 빼어난 작품들을 만나볼 수 있다.,2004-12-03,https://image.aladin.co.kr/product/53/3/coversum/8932015538_1.jpg,국내도서>소설/시/희곡>한국소설>2000년대 이전 한국소설
상록수,심훈,문학과지성사,대덕소프트웨어마이스터고등학교,IT00002552,813.6 심96ㅅ c.12,"심훈의 장편소설 『상록수』는 1935년 동아일보 창간 15주년을 기념하여 기획된 장편소설 현상모집에 당선되어, 같은 신문 1935년 9월 10일부터 1936년 2월 15일까지 연재되었다.",2025-10-15,https://image.aladin.co.kr/product/37399/73/coversum/k132032892_1.jpg,국내도서>청소년>청소년 인물
유토피아,토머스 모어,펭귄클래식코리아(웅진씽크빅),대덕소프트웨어마이스터고등학교,EM00013143,843 모64ㅇ,"독실한 가톨릭교도인 토머스 모어의 신념과 사상이 녹아들어 있으면서도, 르네상스 인문주의자로서의 파격적 면모를 가감 없이 보여주는 수작. 플라톤이 제시한 공화국을 철학적인 담론 수준에서 그치지 않고, 현실에서 실제로 이루어지는 하나의 모델로 생생하게 묘사해냈다.",2020-11-02,https://image.aladin.co.kr/product/25476/24/coversum/k102633921_1.jpg,국내도서>소설/시/희곡>영미소설
내 이름은 빨강 1,오르한 파묵,민음사,대덕소프트웨어마이스터고등학교,EM00010905,839.4 파36ㄴ v.1,"터키 최초의 노벨 문학상 수상 작가 오르한 파묵의 대표작. 등장인물들이 번갈아 가며 화자로 등장해 자신의 이야기를 하면서 사건이 전개되어 가는 구성으로, 역사소설에서는 보기 드문 현대적 서사기법을 취하고 있다.",2019-10-28,https://image.aladin.co.kr/product/21424/16/coversum/8937479796_3.jpg,국내도서>소설/시/희곡>세계의 소설>중동/튀르키예소설
손바닥소설,가와바타야스나리,문학과지성사,대덕소프트웨어마이스터고등학교,EM00010943,833.6 가65ㅅ,일본의 노벨문학상 수상 작가이자 우리에게 『설국』으로 잘 알려진 가와바타 야스나리의 짧은 소설 123편을 모은 『손바닥 소설 1·2』(유숙자 옮김)가 ‘문지 스펙트럼’ 시리즈로 새롭게 리뉴얼되어 출간되었다.,2021-03-31,https://image.aladin.co.kr/product/26980/27/coversum/8932038368_1.jpg,국내도서>소설/시/희곡>일본소설>1950년대 이후 일본소설
바람이 분다  가라,한강,문학과지성사,대덕소프트웨어마이스터고등학교,EM00010945,813.6 한12ㅂ,"작가가 2005년 가을 무렵부터 구상에 들어가 계간 『문학과사회』에 2007년 가을부터 이듬해 가을까지 일 년 반 동안 이야기의 중반을 연재했고, 다시 일 년 남짓의 시간을 들여 처음부터 새로 고쳐 완성한 것으로 무려 4년 6개월여의 긴 시간이 투여된 작품이다. 촉망받던 한 여자 화가의 의문에 싸인 죽음을 두고, 각자가 믿는 진실을 증명하기 위해 마치 격렬한 투쟁을 치르듯 온몸으로 부딪치고 상처 입는 사람들의 이야기가 400여 페이지에 걸쳐 펼쳐진다.",2010-02-26,https://image.aladin.co.kr/product/646/75/coversum/8932020000_2.jpg,국내도서>소설/시/희곡>한국소설>2000년대 이후 한국소설
파라다이스 1,베르나르 베르베르,열린책들,대덕소프트웨어마이스터고등학교,EM00011493,863 베297ㅍ v.1,"새로운 판형과 장정으로 재탄생한 베르나르 베르베르의 작품집. 작가의 상상력 속에서 탄생한 기상천외한 미래, 그리고 작가 자신의 실제 경험 속에서 나온 역설 가득한 과거의 이야기를 담은 단편집이다.",2024-10-20,https://image.aladin.co.kr/product/34968/30/coversum/8932924740_1.jpg,국내도서>소설/시/희곡>프랑스소설
고령화 가족,천명관,문학동네,대덕소프트웨어마이스터고등학교,EM00010954,813.6 천34ㄱ,"문학동네소설상 수상작 고래의 작가 천명관 두번째 장편소설. 고래가 하나의 이야기가 또다른 이야기를 낳고, 그 이야기가 다시 새로운 이야기를 만들어나가며 한바탕 휘몰아치는 이야기의 장을 펼쳐 보였다면, 고령화 가족은 한 가족 안에서 각양각색의 인물들이 벌이는 온갖 사건사고와 그들간의 숨겨진 이야기들을 그린다.",2010-02-18,https://image.aladin.co.kr/product/642/81/coversum/8954610552_3.jpg,국내도서>소설/시/희곡>한국소설>2000년대 이후 한국소설
로스트 심벌 2,댄 브라운,문학수첩,대덕소프트웨어마이스터고등학교,EM00010959,843 브292ㄹ v.2 c.2,"전 세계 8,000만 부라는 경이적인 판매 기록을 세운 초대형 베스트셀러 다빈치 코드의 저자 댄 브라운이 6년 만에 펴낸 신작. 상징과 암호로 둘러싸인 미국의 수도 워싱턴 D.C.를 중심으로 도시 곳곳에 숨겨진 비밀 결사조직 '프리메이슨'의 놀라운 비밀을 파헤치며 12시간의 숨 가쁜 모험이 펼쳐진다.",2009-12-01,https://image.aladin.co.kr/product/579/63/coversum/8983923393_1.jpg,국내도서>소설/시/희곡>추리/미스터리소설>영미 추리/미스터리소설
너는 모른다,정이현,문학동네,대덕소프트웨어마이스터고등학교,EM00010962,813.6 정68ㄴ,"달콤한 나의 도시, 오늘의 거짓말의 작가 정이현의 장편소설. 여유로운 일요일 오전, 무슨 일이 일어나도 놀랍지 않을 것 같은 서울이라는 도시, 그리고 5월의 한강변. 변사체가 떠오른다. 눈을 꼭 감고 있어 표정을 읽을 수 없는 알몸의 남자는 오랫동안 물밑을 떠돌고 있었다는 것 말고는 아무 말이 없다. 아직은…",2009-12-08,https://image.aladin.co.kr/product/588/26/coversum/8954609643_1.jpg,국내도서>소설/시/희곡>한국소설>2000년대 이후 한국소설
너는 모른다,정이현,문학동네,대덕소프트웨어마이스터고등학교,EM00011771,813.6 정68ㄴ c.2,"달콤한 나의 도시, 오늘의 거짓말의 작가 정이현의 장편소설. 여유로운 일요일 오전, 무슨 일이 일어나도 놀랍지 않을 것 같은 서울이라는 도시, 그리고 5월의 한강변. 변사체가 떠오른다. 눈을 꼭 감고 있어 표정을 읽을 수 없는 알몸의 남자는 오랫동안 물밑을 떠돌고 있었다는 것 말고는 아무 말이 없다. 아직은…",2009-12-08,https://image.aladin.co.kr/product/588/26/coversum/8954609643_1.jpg,국내도서>소설/시/희곡>한국소설>2000년대 이후 한국소설
올림픽의 몸값 2,오쿠다히데오,은행나무,대덕소프트웨어마이스터고등학교,EM00011018,833.6 오876ㅇ v.2,"공중그네, 남쪽으로 튀어, 면장 선거의 작가 오쿠다 히데오가 3년 만에 선보이는 장편소설. 올림픽을 인질로 삼은 당돌한 주인공과 철저한 리얼리티, 세밀하게 짜여 있는 거대한 스케일의 스토리를 통해, 생생한 현장감, 긴장감, 흡인력은 물론, 작가가 세상을 바라보는 눈이나 인간에 대해 갖는 애정 어린 시선 등을 느낄 수 있다.",2010-02-08,https://image.aladin.co.kr/product/615/7/coversum/8956603324_3.jpg,국내도서>소설/시/희곡>일본소설>1950년대 이후 일본소설
당신 없는 나는 ,기욤 뮈소,밝은 세상,대덕소프트웨어마이스터고등학교,EM00011027,863 뮈55ㄷ,"구해줘의 작가 기욤 뮈소의 장편소설. 가브리엘의 인생에는 두 남자가 있다. 한 남자는 첫사랑, 한 남자는 아버지. 한 남자는 사명감 높은 경찰, 다른 한 남자는 세계 최고의 도둑. 오래 전 가브리엘의 마음속에 채워지지 않는 빈자리를 남기고 떠난 두 남자. 그들이 한 날, 한 시에 나타나 그녀의 인생을 송두리째 뒤흔든다.",2009-12-18,https://image.aladin.co.kr/product/592/46/coversum/8984371009_1.jpg,국내도서>소설/시/희곡>프랑스소설
콰이어트 걸,페터 회,랜덤하우스,대덕소프트웨어마이스터고등학교,EM00011114,859.81 회894ㅋ,"스밀라의 눈에 대한 감각으로 전 세계적인 유명세에 오른 작가 페터 회가 1996년에 발표한 여자와 원숭이 이후 10년 만에 발표한 소설. 코펜하겐이라는 고혹적인 도시를 배경으로 한 작품이다. 특별한 청각 능력을 가진 주인공 카스퍼. 시각도 후각도 촉각도 모두 청각, 즉 소리로 환원되는 카스퍼가 소설의 주인공이다.",2010-02-26,https://image.aladin.co.kr/product/646/76/coversum/8925536498_1.jpg,국내도서>소설/시/희곡>세계의 소설>북유럽소설
역사 탐정    와 아홉 번을 산 고양이,소피 드 뮐렌하임,랜덤하우스코리아,대덕소프트웨어마이스터고등학교,EM00011124,863 뮐294ㅇ,"인터뷰 기자, 르포르타주 작가 등으로 명성을 떨쳐 온 소피 드 뮐렌하임의 첫 청소년 소설. 시대를 넘나들며 역사를 주무르는 기묘한 고양이를 쫓는 이 이야기는 역사를 제멋대로 움직이는 고양이의 자취를 쫓는 역사추리소설이자, 사건을 해결하기 위해 시대를 오가며 겪는 사건들을 흥미진진하게 써내려간 모험소설이다.",2009-09-15,https://image.aladin.co.kr/product/454/39/coversum/8925533677_1.jpg,국내도서>소설/시/희곡>프랑스소설
내가 없는 세월,박진규,문학동네,대덕소프트웨어마이스터고등학교,EM00011178,813.6 박78ㄴ,수상한 식모들로 제11회 문학동네소설상을 수상한 박진규의 두 번째 장편소설. 1988년부터 2023년까지 이어지는 '그녀'들의 삶과 욕망과 잉여에 대한 이야기이다. 작가는 '서울'이라는 공간을 무대로 '그녀'들의 일대기를 역사적 사건들 안에 접목해 과거와 미래를 종횡무진 누비고 있다.,2009-12-30,https://image.aladin.co.kr/product/606/92/coversum/8954609880_1.jpg,국내도서>소설/시/희곡>한국소설>2000년대 이후 한국소설
그것은 꿈이었을까,은희경,문학동네,대덕소프트웨어마이스터고등학교,EM00011198,813.6 은97ㄱ,작가의 첫 연애소설. 1999년과 2003년에 낸 책을 다시 펴냈다. 작가는 ‘고독에 관한 이야기로 쓰기 시작했다. 고독한 사람의 뒤를 쫓아가보니 그의 발길이 사랑으로 향했다’고 말한다. 이러한 작가의 의도는 고독과 사랑에 관한 이야기로 완성되었다. 소설은 비틀즈의 음악과 함께 준고 소녀의 관계를 보여준다. 반복되는 두 남녀의 몽환적인 이미지 묘사로 안개 속을 한참 걸어들어 갔다 나온 것 같은 혼미함을 남긴다.,2008-07-07,https://image.aladin.co.kr/product/231/61/coversum/8954606172_1.jpg,국내도서>소설/시/희곡>한국소설>2000년대 이후 한국소설
고산자,박범신,문학동네,대덕소프트웨어마이스터고등학교,EM00011210,813.6 박44ㄱ,"<나마스테> <외등>의 작가 박범신의 장편소설. 계간 「문학동네」 2008년 가을호부터 총 4회에 걸쳐 연재했던 작품으로, 조선시대의 가장 정확한 실측지도로 평가받는 '대동여지도'를 비롯한 다수의 지도와 전국지리지를 편찬한 고산자 김정호의 생애를 그린다.",2009-06-12,https://image.aladin.co.kr/product/409/63/coversum/8954608272_3.jpg,국내도서>소설/시/희곡>역사소설>한국 역사소설
인간적이다,성석제,하늘연못,대덕소프트웨어마이스터고등학교,EM00011296,813.6 성54ㅇ,"번쩍하는 황홀한 순간의 작가 성석제의 소설집. 책에 수록된 마흔아홉 편 소설 속에는 작가 성석제만의 익살, 기지, 반전, 풍자, 독특한 웃음의 세계가 담겨 있다. 소설 속에는 무료함을 떨치려 밤송이의 가시를 세는 사냥꾼, 까치가 집을 짓는데 필요한 나뭇가지 수를 세는 사람 등 다양한 상황에 놓여 있는 다양한 화자들이 등장한다.",2010-03-05,https://image.aladin.co.kr/product/644/91/coversum/8959020354_1.jpg,국내도서>소설/시/희곡>한국소설>2000년대 이후 한국소설
박사가 사랑한 수식,오가와 요코,현대문학,대덕소프트웨어마이스터고등학교,IT00010604,833.6 오11ㅂ c.8,"아쿠타가와상 수상 작가 오가와 요코의 대표작. 2004년 제1회 일본서점대상과 제55회 요미우리문학상을 수상하며 전 일본을 휩쓸고, 한국에서도 입소문을 타며 꾸준히 판매된 스테디셀러가 새로운 번역과 '박사'의 모델인 수학자 후지와라 마사히코의 해설이 추가된 개정판으로 독자에게 다가간다.",2014-08-14,https://image.aladin.co.kr/product/4468/20/coversum/897275708x_1.jpg,국내도서>소설/시/희곡>일본소설>1950년대 이후 일본소설
태양의 탑 1,전민희,제우미디어,대덕소프트웨어마이스터고등학교,EM00011357,813.6 전38ㅌ v.1,"2백년의 세월을 거슬러 올라가 <세월의 돌>의 원류가 된 바로 그 이야기. 작품의 테마인 복수로 둘러싸인 주인공은 음울과 블랙 유머 사이를 오간다. 환상의 사막 제국을 배경으로 한, '태양의 탑'을 찾아가는 일종의 퀘스트가 끊임없는 마법 이야기로 이어진다.",2000-08-01,https://image.aladin.co.kr/product/24/62/coversum/8984471747_1.gif,국내도서>소설/시/희곡>판타지/환상문학>한국판타지/환상소설
1 84 1  4  6 ,무라카미하루키,문학동네,대덕소프트웨어마이스터고등학교,EM00011708,833.6 무292ㅇ v.1 c.3,"전세계 독자가 손꼽아 기다려온 무라카미 하루키 5년 만의 신작 장편소설. 압도적인 이야기의 강렬함, 읽기를 멈출 수 없는 놀라운 흡인력, 이전 작품을 모두 끌어안으면서도 확연한 한 획을 긋는 무라카미 하루키 문학의 결정판.",2009-08-25,https://image.aladin.co.kr/product/434/24/coversum/8954608647_3.jpg,국내도서>소설/시/희곡>일본소설>1950년대 이후 일본소설
타라 덩컨 4 2  드래곤의 배반 하 ,소피 오두인 마미코니안,소담,대덕소프트웨어마이스터고등학교,EM00008185,863 마38ㅌ v.4-2,,,,
1026,김진명,새움,대덕소프트웨어마이스터고등학교,EM00012484,813.6 김78ㅇ c.2,,2024-03-21,https://image.aladin.co.kr/product/33664/0/coversum/k822939738_1.jpg,국내도서>소설/시/희곡>한국소설>2000년대 이후 한국소설
은교,박범신,문학동네,대덕소프트웨어마이스터고등학교,EM00017301,813.6 박44ㅇ c.3,"정지우 감독, 박해일.김무열.김고은 주연의 영화 [은교] 원작소설. 박범신의 장편소설로, 두 남자와 한 여자의 엉켜 있는 사랑이야기이다. 작가는 소설 은교에서 '남자란 무엇인가. 여자란 또 무엇인가. 젊음이란 무엇인가. 늙음이란 또 무엇인가. 시란 무엇인가. 소설은 또 무엇인가. 욕망이란 무엇인가. 죽음이란 또 무엇인가.'라는 존재론적인 질문을 계속해서 던진다.",2010-07-06,https://image.aladin.co.kr/product/677/11/coversum/8954610684_2.jpg,국내도서>소설/시/희곡>한국소설>2000년대 이후 한국소설
기사단장 죽이기1   현현하는 이데아,무라카미 하루키,문학동네,대덕소프트웨어마이스터고등학교,IT00008404,833.6 하296ㄱ c.2,"모차르트 오페라 <돈 조반니>의 등장인물을 일본 아스카 시대로 옮겨놓은 듯한 그 그림을 가지고 내려온 뒤로, ‘나’의 주위에서 기이한 일들이 잇달아 일어난다. 『태엽 감는 새』 『1Q84』 등 기존의 본격 장편소설 세계관을 잇는, 현실과 비현실이 절묘하게 융합된 하루키 월드의 결정판이다.",2017-07-12,https://image.aladin.co.kr/product/11260/48/coversum/8954646123_2.jpg,국내도서>소설/시/희곡>일본소설>1950년대 이후 일본소설
강남몽,황석영,창비,대덕소프트웨어마이스터고등학교,EM00011562,813.6 황54ㄱ,황석영의 장편소설. 강남몽은 작가 스스로 여러 지면에서 밝혔듯 필생의 작업 가운데 하나로 일찍부터 구상해온 '강남형성사'가 경지에 이른 작가 특유의 필력과 왕성한 실험정신으로 완성을 이룬 작품이다. 수십년에 걸친 남한 자본주의 근대화의 숨가쁜 여정을 파노라마처럼 펼쳐 보이며 우리 시대 삶의 바탕이 어떻게 이루어져왔는지를 실감나게 제시하는 대작이다.,2010-06-25,https://image.aladin.co.kr/product/721/41/coversum/8936433768_2.jpg,국내도서>소설/시/희곡>한국소설>2000년대 이후 한국소설
아리랑 10  동트는 광야 10,조정래,해냄,대덕소프트웨어마이스터고등학교,EM00008647,813.6 조74ㅇ v.10,"한민족의 끈질긴 생존과 투쟁, 이민사를 다룬 민족의 대서사시『아리랑』의 작가 등단 50주년 기념 개정판. 일제 침략기부터 해방기까지 한민족의 끈질긴 생존과 투쟁, 이민사를 다룬 민족의 대서사시다.",2020-10-15,https://image.aladin.co.kr/product/25326/99/coversum/8965749409_1.jpg,국내도서>소설/시/희곡>역사소설>한국 역사소설
타라 덩컨 2 2   하  비밀의 책,소피 오두인 마미코니안,소담,대덕소프트웨어마이스터고등학교,EM00008181,863 마38ㅌ v.2-2,"유럽에서 선풍적인 인기를 얻었던 판타지 소설 <타라 덩컨>이 출간되었다. 하루가 스물여섯 시간이고 일년이 454일에 일곱 계절이 존재하는 마법행성 '아더월드'와, 사랑스러운 소녀 타라덩컨. 기상천외한 마법 소재들과 거기에 얽히는 모험들이 속도감 있게 전개된다. 톡톡 튀는 문장과 작품 도처에 깔린 교묘한 복선이 재미를 더해 준다.",2006-10-19,https://image.aladin.co.kr/product/266/83/coversum/8973819569_1.jpg,국내도서>소설/시/희곡>판타지/환상문학>외국판타지/환상소설
타라 덩컨 3 2  저주받은 왕홀 하 ,소피 오두인 마미코니안,소담,대덕소프트웨어마이스터고등학교,EM00008183,863 마38ㅌ v.3-2,,,,
포르토벨로의 마녀,파울로 코엘료,문학동네,대덕소프트웨어마이스터고등학교,EM00008204,879 코64ㅍ,"연금술사의 작가 파울로 코엘료의 2007년 신작. 런던 중심가인 포르토벨로에 '마녀' 붐을 일으키는, '아테나'라는 이름의 한 비범한 여자가 소설의 중심에 놓이며, 여러 화자가 뒤섞여 그녀의 행적을 쫓는다. 브라질의 한 언론은 '지금까지 코엘료의 다른 모든 작품보다 훨씬 더 멀리 나아간 첨단의 작품'이란 평을 내놓았다.",2007-10-11,https://image.aladin.co.kr/product/98/35/coversum/8954603904_1.jpg,국내도서>소설/시/희곡>스페인/중남미소설
피쉬 걸 1  인어소녀 에밀리,리즈 케슬러,별이온,대덕소프트웨어마이스터고등학교,EM00008213,843 케57ㅍ v.1,"인어를 소재로 쓴 판타지 소설로, 꼬리에 꼬리를 물고 이어지는 미스터리한 사건들이15살 소녀의 천진난만한 시선으로 그려진다. 에밀리가 가족의 비밀을 알아내고, 넵툰의 분노에 용감히 맞서 아빠와 엄마의 재결합을 이루어내는 이야기가 흥미진진하게 펼쳐진다.",2007-12-20,https://image.aladin.co.kr/product/100/46/coversum/8957519513_1.jpg,국내도서>소설/시/희곡>판타지/환상문학>외국판타지/환상소설
룸 메이트,맥스 애플,친구,대덕소프트웨어마이스터고등학교,EM00017380,843 애897ㄹ,,,,
실마릴리온,J.R.R. 톨킨,씨앗을 뿌리는 사람,대덕소프트웨어마이스터고등학교,EM00017417,843 톨878ㅅ,"톨킨의 가운데땅 신화는 소설, 영화, 게임, 음악 등 문화 전반을 아우르는 판타지의 기원이자 시작이 되고 있으며, 현대 문화를 이해하는 고전이자 걸작의 반열에 올라 있다. 그리고 『실마릴리온』과 『끝나지 않은 이야기』는 그중에서도 톨킨의 세계관을 이해하는 핵심적인 책들이다.",2022-03-02,https://image.aladin.co.kr/product/28976/89/coversum/8950999943_1.jpg,국내도서>소설/시/희곡>판타지/환상문학>외국판타지/환상소설
소현,김인숙,자음과모음,대덕소프트웨어마이스터고등학교,EM00011518,813.6 김68ㅅ,"대산문학상, 이상문학상, 현대문학상 수상작가 김인숙의 장편소설. 병자호란 이후 청나라에 인질로 끌려갔다 돌아왔으나 귀국 두 달 만에 사망한 비운의 세자, 소현 세자의 마지막 2년의 이야기이다. 소현 세자가 처해 있던 현실과 그의 내면에 깊게 드리워져 있던 비애를 통해, 조선이 가장 위태롭고 혼란스러웠던 시기의 이야기를 그린다.",2010-03-08,https://image.aladin.co.kr/product/651/93/coversum/8957074848_2.jpg,국내도서>소설/시/희곡>역사소설>한국 역사소설
연금술사,파울로 코엘료,문학동네,대덕소프트웨어마이스터고등학교,EM00017985,879.3 코63ㅇ c.6,"세상을 두루두루 여행하기 위해 양치기가 된 청년 산티아고의 '자아의 신화' 찾기 여행담. 자칫 딱딱하게 보일 수 있는 제목과는 달리 간결하고 경쾌한 언어들로 쓰여 있어서, 물이 흘러가듯 수월하게 읽히는 작품이다.",2001-12-01,https://image.aladin.co.kr/product/30/73/coversum/8982814477_3.jpg,국내도서>소설/시/희곡>스페인/중남미소설
아리랑 1  아  한반도 1,조정래,해냄,대덕소프트웨어마이스터고등학교,EM00008638,813.6 조74ㅇ v.1,"한민족의 끈질긴 생존과 투쟁, 이민사를 다룬 민족의 대서사시『아리랑』의 작가 등단 50주년 기념 개정판. 일제 침략기부터 해방기까지 한민족의 끈질긴 생존과 투쟁, 이민사를 다룬 민족의 대서사시다.",2020-10-15,https://image.aladin.co.kr/product/25326/87/coversum/896574931x_1.jpg,국내도서>소설/시/희곡>역사소설>한국 역사소설
웬만해선 아무렇지 않다,이기호,마음산책,대덕소프트웨어마이스터고등학교,IT00001917,813.6 이18ㅇ,2000년대 등장한 이래 희비극적이라 할 그만의 월드를 축조했던 작가 이기호. 등단 15년이 넘었음에도 어떠한 피로감 없이 소모 없이 새로운 감각의 독보적 이야기꾼이라는 신뢰가 여전하다. 그의 특별한 짧은 소설을 한 권에 담았다.,2016-02-25,https://image.aladin.co.kr/product/7779/47/coversum/8960902578_1.jpg,국내도서>소설/시/희곡>한국소설>2000년대 이후 한국소설
건지 감자껍질파이 북클럽,메리 앤 셰퍼,이덴슬리벨,대덕소프트웨어마이스터고등학교,IT00013066,843 셰894ㄱ,,,,
카타리나 블룸의 잃어버린 명예,하인리히 뵐,민음사,대덕소프트웨어마이스터고등학교,IT00013081,808.9 세14 v.180,1972년에 노벨 문학상을 수상한 하인리히 뵐의 소설. 황색 언론에 의해 처참하게 유린당한 한 개인의 명예에 관한 보고서이다. 뉴저먼시네마의 기수  폴커 슐렌도르프에 의해 영화화되기도 했다. 소설은 소박한 카타리나 블룸이 어쩌다 살인까지 저지르게 되었는지 조사하며 닷새간 그녀의 행적을 재구성하여 이를 보고하는 형식으로 진행된다.,2008-05-30,https://image.aladin.co.kr/product/222/44/coversum/8937461803_2.jpg,국내도서>소설/시/희곡>독일소설
카타리나 블룸의 잃어버린 명예,하인리히 뵐,민음사,대덕소프트웨어마이스터고등학교,IT00013082,808.9 세14 v.180 c.2,1972년에 노벨 문학상을 수상한 하인리히 뵐의 소설. 황색 언론에 의해 처참하게 유린당한 한 개인의 명예에 관한 보고서이다. 뉴저먼시네마의 기수  폴커 슐렌도르프에 의해 영화화되기도 했다. 소설은 소박한 카타리나 블룸이 어쩌다 살인까지 저지르게 되었는지 조사하며 닷새간 그녀의 행적을 재구성하여 이를 보고하는 형식으로 진행된다.,2008-05-30,https://image.aladin.co.kr/product/222/44/coversum/8937461803_2.jpg,국내도서>소설/시/희곡>독일소설
용의자  의 헌신,히가시노 게이고,재인,대덕소프트웨어마이스터고등학교,IT00013170,833.6 히12ㅇ,히가시노 게이고 문학의 정수로 일컬어지는 용의자 X의 헌신이 새롭게 번역되어 출간됐다. 일본 문학 전문 번역가 양억관이 자신의 번역을 대폭 손질해 원작이 지닌 문학적 향기와 감동을 오롯이 되살려 냈다.,2017-08-30,https://image.aladin.co.kr/product/11649/82/coversum/8990982707_1.jpg,국내도서>소설/시/희곡>추리/미스터리소설>일본 추리/미스터리소설
그녀는 다 계획이 있다,히가시노 게이고,하빌리스,대덕소프트웨어마이스터고등학교,IT00013178,833.6 히12그,"교코는 부자가 되겠다는 원대한 계획을 이루기 위해 파티장으로 출근하는 컴패니언이다. 어느 날, 하나야 보석점 고객 감사파티가 끝난 뒤 직장동료 에리가 호텔 밀실에서 죽은 채 발견되고, 교코는 자신이 점찍은 부동산회사 전무 다카미가 사건에 유달리 관심을 가지고 있음을 알게 된다.",2021-02-26,https://image.aladin.co.kr/product/26427/0/coversum/k182738525_1.jpg,국내도서>소설/시/희곡>추리/미스터리소설>일본 추리/미스터리소설
어둠 속에서도 바다는 푸르다 1,이철환,특별한서재,대덕소프트웨어마이스터고등학교,IT00013198,813.7 이83ㅇ v.1,"이철환 작가의 소설. 부모를 잃은 남매에게 공짜로 짜장면 한 그릇을 내어준 『연탄길』의 한 장면에서 출발했다. 2,000매에 가까운 원고 중 12매의 『연탄길』 원고가 포함되어 있다.",2021-03-15,https://image.aladin.co.kr/product/26620/51/coversum/k042739133_2.jpg,국내도서>소설/시/희곡>한국소설>2000년대 이후 한국소설
두 번째 엔딩,김려령 배미주 이현 김중미 손원평 구병모 이희영 백온유,창비,대덕소프트웨어마이스터고등학교,IT00016632,813.7 김294ㄷ c.2,"우아한 거짓말부터 아몬드 페인트 유원까지, 독자들의 큰 사랑을 받은 작품들의 뒷이야기를 엮은 소설집. 창비청소년문학상 1회 수상자인 김려령 작가부터, 배미주 이현 김중미 손원평 구병모 이희영 백온유 등 청소년문학과 성인문학을 넘나드는 베스트셀러 작가들의 완성도 높은 단편이 실렸다.",2021-02-19,https://image.aladin.co.kr/product/26367/8/coversum/8936434454_2.jpg,국내도서>소설/시/희곡>한국소설>2000년대 이후 한국소설
두 번째 엔딩,김려령 배미주 이현 김중미 손원평 구병모 이희영 백온유,창비,대덕소프트웨어마이스터고등학교,IT00013203,813.7 김294ㄷ,"우아한 거짓말부터 아몬드 페인트 유원까지, 독자들의 큰 사랑을 받은 작품들의 뒷이야기를 엮은 소설집. 창비청소년문학상 1회 수상자인 김려령 작가부터, 배미주 이현 김중미 손원평 구병모 이희영 백온유 등 청소년문학과 성인문학을 넘나드는 베스트셀러 작가들의 완성도 높은 단편이 실렸다.",2021-02-19,https://image.aladin.co.kr/product/26367/8/coversum/8936434454_2.jpg,국내도서>소설/시/희곡>한국소설>2000년대 이후 한국소설
3차 면접에서 돌발 행동을 보인    에 관하여,박지리,욜로욜로,대덕소프트웨어마이스터고등학교,IT00013204,813.7 박78ㅅ,"맨홀, 합체, 다윈 영의 악의 기원 작가 박지리의 장편소설. 작가 사후에 출간되는 첫 책이다. 제목부터 독특한 이 작품은 대한민국에서 나고 자라 제도권 교육을 받은 사람이라면 누구나 공감할 만한 내용을 다루고 있다.",2017-12-15,https://image.aladin.co.kr/product/12596/16/coversum/k192532871_1.jpg,국내도서>소설/시/희곡>한국소설>2000년대 이후 한국소설
이제 와서 날개라 해도,요네자와 호노부,엘릭시르,대덕소프트웨어마이스터고등학교,IT00013251,833.6 고74 v.6,"학생회장 선거의 수수께끼를 들고 온 사토시, 만화 연구회에서 갈등하는 마야카, 초등학교과 중학교 시절의 호타로, 그리고 합창대회에서 사라진 지탄다의 행방까지. '고전부' 시리즈 중 가장 중요한 이야기를 담은 여섯 번째 권.",2017-08-30,https://image.aladin.co.kr/product/11665/89/coversum/8954646735_1.jpg,국내도서>소설/시/희곡>추리/미스터리소설>일본 추리/미스터리소설
내 영혼이 따뜻했던 날들,포리스트 카터,아름드리미디어,대덕소프트웨어마이스터고등학교,IT00013265,843 카884ㄴ c.6,"포리스트 카터의 자전적인 소설로, 이야기는 주인공인 '작은나무'가 홀어머니의 죽음으로 조부모와 함께 살게 되는 것으로 시작한다. 체로키족인 할아버지, 할머니와 함께 산 속 오두막에 살면서 '작은나무'는 산사람으로, 또 인디언으로 자연과 더불어 살아가면서 자연의 이치로 세상을 보고 판단하는 지혜를 배워간다.",2014-05-30,https://image.aladin.co.kr/product/19025/43/coversum/8955824955_1.jpg,국내도서>소설/시/희곡>영미소설
내 영혼이 따뜻했던 날들,포리스트 카터,아름드리미디어,대덕소프트웨어마이스터고등학교,IT00013266,843 카884ㄴ c.7,"포리스트 카터의 자전적인 소설로, 이야기는 주인공인 '작은나무'가 홀어머니의 죽음으로 조부모와 함께 살게 되는 것으로 시작한다. 체로키족인 할아버지, 할머니와 함께 산 속 오두막에 살면서 '작은나무'는 산사람으로, 또 인디언으로 자연과 더불어 살아가면서 자연의 이치로 세상을 보고 판단하는 지혜를 배워간다.",2014-05-30,https://image.aladin.co.kr/product/19025/43/coversum/8955824955_1.jpg,국내도서>소설/시/희곡>영미소설
내 영혼이 따뜻했던 날들,포리스트 카터,아름드리미디어,대덕소프트웨어마이스터고등학교,IT00013269,843 카884ㄴ c.10,"포리스트 카터의 자전적인 소설로, 이야기는 주인공인 '작은나무'가 홀어머니의 죽음으로 조부모와 함께 살게 되는 것으로 시작한다. 체로키족인 할아버지, 할머니와 함께 산 속 오두막에 살면서 '작은나무'는 산사람으로, 또 인디언으로 자연과 더불어 살아가면서 자연의 이치로 세상을 보고 판단하는 지혜를 배워간다.",2014-05-30,https://image.aladin.co.kr/product/19025/43/coversum/8955824955_1.jpg,국내도서>소설/시/희곡>영미소설
흙과 재,아티크 라히미,동문선,대덕소프트웨어마이스터고등학교,EM00008923,863 라98ㅎ,아프가니스탄(이하 아프간)의 현실을 다룬 소설. 이 책은 '다리어'(아주 오랜 옛날부터 아프간에서 사용되어 온 페르시아어)로 쓰여진 <흙과 재>의 프랑스어판을 한국어로 중역한 것이다. 프랑스에서는 이 책이 출간이 되자마자 큰 화제가 되었다.,2002-01-20,https://image.aladin.co.kr/product/32/81/coversum/898038226x_2.jpg,국내도서>소설/시/희곡>세계의 소설>기타 국가 소설
연애소설,가네시로 가즈키,북폴리오,대덕소프트웨어마이스터고등학교,EM00012059,833.6 가194ㅇ,"어린 시절부터 친하게 지내는 사람 모두가 사고로 죽어버리는 남자. 누구도 가까이 하지 않겠다고, 시선 마주하지 않겠다고 결심한 그의 삶에 말 그대로 '불쑥' 한 여자가 뛰어든다. 그는 난생 처음 경계선을 넘어서기로, 운명을 거역하기로 결심한다. 두 사람은 무서운 운명을 이겨낼 수 있을 것인가.('연애소설')",2006-02-10,https://image.aladin.co.kr/product/45/65/coversum/8937830183_1.jpg,국내도서>소설/시/희곡>일본소설>1950년대 이후 일본소설
룬의아이들 5,전민희,제우미디어,대덕소프트웨어마이스터고등학교,EM00012096,813.6 전38ㄹ v.5 c.2,전민희 작가의 대표작 룬의 아이들 '블러디드' 편. '룬의 아이들' 시리즈 3부에 해당하는 이번 작품은 속도감 있는 전개와 새로운 캐릭터의 등장으로 첫 권부터 독자들의 호기심을 불러일으킨다.,2022-05-30,https://image.aladin.co.kr/product/29536/33/coversum/8954686664_2.jpg,국내도서>소설/시/희곡>판타지/환상문학>한국판타지/환상소설
룬의 아이들 2부 데모닉 2 3,전민희,제우미디어,대덕소프트웨어마이스터고등학교,EM00012105,813.6 전39ㄷ v.2-3,전민희 작가의 대표작 룬의 아이들 - 윈터러에 이어 시리즈 2부인 룬의 아이들 - 데모닉이 엘릭시르에서 새롭게 출간되었다. '룬의 아이들' 시리즈는 국내 판매량 총 160만 부를 넘은 밀리언셀러다.,2020-06-10,https://image.aladin.co.kr/product/24258/43/coversum/895467190x_2.jpg,국내도서>소설/시/희곡>판타지/환상문학>한국판타지/환상소설
룬의 아이들 2부 데모닉 2 4,전민희,제우미디어,대덕소프트웨어마이스터고등학교,EM00012107,813.6 전38ㄹ v.2-4,전민희 작가의 대표작 룬의 아이들 - 윈터러에 이어 시리즈 2부인 룬의 아이들 - 데모닉이 엘릭시르에서 새롭게 출간되었다. '룬의 아이들' 시리즈는 국내 판매량 총 160만 부를 넘은 밀리언셀러다.,2020-06-10,https://image.aladin.co.kr/product/24258/44/coversum/8954671918_2.jpg,국내도서>소설/시/희곡>판타지/환상문학>한국판타지/환상소설
백설공주에게 죽음을,넬레 노이하우스,북로드,대덕소프트웨어마이스터고등학교,EM00012174,853 노68ㅂ,전 세계에 독일 미스터리를 각인시킨 작가 넬레 노이하우스의 대표작이자 유럽 최고 인기 시리즈인 '타우누스 시리즈'의 네 번째 작품이다. 이 책은 2010년 출간 사흘 만에 베스트셀러 순위에 올라 무려 32주 동안 1위를 지키는 기염을 토했다.,2024-05-24,https://image.aladin.co.kr/product/33976/65/coversum/k622930548_2.jpg,국내도서>소설/시/희곡>추리/미스터리소설>기타국가 추리/미스터리소설
초한지 2  바람아 불어라,이문열,민음사,대덕소프트웨어마이스터고등학교,EM00012275,823.5 이36ㅊ v.2,"한 시대를 대표한 거장 이문열 작가의 역사 소설 『이문열 초한지』가 초판 이후 10여 년이 지난 지금, 코로나라는 극명한 난세 앞에 다시 나타났다. 이번 개정 신판은 작가가 환골탈태의 마음으로 6개월 동안 시대 상황을 고려한 보완 및 수정 작업을 거듭해 탄생한 책이다.",2020-11-05,https://image.aladin.co.kr/product/25493/57/coversum/8925589729_1.jpg,국내도서>소설/시/희곡>역사소설>외국 역사소설
초한지 5  흙먼지 말아 올리며 다시 오다,이문열,민음사,대덕소프트웨어마이스터고등학교,EM00012278,823.5 이36ㅊ v.5,,,,
초한지 10  토끼가 죽으면 사냥개는 삶긴다,이문열,민음사,대덕소프트웨어마이스터고등학교,EM00012283,823.5 이36ㅊ v.10,,2020-11-05,https://image.aladin.co.kr/product/25493/76/coversum/8925589648_1.jpg,국내도서>소설/시/희곡>역사소설>외국 역사소설
살인의 문 1,히가시노게이고,재인,대덕소프트웨어마이스터고등학교,IT00008410,833.6 히12ㅅ v.1 c.2,히가시노 게이고 장편소설. 어린 시절부터 친구에게 철저히 인생을 농락당해 온 한 남자의 처절한 자기고백이다. 또한 서서히 침몰해가는 주인공이 불타는 복수심과 살인 충동을 증폭시키는 심리적 과정을 주인공 일인칭 시점의 섬세한 필치로 묘사한 문제작이다.,2018-08-31,https://image.aladin.co.kr/product/16439/1/coversum/8990982723_1.jpg,국내도서>소설/시/희곡>추리/미스터리소설>일본 추리/미스터리소설
돌이킬 수 없는 약속,야쿠마루가쿠,북플라자,대덕소프트웨어마이스터고등학교,IT00008514,833.6 야876ㄷ c.3,"불우한 어린 시절을 보내다 도박에 빠져 빚을 지고 쫓기는 신세가 된 무카이는 삶이 얼마 남지 않은 노파와 만나게 된다. 노파는 큰돈을 주며, 자신의 딸을 살해한 놈들이 교도소에서 나오면 죽여달라고 부탁하고, 무카이는 그 부탁을 꼭 들어주겠다고 약속한다.",2022-12-26,https://image.aladin.co.kr/product/30763/8/coversum/k772830457_1.jpg,국내도서>소설/시/희곡>추리/미스터리소설>일본 추리/미스터리소설
수수께끼 풀이는 저녁식사 후에 3,히가시가와,아르테,대덕소프트웨어마이스터고등학교,IT00008579,833.6 히929ㅅ v.3 c.2,"일본에서 해리 포터 신작보다 많이 팔렸고(2011년 오리콘 차트 집계), 미스터리 장르에서는 처음으로 일본 서점대상을 수상했으며, 드라마, 연극, 영화로도 만들어져 '수수께끼 열풍'을 불러일으킨 히가시가와 도쿠야의 수수께끼 풀이는 저녁 식사 후에 시리즈.",2016-09-30,https://image.aladin.co.kr/product/9398/12/coversum/8950966603_1.jpg,국내도서>소설/시/희곡>추리/미스터리소설>일본 추리/미스터리소설
매스커레이드 호텔,히가시노게이고,현대문학,대덕소프트웨어마이스터고등학교,IT00009861,833.6 히12ㅁ c.5,히가시노 게이고의 작가 생활 25주년 기념작. 새로운 캐릭터 닛타 고스케가 이번 작품에서 새롭게 등장한다. 범죄 해결의 실마리를 풀어가는 수사 과정이 호텔이란 특정 공간에서 일어나는 예측 불가능한 사건들과 교차하면서 숨 가쁘게 이어지는 소설이다.,2012-07-31,https://image.aladin.co.kr/product/1849/11/coversum/8972756121_1.jpg,국내도서>소설/시/희곡>추리/미스터리소설>일본 추리/미스터리소설
클라라 죽이기,고바야시 야스미,검은숲,대덕소프트웨어마이스터고등학교,IT00008669,833.6 고41ㅋ,"고바야시 야스미 소설. 호두까기 인형과 생쥐 왕의 전투, 공주를 구하기 위해 대신 인형이 되는 저주를 받은 청년 등 상상력을 자극하는 호두까기 인형의 설정에, 앨리스 죽이기에서 완벽하게 구축해놓은 세계관을 더한 작품이다.",2017-02-15,https://image.aladin.co.kr/product/10360/26/coversum/8952777883_1.jpg,국내도서>소설/시/희곡>추리/미스터리소설>일본 추리/미스터리소설
도로시 죽이기,고바야시야스미,검은숲,대덕소프트웨어마이스터고등학교,IT00009265,833.6 고42ㄷ c.2,"2018년 첫 역주행 베스트셀러로 독자들의 사랑을 받은 앨리스 죽이기의 최신 후속작 도로시 죽이기가 전례를 깨고 한국, 일본에서 동시 출간된다. 이는 앨리스 죽이기를 향한 국내 독자들의 뜨거운 애정에 보답하고자 하는 고바야시 야스미 작가의 의지로 인해 가능했다.",2018-05-18,https://image.aladin.co.kr/product/14656/50/coversum/8952790715_1.jpg,국내도서>소설/시/희곡>추리/미스터리소설>일본 추리/미스터리소설
거울 속 외딴 성,츠지무라미즈키,알에이치코리아,대덕소프트웨어마이스터고등학교,IT00008672,833.6 츠78ㄱ,긍정적 평가를 받으며 밀리언셀러를 기록한 《거울 속 외딴 성》이 영화화되어 국내 팬들과 만날 준비를 마쳤다. 이를 기념하여 원작 소설가 츠지무라 미즈키의 친필 서명 인쇄본과 함께 응원의 메시지가 담긴 영화 특별판이 새로운 모습으로 단장해 출간된다.,2023-04-03,https://image.aladin.co.kr/product/31379/45/coversum/8925576708_1.jpg,국내도서>소설/시/희곡>일본소설>1950년대 이후 일본소설
                ,Roald Dahl,Puffin Books,대덕소프트웨어마이스터고등학교,IT00002360,843 D111t,"『원서 읽는 단어장』의 열한 번째 책으로 20세기 최고의 인기 작가 로알드 달(Roald Dahl)의 대표 단편 작품을 영어원서로 읽도록 도와주는 책이다. 먼저 출간된 『원서 읽는 단어장』시리즈의 도서들과 마찬가지로 해당 원서에 등장하는 어려운 어휘가 본문 등장 순서대로 정리되어 있어 원서를 쉽게 읽고 자연스럽게 어휘력이 향상되도록 도와주며, 이어지는 Comprehension Quiz를 통해 본문 내용에 대한 이해도를 측정해볼 수 있도록 구성되어 있다.",2010-11-01,https://image.aladin.co.kr/product/801/56/coversum/8956054878_1.jpg,국내도서>외국어>영어독해
                ,Roald Dahl,Puffin Books,대덕소프트웨어마이스터고등학교,IT00002362,843 D111t c.3,"『원서 읽는 단어장』의 열한 번째 책으로 20세기 최고의 인기 작가 로알드 달(Roald Dahl)의 대표 단편 작품을 영어원서로 읽도록 도와주는 책이다. 먼저 출간된 『원서 읽는 단어장』시리즈의 도서들과 마찬가지로 해당 원서에 등장하는 어려운 어휘가 본문 등장 순서대로 정리되어 있어 원서를 쉽게 읽고 자연스럽게 어휘력이 향상되도록 도와주며, 이어지는 Comprehension Quiz를 통해 본문 내용에 대한 이해도를 측정해볼 수 있도록 구성되어 있다.",2010-11-01,https://image.aladin.co.kr/product/801/56/coversum/8956054878_1.jpg,국내도서>외국어>영어독해
                ,Roald Dahl,Puffin Books,대덕소프트웨어마이스터고등학교,IT00002381,843 D111t c.22,"『원서 읽는 단어장』의 열한 번째 책으로 20세기 최고의 인기 작가 로알드 달(Roald Dahl)의 대표 단편 작품을 영어원서로 읽도록 도와주는 책이다. 먼저 출간된 『원서 읽는 단어장』시리즈의 도서들과 마찬가지로 해당 원서에 등장하는 어려운 어휘가 본문 등장 순서대로 정리되어 있어 원서를 쉽게 읽고 자연스럽게 어휘력이 향상되도록 도와주며, 이어지는 Comprehension Quiz를 통해 본문 내용에 대한 이해도를 측정해볼 수 있도록 구성되어 있다.",2010-11-01,https://image.aladin.co.kr/product/801/56/coversum/8956054878_1.jpg,국내도서>외국어>영어독해
                ,Roald Dahl,Puffin Books,대덕소프트웨어마이스터고등학교,IT00002404,843 D111t c.45,"『원서 읽는 단어장』의 열한 번째 책으로 20세기 최고의 인기 작가 로알드 달(Roald Dahl)의 대표 단편 작품을 영어원서로 읽도록 도와주는 책이다. 먼저 출간된 『원서 읽는 단어장』시리즈의 도서들과 마찬가지로 해당 원서에 등장하는 어려운 어휘가 본문 등장 순서대로 정리되어 있어 원서를 쉽게 읽고 자연스럽게 어휘력이 향상되도록 도와주며, 이어지는 Comprehension Quiz를 통해 본문 내용에 대한 이해도를 측정해볼 수 있도록 구성되어 있다.",2010-11-01,https://image.aladin.co.kr/product/801/56/coversum/8956054878_1.jpg,국내도서>외국어>영어독해
                ,Roald Dahl,Puffin Books,대덕소프트웨어마이스터고등학교,IT00002409,843 D111t c.50,"『원서 읽는 단어장』의 열한 번째 책으로 20세기 최고의 인기 작가 로알드 달(Roald Dahl)의 대표 단편 작품을 영어원서로 읽도록 도와주는 책이다. 먼저 출간된 『원서 읽는 단어장』시리즈의 도서들과 마찬가지로 해당 원서에 등장하는 어려운 어휘가 본문 등장 순서대로 정리되어 있어 원서를 쉽게 읽고 자연스럽게 어휘력이 향상되도록 도와주며, 이어지는 Comprehension Quiz를 통해 본문 내용에 대한 이해도를 측정해볼 수 있도록 구성되어 있다.",2010-11-01,https://image.aladin.co.kr/product/801/56/coversum/8956054878_1.jpg,국내도서>외국어>영어독해
                ,Roald Dahl,Puffin Books,대덕소프트웨어마이스터고등학교,IT00002424,843 D111t c.65,"『원서 읽는 단어장』의 열한 번째 책으로 20세기 최고의 인기 작가 로알드 달(Roald Dahl)의 대표 단편 작품을 영어원서로 읽도록 도와주는 책이다. 먼저 출간된 『원서 읽는 단어장』시리즈의 도서들과 마찬가지로 해당 원서에 등장하는 어려운 어휘가 본문 등장 순서대로 정리되어 있어 원서를 쉽게 읽고 자연스럽게 어휘력이 향상되도록 도와주며, 이어지는 Comprehension Quiz를 통해 본문 내용에 대한 이해도를 측정해볼 수 있도록 구성되어 있다.",2010-11-01,https://image.aladin.co.kr/product/801/56/coversum/8956054878_1.jpg,국내도서>외국어>영어독해
                ,Roald Dahl,Puffin Books,대덕소프트웨어마이스터고등학교,IT00002436,843 D111t c.77,"『원서 읽는 단어장』의 열한 번째 책으로 20세기 최고의 인기 작가 로알드 달(Roald Dahl)의 대표 단편 작품을 영어원서로 읽도록 도와주는 책이다. 먼저 출간된 『원서 읽는 단어장』시리즈의 도서들과 마찬가지로 해당 원서에 등장하는 어려운 어휘가 본문 등장 순서대로 정리되어 있어 원서를 쉽게 읽고 자연스럽게 어휘력이 향상되도록 도와주며, 이어지는 Comprehension Quiz를 통해 본문 내용에 대한 이해도를 측정해볼 수 있도록 구성되어 있다.",2010-11-01,https://image.aladin.co.kr/product/801/56/coversum/8956054878_1.jpg,국내도서>외국어>영어독해
                ,Roald Dahl,Puffin Books,대덕소프트웨어마이스터고등학교,IT00002394,843 D111t c.35,"『원서 읽는 단어장』의 열한 번째 책으로 20세기 최고의 인기 작가 로알드 달(Roald Dahl)의 대표 단편 작품을 영어원서로 읽도록 도와주는 책이다. 먼저 출간된 『원서 읽는 단어장』시리즈의 도서들과 마찬가지로 해당 원서에 등장하는 어려운 어휘가 본문 등장 순서대로 정리되어 있어 원서를 쉽게 읽고 자연스럽게 어휘력이 향상되도록 도와주며, 이어지는 Comprehension Quiz를 통해 본문 내용에 대한 이해도를 측정해볼 수 있도록 구성되어 있다.",2010-11-01,https://image.aladin.co.kr/product/801/56/coversum/8956054878_1.jpg,국내도서>외국어>영어독해
 김동인 단편선  감자,김동인,문학과지성사,대덕소프트웨어마이스터고등학교,IT00002532,813.6 김25ㄱ c.5,한국문학전집의 첫 번째 권은 김동인의 단편선 <감자>. 극단적인 상황과 비극적 운명에 빠진 인물 군상들을 냉정하게 서술해낸 한국 근대 단편 문학의 선구자 김동인의 단편 12편을 수록했다. 인간과 환경에 대한 근대적 인식을 빼어난 문체와 서술로 형상화한 김동인의 빼어난 작품들을 만나볼 수 있다.,2004-12-03,https://image.aladin.co.kr/product/53/3/coversum/8932015538_1.jpg,국내도서>소설/시/희곡>한국소설>2000년대 이전 한국소설
상록수,심훈,문학과지성사,대덕소프트웨어마이스터고등학교,IT00002547,813.6 심96ㅅ c.7,"심훈의 장편소설 『상록수』는 1935년 동아일보 창간 15주년을 기념하여 기획된 장편소설 현상모집에 당선되어, 같은 신문 1935년 9월 10일부터 1936년 2월 15일까지 연재되었다.",2025-10-15,https://image.aladin.co.kr/product/37399/73/coversum/k132032892_1.jpg,국내도서>청소년>청소년 인물
상록수,심훈,문학과지성사,대덕소프트웨어마이스터고등학교,IT00002549,813.6 심96ㅅ c.9,"심훈의 장편소설 『상록수』는 1935년 동아일보 창간 15주년을 기념하여 기획된 장편소설 현상모집에 당선되어, 같은 신문 1935년 9월 10일부터 1936년 2월 15일까지 연재되었다.",2025-10-15,https://image.aladin.co.kr/product/37399/73/coversum/k132032892_1.jpg,국내도서>청소년>청소년 인물
바다가 보이는 이발소,오기와라 히로시,알에이치코리아,대덕소프트웨어마이스터고등학교,IT00009896,833.6 히295ㅂ c.5,"뛰어난 작품성과 독자를 매혹하는 이야기로 일본 독자들이 가장 신뢰하는 국민작가로 자리 잡은 오기와라 히로시. 바다가 보이는 이발소는 제155회 나오키상 수상작으로, 가족에 대한 여섯 편의 이야기를 담은 단편집이다.",2017-05-19,https://image.aladin.co.kr/product/10961/25/coversum/8925561522_1.jpg,국내도서>소설/시/희곡>일본소설>1950년대 이후 일본소설
바다가 보이는 이발소,오기와라 히로시,알에이치코리아,대덕소프트웨어마이스터고등학교,IT00005853,833.6 히295ㅂ c.2,"뛰어난 작품성과 독자를 매혹하는 이야기로 일본 독자들이 가장 신뢰하는 국민작가로 자리 잡은 오기와라 히로시. 바다가 보이는 이발소는 제155회 나오키상 수상작으로, 가족에 대한 여섯 편의 이야기를 담은 단편집이다.",2017-05-19,https://image.aladin.co.kr/product/10961/25/coversum/8925561522_1.jpg,국내도서>소설/시/희곡>일본소설>1950년대 이후 일본소설
낭만적 연애와 그 후의 일상,알랭 드 보통,은행나무,대덕소프트웨어마이스터고등학교,IT00005854,843.6 보885ㄴ,알랭 드 보통 장편소설. 사랑이 이루어지고 나면 연인들에게는 무슨 일이 벌어질까? 알랭 드 보통이 21년 만에 내놓은 이 소설은 결혼한 한 커플의 삶을 통해 일상의 범주에 들어온 사랑에 대해 통찰한다.,2016-08-24,https://image.aladin.co.kr/product/9789/89/coversum/8956608849_2.jpg,국내도서>소설/시/희곡>영미소설
카스테라,박민규,문학동네,대덕소프트웨어마이스터고등학교,IT00005873,813.6 박38ㅋ c.9,"2003년 여름, 단 두 권의 소설(<지구영웅전설>, <삼미 슈퍼스타즈의 마지막 팬클럽>)로 한국 소설계에 새로운 바람을 몰고 온 소설가 박민규가 등단 2년 만에 첫 작품집 <카스테라>를 펴냈다. 2003년 여름부터 2005년 봄까지 여러 문예지에 발표한 단편 10편이 수록된 책으로, 작가 특유의 유쾌하고 독특한 글쓰기가 돋보인다.",2005-06-09,https://image.aladin.co.kr/product/56/58/coversum/8982819924_2.jpg,국내도서>소설/시/희곡>한국소설>2000년대 이후 한국소설
카스테라,박민규,문학동네,대덕소프트웨어마이스터고등학교,IT00010261,813.6 박38ㅋ c.12,"2003년 여름, 단 두 권의 소설(<지구영웅전설>, <삼미 슈퍼스타즈의 마지막 팬클럽>)로 한국 소설계에 새로운 바람을 몰고 온 소설가 박민규가 등단 2년 만에 첫 작품집 <카스테라>를 펴냈다. 2003년 여름부터 2005년 봄까지 여러 문예지에 발표한 단편 10편이 수록된 책으로, 작가 특유의 유쾌하고 독특한 글쓰기가 돋보인다.",2005-06-09,https://image.aladin.co.kr/product/56/58/coversum/8982819924_2.jpg,국내도서>소설/시/희곡>한국소설>2000년대 이후 한국소설
카스테라,박민규,문학동네,대덕소프트웨어마이스터고등학교,IT00010263,813.6 박38ㅋ c.14,"2003년 여름, 단 두 권의 소설(<지구영웅전설>, <삼미 슈퍼스타즈의 마지막 팬클럽>)로 한국 소설계에 새로운 바람을 몰고 온 소설가 박민규가 등단 2년 만에 첫 작품집 <카스테라>를 펴냈다. 2003년 여름부터 2005년 봄까지 여러 문예지에 발표한 단편 10편이 수록된 책으로, 작가 특유의 유쾌하고 독특한 글쓰기가 돋보인다.",2005-06-09,https://image.aladin.co.kr/product/56/58/coversum/8982819924_2.jpg,국내도서>소설/시/희곡>한국소설>2000년대 이후 한국소설
카스테라,박민규,문학동네,대덕소프트웨어마이스터고등학교,IT00010265,813.6 박38ㅋ c.16,"2003년 여름, 단 두 권의 소설(<지구영웅전설>, <삼미 슈퍼스타즈의 마지막 팬클럽>)로 한국 소설계에 새로운 바람을 몰고 온 소설가 박민규가 등단 2년 만에 첫 작품집 <카스테라>를 펴냈다. 2003년 여름부터 2005년 봄까지 여러 문예지에 발표한 단편 10편이 수록된 책으로, 작가 특유의 유쾌하고 독특한 글쓰기가 돋보인다.",2005-06-09,https://image.aladin.co.kr/product/56/58/coversum/8982819924_2.jpg,국내도서>소설/시/희곡>한국소설>2000년대 이후 한국소설
앵무새 죽이기,하퍼 리,열린책들,대덕소프트웨어마이스터고등학교,IT00005913,843 리92ㅇ,"성경 다음으로 가장 영향력 있는 책 1위, 미국 작가 하퍼 리의 앵무새 죽이기가 번역을 다듬고 새로운 디자인으로 2015년 열린책들에서 출간되었다. 하퍼 리의 앵무새 죽이기는 1960년 출간 직후 미국 전역에서 선풍적인 인기를 끌면서 그 이듬해 하퍼 리에게 퓰리처상의 영예를 안겨 준 작품이다.",2015-06-30,https://image.aladin.co.kr/product/6213/50/coversum/8932917205_2.jpg,국내도서>소설/시/희곡>영미소설
티타임을 위하여 착한 사람 문성현 열린 사회와 그 적들 목마른 계절 외,공선옥,창비,대덕소프트웨어마이스터고등학교,IT00005947,813.6 공54ㅌ c.18,"창비 '20세기 한국소설 전집' 제47권. 현대사회를 살아가는 다양한 계층들의 여러 모습을 다채롭게 보여준다. 80년 5월의 광주 체험을 문학적 모태로 삼아 우리 사회 여성들의 신산한 삶과 질긴 모성애, 가난하고 소외된 이웃들의 삶 등을 생생하게 그려온 작가 공선옥을 비롯, 총 다섯 명 작가의 일곱 작품이 실렸다.",2006-07-10,https://image.aladin.co.kr/product/67/14/coversum/8936462571_2.jpg,국내도서>소설/시/희곡>한국소설>2000년대 이후 한국소설
티타임을 위하여 착한 사람 문성현 열린 사회와 그 적들 목마른 계절 외,공선옥,창비,대덕소프트웨어마이스터고등학교,IT00005933,813.6 공54ㅌ c.4,"창비 '20세기 한국소설 전집' 제47권. 현대사회를 살아가는 다양한 계층들의 여러 모습을 다채롭게 보여준다. 80년 5월의 광주 체험을 문학적 모태로 삼아 우리 사회 여성들의 신산한 삶과 질긴 모성애, 가난하고 소외된 이웃들의 삶 등을 생생하게 그려온 작가 공선옥을 비롯, 총 다섯 명 작가의 일곱 작품이 실렸다.",2006-07-10,https://image.aladin.co.kr/product/67/14/coversum/8936462571_2.jpg,국내도서>소설/시/희곡>한국소설>2000년대 이후 한국소설
티타임을 위하여 착한 사람 문성현 열린 사회와 그 적들 목마른 계절 외,공선옥,창비,대덕소프트웨어마이스터고등학교,IT00005934,813.6 공54ㅌ c.5,"창비 '20세기 한국소설 전집' 제47권. 현대사회를 살아가는 다양한 계층들의 여러 모습을 다채롭게 보여준다. 80년 5월의 광주 체험을 문학적 모태로 삼아 우리 사회 여성들의 신산한 삶과 질긴 모성애, 가난하고 소외된 이웃들의 삶 등을 생생하게 그려온 작가 공선옥을 비롯, 총 다섯 명 작가의 일곱 작품이 실렸다.",2006-07-10,https://image.aladin.co.kr/product/67/14/coversum/8936462571_2.jpg,국내도서>소설/시/희곡>한국소설>2000년대 이후 한국소설
티타임을 위하여 착한 사람 문성현 열린 사회와 그 적들 목마른 계절 외,공선옥,창비,대덕소프트웨어마이스터고등학교,IT00005936,813.6 공54ㅌ c.7,"창비 '20세기 한국소설 전집' 제47권. 현대사회를 살아가는 다양한 계층들의 여러 모습을 다채롭게 보여준다. 80년 5월의 광주 체험을 문학적 모태로 삼아 우리 사회 여성들의 신산한 삶과 질긴 모성애, 가난하고 소외된 이웃들의 삶 등을 생생하게 그려온 작가 공선옥을 비롯, 총 다섯 명 작가의 일곱 작품이 실렸다.",2006-07-10,https://image.aladin.co.kr/product/67/14/coversum/8936462571_2.jpg,국내도서>소설/시/희곡>한국소설>2000년대 이후 한국소설
티타임을 위하여 착한 사람 문성현 열린 사회와 그 적들 목마른 계절 외,공선옥,창비,대덕소프트웨어마이스터고등학교,IT00005940,813.6 공54ㅌ c.11,"창비 '20세기 한국소설 전집' 제47권. 현대사회를 살아가는 다양한 계층들의 여러 모습을 다채롭게 보여준다. 80년 5월의 광주 체험을 문학적 모태로 삼아 우리 사회 여성들의 신산한 삶과 질긴 모성애, 가난하고 소외된 이웃들의 삶 등을 생생하게 그려온 작가 공선옥을 비롯, 총 다섯 명 작가의 일곱 작품이 실렸다.",2006-07-10,https://image.aladin.co.kr/product/67/14/coversum/8936462571_2.jpg,국내도서>소설/시/희곡>한국소설>2000년대 이후 한국소설
공터에서,김훈,해냄,대덕소프트웨어마이스터고등학교,IT00005969,813.7 김96ㄱ,"김훈 소설. 해방된 이후 한반도에 몰아친 비바람들, 한국전쟁, 4.19, 5.16, 5.18, 6.10을 보고 겪은 작가가 이승만, 박정희 등을 거쳐 국가권력이 옮겨가는 것을 목격하며, 그에 따라 영광은 작고 치욕과 모멸은 많은 우리 삶의 꼴이 달라지고 있는 것을 자전적 경험을 실마리로 집필한 작품이다.",2017-02-01,https://image.aladin.co.kr/product/10060/59/coversum/896574587x_1.jpg,국내도서>소설/시/희곡>한국소설>2000년대 이후 한국소설
오직 두 사람,김영하,문학동네,대덕소프트웨어마이스터고등학교,IT00006125,813.7 김64ㅇ c.2,"김영하 등단 25주년을 맞이해 시작된 ‘복복서가×김영하 소설’ 시리즈. 7년간 지면에 발표한 단편들을 모은 오직 두 사람은 작가로서 김영하의 내적 전환이 일어나는 과정을 엿볼 수 있는, 의미심장한 분기점이 되는 작품집이다.",2022-07-04,https://image.aladin.co.kr/product/29745/4/coversum/k772838692_1.jpg,국내도서>소설/시/희곡>한국소설>2000년대 이후 한국소설
오직 두 사람,김영하,문학동네,대덕소프트웨어마이스터고등학교,IT00006551,813.7 김64ㅇ c.3,"김영하 등단 25주년을 맞이해 시작된 ‘복복서가×김영하 소설’ 시리즈. 7년간 지면에 발표한 단편들을 모은 오직 두 사람은 작가로서 김영하의 내적 전환이 일어나는 과정을 엿볼 수 있는, 의미심장한 분기점이 되는 작품집이다.",2022-07-04,https://image.aladin.co.kr/product/29745/4/coversum/k772838692_1.jpg,국내도서>소설/시/희곡>한국소설>2000년대 이후 한국소설
표백,장강명,한겨레출판,대덕소프트웨어마이스터고등학교,IT00015130,813.7 장12ㅍ,"이 시대 청년의 허무와 열패를 사실적이고도 치밀하게 드러낸 충격적인 데뷔작, 소설가 장강명의 표백이 리커버로 독자들에게 다시 찾아온다. 제16회 한겨레문학상 수상 당시 '사회 전반에 걸쳐 논쟁의 중심에 서게 될 뛰어난 작품'이라는 감탄을 자아냈다.",2020-09-28,https://image.aladin.co.kr/product/25241/8/coversum/k872633007_2.jpg,국내도서>소설/시/희곡>한국소설>2000년대 이후 한국소설
갈매기의 꿈,리처드 바크,현문미디어,대덕소프트웨어마이스터고등학교,IT00005831,843 바877ㄱ c.5,"1970년에 발표된 이래 전 세계 40여 개의 언어로 번역되어 4,000만 부 이상이 팔린 리처드 바크의 우화소설, 세대를 넘어 수많은 독자들에게 가슴 뭉클한 감동을 안겨준 최고의 베스트셀러 갈매기의 꿈이 개정증보판으로 새롭게 번역 출간되었다.",2018-06-01,https://image.aladin.co.kr/product/14831/79/coversum/k222532357_1.jpg,국내도서>소설/시/희곡>영미소설
바다가 보이는 이발소,오기와라 히로시,알에이치코리아,대덕소프트웨어마이스터고등학교,IT00006181,833.6 히295ㅂ c.4,"뛰어난 작품성과 독자를 매혹하는 이야기로 일본 독자들이 가장 신뢰하는 국민작가로 자리 잡은 오기와라 히로시. 바다가 보이는 이발소는 제155회 나오키상 수상작으로, 가족에 대한 여섯 편의 이야기를 담은 단편집이다.",2017-05-19,https://image.aladin.co.kr/product/10961/25/coversum/8925561522_1.jpg,국내도서>소설/시/희곡>일본소설>1950년대 이후 일본소설
카스테라,박민규,문학동네,대덕소프트웨어마이스터고등학교,IT00010269,813.6 박38ㅋ c.20,"2003년 여름, 단 두 권의 소설(<지구영웅전설>, <삼미 슈퍼스타즈의 마지막 팬클럽>)로 한국 소설계에 새로운 바람을 몰고 온 소설가 박민규가 등단 2년 만에 첫 작품집 <카스테라>를 펴냈다. 2003년 여름부터 2005년 봄까지 여러 문예지에 발표한 단편 10편이 수록된 책으로, 작가 특유의 유쾌하고 독특한 글쓰기가 돋보인다.",2005-06-09,https://image.aladin.co.kr/product/56/58/coversum/8982819924_2.jpg,국내도서>소설/시/희곡>한국소설>2000년대 이후 한국소설
노인과 바다,어니스트 헤밍웨이,민음사,대덕소프트웨어마이스터고등학교,IT00005894,808 헤38ㄴ,"세계문학의 정전은 독자의 세월과 시대의 눈과 더불어 성장하는 나무다. 시간의 나이테마다, 시절의 고비마다 쌓여온 고전 서가에서 독자가 거듭 호명한 작품은 무엇일까? 문학동네 세계문학전집 중 읽는 기쁨에 보는 즐거움을 더하여, 오래 독자로부터 사랑받아온 대표 작품을 감각적인 표지 디자인으로 새로 선보인다.",2025-09-10,https://image.aladin.co.kr/product/37179/44/coversum/k972031781_1.jpg,국내도서>소설/시/희곡>영미소설
무기여 잘 있거라,어니스트 헤밍웨이,열린책들,대덕소프트웨어마이스터고등학교,IT00005901,843 헤38ㅁ,"노벨 문학상, 퓰리처상 수상 작가, 20세기 미국 문학을 개척한 작가 어니스트 헤밍웨이의 대표작. 미국 현대 문학의 개척자라 불리는 헤밍웨이는 제1차 세계대전 후 삶의 좌표를 잃어버린 '길 잃은 세대'를 대표하는 작가이다. '민음사 세계문학전집' 279권으로 출간된 무기여 잘 있어라는 그 스스로 ""내가 쓴 로미오와 줄리엣""이라 밝힌 연애소설이자 깊은 존재론적 성찰을 담은 작품이다.",2012-01-02,https://image.aladin.co.kr/product/1452/24/coversum/8937462796_2.jpg,국내도서>소설/시/희곡>영미소설
무기여 잘 있거라,어니스트 헤밍웨이,열린책들,대덕소프트웨어마이스터고등학교,IT00005902,843 헤38ㅁ c.2,"노벨 문학상, 퓰리처상 수상 작가, 20세기 미국 문학을 개척한 작가 어니스트 헤밍웨이의 대표작. 미국 현대 문학의 개척자라 불리는 헤밍웨이는 제1차 세계대전 후 삶의 좌표를 잃어버린 '길 잃은 세대'를 대표하는 작가이다. '민음사 세계문학전집' 279권으로 출간된 무기여 잘 있어라는 그 스스로 ""내가 쓴 로미오와 줄리엣""이라 밝힌 연애소설이자 깊은 존재론적 성찰을 담은 작품이다.",2012-01-02,https://image.aladin.co.kr/product/1452/24/coversum/8937462796_2.jpg,국내도서>소설/시/희곡>영미소설
앵무새 죽이기,하퍼 리,열린책들,대덕소프트웨어마이스터고등학교,IT00009440,843 리92ㅇ c.3,"성경 다음으로 가장 영향력 있는 책 1위, 미국 작가 하퍼 리의 앵무새 죽이기가 번역을 다듬고 새로운 디자인으로 2015년 열린책들에서 출간되었다. 하퍼 리의 앵무새 죽이기는 1960년 출간 직후 미국 전역에서 선풍적인 인기를 끌면서 그 이듬해 하퍼 리에게 퓰리처상의 영예를 안겨 준 작품이다.",2015-06-30,https://image.aladin.co.kr/product/6213/50/coversum/8932917205_2.jpg,국내도서>소설/시/희곡>영미소설
티타임을 위하여 착한 사람 문성현 열린 사회와 그 적들 목마른 계절 외,공선옥,창비,대덕소프트웨어마이스터고등학교,IT00005946,813.6 공54ㅌ c.17,"창비 '20세기 한국소설 전집' 제47권. 현대사회를 살아가는 다양한 계층들의 여러 모습을 다채롭게 보여준다. 80년 5월의 광주 체험을 문학적 모태로 삼아 우리 사회 여성들의 신산한 삶과 질긴 모성애, 가난하고 소외된 이웃들의 삶 등을 생생하게 그려온 작가 공선옥을 비롯, 총 다섯 명 작가의 일곱 작품이 실렸다.",2006-07-10,https://image.aladin.co.kr/product/67/14/coversum/8936462571_2.jpg,국내도서>소설/시/희곡>한국소설>2000년대 이후 한국소설
 최서해 단편선  탈출기,최서해,문학과지성사,대덕소프트웨어마이스터고등학교,EM00012929,813.6 최54ㅌ,한국문학전집 두 번째 권에서는 식민 치하 빈궁 문학을 대표하는 최서해의 단편소설 13편을 수록했다. 빈궁을 통해 식민 치하의 참담한 사회적 현실을 사실적으로 전해주는 작품들로 우리 민족의 궁핍한 현실과 그에 맞선 인물들의 저항 정신과 민족 감정의 감동과 울림을 만날 수 있다.,2004-12-03,https://image.aladin.co.kr/product/53/3/coversum/8932015546_1.jpg,국내도서>소설/시/희곡>한국소설>2000년대 이전 한국소설
티타임을 위하여 착한 사람 문성현 열린 사회와 그 적들 목마른 계절 외,공선옥,창비,대덕소프트웨어마이스터고등학교,IT00005941,813.6 공54ㅌ c.12,"창비 '20세기 한국소설 전집' 제47권. 현대사회를 살아가는 다양한 계층들의 여러 모습을 다채롭게 보여준다. 80년 5월의 광주 체험을 문학적 모태로 삼아 우리 사회 여성들의 신산한 삶과 질긴 모성애, 가난하고 소외된 이웃들의 삶 등을 생생하게 그려온 작가 공선옥을 비롯, 총 다섯 명 작가의 일곱 작품이 실렸다.",2006-07-10,https://image.aladin.co.kr/product/67/14/coversum/8936462571_2.jpg,국내도서>소설/시/희곡>한국소설>2000년대 이후 한국소설
티타임을 위하여 착한 사람 문성현 열린 사회와 그 적들 목마른 계절 외,공선옥,창비,대덕소프트웨어마이스터고등학교,IT00005943,813.6 공54ㅌ c.14,"창비 '20세기 한국소설 전집' 제47권. 현대사회를 살아가는 다양한 계층들의 여러 모습을 다채롭게 보여준다. 80년 5월의 광주 체험을 문학적 모태로 삼아 우리 사회 여성들의 신산한 삶과 질긴 모성애, 가난하고 소외된 이웃들의 삶 등을 생생하게 그려온 작가 공선옥을 비롯, 총 다섯 명 작가의 일곱 작품이 실렸다.",2006-07-10,https://image.aladin.co.kr/product/67/14/coversum/8936462571_2.jpg,국내도서>소설/시/희곡>한국소설>2000년대 이후 한국소설
티타임을 위하여 착한 사람 문성현 열린 사회와 그 적들 목마른 계절 외,공선옥,창비,대덕소프트웨어마이스터고등학교,IT00005944,813.6 공54ㅌ c.15,"창비 '20세기 한국소설 전집' 제47권. 현대사회를 살아가는 다양한 계층들의 여러 모습을 다채롭게 보여준다. 80년 5월의 광주 체험을 문학적 모태로 삼아 우리 사회 여성들의 신산한 삶과 질긴 모성애, 가난하고 소외된 이웃들의 삶 등을 생생하게 그려온 작가 공선옥을 비롯, 총 다섯 명 작가의 일곱 작품이 실렸다.",2006-07-10,https://image.aladin.co.kr/product/67/14/coversum/8936462571_2.jpg,국내도서>소설/시/희곡>한국소설>2000년대 이후 한국소설
커져버린 사소한 거짓말,리안 모리아티,김소정 역자,대덕소프트웨어마이스터고등학교,IT00005996,843 모298ㅋ,"전 세계를 강타하며 '가족 미스터리' 열풍을 몰고 온 허즈번드 시크릿 이후에 리안 모리아티가 야심차게 내놓은 또 다른 아마존.뉴욕타임스 베스트셀러로, 니콜 키드먼, 리즈 위더스푼, 셰일린 우들리 주연의 HBO 7부작 TV 미니시리즈 [빅 리틀 라이즈] 원작소설이기도 하다.",2015-10-12,https://image.aladin.co.kr/product/6811/1/coversum/8947540455_2.jpg,국내도서>소설/시/희곡>세계의 소설>기타 국가 소설
살인자의 기억법,김영하,문학동네,대덕소프트웨어마이스터고등학교,IT00006567,813.6 김64ㅅ c.2,김영하 등단 25주년을 맞이해 새롭게 선보이는 '복복서가 김영하 소설'의 네번째 작품으로 살인자의 기억법을 출간한다. 김영하의 일곱번째 장편소설인 살인자의 기억법은 2013년 문학동네에서 초판이 출간된 이래로 지금까지 56쇄를 중쇄하며 많은 사랑을 받아왔다.,2020-08-28,https://image.aladin.co.kr/product/24940/40/coversum/k732632690_1.jpg,국내도서>소설/시/희곡>한국소설>2000년대 이후 한국소설
인간문제,강경애,창비,대덕소프트웨어마이스터고등학교,EM00013078,813.6 강14ㅇ,"2006년 탄생 100주년을 맞은 작가 강경애. <인간 문제>는 한국 근대 여성문학의 제일선에 서 있는 강경애의 대표 장편소설이다. 일제 식민 치하의 1930년대 조선, 자본가와 농민.노동자의 대립 구조 속에서 농민과 도시노동자가 현실의 문제를 해결하고자 하는 주체로 성장하는 과정과 그들의 조직적 투쟁을 현실성 있게 그려낸 작품으로, 우리 근대 소설사에서 리얼리즘 소설의 수작으로 꼽힌다.",2006-07-14,https://image.aladin.co.kr/product/67/24/coversum/8932017069_2.jpg,국내도서>소설/시/희곡>한국소설>2000년대 이전 한국소설
홍루몽 12,조설근,청계출판사,대덕소프트웨어마이스터고등학교,EM00013092,823.6 조54ㅎ v.12,"'중국을 읽는 거대한 문화코드'라 일컬어지는 소설. 주인공 가보옥을 중심으로 400명이 넘는 등장인물 하나하나가 뚜렷한 개성을 뽐내며 거대한 인생의 파노라마를 펼쳐보인다. 서구의 문학 작품이 본격적으로 중국에 소개되기 시작한 1900년대 이전에 나온 중국 고전 소설 중, 최고 걸작으로 손꼽힌다.",2007-01-25,https://image.aladin.co.kr/product/87/85/coversum/8988473981_1.jpg,국내도서>소설/시/희곡>역사소설>외국 역사소설
위대한 유산 1 212,찰스 디킨스,민음사,대덕소프트웨어마이스터고등학교,EM00013101,808 세14 v.212,"'가장 훌륭한 영국 작가' 중 한 명으로 평가받는 찰스 디킨스의 대표작. 빅토리아 여왕 시대, 영국의 중산계급에 널리 퍼졌던 사회적 욕망을 충실히 반영한 작품이다. 가난에서 벗어나, 일정한 수입이 있으며 적당한 교육을 받은 교양 있는 사람, 즉 신사가 되려는 주인공 핍의 정신적 사회적 성장을 그린다.",2009-06-30,https://image.aladin.co.kr/product/421/38/coversum/8937462125_2.jpg,국내도서>소설/시/희곡>영미소설
말테의 수기,라이너 마리아 릴케,웅진씽크빅,대덕소프트웨어마이스터고등학교,EM00013113,853 릴874ㅁ,"릴케가 파리 생활에서 경험한 절망과 고독을 바탕으로 쓴 일기체 소설로, 훌륭한 소설인 동시에 시인으로 다듬어져 가는 릴케의 내면을 반영한 고백서이기도 하다. 1902년 릴케는 「로댕 연구」를 써 달라는 청탁을 받고 파리에 첫발을 디뎠다.",2002-01-10,https://image.aladin.co.kr/product/54/0/coversum/8937425378_3.jpg,국내도서>소설/시/희곡>독일소설
벙어리 삼룡이,나도향,문학사상,대덕소프트웨어마이스터고등학교,EM00012913,813.6 나25ㅂ,한국을 대표하는 명불허전 작가들의 명불허전 작품들을 엄선하여 모은 '사피엔스 한국문학 중.단편소설' 시리즈. 21권은 사회적 환경에 밀착된 개인의 운명과 내면적 욕망을 그려 낸 작가 나도향의 선집이다.,2013-09-10,https://image.aladin.co.kr/product/3138/66/coversum/8965881706_1.jpg,국내도서>소설/시/희곡>한국소설>2000년대 이전 한국소설
 김유정 단편선  동배꽃,김유정,문학과지성사,대덕소프트웨어마이스터고등학교,EM00012916,813.6 김66ㄷ,,,,
봉순이 언니,공지영,오픈하우스,대덕소프트웨어마이스터고등학교,EM00012927,813.6 공78ㅂ,"한국 대표 작가들의 교과서 수록 작품을 간추려 서울대 교수진이 내놓은 통합 논술 프로젝트, '교과서 한국문학' 시리즈의 공지영 편. '동시대 한국 독자에게 가장 밀착한 작가'라 평가받는 소설가 공지영의 작품들을 초등학교 고학년, 중학생들을 위해 새롭게 펴냈다.",2008-07-30,https://image.aladin.co.kr/product/256/89/coversum/8937848813_2.jpg,국내도서>어린이>동화/명작/고전>국내창작동화
 채만식 단편선  사하촌,채만식,문학과 지성사,대덕소프트웨어마이스터고등학교,EM00012933,813.6 채32ㅅ,,,,
광장 구운몽,최인훈,문학과 지성사,대덕소프트웨어마이스터고등학교,EM00012947,813.6 구66ㄱ,"최인훈 전집 1권. 광장은 분단 상황에서 이데올로기의 대립 속에 고뇌하던 청년의 모습을 그린 장편소설. 전후의 문제소설로 평가받고 있다. 한 지식인의 외로운 자기성찰을 밀실과 광장, 즉 남과 북의 대비를 통해 묘사하고 있다.",2008-11-13,https://image.aladin.co.kr/product/281/47/coversum/8932019150_1.jpg,국내도서>소설/시/희곡>한국소설>2000년대 이전 한국소설
카인의 후예,황순원,문학과지성사,대덕소프트웨어마이스터고등학교,EM00013080,813.6 황56ㅋ,"소설가 황순원이 한국전쟁에 관해 쓴 장.단편소설을 묶은 책이다. '카인의 후예'는 1953년부터 「문예」지에 연재했던 작품으로, 1950년대 한국문학의 대표작으로 꼽힌다. 1960년 「사상계」에 연재했던 '나무들 비탈에 서다'는 이듬해 예술원상을 수상했다. 또한 이 작품을 평한 백철과 더불어 작가의 의식과 시대상의 반영에 관한 두 차례의 유명한 논쟁을 촉발하게 했다. 문학과지성사 한국문학전집의 스물세 번째 권.",2006-02-01,https://image.aladin.co.kr/product/62/13/coversum/8932016690_2.jpg,국내도서>소설/시/희곡>한국소설>2000년대 이전 한국소설
홍루몽 4,조설근,청계출판사,대덕소프트웨어마이스터고등학교,EM00013084,823.6 조54ㅎ v.4,"동양의 베스트셀러를 초,중급 수준의 현대중국어로 개작하여, 명작의 감상과 중국어 독해 학습의 두 가지 목표를 동시에 달성할 수 있는 다락원 중한고전대역 시리즈 제 4 권이다. 가보옥, 임대옥, 설보채 세 사람 사이에 벌어진 연애 비극을 주요 내용으로 한다.",2007-07-25,https://image.aladin.co.kr/product/96/86/coversum/8959955566_1.jpg,국내도서>외국어>중국어>중국어 독해/작문/쓰기
갈매기의 꿈,리처드 바크,현문미디어,대덕소프트웨어마이스터고등학교,IT00005827,843 바877ㄱ,"1970년에 발표된 이래 전 세계 40여 개의 언어로 번역되어 4,000만 부 이상이 팔린 리처드 바크의 우화소설, 세대를 넘어 수많은 독자들에게 가슴 뭉클한 감동을 안겨준 최고의 베스트셀러 갈매기의 꿈이 개정증보판으로 새롭게 번역 출간되었다.",2018-06-01,https://image.aladin.co.kr/product/14831/79/coversum/k222532357_1.jpg,국내도서>소설/시/희곡>영미소설
홍루몽 9,조설근,청계출판사,대덕소프트웨어마이스터고등학교,EM00013089,823.6 조54ㅎ v.9,"'중국을 읽는 거대한 문화코드'라 일컬어지는 소설. 주인공 가보옥을 중심으로 400명이 넘는 등장인물 하나하나가 뚜렷한 개성을 뽐내며 거대한 인생의 파노라마를 펼쳐보인다. 서구의 문학 작품이 본격적으로 중국에 소개되기 시작한 1900년대 이전에 나온 중국 고전 소설 중, 최고 걸작으로 손꼽힌다.",2007-01-25,https://image.aladin.co.kr/product/87/85/coversum/8988473957_1.jpg,국내도서>소설/시/희곡>역사소설>외국 역사소설
갈매기의 꿈,리처드 바크,현문미디어,대덕소프트웨어마이스터고등학교,IT00005829,843 바877ㄱ c.3,"1970년에 발표된 이래 전 세계 40여 개의 언어로 번역되어 4,000만 부 이상이 팔린 리처드 바크의 우화소설, 세대를 넘어 수많은 독자들에게 가슴 뭉클한 감동을 안겨준 최고의 베스트셀러 갈매기의 꿈이 개정증보판으로 새롭게 번역 출간되었다.",2018-06-01,https://image.aladin.co.kr/product/14831/79/coversum/k222532357_1.jpg,국내도서>소설/시/희곡>영미소설
오두막,윌리엄 폴 영,세계사,대덕소프트웨어마이스터고등학교,IT00005848,843 영66ㅇ c.2,"2009년, 한국어판 출간 이후 국내 많은 독자에게 울림과 위로를 주었던 윌리엄 폴 영의 소설 오두막이 드디어 100쇄를 돌파했다. 전 세계적으로 2천만 부 이상 판매고를 올린 오두막이 리커버 특별판을 통해 다시 독자들 곁으로 찾아왔다.",2017-05-08,https://image.aladin.co.kr/product/33079/37/coversum/k852937502_1.jpg,국내도서>소설/시/희곡>세계의 소설>기타 국가 소설
카스테라,박민규,문학동네,대덕소프트웨어마이스터고등학교,IT00005869,813.6 박38ㅋ c.5,"2003년 여름, 단 두 권의 소설(<지구영웅전설>, <삼미 슈퍼스타즈의 마지막 팬클럽>)로 한국 소설계에 새로운 바람을 몰고 온 소설가 박민규가 등단 2년 만에 첫 작품집 <카스테라>를 펴냈다. 2003년 여름부터 2005년 봄까지 여러 문예지에 발표한 단편 10편이 수록된 책으로, 작가 특유의 유쾌하고 독특한 글쓰기가 돋보인다.",2005-06-09,https://image.aladin.co.kr/product/56/58/coversum/8982819924_2.jpg,국내도서>소설/시/희곡>한국소설>2000년대 이후 한국소설
위대한 유산 2,찰스 디킨스,민음사,대덕소프트웨어마이스터고등학교,EM00013102,808 세14 v.213,"'가장 훌륭한 영국 작가' 중 한 명으로 평가받는 찰스 디킨스의 대표작. 빅토리아 여왕 시대, 영국의 중산계급에 널리 퍼졌던 사회적 욕망을 충실히 반영한 작품이다. 가난에서 벗어나, 일정한 수입이 있으며 적당한 교육을 받은 교양 있는 사람, 즉 신사가 되려는 주인공 핍의 정신적 사회적 성장을 그린다.",2009-06-30,https://image.aladin.co.kr/product/421/38/coversum/8937462133_2.jpg,국내도서>소설/시/희곡>영미소설
카스테라,박민규,문학동네,대덕소프트웨어마이스터고등학교,IT00005870,813.6 박38ㅋ c.6,"2003년 여름, 단 두 권의 소설(<지구영웅전설>, <삼미 슈퍼스타즈의 마지막 팬클럽>)로 한국 소설계에 새로운 바람을 몰고 온 소설가 박민규가 등단 2년 만에 첫 작품집 <카스테라>를 펴냈다. 2003년 여름부터 2005년 봄까지 여러 문예지에 발표한 단편 10편이 수록된 책으로, 작가 특유의 유쾌하고 독특한 글쓰기가 돋보인다.",2005-06-09,https://image.aladin.co.kr/product/56/58/coversum/8982819924_2.jpg,국내도서>소설/시/희곡>한국소설>2000년대 이후 한국소설
카스테라,박민규,문학동네,대덕소프트웨어마이스터고등학교,IT00005871,813.6 박38ㅋ c.7,"2003년 여름, 단 두 권의 소설(<지구영웅전설>, <삼미 슈퍼스타즈의 마지막 팬클럽>)로 한국 소설계에 새로운 바람을 몰고 온 소설가 박민규가 등단 2년 만에 첫 작품집 <카스테라>를 펴냈다. 2003년 여름부터 2005년 봄까지 여러 문예지에 발표한 단편 10편이 수록된 책으로, 작가 특유의 유쾌하고 독특한 글쓰기가 돋보인다.",2005-06-09,https://image.aladin.co.kr/product/56/58/coversum/8982819924_2.jpg,국내도서>소설/시/희곡>한국소설>2000년대 이후 한국소설
카스테라,박민규,문학동네,대덕소프트웨어마이스터고등학교,IT00005872,813.6 박38ㅋ c.8,"2003년 여름, 단 두 권의 소설(<지구영웅전설>, <삼미 슈퍼스타즈의 마지막 팬클럽>)로 한국 소설계에 새로운 바람을 몰고 온 소설가 박민규가 등단 2년 만에 첫 작품집 <카스테라>를 펴냈다. 2003년 여름부터 2005년 봄까지 여러 문예지에 발표한 단편 10편이 수록된 책으로, 작가 특유의 유쾌하고 독특한 글쓰기가 돋보인다.",2005-06-09,https://image.aladin.co.kr/product/56/58/coversum/8982819924_2.jpg,국내도서>소설/시/희곡>한국소설>2000년대 이후 한국소설
카스테라,박민규,문학동네,대덕소프트웨어마이스터고등학교,IT00010262,813.6 박38ㅋ c.13,"2003년 여름, 단 두 권의 소설(<지구영웅전설>, <삼미 슈퍼스타즈의 마지막 팬클럽>)로 한국 소설계에 새로운 바람을 몰고 온 소설가 박민규가 등단 2년 만에 첫 작품집 <카스테라>를 펴냈다. 2003년 여름부터 2005년 봄까지 여러 문예지에 발표한 단편 10편이 수록된 책으로, 작가 특유의 유쾌하고 독특한 글쓰기가 돋보인다.",2005-06-09,https://image.aladin.co.kr/product/56/58/coversum/8982819924_2.jpg,국내도서>소설/시/희곡>한국소설>2000년대 이후 한국소설
티타임을 위하여 착한 사람 문성현 열린 사회와 그 적들 목마른 계절 외,공선옥,창비,대덕소프트웨어마이스터고등학교,IT00005930,813.6 공54ㅌ,"창비 '20세기 한국소설 전집' 제47권. 현대사회를 살아가는 다양한 계층들의 여러 모습을 다채롭게 보여준다. 80년 5월의 광주 체험을 문학적 모태로 삼아 우리 사회 여성들의 신산한 삶과 질긴 모성애, 가난하고 소외된 이웃들의 삶 등을 생생하게 그려온 작가 공선옥을 비롯, 총 다섯 명 작가의 일곱 작품이 실렸다.",2006-07-10,https://image.aladin.co.kr/product/67/14/coversum/8936462571_2.jpg,국내도서>소설/시/희곡>한국소설>2000년대 이후 한국소설
티타임을 위하여 착한 사람 문성현 열린 사회와 그 적들 목마른 계절 외,공선옥,창비,대덕소프트웨어마이스터고등학교,IT00005932,813.6 공54ㅌ c.3,"창비 '20세기 한국소설 전집' 제47권. 현대사회를 살아가는 다양한 계층들의 여러 모습을 다채롭게 보여준다. 80년 5월의 광주 체험을 문학적 모태로 삼아 우리 사회 여성들의 신산한 삶과 질긴 모성애, 가난하고 소외된 이웃들의 삶 등을 생생하게 그려온 작가 공선옥을 비롯, 총 다섯 명 작가의 일곱 작품이 실렸다.",2006-07-10,https://image.aladin.co.kr/product/67/14/coversum/8936462571_2.jpg,국내도서>소설/시/희곡>한국소설>2000년대 이후 한국소설
티타임을 위하여 착한 사람 문성현 열린 사회와 그 적들 목마른 계절 외,공선옥,창비,대덕소프트웨어마이스터고등학교,IT00005935,813.6 공54ㅌ c.6,"창비 '20세기 한국소설 전집' 제47권. 현대사회를 살아가는 다양한 계층들의 여러 모습을 다채롭게 보여준다. 80년 5월의 광주 체험을 문학적 모태로 삼아 우리 사회 여성들의 신산한 삶과 질긴 모성애, 가난하고 소외된 이웃들의 삶 등을 생생하게 그려온 작가 공선옥을 비롯, 총 다섯 명 작가의 일곱 작품이 실렸다.",2006-07-10,https://image.aladin.co.kr/product/67/14/coversum/8936462571_2.jpg,국내도서>소설/시/희곡>한국소설>2000년대 이후 한국소설
잠 2,베르나르 베르베르,열린책들,대덕소프트웨어마이스터고등학교,IT00006292,863 베297ㅈ v.2 c.2,"인간이 감히 정복하지 못한 마지막 대륙, 잠의 세계로의 탐험을 그려 낸 스펙터클한 모험 소설이자 과학 소설. 새로운 판형과 장정으로 단장한 『잠』은 작품의 매력을 그대로 전달하면서 만듦새는 더욱 가볍게, 더욱 현대적으로 선보인다.",2024-07-25,https://image.aladin.co.kr/product/34349/23/coversum/8932924546_1.jpg,국내도서>소설/시/희곡>과학소설(SF)>외국 과학소설
살인자의 기억법,김영하,문학동네,대덕소프트웨어마이스터고등학교,IT00006120,813.6 김64ㅅ,김영하 등단 25주년을 맞이해 새롭게 선보이는 '복복서가 김영하 소설'의 네번째 작품으로 살인자의 기억법을 출간한다. 김영하의 일곱번째 장편소설인 살인자의 기억법은 2013년 문학동네에서 초판이 출간된 이래로 지금까지 56쇄를 중쇄하며 많은 사랑을 받아왔다.,2020-08-28,https://image.aladin.co.kr/product/24940/40/coversum/k732632690_1.jpg,국내도서>소설/시/희곡>한국소설>2000년대 이후 한국소설
살인자의 기억법,김영하,문학동네,대덕소프트웨어마이스터고등학교,IT00009249,813.6 김64ㅅ c.3,김영하 등단 25주년을 맞이해 새롭게 선보이는 '복복서가 김영하 소설'의 네번째 작품으로 살인자의 기억법을 출간한다. 김영하의 일곱번째 장편소설인 살인자의 기억법은 2013년 문학동네에서 초판이 출간된 이래로 지금까지 56쇄를 중쇄하며 많은 사랑을 받아왔다.,2020-08-28,https://image.aladin.co.kr/product/24940/40/coversum/k732632690_1.jpg,국내도서>소설/시/희곡>한국소설>2000년대 이후 한국소설
해리포터 1 1  마법사의 돌,J. K. 롤링,문학수첩,대덕소프트웨어마이스터고등학교,IT00006271,843 롤298ㅎ v.1-1,"1997년 영국에서 출간된 이래 《해리 포터》 시리즈는 지금까지 200개국 이상 80개의 언어로 번역되고 출간되어 5억 부 이상을 판매했다. 국내에서도 1999년 《해리 포터와 마법사의 돌》의 출간을 필두로 지금까지 약 1,500만 부가 판매되었으며, 현재에도 독자들에게 변함없는 사랑을 받고 있다.",2024-11-20,https://image.aladin.co.kr/product/35144/78/coversum/k852934815_1.jpg,국내도서>소설/시/희곡>판타지/환상문학>외국판타지/환상소설
화수분,전영택,문학과지성사,대덕소프트웨어마이스터고등학교,EM00012914,813.6 전64ㅎ,,1995-04-01,https://image.aladin.co.kr/product/26/34/coversum/8973811770_2.jpg,국내도서>소설/시/희곡>한국소설>2000년대 이전 한국소설
삼국지 1 1,나관중,창작과비평사,대덕소프트웨어마이스터고등학교,EM00012934,823.5 나15ㅅ v.1,"우리 시대 최고의 작가 황석영이 우리말로 옮긴 정역 『삼국지』를 새로운 장정으로 다시 선보인다. 명실상부하게 가장 믿을 만한 원본, 정확하고 생동감 넘치는 글맛, 고전의 참맛을 느낄 수 있는 210수의 한시, 중국 인물화의 대가 왕훙시가 그린 컬러삽화 150여장을 수록하여 사랑받았다.",2020-12-21,https://image.aladin.co.kr/product/25890/73/coversum/8936432915_1.jpg,국내도서>소설/시/희곡>역사소설>외국 역사소설
마지막 잎새,오 헨리,글누림,대덕소프트웨어마이스터고등학교,EM00012937,843 헨298ㅁ,"무료배송을 위해 태어난 ‘배송비 절약 문고’! 부족한 금액이나, 신간을 더해 무료배송 받을 수 있다. 알찬 내용과 배송비보다 싼 값으로 만족을 극대화했다. 1권에는 스티브 잡스의 ‘스탠퍼드 대학 졸업 연설’과 오 헨리의 ‘20년후’ 단편 소설을 담았다. 책의 본문 전체 MP3와 영어 쉐도잉 무료 강의도 포함됐다.",2023-01-04,https://image.aladin.co.kr/product/30708/11/coversum/k662830146_1.jpg,국내도서>외국어>영어독해
홍루몽 1,조설근,청계출판사,대덕소프트웨어마이스터고등학교,EM00013081,823.6 조54ㅎ v.1,"무려 700명이 넘는 등장인물로 구성된 방대한 스케일의 구도 속에 역사적 흥망성쇠를 겪는 거대한 귀족가문을 설정하고, 다시 그곳을 무대로 하여 신화세계와 현실세계를 오가는 신비로운 사랑의 삼각관계를 깊이 있게 그려낸 중국 고전소설이다.",2012-12-05,https://image.aladin.co.kr/product/2118/17/coversum/8981336237_1.jpg,국내도서>소설/시/희곡>역사소설>외국 역사소설
홍루몽 2,조설근,청계출판사,대덕소프트웨어마이스터고등학교,EM00013082,823.6 조54ㅎ v.2,"동양의 베스트셀러를 초,중급 수준의 현대중국어로 개작하여, 명작의 감상과 중국어 독해 학습의 두 가지 목표를 동시에 달성할 수 있는 다락원 중한고전대역 시리즈 제 4 권이다. 가보옥, 임대옥, 설보채 세 사람 사이에 벌어진 연애 비극을 주요 내용으로 한다.",2007-07-25,https://image.aladin.co.kr/product/96/86/coversum/8959955566_1.jpg,국내도서>외국어>중국어>중국어 독해/작문/쓰기
홍루몽 3,조설근,청계출판사,대덕소프트웨어마이스터고등학교,EM00013083,823.6 조54ㅎ v.3,"<홍루몽>은 가보옥, 임대옥, 설보채 세 사람 사이에 벌어진 연애 비극을 주요 내용으로 하고 있다. 명대 사대기서(삼국지통속연의·수호전·서유기·금병매)의 뒤를 이어 이들 작품의 인기와 명성을 뛰어넘은 최고의 소설로 꼽히며, 홍학(紅學)이라는 전문 연구분야로 그 영역을 확보하여 중국 고전소설에서 절대적 우위를 점하고 있다.",2007-06-22,https://image.aladin.co.kr/product/93/41/coversum/8959955531_1.jpg,국내도서>외국어>중국어>중국어 독해/작문/쓰기
홍루몽 5,조설근,청계출판사,대덕소프트웨어마이스터고등학교,EM00013085,823.6 조54ㅎ v.5,"중국 근대소설의 효시라 불리는 홍루몽. 청대 18세기 중엽 조설근이 쓴 장편소설로, 가賈, 사史, 왕王, 설薛, 네 가문을 배경으로 일어나는 이야기다. 등장인물만 해도 500명이 넘는다. 작품의 핵심 줄거리를 크게 두 축으로 말하자면, 가보옥과 임대옥, 설보차를 둘러싼 비극적인 사랑과 가씨 가문의 흥망성쇠라 할 수 있다.",2016-08-25,https://image.aladin.co.kr/product/8987/29/coversum/8930009174_1.jpg,국내도서>소설/시/희곡>역사소설>외국 역사소설
홍루몽 6,조설근,청계출판사,대덕소프트웨어마이스터고등학교,EM00013086,823.6 조54ㅎ v.6,"동양고전의 낭송을 통해 양생과 수행을 함께 이루는, ‘몸과 고전의 만남’ “낭송Q시리즈” 남주작편의 여섯 번째 책. 색(色)과 부(富)와 명(命)에 대한 욕망, 그리고 인간과 만물에 흘러넘치는 애틋한 정을 기가 막히게 그려 놓은 소설이다.",2014-12-22,https://image.aladin.co.kr/product/5045/60/coversum/899796951x_1.jpg,국내도서>인문학>교양 인문학
음향과 분노,윌리엄 포크너,북피아,대덕소프트웨어마이스터고등학교,EM00013104,843 포877ㅇ,"'문학동네 세계문학전집' 103권. 실험적인 서술기법, 강렬한 시각적 언어로 20세기 현대문학의 지형을 뒤바꾼 윌리엄 포크너 최고의 걸작이다.",2013-01-08,https://image.aladin.co.kr/product/2191/73/coversum/8954620256_2.jpg,국내도서>소설/시/희곡>영미소설
마의 산  하 하,토마스 만,을유문화사,대덕소프트웨어마이스터고등학교,EM00013111,853 만885ㅁ v.하,제1차 세계대전으로 인해 정치 및 사회의식이 대전환점을 맞이한 시기에 토마스 만이 자신의 정신적 삶의 궤적을 기록한 소설. 마의 산은 스위스 다보스에 있는 폐결핵 요양원 베르크호프를 일컫는다. 주인공은 하부르크 조선소에 취직이 확정된 23세의 청년 한스 카스토르프. 그는 사촌을 문병하기 위해 3주 예정으로 마의 산을 찾았다.,2008-06-20,https://image.aladin.co.kr/product/226/6/coversum/8932403325_2.jpg,국내도서>소설/시/희곡>독일소설
안나 카레니나 3,레프 톨스토이,문학동네,대덕소프트웨어마이스터고등학교,IT00007268,892.83 톨57ㅇ v.3,"열린책들 세계문학에서 꾸준히 사랑받아 온 작품들을 엄선한 컬렉션이 모노 에디션이라는 이름으로 선보인다. 세계문학 전집의 정수만을 담아 한층 간결하고 간편한 형태로 펴낸 모노 에디션은 작품 선정에서 책의 장정까지, 덜어 내고 또 덜어 내 고갱이만을 담았다.",2024-04-05,https://image.aladin.co.kr/product/33725/1/coversum/8932923981_1.jpg,국내도서>소설/시/희곡>러시아소설
안나 카레니나 2,레프 톨스토이,문학동네,대덕소프트웨어마이스터고등학교,IT00007269,892.83 톨57ㅇ v.2,"열린책들 세계문학에서 꾸준히 사랑받아 온 작품들을 엄선한 컬렉션이 모노 에디션이라는 이름으로 선보인다. 세계문학 전집의 정수만을 담아 한층 간결하고 간편한 형태로 펴낸 모노 에디션은 작품 선정에서 책의 장정까지, 덜어 내고 또 덜어 내 고갱이만을 담았다.",2024-04-05,https://image.aladin.co.kr/product/33724/97/coversum/8932923973_1.jpg,국내도서>소설/시/희곡>러시아소설
죄와 벌 1,표도르 도스토예프스키,민음사,대덕소프트웨어마이스터고등학교,IT00007270,808 세14 v.284,"'민음사 세계문학전집' 284~285권. 러시아의 대문호 도스토예프스키가 사형선고에 이은 8년간의 유형 생활 후 두 번째로 발표한 작품이다. 전작 지하로부터의 수기에서 싹튼 새로운 '인물 유형'과 소설 기법이 바로 이 소설에서 만개하여, 인간의 가장 깊은 곳에 숨겨진 심리가 낱낱이 파헤쳐진다.",2012-03-30,https://image.aladin.co.kr/product/1621/17/coversum/8937462842_3.jpg,국내도서>소설/시/희곡>러시아소설
또다시 같은 꿈을 꾸었어,스미노 요루,소미미디어,대덕소프트웨어마이스터고등학교,IT00009462,833.6 스38ㄸ c.6,너의 췌장을 먹고 싶어의 작가 스미노 요루가 지친 사람들에게 전하는 다정하고 따스한 이야기. 자타공인 똑똑하고 당돌한 소녀 고야나기 나노카는 학교 안에는 이렇다 할 친구가 없지만 학교 밖에는 친구가 많다.,2017-10-25,https://image.aladin.co.kr/product/11979/89/coversum/k532531533_2.jpg,국내도서>소설/시/희곡>일본소설>1950년대 이후 일본소설
무지개를 기다리는 그녀,이쓰키 유,소미미디어,대덕소프트웨어마이스터고등학교,IT00007351,833.6 이57ㅁ,"제36회 요코미조 세이시 미스터리 대상 수상작. 이쓰키 유 소설. 자신의 자살을 생중계한 미녀 프로그래머, 미즈시나 하루. 그녀를 인공지능으로 되살리기 위한 추적이 시작된다.",2018-02-28,https://image.aladin.co.kr/product/12307/57/coversum/k582531151_2.jpg,국내도서>소설/시/희곡>추리/미스터리소설>일본 추리/미스터리소설
위키드 2  서쪽 마녀 이야기,그레고리 머과이어,민음사,대덕소프트웨어마이스터고등학교,IT00007363,843 머15ㅇ v.2,"《뉴욕 타임스》 26주 연속 베스트셀러, 300만 부 판매. 원작 소설로 만나는 환상의 세계. 초록색으로 태어난 이상한 아이 엘파바가 학교를 뛰쳐나와 대담하게 지하운동에 뛰어든 아나키스트에서 서쪽 나라의 마녀가 되기까지 흥미진진하고 감동적인 이야기가 펼쳐진다.",2024-11-06,https://image.aladin.co.kr/product/35145/49/coversum/8937428229_1.jpg,국내도서>소설/시/희곡>판타지/환상문학>외국판타지/환상소설
타라 덩컨 10 2  드래곤 대 악마,소피 오두인 마미코니안,소담,대덕소프트웨어마이스터고등학교,IT00007409,863 마38ㅌ v.10-2,유럽에서 선풍적인 인기를 얻었던 판타지 소설 타라 덩컨. 하루가 스물여섯 시간이고 일년이 454일에 일곱 계절이 존재하는 마법행성 아더월드와 사랑스러운 소녀 타라덩컨. 기상천외한 마법 소재들과 거기에 얽히는 모험들이 속도감 있게 전개된다.,2013-07-17,https://image.aladin.co.kr/product/2861/67/coversum/8973816780_1.jpg,국내도서>소설/시/희곡>판타지/환상문학>외국판타지/환상소설
천국의 소년 1,이정명,열림원,대덕소프트웨어마이스터고등학교,EM00013670,813.6 이74ㅊ v.1,"뿌리 깊은 나무의 작가 이정명의 본격 수학소설. 조용한 주택가에서 일어난 한밤의 살인사건, 현장에서 체포된 단 한 명의 용의자, 묵비권을 행사하는 용의자와 조사관들의 치열한 두뇌싸움. 그는 과연 냉혹한 살인자인가? 순수한 수학 천재인가?",2013-05-31,https://image.aladin.co.kr/product/2714/47/coversum/8970637737_1.jpg,국내도서>소설/시/희곡>한국소설>2000년대 이후 한국소설
꾸뻬 씨의 행복 여행,프랑수아 를로르,오래된미래,대덕소프트웨어마이스터고등학교,EM00013683,863 를295ㄲ,"마음의 병을 앓고 있는 사람들을 치료하던 정신과 의사가 행복의 참된 의미를 찾아 여행을 떠난다는 내용을 담은 책. 행복에 대한 자기중심적인 집착에서 벗어나 자신에 대한 진정한 이해와 화해가 이루어질 때, 그리고 세계와의 올바른 소통을 위해 노력할 때, 행복의 순간이 다가온다는 메시지를 전한다.",2004-07-28,https://image.aladin.co.kr/product/50/80/coversum/8995501448_2.jpg,국내도서>소설/시/희곡>프랑스소설
천국의 소년 2,이정명,열림원,대덕소프트웨어마이스터고등학교,EM00013671,813.6 이74ㅊ v.2,"뿌리 깊은 나무의 작가 이정명의 본격 수학소설. 조용한 주택가에서 일어난 한밤의 살인사건, 현장에서 체포된 단 한 명의 용의자, 묵비권을 행사하는 용의자와 조사관들의 치열한 두뇌싸움. 그는 과연 냉혹한 살인자인가? 순수한 수학 천재인가?",2013-05-31,https://image.aladin.co.kr/product/2714/51/coversum/8970637745_1.jpg,국내도서>소설/시/희곡>한국소설>2000년대 이후 한국소설
정글만리 2,조정래,해냄,대덕소프트웨어마이스터고등학교,EM00013620,813.6 조74ㅈ v.2,"태백산맥 한강의 작가 조정래 장편소설. 한국의 자본주의를 조망했던 허수아비 춤 이후, 한국의 현재와 미래에 대한 작가의 고민이 중국과 주변정세에 대한 통찰로 이어지며 정글만리라는 3년 만의 신작 소설로 탄생했다.",2013-07-15,https://image.aladin.co.kr/product/2794/33/coversum/8965744032_2.jpg,국내도서>소설/시/희곡>한국소설>2000년대 이후 한국소설
동물농장,조지 오웰,더클래식,대덕소프트웨어마이스터고등학교,IT00008807,843 오66ㄷ c.5,1945년에 간행된 조지 오웰의 대표작. 어떤 농장의 동물들이 늙은 돼지 메이저의 부추김에 빠져 농장주의 압제에 대항해 반란을 일으켜 인간의 착취가 없는 '모든 동물이 평등한 이상사회'를 건설한다. 그러나 돼지들이 지도자가 되어 다시 동물들을 압박하기 시작하는데...,1998-08-05,https://image.aladin.co.kr/product/4/6/coversum/s93746005x_3.jpg,국내도서>소설/시/희곡>영미소설
동물농장,조지 오웰,더클래식,대덕소프트웨어마이스터고등학교,IT00008808,843 오66ㄷ c.6,1945년에 간행된 조지 오웰의 대표작. 어떤 농장의 동물들이 늙은 돼지 메이저의 부추김에 빠져 농장주의 압제에 대항해 반란을 일으켜 인간의 착취가 없는 '모든 동물이 평등한 이상사회'를 건설한다. 그러나 돼지들이 지도자가 되어 다시 동물들을 압박하기 시작하는데...,1998-08-05,https://image.aladin.co.kr/product/4/6/coversum/s93746005x_3.jpg,국내도서>소설/시/희곡>영미소설
동물농장,조지 오웰,더클래식,대덕소프트웨어마이스터고등학교,IT00008815,843 오66ㄷ c.13,1945년에 간행된 조지 오웰의 대표작. 어떤 농장의 동물들이 늙은 돼지 메이저의 부추김에 빠져 농장주의 압제에 대항해 반란을 일으켜 인간의 착취가 없는 '모든 동물이 평등한 이상사회'를 건설한다. 그러나 돼지들이 지도자가 되어 다시 동물들을 압박하기 시작하는데...,1998-08-05,https://image.aladin.co.kr/product/4/6/coversum/s93746005x_3.jpg,국내도서>소설/시/희곡>영미소설
동물농장,조지 오웰,더클래식,대덕소프트웨어마이스터고등학교,IT00008816,843 오66ㄷ c.14,1945년에 간행된 조지 오웰의 대표작. 어떤 농장의 동물들이 늙은 돼지 메이저의 부추김에 빠져 농장주의 압제에 대항해 반란을 일으켜 인간의 착취가 없는 '모든 동물이 평등한 이상사회'를 건설한다. 그러나 돼지들이 지도자가 되어 다시 동물들을 압박하기 시작하는데...,1998-08-05,https://image.aladin.co.kr/product/4/6/coversum/s93746005x_3.jpg,국내도서>소설/시/희곡>영미소설
양철북,귄터 그라스,동서문화사,대덕소프트웨어마이스터고등학교,IT00003058,853 그292ㅇ c.2,"1999년 노벨문학상 수상작인 독일작가 귄터 그라스의 대표작. 정신병원에 갇힌 화자 오스카의 회상을 통해 전쟁, 종교, 섹스 등 인간의 온갖 모습들을 서술로 풀어낸 작품이다. 1959년 발표된 이 책은 강렬한 언어구사, 반어와 풍자, 외설적인 성 묘사, 신성 모독 등의 숱한 화제를 뿌렸지만 독일의 권위적인 문학상을 모두 휩쓸었다.",1999-10-04,https://image.aladin.co.kr/product/20/74/coversum/s432933848_1.jpg,국내도서>소설/시/희곡>독일소설
도리스의 빨간 수첩,소피아 룬드베리,문예출판사,대덕소프트웨어마이스터고등학교,IT00013303,859.7 룬27ㄷ c.2,"스칸디나비아를 넘어 유럽을 휩쓴 소피아 룬드베리의 데뷔작. 하루하루 죽음과 가까워지고 있는 아흔여섯의 도리스가 평생 동안 만났던 사람들의 이야기이자, 그들과 함께 살아갔던 도리스 자신의 생애를 이야기하는 작품이다.",2018-11-30,https://image.aladin.co.kr/product/17482/16/coversum/8931011229_1.jpg,국내도서>소설/시/희곡>세계의 소설>북유럽소설
요리코를 위해,노리즈키 린타로,모모,대덕소프트웨어마이스터고등학교,IT00013310,833.6 노298ㅇ c.2,"여고생 딸 요리코가 임신한 몸으로 살해당한 사실을 알게 된 아버지는 범인을 찾아내 단죄하고, 그 과정을 수기로 남긴 후 자살을 감행하지만 간신히 살아남는다. 한편, 탐정 노리즈키 린타로는 아버지의 수기에서 수상쩍은 점을 발견해 재수사를 시작한다.",2020-03-04,https://image.aladin.co.kr/product/27761/28/coversum/k212734960_1.jpg,국내도서>소설/시/희곡>추리/미스터리소설>일본 추리/미스터리소설
연을 쫓는 아이,할레드 호세이니,현대문학,대덕소프트웨어마이스터고등학교,IT00013339,843 호54ㅇ c.2,"부유한 상인의 아들 아미르와 비극적인 숙명을 지닌 그의 하인 하산의 이야기를 그린 성장소설로, 주인공 아미르가 어린 시절의 과오를 직시하고 속죄하며 치유와 구원에 이르는 과정을 감동적으로 펼쳐 보인다.
",2022-08-20,https://image.aladin.co.kr/product/30005/40/coversum/k592838350_1.jpg,국내도서>소설/시/희곡>영미소설
연을 쫓는 아이,할레드 호세이니,현대문학,대덕소프트웨어마이스터고등학교,IT00013340,843 호54ㅇ c.3,"부유한 상인의 아들 아미르와 비극적인 숙명을 지닌 그의 하인 하산의 이야기를 그린 성장소설로, 주인공 아미르가 어린 시절의 과오를 직시하고 속죄하며 치유와 구원에 이르는 과정을 감동적으로 펼쳐 보인다.
",2022-08-20,https://image.aladin.co.kr/product/30005/40/coversum/k592838350_1.jpg,국내도서>소설/시/희곡>영미소설
연을 쫓는 아이,할레드 호세이니,현대문학,대덕소프트웨어마이스터고등학교,IT00013341,843 호54ㅇ c.4,"부유한 상인의 아들 아미르와 비극적인 숙명을 지닌 그의 하인 하산의 이야기를 그린 성장소설로, 주인공 아미르가 어린 시절의 과오를 직시하고 속죄하며 치유와 구원에 이르는 과정을 감동적으로 펼쳐 보인다.
",2022-08-20,https://image.aladin.co.kr/product/30005/40/coversum/k592838350_1.jpg,국내도서>소설/시/희곡>영미소설
미성년 하,표도르 미하일로비치 도스또예프스끼,열린책들,대덕소프트웨어마이스터고등학교,IT00013345,892.83 도57ㅁ v.하,"불행한 운명을 타고난 한 청년의 이상과 현실 사이의 방황을 그린 도스토예프스키의 성장 소설. 삶의 정신적 지주가 되어야 할 아버지 세대의 부재로 인해 온갖 불의와 도덕적 타락의 유혹에 무방비 상태로 내던져진, 위험하고 불완전한 상황에서 보호받을 수 없는 자식들에 대한 작가적 문제 의식에서 씌어졌다.",2010-04-25,https://image.aladin.co.kr/product/692/7/coversum/8932911096_1.jpg,국내도서>소설/시/희곡>러시아소설
미성년 하,표도르 미하일로비치 도스또예프스끼,열린책들,대덕소프트웨어마이스터고등학교,IT00013346,892.83 도57ㅁ v.하 c.2,"불행한 운명을 타고난 한 청년의 이상과 현실 사이의 방황을 그린 도스토예프스키의 성장 소설. 삶의 정신적 지주가 되어야 할 아버지 세대의 부재로 인해 온갖 불의와 도덕적 타락의 유혹에 무방비 상태로 내던져진, 위험하고 불완전한 상황에서 보호받을 수 없는 자식들에 대한 작가적 문제 의식에서 씌어졌다.",2010-04-25,https://image.aladin.co.kr/product/692/7/coversum/8932911096_1.jpg,국내도서>소설/시/희곡>러시아소설
파친코 1,이민진,문학사상사,대덕소프트웨어마이스터고등학교,IT00013352,843 이38ㅍ v.1 c.3,"4대에 걸친 재일조선인 가족의 이야기를 그린 세계적 베스트셀러, 이민진 작가의 장편소설 《파친코》가 인플루엔셜에서 새로운 번역으로 출간되어 한국 독자들과 만난다. 《파친코》는 재미교포 1.5세인 이민진 작가가 30년에 달하는 긴 세월에 걸쳐 집필한 대하소설이다.
",2022-07-27,https://image.aladin.co.kr/product/29496/39/coversum/s382931339_2.jpg,국내도서>소설/시/희곡>영미소설
파친코 2,이민진,문학사상사,대덕소프트웨어마이스터고등학교,IT00013354,843 이38ㅍ v.2 c.2,"4대에 걸친 재일조선인 가족의 이야기를 그린 세계적 베스트셀러, 이민진 작가의 장편소설 《파친코》가 새롭게 출간되었다. 《파친코》는 재미교포 1.5세대인 이민진 작가가 30년에 달하는 세월에 걸쳐 집필한 대하소설로, 2017년 출간되어 《뉴욕타임스》 베스트셀러에 올랐다.",2022-08-25,https://image.aladin.co.kr/product/29496/41/coversum/k192838537_2.jpg,국내도서>소설/시/희곡>영미소설
천 개의 파랑,천선란,허블,대덕소프트웨어마이스터고등학교,IT00013394,813.7 천54ㅊ,"한국과학문학상 장편 대상 수상작. 2019년 첫 장편소설 무너진 다리로 SF 팬들에게 눈도장을 찍었고, 2020년 7월, 소설집 어떤 물질의 사랑을 통해 우리 SF의 대세로 굳건히 자리 잡은 천선란의 작품이다.",2020-08-19,https://image.aladin.co.kr/product/24895/69/coversum/k882632470_2.jpg,국내도서>소설/시/희곡>과학소설(SF)>한국 과학소설
달까지 가자,장류진,창비,대덕소프트웨어마이스터고등학교,IT00013397,813.7 장296ㄷ,일의 기쁨과 슬픔 작가 장류진의 첫 장편소설. 단순한 현실 반영이 아니라 작가적이고 개성적인 현실의 구축을 꿈꾼 '하이퍼 리얼리즘'이라 평가받는 장류진의 현실감 넘치는 배경 설정과 대사가 한층 더 구체적이고 섬세해졌다.,2021-04-15,https://image.aladin.co.kr/product/25967/86/coversum/8936434497_2.jpg,국내도서>소설/시/희곡>한국소설>2000년대 이후 한국소설
번외,박지리,욜로욜로,대덕소프트웨어마이스터고등학교,IT00013404,813.6 박78ㅂ,"10월 초 예술의전당에서 초연되는 뮤지컬 [다윈 영의 악의 기원] 원작자이자 합체, 맨홀, 양춘단 대학 탐방기, 3차 면접에서 돌발 행동을 보인 MAN에 관하여 등으로 한국 문단에 독보적 발자취를 남긴 박지리 작가의 마지막 작품.",2018-09-20,https://image.aladin.co.kr/product/16874/14/coversum/k892534974_1.jpg,국내도서>소설/시/희곡>한국소설>2000년대 이후 한국소설
고래,천명관,문학동네,대덕소프트웨어마이스터고등학교,IT00016875,813.6 천34ㄱ,문학동네 소설상이 오랜만에 당선작을 냈다. 주인공은 지난해 여름 '문학동네 신인상'을 통해 등단한 천명관씨. 등단작 '프랭크와 나'를 제외하곤 아무 작품도 발표하지 않은 진짜 신인이다.,2004-12-24,https://image.aladin.co.kr/product/53/28/coversum/s772832909_1.jpg,국내도서>소설/시/희곡>한국소설>2000년대 이후 한국소설
혹시     가 어떻게 되세요 ,정대건,읻다,대덕소프트웨어마이스터고등학교,IT00016877,813.7 정23ㅎ,"우주 최초 MBTI 소설집. 16가지 인물 유형을 모두 담기 위해 세 권으로 기획한 이번 테마소설집은 한 명의 소설가가 하나의 MBTI 유형을 택해 인물의 면면을 그린다. 1권 혹시 MBTI가 어떻게 되세요?는 여섯 명의 소설가가 각각 INTJ, INTP, ENTP, ENFP, INTJ, INFP 유형의 인물을 묘사한다.",2022-12-21,https://image.aladin.co.kr/product/30620/9/coversum/k642830829_2.jpg,국내도서>소설/시/희곡>한국소설>2000년대 이후 한국소설
동물농장,조지 오웰,더클래식,대덕소프트웨어마이스터고등학교,IT00008810,843 오66ㄷ c.8,1945년에 간행된 조지 오웰의 대표작. 어떤 농장의 동물들이 늙은 돼지 메이저의 부추김에 빠져 농장주의 압제에 대항해 반란을 일으켜 인간의 착취가 없는 '모든 동물이 평등한 이상사회'를 건설한다. 그러나 돼지들이 지도자가 되어 다시 동물들을 압박하기 시작하는데...,1998-08-05,https://image.aladin.co.kr/product/4/6/coversum/s93746005x_3.jpg,국내도서>소설/시/희곡>영미소설
동물농장,조지 오웰,더클래식,대덕소프트웨어마이스터고등학교,IT00008813,843 오66ㄷ c.11,1945년에 간행된 조지 오웰의 대표작. 어떤 농장의 동물들이 늙은 돼지 메이저의 부추김에 빠져 농장주의 압제에 대항해 반란을 일으켜 인간의 착취가 없는 '모든 동물이 평등한 이상사회'를 건설한다. 그러나 돼지들이 지도자가 되어 다시 동물들을 압박하기 시작하는데...,1998-08-05,https://image.aladin.co.kr/product/4/6/coversum/s93746005x_3.jpg,국내도서>소설/시/희곡>영미소설
동물농장,조지 오웰,더클래식,대덕소프트웨어마이스터고등학교,IT00008819,843 오66ㄷ c.17,1945년에 간행된 조지 오웰의 대표작. 어떤 농장의 동물들이 늙은 돼지 메이저의 부추김에 빠져 농장주의 압제에 대항해 반란을 일으켜 인간의 착취가 없는 '모든 동물이 평등한 이상사회'를 건설한다. 그러나 돼지들이 지도자가 되어 다시 동물들을 압박하기 시작하는데...,1998-08-05,https://image.aladin.co.kr/product/4/6/coversum/s93746005x_3.jpg,국내도서>소설/시/희곡>영미소설
완전한 행복,정유정,은행나무,대덕소프트웨어마이스터고등학교,IT00013299,813.7 정66ㅇ c.2,"버스도 다니지 않는 버려진 시골집에서 늪에 사는 오리들을 먹이기 위해 오리 먹이를 만드는 한 여자의 뒷모습에서 시작된다. 그녀와 딸, 그리고 그 집을 찾은 한 남자의 얼굴을 비춘다. 얼굴을 맞대고 웃고 있지만 그들이 추구하는 서로 다른 행복은 서서히 불협화음을 만들어낸다.",2021-06-08,https://image.aladin.co.kr/product/27225/29/coversum/k432732398_3.jpg,국내도서>소설/시/희곡>한국소설>2000년대 이후 한국소설
연년세세,황정은,창비,대덕소프트웨어마이스터고등학교,IT00013360,813.7 황74ㅇ c.2,"디디의 우산으로 ""기존의 문학적 형식과 관행에 의거하지 않고"" ""사유와 언어를 새롭고 독특하게 벼려냄으로써 사회적 약자와 소수자에게 밀착하는 빼어난 윤리적 감수성과 예술적 혁신을 이뤄냈다""는 평을 받으며 2019년 만해문학상을 수상한 작가 황정은의 연작소설.",2020-09-18,https://image.aladin.co.kr/product/24790/60/coversum/8936434446_3.jpg,국내도서>소설/시/희곡>한국소설>2000년대 이후 한국소설
그 여자의 침대,박현욱,문학동네,대덕소프트웨어마이스터고등학교,EM00009240,813.6 박94ㄱ,"박현욱 작가가 등단 8년 만에 내놓은 첫 소설집. 박현욱 작가는 동시대 도시인들의 삶과 세태를 냉소적인 입담으로 가감 없이 짚어내며, 앞지르지 못하면 낙오자가 되는 경쟁사회의 폐부를 응시한다. 모두 여덟 편의 작품이 수록되어 있다.",2013-01-14,https://image.aladin.co.kr/product/2289/33/coversum/8954620248_1.jpg,국내도서>소설/시/희곡>한국소설>2000년대 이후 한국소설
나와 함께 채송화,현고운,눈과마음,대덕소프트웨어마이스터고등학교,EM00009272,813.6 현15ㄴ,1%의 어떤 것의 작가 현고운의 로맨스 소설. '채 군'이라 불릴 만큼 털털하고 선머슴 같은 자기 자신도 아낄 줄 아는 사랑스러운 여자 채송화. 윤상엽은 어느 날 붐비는 지하철 안에서 술 냄새를 풀풀 풍기며 자신의 비싼 양복에 침을 흘리고 자는 여자 채송화를 어느 순간부터 마음에 두게 되는데…. 컬러 일러스트와 함께 다시 태어난 나와 함께 채송화 개정판.,2011-10-19,https://image.aladin.co.kr/product/1336/1/coversum/8994300090_1.jpg,국내도서>소설/시/희곡>로맨스소설>한국 로맨스소설
내 아들의 연인,정미경,문학동네,대덕소프트웨어마이스터고등학교,EM00009276,813.6 정38ㄴ,"2006년에 이상문학상을 수상한 작가의 소설집. 이상문학상 수상작 ‘밤이여, 나뉘어라’를 비롯해 총 7편의 소설을 수록했다. 작가는 각 소설마다 독특한 직업세계를 가진 인물들이 등장시킨다. 자산관리인, 사회운동가, 대학 강사, 유치원 계약교사 등을 통해 사회를 살아가는 사람들의 삶을 여러 각도에서 들여다보고 있다.",2008-06-12,https://image.aladin.co.kr/product/224/63/coversum/8954606032_1.jpg,국내도서>소설/시/희곡>한국소설>2000년대 이후 한국소설
무기의 그늘 상,황석영,창비,대덕소프트웨어마이스터고등학교,EM00009357,813.6 황54ㅁ v.상,"베트남 전쟁을 정면으로 다룬 황석영의 장편소설 <무기의 그늘>의 개정판. 황석영 특유의 선굵은 서사와 간명한 문체, 빠른 장면전환, 참전 경험에서 나온 생생한 현장감이 어우러진 작품이다. 제국주의전쟁이 빚어놓은 '전쟁의 자식'들은 적과 동지가 뒤얽힌 물자 암거래의 촘촘한 그물 속에서 베트남전의 본질을 구현한다. 1989년 제4회 만해문학상 수상작.",2006-02-15,https://image.aladin.co.kr/product/62/47/coversum/8936433504_1.jpg,국내도서>소설/시/희곡>한국소설>2000년대 이후 한국소설
밤은 노래한다,김연수,문학과지성사,대덕소프트웨어마이스터고등학교,EM00009755,813.6 김64ㅂ c.2,김연수의 세번째 역사소설. 역사의 소용돌이로부터 한 발 떨어진 채 일상을 살아가던 한 남자가 어느 날 연인이 죽기 직전 보내온 한 장의 편지를 받으면서 역사의 한가운데로 걸어들어가게 되는 밤은 노래한다는 우리를 1930년대 초반 북간도로 이끈다.,2016-04-17,https://image.aladin.co.kr/product/7492/7/coversum/8954640176_1.jpg,국내도서>소설/시/희곡>한국소설>2000년대 이후 한국소설
사도세자의 고백,이덕일,휴머니스트,대덕소프트웨어마이스터고등학교,EM00010275,813.6 이24ㅅ c.2,"사도세자가 '정신병자'라는 기존의 통념을 깨며 북벌을 꿈꾸었던 무인군주 사도세자의 진정한 모습과, 그가 뒤주에 갇혀 죽게 된 진짜 이유를 추리소설적 기법으로 복원해낸 새로운 형식의 역사서.",2004-03-15,https://image.aladin.co.kr/product/47/31/coversum/8958621923_1.jpg,국내도서>소설/시/희곡>한국소설>2000년대 이전 한국소설
서라벌 사람들,심윤경,실천문학,대덕소프트웨어마이스터고등학교,EM00009418,813.6 심66ㅅ,"‘연제태후’, ‘준랑의 혼인’, ‘변신’, ‘혜성가’, ‘천관사’, 다섯 개의 개별 이야기가 모자이크 형식으로 구성된 소설. 떠들썩한 연애를 좋아하고, 별과 짐승으로 점을 치며, 춤과 섹스를 즐긴 서라벌 사람들의 이야기가 펼쳐진다. 특히 이성으로 본성을 억누르지 않았던 태초의 사회와 제도에 구속받기 전의 인간 원형의 모습이 깊이 있게 그려졌다. 
",2008-05-26,https://image.aladin.co.kr/product/219/0/coversum/8939205952_1.jpg,국내도서>소설/시/희곡>역사소설>한국 역사소설
소현세자 2,이정근,책보세,대덕소프트웨어마이스터고등학교,EM00009441,813.6 이74ㅅ v.2,"<이방원전>의 작가 이정근의 역사 장편소설. 소현세자를 주인공으로 삼고 있지만 소현세자 개인사에 머물지 않고 소현세자가 살았던 격동의 시공을 포괄적으로 다루고 있다. 원래 「오마이뉴스」에 121회에 걸쳐 연재된 작품으로, 이번에 6부 3권으로 묶어낸 것이다.",2009-02-25,https://image.aladin.co.kr/product/331/31/coversum/8996152056_1.jpg,국내도서>소설/시/희곡>역사소설>한국 역사소설
시간을 파는 남자,페르난도 트리아스 데 베스,21세기북스,대덕소프트웨어마이스터고등학교,EM00009471,873 베57ㅅ,"""아, 스스로 내 시간의 주인이 될 수만 있다면!"" TC는 이렇게 불평한다. 그러나 절망과 함께 그를 찾아온 것은 '마음대로 사용할 수 있는 시간'에 대한 상품 가능성. 그는 5분을 담은 상품을 특허 받고 사람들에게 본격적으로 팔기 시작하는데...",2006-11-22,https://image.aladin.co.kr/product/85/51/coversum/8950909839_1.jpg,국내도서>소설/시/희곡>스페인/중남미소설
신기생뎐,이현수,문학동네,대덕소프트웨어마이스터고등학교,EM00009474,813.6 이94ㅅ,"<토란>, <길갓집 여자>의 작가 이현수의 두 번째 장편소설이다. 전통 기방 '부용각'에 모여든 한 사람 한 사람의 인생 이야기를 단단하고 웅숭깊은 문체을 통해 보여준다. 노랫가락처럼 흥을 타는 문장은 각 장의 특성에 따라 변화하며 전체적인 리듬을 조율한다.",2005-09-22,https://image.aladin.co.kr/product/58/64/coversum/8954600417_2.jpg,국내도서>소설/시/희곡>한국소설>2000년대 이후 한국소설
엄마를 부탁해,신경숙,창비,대덕소프트웨어마이스터고등학교,IT00005839,813.6 신14ㅇ c.10,"2011년 맨 아시아 문학상 수상작으로, 신경숙의 8번째 장편소설이다. 2007년 겨울부터 2008년 여름까지「창작과비평」에 연재된 작품이다. 지하철역에서 아버지의 손을 놓치고 실종된 어머니의 흔적을 추적하면서 기억을 복원하는 과정을 그렸다. 각 장은 전단지를 붙이고 광고를 내면서 엄마를 찾아 헤매는 자식들과 남편, 엄마의 시선으로 전개된다.",2008-10-24,https://image.aladin.co.kr/product/272/78/coversum/8936433679_2.jpg,국내도서>소설/시/희곡>한국소설>2000년대 이후 한국소설
엄마를 부탁해,신경숙,창비,대덕소프트웨어마이스터고등학교,IT00005841,813.6 신14ㅇ c.12,"2011년 맨 아시아 문학상 수상작으로, 신경숙의 8번째 장편소설이다. 2007년 겨울부터 2008년 여름까지「창작과비평」에 연재된 작품이다. 지하철역에서 아버지의 손을 놓치고 실종된 어머니의 흔적을 추적하면서 기억을 복원하는 과정을 그렸다. 각 장은 전단지를 붙이고 광고를 내면서 엄마를 찾아 헤매는 자식들과 남편, 엄마의 시선으로 전개된다.",2008-10-24,https://image.aladin.co.kr/product/272/78/coversum/8936433679_2.jpg,국내도서>소설/시/희곡>한국소설>2000년대 이후 한국소설
우리는 사랑일까,알랭 드 보통,은행나무,대덕소프트웨어마이스터고등학교,EM00009533,843 보885ㅇ,일상의 철학자 알랭 드 보통의 대표 장편소설 《우리는 사랑일까》가 국내 출간 20주년을 맞아 새로운 커버로 돌아온다. 오리지널판 출간으로 보면 31년 만이다.,2025-06-14,https://image.aladin.co.kr/product/36571/23/coversum/k552039349_1.jpg,국내도서>소설/시/희곡>영미소설
운수 좋은 날,현진건,푸른생각(푸른사상사),대덕소프트웨어마이스터고등학교,EM00009538,813.6 현78ㅇ,"'사피엔스 한국문학 중.단편소설' 시리즈 5권. 민족의 현실을 직시한 사실주의 작가 현진건의 작품집으로, 일제 강점기의 비참한 현실을 날카로운 필치로 고발한다. 하루 벌어 하루 먹고사는 가난한 인력거꾼에게 행운이 잇달아 찾아왔던 어떤 날을 그리며 일제 강점하 하층민의 고통스러운 삶을 그린 단편 '운수 좋은 날'을 포함해 모두 4편의 작품이 수록되어 있다.",2012-02-13,https://image.aladin.co.kr/product/1522/59/coversum/8965880777_1.jpg,국내도서>소설/시/희곡>한국소설>2000년대 이전 한국소설
인간의 대지,생텍쥐페리,현대문화,대덕소프트웨어마이스터고등학교,EM00009558,863 생884ㅇ,1939년 아카데미 프랑세즈 소설대상을 수상한 《인간의 대지》는 15년간 비행기 조종사로 근무했던 생텍쥐페리의 경험을 바탕으로 쓰여졌다. 더스토리 초판본은 미국판 초판본의 표지와 본문 그림을 사용하였다.,2025-09-30,https://image.aladin.co.kr/product/37207/24/coversum/k862031496_2.jpg,국내도서>소설/시/희곡>프랑스소설
풍금이 있던 자리,신경숙,文學과 知性社,대덕소프트웨어마이스터고등학교,EM00009656,813.6 신14ㅍ,"한국 현대 소설의 대표 단편작을 뽑아 한국어.영어로 동시 수록한 '바이링궐 에디션'. 풍금이 있던 자리는 여성 화자 ‘나’가 불륜의 사랑을 끝내기로 결심하기까지, 하염없는 상념을 상대방 남자에게 편지 형식으로 고백하고 있는 작품이다.",2012-07-25,https://image.aladin.co.kr/product/1850/82/coversum/899400632x_2.jpg,국내도서>소설/시/희곡>한국소설>2000년대 이전 한국소설
 그림과 함께 읽는 잃어버린 시절을 찾아서,에릭 카펠리스,까치글방,대덕소프트웨어마이스터고등학교,EM00009244,609 카894ㅇ,"영국 출판사와 공동제작한 책으로, 마르셀 프루스트의 잃어버린 시절을 찾아서의 7편의 작품(1권 스완 씨 댁 쪽으로, 2권 피어나는 소녀들의 그늘에서, 3권 게르망뜨 성 쪽으로, 4권 소돔과 고모라, 5권 갇힌 여인, 6권 탈주하는 여인, 7권 되찾은 시절)을 그림과 관련된 대목만을 추려서 한 권으로 펴냈다.",2008-12-10,https://image.aladin.co.kr/product/286/70/coversum/8972914517_1.jpg,국내도서>소설/시/희곡>프랑스소설
꽃피는 고래,김형경,창비,대덕소프트웨어마이스터고등학교,EM00012371,813.6 김94ㄲ c.2,"사람 풍경, 천개의 공감의 작가 김형경의 장편소설. 열일곱 살 소녀 니은이와 그 주변 인물들의 교감을 통해 가혹한 상실을 경험한 사람이 그것을 다시 딛고 일어서는 과정을 보여준다. 소설은 열일곱 소녀의 목소리로 우리 모두의 내면에 살고 있는 성장하지 못한 아이를 그리며 그 안의 상처와 당당히 마주하는 법을 이야기한다.",2008-06-10,https://image.aladin.co.kr/product/224/4/coversum/8936433652_1.jpg,국내도서>소설/시/희곡>한국소설>2000년대 이후 한국소설
착한 여자  상  1,공지영,한겨레신문사,대덕소프트웨어마이스터고등학교,EM00000340,813.6 공79ㅊ,,,,
 자선대표작품집 풀밭에서,조세희,청아출판사,대덕소프트웨어마이스터고등학교,EM00000720,813.6 조53ㅍ c.4,「난장이가 쏘아올린 작은 공」으로 많은 독자를 확보하고 있는 저자가 지금까지 발표한 작품 중 재발표하고 싶은 작품을 스스로 간추려 뽑았다. 현실의 치열한 탐색 후에 보여주는 초월적 희망의 논리와 가능한 반성의 논리를 환상적 기법으로 다룰 줄 아는 작가로 정평이 나있는 저자는 70년대 길을 잃은 우리의 모습을 난쟁이를 통해,1994-04-01,https://image.aladin.co.kr/product/19/3/coversum/8936802216_1.gif,국내도서>소설/시/희곡>한국소설>2000년대 이전 한국소설
초당,강용흘,범우사,대덕소프트웨어마이스터고등학교,EM00006543,813.6 강66ㅊ c.7,언어와 생활의 차이 등으로 외국의 성장소설을 읽으며 `자아 정체성`에 혼란이 와 오히려 씁쓸했던 경험이 있었다면， 강용홀의 <초당>은 문명의 잡스런 충돌로 인해 찢어진 자아를 `재통합`하는데 큰 도움을 줄 것이다．...,1994-01-01,https://image.aladin.co.kr/img/noimg_sum_b.gif,국내도서>소설/시/희곡>한국소설>2000년대 이전 한국소설
초당,강용흘,범우사,대덕소프트웨어마이스터고등학교,EM00007093,813.6 강66ㅊ c.10,언어와 생활의 차이 등으로 외국의 성장소설을 읽으며 `자아 정체성`에 혼란이 와 오히려 씁쓸했던 경험이 있었다면， 강용홀의 <초당>은 문명의 잡스런 충돌로 인해 찢어진 자아를 `재통합`하는데 큰 도움을 줄 것이다．...,1994-01-01,https://image.aladin.co.kr/img/noimg_sum_b.gif,국내도서>소설/시/희곡>한국소설>2000년대 이전 한국소설
 자선대표 작품집 해바라기,서정인,청아,대덕소프트웨어마이스터고등학교,EM00000518,813.6 서73ㅎ,,1992-07-15,https://image.aladin.co.kr/product/29/50/coversum/893680216x_1.gif,국내도서>소설/시/희곡>한국소설>2000년대 이전 한국소설
모순,양귀자,살림,대덕소프트웨어마이스터고등학교,EM00000622,813.6 양16ㅁ,"작가 양귀자가 1998년 펴낸 세 번째 장편소설로, 책이 나온 지 한 달 만에 무서운 속도로 베스트셀러 1위에 진입, 출판계를 놀라게 하고 그해 최고의 베스트셀러로 자리 잡으면서 ‘양귀자 소설의 힘’을 다시 한 번 유감없이 보여준 소설이다.",2013-04-01,https://image.aladin.co.kr/product/2584/37/coversum/8998441012_3.jpg,국내도서>소설/시/희곡>한국소설>2000년대 이전 한국소설
 1993 이상문학상 수상작품집 제17회,최수철,문학사상사,대덕소프트웨어마이스터고등학교,EM00005266,810.82 이52 v.17,"독자로 하여금 미로찾기의 생각을 가다듬게 하는 소설. <추천 우수작> '구렁이 신랑과 그의 신부' (김지원), '청량리역'(송하춘), '모여있는 불빛'(신경숙), '해는 어떻게 뜨는가' (이승우), '완전한 영혼'(정찬), '수선화를 꺽다'(하창수), '맑고 때때로 흐림'(한수산) 등이 수록되어 있다.",1993-08-01,https://image.aladin.co.kr/product/19/84/coversum/8970120688_1.gif,국내도서>소설/시/희곡>한국소설>2000년대 이전 한국소설
선택,이문열,민음사,대덕소프트웨어마이스터고등학교,EM00002351,813.6 이37ㅅ c.2,"조선후기 한 집안으로 시집가 가문에 순종하고, 지아비를 향한 정절을 지키며, 자식 키우는 데 헌신한 안동장씨의 삶을 이야기한다. 부모에게 효도하는 법, 부부간 예의를 지키는 법, 제사를 대하는 마음가짐, 태교하는 법, 집안의 큰 어른으로서 나이 드는 법 등 여자로 태어나 딸, 아내, 엄마로서 지녀야 할 삶의 지혜를 전한다.",2021-12-20,https://image.aladin.co.kr/product/28486/34/coversum/8925579219_1.jpg,국내도서>소설/시/희곡>한국소설>2000년대 이전 한국소설
선택,이문열,민음사,대덕소프트웨어마이스터고등학교,EM00000673,813.6 이37ㅅ,"조선후기 한 집안으로 시집가 가문에 순종하고, 지아비를 향한 정절을 지키며, 자식 키우는 데 헌신한 안동장씨의 삶을 이야기한다. 부모에게 효도하는 법, 부부간 예의를 지키는 법, 제사를 대하는 마음가짐, 태교하는 법, 집안의 큰 어른으로서 나이 드는 법 등 여자로 태어나 딸, 아내, 엄마로서 지녀야 할 삶의 지혜를 전한다.",2021-12-20,https://image.aladin.co.kr/product/28486/34/coversum/8925579219_1.jpg,국내도서>소설/시/희곡>한국소설>2000년대 이전 한국소설
세상에서 가장 아름다운 이별,노희경,한민사,대덕소프트웨어마이스터고등학교,EM00000716,813.6 노98ㅅ,고정 시청자 팬을 확보하고 있는 드라마 작가 노희경의 화제작 세상에서 가장 아름다운 이별을 원작으로 한 소설이 2015년 더욱 새로운 모습으로 재탄생했다.,2015-05-10,https://image.aladin.co.kr/product/5915/21/coversum/s272635772_1.jpg,국내도서>소설/시/희곡>한국소설>2000년대 이후 한국소설
폭소,권지예,문학동네,대덕소프트웨어마이스터고등학교,EM00000868,813.6 권79ㅍ,"2002년 '뱀장어 스튜'로 26회 이상문학상을 수상하며 '주목받는 작가'로 부상한 권지예의 두 번째 소설집. 독자를 소설 속으로 빨아들이는 뛰어난 서사적 구성력과 세심한 관찰에서 이끌어낸 상상력 풍부한 이미지, 생동감 넘치고 군더더기 없는 문장력 등 작가의 매력이 고스란히 살아있는 탄탄한 작품집이다.",2003-05-19,https://image.aladin.co.kr/product/41/46/coversum/8982816666_1.gif,국내도서>소설/시/희곡>한국소설>2000년대 이후 한국소설
 소설  동의보감  상  1,이은성,창작과비평사,대덕소프트웨어마이스터고등학교,EM00004435,813.6 이68ㄷ v.1,,,,
타인에게 말 걸기,은희경,문학동네,대덕소프트웨어마이스터고등학교,EM00000945,813.6 은98ㅌ,등단 이후 단 한순간도 과거의 이름으로 물러난 적 없이 전 세대를 아우르며 우리의 오늘을 그려온 소설가 은희경의 첫 소설집 『타인에게 말 걸기』를 27년 만에 새롭게 펴낸다. 등단작 「이중주」를 포함해 총 9편의 중단편이 실린 이 소설집은 가히 은희경 소설세계의 시작점이라 할 만하다.,2023-11-10,https://image.aladin.co.kr/product/32826/91/coversum/8954698042_1.jpg,국내도서>소설/시/희곡>한국소설>2000년대 이후 한국소설
축제,이청준,열림원,대덕소프트웨어마이스터고등학교,EM00001080,813.6 이82ㅊ c.2,"이청준 전집 27권. 이청준의 모친은 작가의 고향인 전남 장흥에서 미수(米壽)를 한 해 앞둔 87세로 사망했다(1994). 총 7장으로 구성된 소설의 차례가 오롯이 가리키듯, 장편 축제(1996)는 작가가 팔순 노모의 장례를 치른 이야기를 토대로 한 소설이다.",2016-01-04,https://image.aladin.co.kr/product/7469/38/coversum/8932021074_1.jpg,국내도서>소설/시/희곡>한국소설>2000년대 이전 한국소설
악마는 프라다를 입는다 1,로렌 와이스버거,문학동네,대덕소프트웨어마이스터고등학교,EM00001145,843 와69ㅇ v.1,한국 출판시장에 새로운 트렌드를 불러일으킨 악마는 프라다를 입는다의 작가 로렌 와이스버거가 2년 만에 새 작품을 들고 국내 독자를 찾는다. 미국에서 2005년에 출간되어 뉴욕 타임스 베스트셀러에 올랐던 누구나 알 권리가 있다가 바로 그것. 전작에서 통통 튀는 감각으로 패션계의 살아 숨쉬는 이야기를 위트 있고 발랄하게 묘사했던 작가는 이번에는 뉴욕 홍보업계에 돋보기를 들이댄다.,2008-07-25,https://image.aladin.co.kr/product/237/52/coversum/8954606199_1.jpg,국내도서>소설/시/희곡>영미소설
공포의 계곡,아서 코난 도일,황금가지,대덕소프트웨어마이스터고등학교,EM00001221,843 도69ㄱ,"셜록 홈스 시리즈의 대표 장편 《공포의 계곡》은 영미 문학 번역의 대가 공경희가 번역해 긴박감 넘치는 사건 속으로 독자를 안내한다. 책을 읽다 보면 추리소설의 고전으로 꼽히는 셜록 홈스 시리즈가 어째서 수많은 추리소설의 지침서가 됐는지 알 수 있으며, 대한민국 추리소설 대표작가 백휴의 작품 해설도 함께 만날 수 있다.",2025-09-30,https://image.aladin.co.kr/product/37207/20/coversum/k422031496_2.jpg,국내도서>소설/시/희곡>추리/미스터리소설>영미 추리/미스터리소설
셜록 홈즈 전집 6  셜록 홈즈의 회상록,아서 코난 도일,황금가지,대덕소프트웨어마이스터고등학교,EM00011685,843 도68ㅅ v.6,"<셜록 홈즈의 회상록>엔 특기할만한 점이 두 가지 있다. '그리스 어 통역관'에서 홈즈 본인보다 더 인기 있다고도 말해지는 홈즈의 친형, 마이크로프트 홈즈가 처음 등장하며, '마지막 사건'에선 숙적 모리어티 교수와의 대결 끝에 홈즈가 폭포에 빠져 죽는 것으로 처리되는 점이 바로 그것.",2002-05-10,https://image.aladin.co.kr/product/34/82/coversum/8982734066_2.jpg,국내도서>소설/시/희곡>추리/미스터리소설>영미 추리/미스터리소설
셜록 홈즈 전집 7  셜록 홈즈의 귀환,아서 코난 도일,황금가지,대덕소프트웨어마이스터고등학교,EM00001223,843.608 도69ㅅ,"""나의 샘솟는 아이디어는 세월에 녹스는 법도, 관습에 젖어 진부해지는 법도 없다네."" 전편에서 모리어티 교수와 함께 폭포에 떨어져 죽은줄 알았던 셜록 홈즈가 살아 돌아왔다. 그는 언제 왓슨과 독자 곁을 떠난 적이 있나 싶게 천연덕스러운 얼굴로 새로운 사건 수사를 시작한다.",2002-07-04,https://image.aladin.co.kr/product/36/52/coversum/8982734074_2.jpg,국내도서>소설/시/희곡>추리/미스터리소설>영미 추리/미스터리소설
셜록 홈즈 전집 7  셜록 홈즈의 귀환,아서 코난 도일,황금가지,대덕소프트웨어마이스터고등학교,EM00011684,843 도68ㅅ v.7,"""나의 샘솟는 아이디어는 세월에 녹스는 법도, 관습에 젖어 진부해지는 법도 없다네."" 전편에서 모리어티 교수와 함께 폭포에 떨어져 죽은줄 알았던 셜록 홈즈가 살아 돌아왔다. 그는 언제 왓슨과 독자 곁을 떠난 적이 있나 싶게 천연덕스러운 얼굴로 새로운 사건 수사를 시작한다.",2002-07-04,https://image.aladin.co.kr/product/36/52/coversum/8982734074_2.jpg,국내도서>소설/시/희곡>추리/미스터리소설>영미 추리/미스터리소설
셜록 홈즈 전집 3  바스커빌 가문의 개,아서 코난 도일,황금가지,대덕소프트웨어마이스터고등학교,EM00001455,843.608 도69ㅅ v.3,"X-파일 연상되는 신비주의, 초현실주의와의 대결이 사건의 핵심. '바스커빌 가문의 개'라는 다소 의미심장한 제목도 으스스한 작품 분위기를 물씬 전해주고 있다.",2002-02-05,https://image.aladin.co.kr/product/32/99/coversum/8982734031_2.jpg,국내도서>소설/시/희곡>추리/미스터리소설>영미 추리/미스터리소설
살인자들의 섬,데니스 루헤인,황금가지,대덕소프트웨어마이스터고등학교,EM00001561,843 L522,"<살인자들의 섬>은 탄탄한 구성과 충격적 결말로 범죄스릴러 부문 최고 베스트셀러에 오른 작품. <미스틱 리버>로 국내에 소개된 데니스 루헤인의 최신작으로, 퍼블리셔스 위클리 선정 올해의 책, 추리문학상인 앤소니 상과 배리 상을 수상한 바 있다.",2004-07-22,https://image.aladin.co.kr/product/50/72/coversum/8982738320_1.gif,국내도서>소설/시/희곡>추리/미스터리소설>영미 추리/미스터리소설
그 남자네 집,박완서,현대문학,대덕소프트웨어마이스터고등학교,EM00005228,813.6 박66ㄱ c.4,《현대문학》 창간 50주년을 기념하는 소설이자 박완서 작가의 마지막 장편소설이 된 2004년 작. 일흔을 훌쩍 넘기고 생의 끝자락에 선 박완서 작가가 수십 년간 가슴에 소중히 품어온 '첫사랑'의 기억을 풀어놓은 특별한 작품이다.,2021-01-22,https://image.aladin.co.kr/product/26094/25/coversum/k842737250_1.jpg,국내도서>소설/시/희곡>한국소설>2000년대 이후 한국소설
그 남자네 집,박완서,현대문학,대덕소프트웨어마이스터고등학교,EM00001927,813.6 박66ㄱ c.3,《현대문학》 창간 50주년을 기념하는 소설이자 박완서 작가의 마지막 장편소설이 된 2004년 작. 일흔을 훌쩍 넘기고 생의 끝자락에 선 박완서 작가가 수십 년간 가슴에 소중히 품어온 '첫사랑'의 기억을 풀어놓은 특별한 작품이다.,2021-01-22,https://image.aladin.co.kr/product/26094/25/coversum/k842737250_1.jpg,국내도서>소설/시/희곡>한국소설>2000년대 이후 한국소설
커피프린스 1호점,이선미,눈과마음,대덕소프트웨어마이스터고등학교,EM00010131,813.6 이54ㅋ,윤은혜.공유 주연의 드라마 원작 소설. 커피 전문점을 배경으로 달콤한 로맨스가 펼쳐진다.,2006-07-21,https://image.aladin.co.kr/product/67/34/coversum/8957515178_1.jpg,국내도서>소설/시/희곡>로맨스소설>한국 로맨스소설
내 몸은 너무 오래 서 있거나 걸어왔다,이문구,문학동네,대덕소프트웨어마이스터고등학교,EM00000395,813.6 이37ㄴ,"『관촌수필』의 작가 이문구의 동인문학상 수상작이자, 마지막 작품집이 복간되었다. 『내 몸은 너무 오래 서 있거나 걸어왔다』는 1990년대 이후의 영악해진 농민과 삭막해진 농촌풍경을 각기 다른 양태를 지닌 나무에 비유해 정감 있는 토속어로 맛깔스럽게 그려낸 작품이다.",2024-05-20,https://image.aladin.co.kr/product/33948/49/coversum/k882930234_1.jpg,국내도서>소설/시/희곡>한국소설>2000년대 이후 한국소설
 자선대표작품집 풀밭에서,조세희,청아출판사,대덕소프트웨어마이스터고등학교,EM00000433,813.6 조53ㅍ,「난장이가 쏘아올린 작은 공」으로 많은 독자를 확보하고 있는 저자가 지금까지 발표한 작품 중 재발표하고 싶은 작품을 스스로 간추려 뽑았다. 현실의 치열한 탐색 후에 보여주는 초월적 희망의 논리와 가능한 반성의 논리를 환상적 기법으로 다룰 줄 아는 작가로 정평이 나있는 저자는 70년대 길을 잃은 우리의 모습을 난쟁이를 통해,1994-04-01,https://image.aladin.co.kr/product/19/3/coversum/8936802216_1.gif,국내도서>소설/시/희곡>한국소설>2000년대 이전 한국소설
 자선대표작품집 풀밭에서,조세희,청아출판사,대덕소프트웨어마이스터고등학교,EM00001665,813.6 조53ㅍ c.5,「난장이가 쏘아올린 작은 공」으로 많은 독자를 확보하고 있는 저자가 지금까지 발표한 작품 중 재발표하고 싶은 작품을 스스로 간추려 뽑았다. 현실의 치열한 탐색 후에 보여주는 초월적 희망의 논리와 가능한 반성의 논리를 환상적 기법으로 다룰 줄 아는 작가로 정평이 나있는 저자는 70년대 길을 잃은 우리의 모습을 난쟁이를 통해,1994-04-01,https://image.aladin.co.kr/product/19/3/coversum/8936802216_1.gif,국내도서>소설/시/희곡>한국소설>2000년대 이전 한국소설
내 고향 남쪽 바다,한승원,청아출판사,대덕소프트웨어마이스터고등학교,EM00000445,813.6 한58ㄴ,,1999-10-15,https://image.aladin.co.kr/product/20/80/coversum/8974561204_1.gif,국내도서>소설/시/희곡>한국소설>2000년대 이전 한국소설
오렌지,정정희,세계사,대덕소프트웨어마이스터고등학교,EM00000491,813.6 정73ㅇ,"제5회 작가세계문학상 수상작. 전통적인 가족의 개념이 무너져버린 황량한 현실과 아무도 이상적인 삶의 방향을 제시해주지 않는 혼돈 속에서 미국이민 1.5세대인 네 젊은이들의, 색다르지만 출구 없는 닫힌 삶의 풍경들을 독특한 문체로 속도감 있게 그려나간다.",1996-03-01,https://image.aladin.co.kr/product/618/61/coversum/8933800778_3.jpg,국내도서>소설/시/희곡>한국소설>2000년대 이전 한국소설
초당,강용흘,범우사,대덕소프트웨어마이스터고등학교,EM00006969,813.6 강66ㅊ c.8,언어와 생활의 차이 등으로 외국의 성장소설을 읽으며 `자아 정체성`에 혼란이 와 오히려 씁쓸했던 경험이 있었다면， 강용홀의 <초당>은 문명의 잡스런 충돌로 인해 찢어진 자아를 `재통합`하는데 큰 도움을 줄 것이다．...,1994-01-01,https://image.aladin.co.kr/img/noimg_sum_b.gif,국내도서>소설/시/희곡>한국소설>2000년대 이전 한국소설
 자선대표 작품집 해바라기,서정인,청아,대덕소프트웨어마이스터고등학교,EM00000934,813.6 서73ㅎ c.4,,1992-07-15,https://image.aladin.co.kr/product/29/50/coversum/893680216x_1.gif,국내도서>소설/시/희곡>한국소설>2000년대 이전 한국소설
 자선대표 작품집 해바라기,서정인,청아,대덕소프트웨어마이스터고등학교,EM00000930,813.6 서73ㅎ c.2,,1992-07-15,https://image.aladin.co.kr/product/29/50/coversum/893680216x_1.gif,국내도서>소설/시/희곡>한국소설>2000년대 이전 한국소설
아라비안 나이트 6,리처드 F.버턴,범우사,대덕소프트웨어마이스터고등학교,EM00000778,897.7 버833ㅇ,,,,
오만과 몽상,박완서,세계사,대덕소프트웨어마이스터고등학교,EM00004010,813.6 박66ㅂ c.4,'박완서 소설전집 결정판' 9~10권 오만과 몽상. 박완서는 대립되는 두 가계의 후손으로 태어난 두 젊은이가 (세상의) 더러운 상식에 나름의 방법으로 항거하는 이야기를 쓰고자 했다고 오만과 몽상 서문에서 밝히고 있다. 오만과 몽상에는 자신을 둘러싼 태생적 굴레를 나름의 방법으로 타파하고자 하는 두 주인공이 번갈아 등장한다.,2012-01-22,https://image.aladin.co.kr/product/1494/46/coversum/8933801820_2.jpg,국내도서>소설/시/희곡>한국소설>2000년대 이전 한국소설
오만과 몽상,박완서,세계사,대덕소프트웨어마이스터고등학교,EM00004039,813.6 박66ㅂ c.5,'박완서 소설전집 결정판' 9~10권 오만과 몽상. 박완서는 대립되는 두 가계의 후손으로 태어난 두 젊은이가 (세상의) 더러운 상식에 나름의 방법으로 항거하는 이야기를 쓰고자 했다고 오만과 몽상 서문에서 밝히고 있다. 오만과 몽상에는 자신을 둘러싼 태생적 굴레를 나름의 방법으로 타파하고자 하는 두 주인공이 번갈아 등장한다.,2012-01-22,https://image.aladin.co.kr/product/1494/46/coversum/8933801820_2.jpg,국내도서>소설/시/희곡>한국소설>2000년대 이전 한국소설
타인에게 말 걸기,은희경,문학동네,대덕소프트웨어마이스터고등학교,EM00010036,813.6 은98ㅌ c.2,등단 이후 단 한순간도 과거의 이름으로 물러난 적 없이 전 세대를 아우르며 우리의 오늘을 그려온 소설가 은희경의 첫 소설집 『타인에게 말 걸기』를 27년 만에 새롭게 펴낸다. 등단작 「이중주」를 포함해 총 9편의 중단편이 실린 이 소설집은 가히 은희경 소설세계의 시작점이라 할 만하다.,2023-11-10,https://image.aladin.co.kr/product/32826/91/coversum/8954698042_1.jpg,국내도서>소설/시/희곡>한국소설>2000년대 이후 한국소설
해리포터와 불의 잔 제4권 2,조앤 롤링,문학수첩,대덕소프트웨어마이스터고등학교,EM00001049,843.8 롤299ㅎ,"그리핀도르, 슬리데린, 래번클로, 후플푸프 등, 호그와트 마법학교의 네 기숙사를 상징하는 색깔과 마법 동물을 활용해 화려한 디자인, 고급스러운 장정으로 재탄생한 《해리 포터》 기숙사 에디션의 네 번째 이야기 《해리 포터와 불의 잔》이 출간되었다.",2022-08-16,https://image.aladin.co.kr/product/29764/32/coversum/8983929278_1.jpg,국내도서>소설/시/희곡>판타지/환상문학>외국판타지/환상소설
 소설  동의보감  중  2,이은성,창작과비평사,대덕소프트웨어마이스터고등학교,EM00004657,813.6 이68ㄷ v.2,,,,
악마는 프라다를 입는다 1,로렌 와이스버거,문학동네,대덕소프트웨어마이스터고등학교,EM00001146,843 와69ㅇ v.2,한국 출판시장에 새로운 트렌드를 불러일으킨 악마는 프라다를 입는다의 작가 로렌 와이스버거가 2년 만에 새 작품을 들고 국내 독자를 찾는다. 미국에서 2005년에 출간되어 뉴욕 타임스 베스트셀러에 올랐던 누구나 알 권리가 있다가 바로 그것. 전작에서 통통 튀는 감각으로 패션계의 살아 숨쉬는 이야기를 위트 있고 발랄하게 묘사했던 작가는 이번에는 뉴욕 홍보업계에 돋보기를 들이댄다.,2008-07-25,https://image.aladin.co.kr/product/237/52/coversum/8954606199_1.jpg,국내도서>소설/시/희곡>영미소설
셜록 홈즈 전집 5  셜록 홈즈의 모험,아서 코난 도일,황금가지,대덕소프트웨어마이스터고등학교,EM00001220,843 도68ㅅ,"보헤미아 국왕에서부터 전당포 주인, 은행장, 가정교사까지 온갖 종류의 의뢰인이 등장한다. 그런가 하면 위조 지폐를 찍는 위조범들('어느 기술자의 엄지손가락'), 재산 때문에 딸과 결혼식을 올리는 아버지('신랑의 정체'), 비밀 결사 조직 K.K.K단 ('다섯 개의 오렌지 씨앗') 등 갖가지 범인들도 출현한다.",2002-04-05,https://image.aladin.co.kr/product/34/34/coversum/8982734058_2.jpg,국내도서>소설/시/희곡>추리/미스터리소설>영미 추리/미스터리소설
셜록 홈즈 전집 5  셜록 홈즈의 모험,아서 코난 도일,황금가지,대덕소프트웨어마이스터고등학교,EM00011686,843 도68ㅅ v.5,"보헤미아 국왕에서부터 전당포 주인, 은행장, 가정교사까지 온갖 종류의 의뢰인이 등장한다. 그런가 하면 위조 지폐를 찍는 위조범들('어느 기술자의 엄지손가락'), 재산 때문에 딸과 결혼식을 올리는 아버지('신랑의 정체'), 비밀 결사 조직 K.K.K단 ('다섯 개의 오렌지 씨앗') 등 갖가지 범인들도 출현한다.",2002-04-05,https://image.aladin.co.kr/product/34/34/coversum/8982734058_2.jpg,국내도서>소설/시/희곡>추리/미스터리소설>영미 추리/미스터리소설
셜록 홈즈 전집 8  홈즈의 마지막 인사,아서 코난 도일,황금가지,대덕소프트웨어마이스터고등학교,EM00001224,843.081 도69ㅅ,"홈즈 이야기 중 국내에 가장 널리 알려진 에피소드 중 하나인 '브루스파팅턴 호 설계도'와, 1차 세계대전 당시 발표된 '마지막  인사'가 실려 있다. 전쟁의 그늘이 짙게 깔린 암울한 시기에 쓰여진 이 단편에서는, 국익을 위해 활약하는 홈즈의 새로운 모습을 볼 수 있다.",2002-09-05,https://image.aladin.co.kr/product/37/48/coversum/8982734007_2.jpg,국내도서>소설/시/희곡>추리/미스터리소설>영미 추리/미스터리소설
셜록 홈즈 전집 8  홈즈의 마지막 인사,아서 코난 도일,황금가지,대덕소프트웨어마이스터고등학교,EM00011683,843 도68ㅅ v.8,"홈즈 이야기 중 국내에 가장 널리 알려진 에피소드 중 하나인 '브루스파팅턴 호 설계도'와, 1차 세계대전 당시 발표된 '마지막  인사'가 실려 있다. 전쟁의 그늘이 짙게 깔린 암울한 시기에 쓰여진 이 단편에서는, 국익을 위해 활약하는 홈즈의 새로운 모습을 볼 수 있다.",2002-09-05,https://image.aladin.co.kr/product/37/48/coversum/8982734007_2.jpg,국내도서>소설/시/희곡>추리/미스터리소설>영미 추리/미스터리소설
셜록 홈즈 전집 3  바스커빌 가문의 개,아서 코난 도일,황금가지,대덕소프트웨어마이스터고등학교,EM00011688,843 도68ㅅ v.3 c.2,"X-파일 연상되는 신비주의, 초현실주의와의 대결이 사건의 핵심. '바스커빌 가문의 개'라는 다소 의미심장한 제목도 으스스한 작품 분위기를 물씬 전해주고 있다.",2002-02-05,https://image.aladin.co.kr/product/32/99/coversum/8982734031_2.jpg,국내도서>소설/시/희곡>추리/미스터리소설>영미 추리/미스터리소설
장미의 이름  하 ,움베르토 에코,열린책들,대덕소프트웨어마이스터고등학교,EM00001564,883.6 에875ㅈ,"영국의 수도사 바스커빌의 윌리엄이, 이탈리아의 한 수도원에 도착하면서 이 소설은 시작된다. 그리고 그의 도착과 더불어 수도원에서는 끔찍한 연쇄 살인 사건이 벌어지기 시작한다. 수도원장으로부터 사건 해결을 의뢰받은 윌리엄은 그의 시자 아드소와 함께 사건 수사에 착수한다.",2008-04-30,https://image.aladin.co.kr/product/24/19/coversum/8932906769_1.jpg,국내도서>소설/시/희곡>추리/미스터리소설>기타국가 추리/미스터리소설
남자의 향기 3  들녘에 서서,하병무,밝은세상,대덕소프트웨어마이스터고등학교,EM00001618,813.6 하44ㄴ,,,,
     측천무후  ,샨사,현대문학,대덕소프트웨어마이스터고등학교,EM00001637,863 샨51ㅊ v.下,,2004-10-08,https://image.aladin.co.kr/product/52/2/coversum/8972752924_1.gif,국내도서>소설/시/희곡>역사소설>외국 역사소설
설국,가와바타 야스나리,민음사,대덕소프트웨어마이스터고등학교,EM00001686,808 민68ㅅ,"『설국』이 민음사에서 새로 번역되어 출간되었다. 『설국』은 이미 10여 종이 넘는 한국어 번역본이 나와 있으며 그간 수십만 권이 팔렸을 만큼 국내에서 애독되고 있는 대표적인 일본 소설이지만, 정식 계약 번역본은 이번이 처음이다.",2002-01-28,https://image.aladin.co.kr/product/32/87/coversum/s092934786_1.jpg,국내도서>소설/시/희곡>일본소설>1950년대 이후 일본소설
코끼리를 찾아서,조경란,문학과 지성사,대덕소프트웨어마이스터고등학교,EM00000399,813.6 조14ㅋ,"표제작 '코끼리를 찾아서'를 포함해 7편의 중.단편을 수록했다. '코끼리를 찾아서'는 자전적인 체험을 바탕으로 한 소설. 장녀, 죽은 사람들의 기척, 사진에 찍힌 코끼리 등이 미묘한 분위기를 형성한다.",2002-05-07,https://image.aladin.co.kr/product/34/80/coversum/8932013349_1.gif,국내도서>소설/시/희곡>한국소설>2000년대 이후 한국소설
지붕위의 사람들,황인숙,문학동네,대덕소프트웨어마이스터고등학교,EM00000415,813.6 황69ㅈ,"자유분방한 상상력과 언어구사가 뛰어난 황인숙 시인이 동화를 선보인다. 2001년 계간 「문학동네」에 연재했던 글을 묶었다. 시인의 동화는 따뜻하고, 상큼하게 읽힌다. 초라하고 보잘것없는 인생, 그 지난한 일상을 보듬는 따뜻한 시선이 느껴지기 때문이다.",2002-07-11,https://image.aladin.co.kr/product/36/59/coversum/8982815384_1.gif,국내도서>소설/시/희곡>한국소설>2000년대 이후 한국소설
 자선대표 작품집 해바라기,서정인,청아,대덕소프트웨어마이스터고등학교,EM00000933,813.6 서73ㅎ c.3,,1992-07-15,https://image.aladin.co.kr/product/29/50/coversum/893680216x_1.gif,국내도서>소설/시/희곡>한국소설>2000년대 이전 한국소설
바닷가 마지막 집,전경린,생각의 나무,대덕소프트웨어마이스터고등학교,EM00000542,813.6 전14ㅂ,"「창작과 비평」 1997년 여름호에 실린 단편소설로, 전경린의 문체와 뛰어난 감수성이 발휘된 작품으로 평가받는 '바닷가 마지막 집'을 청소년을 위한 만화로 만들었다. 몰락해 가는 한 가족의 이면을 통해 일상 속에 내재된 욕망, 관습과 제도를 거부하는 불온함을 섬뜩하게 그리고 있다.",2003-11-17,https://image.aladin.co.kr/product/44/12/coversum/8990365759_1.gif,국내도서>만화>교양만화>인문/교양
눈먼 자들의 도시,주제 사라마구,해냄,대덕소프트웨어마이스터고등학교,EM00011021,879 사231ㄴ c.2,노벨문학상을 수상한 세계적인 거장 주제 사라마구의 탄생 100주년을 기념하기 위해 그의 대표작 『눈먼 자들의 도시』가 스페셜 에디션으로 출간되었다. 많은 독자들이 요청해왔던 초판 버전의 표지로 리뉴얼하여 새롭게 단장했다.,2022-10-20,https://image.aladin.co.kr/product/30307/98/coversum/k392839030_1.jpg,국내도서>소설/시/희곡>세계의 소설>기타 국가 소설
모순,양귀자,살림,대덕소프트웨어마이스터고등학교,EM00009356,813.6 양16ㅁ c.2,"작가 양귀자가 1998년 펴낸 세 번째 장편소설로, 책이 나온 지 한 달 만에 무서운 속도로 베스트셀러 1위에 진입, 출판계를 놀라게 하고 그해 최고의 베스트셀러로 자리 잡으면서 ‘양귀자 소설의 힘’을 다시 한 번 유감없이 보여준 소설이다.",2013-04-01,https://image.aladin.co.kr/product/2584/37/coversum/8998441012_3.jpg,국내도서>소설/시/희곡>한국소설>2000년대 이전 한국소설
포세이돈 어드벤처 4  북극 속으로 사라지다,오세영,동방미디어,대덕소프트웨어마이스터고등학교,EM00000802,800 오53ㅍ,,,,
오만과 몽상,박완서,세계사,대덕소프트웨어마이스터고등학교,EM00000812,813.6 박66ㅂ,'박완서 소설전집 결정판' 9~10권 오만과 몽상. 박완서는 대립되는 두 가계의 후손으로 태어난 두 젊은이가 (세상의) 더러운 상식에 나름의 방법으로 항거하는 이야기를 쓰고자 했다고 오만과 몽상 서문에서 밝히고 있다. 오만과 몽상에는 자신을 둘러싼 태생적 굴레를 나름의 방법으로 타파하고자 하는 두 주인공이 번갈아 등장한다.,2012-01-22,https://image.aladin.co.kr/product/1494/46/coversum/8933801820_2.jpg,국내도서>소설/시/희곡>한국소설>2000년대 이전 한국소설
 홍상화 장편소설 사랑은 길을 잃지 않는다,홍상화,문이당,대덕소프트웨어마이스터고등학교,EM00000994,813.6 홍51ㅅ,,,,
 소설  동의보감  하  3,이은성,창작과비평사,대덕소프트웨어마이스터고등학교,EM00004485,813.6 이68ㄷ v.3,,,,
못난 것도 힘이 된다 2,이상석,자인,대덕소프트웨어마이스터고등학교,EM00001450,818 이51ㅁ v.2 c.2,"<사랑으로 매긴 성적표>의 이상석이 쓴 성장 소설. 자연의 품에서 마음만은 넉넉하게 자란 어린시절, 꼴통이라 불리며 문제 학생으로 찬란하게 추락해가던 청소년 시절, 만화가 박재동과의 운명적인 만남, 군대에서의 온갖 해프닝, 선생님이 되기까지 도움을 주신 분들에 대해서 썼다. 같은 반 선생님과 학생이 함께 읽기에 좋은 소설.",2001-12-15,https://image.aladin.co.kr/product/30/86/coversum/8989276047_1.gif,국내도서>소설/시/희곡>한국소설>2000년대 이후 한국소설
 장편역사소설 정도전 1,임종일,한림원,대덕소프트웨어마이스터고등학교,EM00001242,813.6 임75ㅈ,"임종일의 장편역사소설. 시대를 앞서간 어느 혁명가의 격동의 삶과 비운의 죽음까지, 소설보다 소설 같고 드라마보다 드라마틱한 역사의 현장을 생생하게 복원해냈다. 작가가 8년에 걸친 각고의 노력 끝에 내놓은 작품을 21세기라는 시대 상황에 발맞추어 다시 손질했다.",2014-02-26,https://image.aladin.co.kr/product/3647/75/coversum/1195209010_3.jpg,국내도서>소설/시/희곡>역사소설>한국 역사소설
안네의 일기,안네 프랑크,문학사상사,대덕소프트웨어마이스터고등학교,EM00001566,856.6 프291ㅇ,스콜라 청소년 시리즈. 은신처: 1942년 6월 12일부터 1944년 8월 1일까지의 기록이라는 제목으로 1947년 콘탁트 출판사에서 출간된 초판본을 각색해 그래픽 노블로 재구성한 것이다.,2017-06-30,https://image.aladin.co.kr/product/11232/33/coversum/8962478463_1.jpg,국내도서>청소년>청소년 문학>청소년 소설
난주,김소윤,은행나무,대덕소프트웨어마이스터고등학교,IT00012270,813.6 김55ㄴ,제6회 제주4·3평화문학상 수상작. 명망 있는 양반가의 여식이자 천주교도였던 ‘정난주 마리아’가 신유박해로 인해 집안이 몰락한 후 제주도 관노비가 되어 견뎌야 했던 신산한 삶을 그려낸 소설이다.,2018-11-19,https://image.aladin.co.kr/product/17424/74/coversum/s912534022_1.jpg,국내도서>소설/시/희곡>한국소설>2000년대 이후 한국소설
굿바이  욘더,김장환,비채,대덕소프트웨어마이스터고등학교,IT00016393,813.7 김72ㄱ,"2010년, 일억 원 고료 뉴웨이브문학상을 수상한 이래로 십 년이 넘는 세월 동안 꾸준히 큰 사랑을 받아온 SF 명작 굿바이, 욘더의 전면 개정판이 출간되었다. 전면 개정판에서는 2022년 감각으로 문장과 표현을 세심하게 다듬은 것은 물론 저자의 짧은 후기를 추가로 수록하였다.",2022-10-31,https://image.aladin.co.kr/product/30298/18/coversum/8934981296_2.jpg,국내도서>소설/시/희곡>과학소설(SF)>한국 과학소설
달팽이 식당,오가와이토,미래엔,대덕소프트웨어마이스터고등학교,IT00016403,833.6 오12ㄷ,"어느 조용한 산골 마을, 작은 식당에 모여든 평범한 사람들에게 일어난 기적 같은 이야기를 그린 소설 《달팽이 식당》이 새로운 번역과 디자인으로 돌아왔다.  주인공 링고와 저마다의 내밀한 상처를 지닌 손님들의 사연을 통해 시련을 딛고 삶을 긍정하며 계속 살아나가는 법에 대해 들려준다.",2022-11-01,https://image.aladin.co.kr/product/30382/53/coversum/8925577607_1.jpg,국내도서>소설/시/희곡>일본소설>1950년대 이후 일본소설
토지 1부 1권,박경리,마로니에북스,대덕소프트웨어마이스터고등학교,IT00016440,813.6 박14ㅌ v.1권,명실상부 한국 문학사의 기념비적 작품으로 자리하고 있는 박경리의 대하소설 『토지』가 첫 집필 54년 만에 현대적 감각으로 다시 탄생했다. 한국 문학사에 다시없을 걸작이 원전을 충실하게 살린 편집과 고전에 대한 선입견을 완벽하게 깨부수어줄 디자인으로 새 시대의 새 독자를 만날 준비를 마쳤다.,2023-06-07,https://image.aladin.co.kr/product/31830/63/coversum/k442833125_1.jpg,국내도서>소설/시/희곡>역사소설>한국 역사소설
만화 토지1부 2  2,박경리,마로니에북스,대덕소프트웨어마이스터고등학교,IT00016441,813.6 박14ㅁ v.2,"『토지』가 이번에는 5부 총 17권의 만화로 재탄생되었다. 만화가 가지고 있는 특유의 맛과 스타일로 원작 토지에 새로운 생명을 불어넣었으며, 시각적인 재미와 흥미뿐만 아니라 원작의 감동까지도 섬세하게 담아냈다.",2016-08-15,https://image.aladin.co.kr/product/8996/91/coversum/8960534323_1.jpg,국내도서>만화>대하/서사만화
토지1부 3,박경리,마로니에북스,대덕소프트웨어마이스터고등학교,IT00016442,813.6 박14ㅌ v.3,명실상부 한국 문학사의 기념비적 작품으로 자리하고 있는 박경리의 대하소설 『토지』가 첫 집필 54년 만에 현대적 감각으로 다시 탄생했다. 한국 문학사에 다시없을 걸작이 원전을 충실하게 살린 편집과 고전에 대한 선입견을 완벽하게 깨부수어줄 디자인으로 새 시대의 새 독자를 만날 준비를 마쳤다.,2023-06-07,https://image.aladin.co.kr/product/31830/66/coversum/k622833125_1.jpg,국내도서>소설/시/희곡>역사소설>한국 역사소설
토지1부 4,박경리,마로니에북스,대덕소프트웨어마이스터고등학교,IT00016443,813.6 박14ㅌ v.4,명실상부 한국 문학사의 기념비적 작품으로 자리하고 있는 박경리의 대하소설 『토지』가 첫 집필 54년 만에 현대적 감각으로 다시 탄생했다. 한국 문학사에 다시없을 걸작이 원전을 충실하게 살린 편집과 고전에 대한 선입견을 완벽하게 깨부수어줄 디자인으로 새 시대의 새 독자를 만날 준비를 마쳤다.,2023-06-07,https://image.aladin.co.kr/product/31830/67/coversum/k752833125_1.jpg,국내도서>소설/시/희곡>역사소설>한국 역사소설
토지 2부 1,박경리,마로니에북스,대덕소프트웨어마이스터고등학교,IT00016444,813.6 박14ㅌ v.1,명실상부 한국 문학사의 기념비적 작품으로 자리하고 있는 박경리의 대하소설 『토지』가 첫 집필 54년 만에 현대적 감각으로 다시 탄생했다. 한국 문학사에 다시없을 걸작이 원전을 충실하게 살린 편집과 고전에 대한 선입견을 완벽하게 깨부수어줄 디자인으로 새 시대의 새 독자를 만날 준비를 마쳤다.,2023-06-07,https://image.aladin.co.kr/product/31830/65/coversum/k662833125_1.jpg,국내도서>소설/시/희곡>역사소설>한국 역사소설
은하영웅전설 5  풍운편,다나카요시키,디앤씨미디어,대덕소프트웨어마이스터고등학교,EM00018030,833.6 다192ㅇ v.5,"1982년 일본에서 폭발적인 반향을 일으켰던 다나카 요시키의 소설. 이번 완전판에는 국내에 번역된 바 없는 외전소설 황금의 날개가 완역되며, 작품의 만화화를 맡은 미치하라 카츠미의 컬러, 흑백 삽화가 수록된다. 또한 작가 다나카 요시키와의 롱 인터뷰가 정전 1~10권에 권말연재로 실려있다.",2011-10-11,https://image.aladin.co.kr/product/1363/90/coversum/8926770257_1.jpg,국내도서>소설/시/희곡>판타지/환상문학>외국판타지/환상소설
가녀장의 시대,이슬아,이야기장수,대덕소프트웨어마이스터고등학교,IT00016390,813.7 이57ㄱ,매일 한 편씩 이메일로 독자들에게 글을 보내는 일간 이슬아로 그 어떤 등단 절차나 시스템의 승인 없이도 독자와 직거래를 트며 우리 시대의 대표 에세이스트로 자리잡은 작가 이슬아의 첫 장편소설. 가부장도 가모장도 아닌 가녀장이 주인공인 이야기이다.,2022-10-07,https://image.aladin.co.kr/product/30261/10/coversum/8954688799_2.jpg,국내도서>소설/시/희곡>한국소설>2000년대 이후 한국소설
변신,프란츠 카프카,아름다운날,대덕소프트웨어마이스터고등학교,IT00016411,853 카897ㅂ,"「변신」에서 외판사원 그레고르 잠자는 어느 날 아침 자신이 흉측한 해충으로 변해 버린 것을 발견한다. 그는 평소 열심히 일하며 가족의 생계를 유지해 왔지만, 이제 가족과 직장 상사는 침대에서 꼼짝 못 하는 그에게 등을 돌린다. 「시골의사」에서는 눈보라가 몰아치는 밤, 시골의 사인 ‘나’가 의사를 찾는 비상 종소리에 급히 집을 나선다.",1998-08-05,https://image.aladin.co.kr/product/6/4/coversum/s972932230_1.jpg,국내도서>소설/시/희곡>독일소설
오늘 밤  세계에서 이 눈물이 사라진다 해도,이치조미사키,모모,대덕소프트웨어마이스터고등학교,IT00016418,833.6 이86ㅇ,,,,
이와중에 스무 살,최지연,창비,대덕소프트웨어마이스터고등학교,IT00016422,813.8 최78ㅇ,"2022년 제1회 성장소설상 대상을 수상한 최지연 작가의 저서. 대학에 진학하고 나서야 자신이 어떤 사람인지, 무슨 일을 하고 싶은지 들여다보기 시작한 주인공 은호를 통해 우리 시대 청년의 자화상을 보여 준다.",2022-10-31,https://image.aladin.co.kr/product/30444/25/coversum/k872830379_1.jpg,국내도서>소설/시/희곡>한국소설>2000년대 이후 한국소설
토지2부 7,박경리,마로니에북스,대덕소프트웨어마이스터고등학교,IT00016446,813.6 박14ㅌ v.7,명실상부 한국 문학사의 기념비적 작품으로 자리하고 있는 박경리의 대하소설 『토지』가 첫 집필 54년 만에 현대적 감각으로 다시 탄생했다. 한국 문학사에 다시없을 걸작이 원전을 충실하게 살린 편집과 고전에 대한 선입견을 완벽하게 깨부수어줄 디자인으로 새 시대의 새 독자를 만날 준비를 마쳤다.,2023-06-07,https://image.aladin.co.kr/product/31830/73/coversum/k812833125_1.jpg,국내도서>소설/시/희곡>역사소설>한국 역사소설
토지2부 8,박경리,마로니에북스,대덕소프트웨어마이스터고등학교,IT00016447,813.6 박14ㅌ v.8,명실상부 한국 문학사의 기념비적 작품으로 자리하고 있는 박경리의 대하소설 『토지』가 첫 집필 54년 만에 현대적 감각으로 다시 탄생했다. 한국 문학사에 다시없을 걸작이 원전을 충실하게 살린 편집과 고전에 대한 선입견을 완벽하게 깨부수어줄 디자인으로 새 시대의 새 독자를 만날 준비를 마쳤다.,2023-06-07,https://image.aladin.co.kr/product/31830/74/coversum/k952833126_1.jpg,국내도서>소설/시/희곡>역사소설>한국 역사소설
토지5부 17,박경리,마로니에북스,대덕소프트웨어마이스터고등학교,IT00016456,813.6 박14ㅌ v.17,명실상부 한국 문학사의 기념비적 작품으로 자리하고 있는 박경리의 대하소설 『토지』가 첫 집필 54년 만에 현대적 감각으로 다시 탄생했다. 한국 문학사에 다시없을 걸작이 원전을 충실하게 살린 편집과 고전에 대한 선입견을 완벽하게 깨부수어줄 디자인으로 새 시대의 새 독자를 만날 준비를 마쳤다.,2023-06-07,https://image.aladin.co.kr/product/31830/93/coversum/k532833126_1.jpg,국내도서>소설/시/희곡>역사소설>한국 역사소설
신들의 전쟁,닐 게이먼,황금가지,대덕소프트웨어마이스터고등학교,IT00012418,843 게68ㅅ,"『네버웨어』, 『스타더스트』, 『샌드맨』, 『멋진 징조들』 등의 대표작을 발표하며 휴고 상, 네뷸러 상, 로커스 상 등 굴지의 상을 여러 번 수상한 영미 환상 문학계의 스타 작가 닐 게이먼의 대표작 『신들의 전쟁의 10주년 기념 개정판이 출간되었다.",2021-03-19,https://image.aladin.co.kr/product/26883/58/coversum/k542730409_1.jpg,국내도서>소설/시/희곡>판타지/환상문학>외국판타지/환상소설
레베카,대프니 듀 모리에,현대문학,대덕소프트웨어마이스터고등학교,IT00012425,843 모298ㄹ,대프니 듀 모리의 대표작. 대프니 듀 모리에는 '서스펜스의 여왕'으로 칭송되는 영국의 여성 작가이다. 1938년에 출판된 레베카는 그녀의 다섯 번째 소설이자 대표작으로 발간 후 영국에서만 28쇄를 거듭할 만큼 폭발적 반응을 이끌어냈다.,2018-08-15,https://image.aladin.co.kr/product/16339/4/coversum/8972759066_3.jpg,국내도서>소설/시/희곡>추리/미스터리소설>영미 추리/미스터리소설
어느 날  내 죽음에 네가 들어왔다,세이카료겐,모모,대덕소프트웨어마이스터고등학교,IT00016415,833.6 세68ㅇ,,,,
지구 끝의 온실,김초엽,자이언트북스,대덕소프트웨어마이스터고등학교,IT00016430,813.7 김84ㅈ,김초엽 첫 장편소설. 『우리가 빛의 속도로 갈 수 없다면』을 통해 이미 폭넓은 독자층을 형성하며 열렬한 사랑을 받고 있는 김초엽 작가는 더스트로 멸망한 이후의 세계를 첫 장편소설의 무대로 삼았다.,2021-08-18,https://image.aladin.co.kr/product/27692/63/coversum/s222930473_1.jpg,국내도서>소설/시/희곡>과학소설(SF)>한국 과학소설
지하로부터의 수기,표도르 도스토예프스키,민음사,대덕소프트웨어마이스터고등학교,IT00016431,808 도57ㅈ,"도스토예프스키 작품 세계에서 전환점이 되었으며, 최초의 실존주의 소설이라 일컬어지는 소설 지하로부터의 수기. 자신은 누구보다 똑똑하다고 자부하지만 실제로는 새로운 시대의 철학도 이념도 모두 경멸하고, 나아가 자기 자신을 가장 경멸하는 지식인인 주인공 '지하 인간'이 등장한다.",2010-02-26,https://image.aladin.co.kr/product/655/25/coversum/8937462397_3.jpg,국내도서>소설/시/희곡>러시아소설
토지3부 11,박경리,마로니에북스,대덕소프트웨어마이스터고등학교,IT00016450,813.6 박14ㅌ v.11,명실상부 한국 문학사의 기념비적 작품으로 자리하고 있는 박경리의 대하소설 『토지』가 첫 집필 54년 만에 현대적 감각으로 다시 탄생했다. 한국 문학사에 다시없을 걸작이 원전을 충실하게 살린 편집과 고전에 대한 선입견을 완벽하게 깨부수어줄 디자인으로 새 시대의 새 독자를 만날 준비를 마쳤다.,2023-06-07,https://image.aladin.co.kr/product/31830/80/coversum/k172833126_2.jpg,국내도서>소설/시/희곡>역사소설>한국 역사소설
토지3부 12,박경리,마로니에북스,대덕소프트웨어마이스터고등학교,IT00016451,813.6 박14ㅌ v.12,명실상부 한국 문학사의 기념비적 작품으로 자리하고 있는 박경리의 대하소설 『토지』가 첫 집필 54년 만에 현대적 감각으로 다시 탄생했다. 한국 문학사에 다시없을 걸작이 원전을 충실하게 살린 편집과 고전에 대한 선입견을 완벽하게 깨부수어줄 디자인으로 새 시대의 새 독자를 만날 준비를 마쳤다.,2023-06-07,https://image.aladin.co.kr/product/31830/81/coversum/k102833126_2.jpg,국내도서>소설/시/희곡>역사소설>한국 역사소설
토지4부 13,박경리,마로니에북스,대덕소프트웨어마이스터고등학교,IT00016452,813.6 박14ㅌ v.13,명실상부 한국 문학사의 기념비적 작품으로 자리하고 있는 박경리의 대하소설 『토지』가 첫 집필 54년 만에 현대적 감각으로 다시 탄생했다. 한국 문학사에 다시없을 걸작이 원전을 충실하게 살린 편집과 고전에 대한 선입견을 완벽하게 깨부수어줄 디자인으로 새 시대의 새 독자를 만날 준비를 마쳤다.,2023-06-07,https://image.aladin.co.kr/product/31830/81/coversum/k132833126_2.jpg,국내도서>소설/시/희곡>역사소설>한국 역사소설
토지5부 18,박경리,마로니에북스,대덕소프트웨어마이스터고등학교,IT00016457,813.6 박14ㅌ v.18,명실상부 한국 문학사의 기념비적 작품으로 자리하고 있는 박경리의 대하소설 『토지』가 첫 집필 54년 만에 현대적 감각으로 다시 탄생했다. 한국 문학사에 다시없을 걸작이 원전을 충실하게 살린 편집과 고전에 대한 선입견을 완벽하게 깨부수어줄 디자인으로 새 시대의 새 독자를 만날 준비를 마쳤다.,2023-06-07,https://image.aladin.co.kr/product/31830/95/coversum/k612833126_1.jpg,국내도서>소설/시/희곡>역사소설>한국 역사소설
신들의 전쟁,닐 게이먼,황금가지,대덕소프트웨어마이스터고등학교,IT00012417,843 게68ㅅ,"『네버웨어』, 『스타더스트』, 『샌드맨』, 『멋진 징조들』 등의 대표작을 발표하며 휴고 상, 네뷸러 상, 로커스 상 등 굴지의 상을 여러 번 수상한 영미 환상 문학계의 스타 작가 닐 게이먼의 대표작 『신들의 전쟁의 10주년 기념 개정판이 출간되었다.",2021-03-19,https://image.aladin.co.kr/product/26883/58/coversum/k542730409_1.jpg,국내도서>소설/시/희곡>판타지/환상문학>외국판타지/환상소설
사람은 무엇으로 사는가,례프 니꼴라예비치 똘스또이,열린책들,대덕소프트웨어마이스터고등학교,EM00018678,892.83 똘57ㅅ c.18,,,,
사람은 무엇으로 사는가,례프 니꼴라예비치 똘스또이,열린책들,대덕소프트웨어마이스터고등학교,EM00018679,892.83 똘57ㅅ c.19,,,,
사람은 무엇으로 사는가,례프 니꼴라예비치 똘스또이,열린책들,대덕소프트웨어마이스터고등학교,EM00018667,892.83 똘57ㅅ c.7,,,,
사람은 무엇으로 사는가,례프 니꼴라예비치 똘스또이,열린책들,대덕소프트웨어마이스터고등학교,EM00018668,892.83 똘57ㅅ c.8,,,,
사람은 무엇으로 사는가,례프 니꼴라예비치 똘스또이,열린책들,대덕소프트웨어마이스터고등학교,EM00018673,892.83 똘57ㅅ c.13,,,,
사람은 무엇으로 사는가,례프 니꼴라예비치 똘스또이,열린책들,대덕소프트웨어마이스터고등학교,EM00018661,892.83 똘57ㅅ,,,,
변신,프란츠 카프카,문학동네,대덕소프트웨어마이스터고등학교,EM00018688,853 카897ㅂ c.6,"「변신」에서 외판사원 그레고르 잠자는 어느 날 아침 자신이 흉측한 해충으로 변해 버린 것을 발견한다. 그는 평소 열심히 일하며 가족의 생계를 유지해 왔지만, 이제 가족과 직장 상사는 침대에서 꼼짝 못 하는 그에게 등을 돌린다. 「시골의사」에서는 눈보라가 몰아치는 밤, 시골의 사인 ‘나’가 의사를 찾는 비상 종소리에 급히 집을 나선다.",1998-08-05,https://image.aladin.co.kr/product/6/4/coversum/s972932230_1.jpg,국내도서>소설/시/희곡>독일소설
변신,프란츠 카프카,문학동네,대덕소프트웨어마이스터고등학교,EM00018684,853 카897ㅂ c.2,"「변신」에서 외판사원 그레고르 잠자는 어느 날 아침 자신이 흉측한 해충으로 변해 버린 것을 발견한다. 그는 평소 열심히 일하며 가족의 생계를 유지해 왔지만, 이제 가족과 직장 상사는 침대에서 꼼짝 못 하는 그에게 등을 돌린다. 「시골의사」에서는 눈보라가 몰아치는 밤, 시골의 사인 ‘나’가 의사를 찾는 비상 종소리에 급히 집을 나선다.",1998-08-05,https://image.aladin.co.kr/product/6/4/coversum/s972932230_1.jpg,국내도서>소설/시/희곡>독일소설
변신,프란츠 카프카,문학동네,대덕소프트웨어마이스터고등학교,EM00018685,853 카897ㅂ c.3,"「변신」에서 외판사원 그레고르 잠자는 어느 날 아침 자신이 흉측한 해충으로 변해 버린 것을 발견한다. 그는 평소 열심히 일하며 가족의 생계를 유지해 왔지만, 이제 가족과 직장 상사는 침대에서 꼼짝 못 하는 그에게 등을 돌린다. 「시골의사」에서는 눈보라가 몰아치는 밤, 시골의 사인 ‘나’가 의사를 찾는 비상 종소리에 급히 집을 나선다.",1998-08-05,https://image.aladin.co.kr/product/6/4/coversum/s972932230_1.jpg,국내도서>소설/시/희곡>독일소설
변신,프란츠 카프카,문학동네,대덕소프트웨어마이스터고등학교,EM00018703,853 카897ㅂ c.21,"「변신」에서 외판사원 그레고르 잠자는 어느 날 아침 자신이 흉측한 해충으로 변해 버린 것을 발견한다. 그는 평소 열심히 일하며 가족의 생계를 유지해 왔지만, 이제 가족과 직장 상사는 침대에서 꼼짝 못 하는 그에게 등을 돌린다. 「시골의사」에서는 눈보라가 몰아치는 밤, 시골의 사인 ‘나’가 의사를 찾는 비상 종소리에 급히 집을 나선다.",1998-08-05,https://image.aladin.co.kr/product/6/4/coversum/s972932230_1.jpg,국내도서>소설/시/희곡>독일소설
스탠드 6  끝의 시작,스티븐 킹,황금가지,대덕소프트웨어마이스터고등학교,EM00018708,843 킹57ㅅ v.6,"애버게일이 돌아왔다는 소식에 볼더 공동체는 축제 분위기에 휩싸이지만, 기쁨도 잠시뿐. 다크맨의 선제 공격으로 생존자들은 괴멸에 가까운 피해를 입는다. 절망에 빠진 이들에게 애버게일은 마지막 계시를 남기고 떠나가고, 스튜, 글렌, 래리, 랠프는 예언자의 유언을 받들어 최후의 대결 장소인 라스베이거스로 향하는데...",2008-01-02,https://image.aladin.co.kr/product/103/19/coversum/8960171298_1.jpg,국내도서>소설/시/희곡>영미소설
스탠드 1  바이러스,스티븐 킹,황금가지,대덕소프트웨어마이스터고등학교,EM00018709,843 킹57ㅅ v.1,"스티븐 킹의 장편소설 스탠드의 무삭제 완전판이 출간됐다. 멸망으로 치닫는 세계, 그리고 선과 악 최후의 전쟁! 공포의 거장이 선사하는 박진감 넘치는 근미래 묵시록.",2007-10-19,https://image.aladin.co.kr/product/99/51/coversum/8960171247_1.jpg,국내도서>소설/시/희곡>영미소설
스탠드 2  학살,스티븐 킹,황금가지,대덕소프트웨어마이스터고등학교,EM00018710,843 킹57ㅅ v.2,,2007-10-19,https://image.aladin.co.kr/product/99/51/coversum/8960171255_1.jpg,국내도서>소설/시/희곡>영미소설
스탠드 3  애버게일의 노래,스티븐 킹,황금가지,대덕소프트웨어마이스터고등학교,EM00018711,843 킹57ㅅ v.3,"사상 최악의 바이러스가 퍼진 지 불과 2주, 세계는 멸망하고 말았다. 살아남은 극소수의 사람들은 꿈에서 본 땅을 찾아 폐허가 된 대륙을 떠돈다. 곳곳에서 생존자들이 합류하여 일행의 숫자가 늘어날수록 꿈속의 풍경은 또렷해진다. 광활한 옥수수밭 한가운데에 서 있는 하얀 집, 그 집 현관 앞에 앉아 기타를 치며 노래하는 흑인 노파... 일행은 마침내 네브래스카 대평원에 도착하여 마더 애버게일이라는 이름의 할머니를 만나고, 그녀의 경고를 듣는다.",2007-11-23,https://image.aladin.co.kr/product/101/58/coversum/8960171263_1.jpg,국내도서>소설/시/희곡>영미소설
나의 아름다운 날들,정지아,은행나무,대덕소프트웨어마이스터고등학교,IT00016487,813.7 정78ㄴ,"아버지의 해방 일지로 2022년 한 해 큰 사랑을 받았던 소설가 정지아의 소설집 숲의 대화가 출간 만 10년을 기념하여 개정판으로 다시 선보인다. 이상문학상 우수상 수상작인 '봄날 오후, 과부 셋'과 '목욕 가는 날'을 비롯해 일본에 번역 출간된 '핏줄' 등 평단과 독자의 호평을 받았던 보석 같은 단편 11편이 수록돼 있다.",2023-02-13,https://image.aladin.co.kr/product/31034/3/coversum/k452831518_2.jpg,국내도서>소설/시/희곡>한국소설>2000년대 이후 한국소설
사람은 무엇으로 사는가,례프 니꼴라예비치 똘스또이,열린책들,대덕소프트웨어마이스터고등학교,EM00018680,892.83 똘57ㅅ c.20,,,,
사람은 무엇으로 사는가,례프 니꼴라예비치 똘스또이,열린책들,대덕소프트웨어마이스터고등학교,EM00018674,892.83 똘57ㅅ c.14,,,,
사람은 무엇으로 사는가,례프 니꼴라예비치 똘스또이,열린책들,대덕소프트웨어마이스터고등학교,EM00018664,892.83 똘57ㅅ c.4,,,,
변신,프란츠 카프카,문학동네,대덕소프트웨어마이스터고등학교,EM00018690,853 카897ㅂ c.8,"「변신」에서 외판사원 그레고르 잠자는 어느 날 아침 자신이 흉측한 해충으로 변해 버린 것을 발견한다. 그는 평소 열심히 일하며 가족의 생계를 유지해 왔지만, 이제 가족과 직장 상사는 침대에서 꼼짝 못 하는 그에게 등을 돌린다. 「시골의사」에서는 눈보라가 몰아치는 밤, 시골의 사인 ‘나’가 의사를 찾는 비상 종소리에 급히 집을 나선다.",1998-08-05,https://image.aladin.co.kr/product/6/4/coversum/s972932230_1.jpg,국내도서>소설/시/희곡>독일소설
변신,프란츠 카프카,문학동네,대덕소프트웨어마이스터고등학교,EM00018691,853 카897ㅂ c.9,"「변신」에서 외판사원 그레고르 잠자는 어느 날 아침 자신이 흉측한 해충으로 변해 버린 것을 발견한다. 그는 평소 열심히 일하며 가족의 생계를 유지해 왔지만, 이제 가족과 직장 상사는 침대에서 꼼짝 못 하는 그에게 등을 돌린다. 「시골의사」에서는 눈보라가 몰아치는 밤, 시골의 사인 ‘나’가 의사를 찾는 비상 종소리에 급히 집을 나선다.",1998-08-05,https://image.aladin.co.kr/product/6/4/coversum/s972932230_1.jpg,국내도서>소설/시/희곡>독일소설
변신,프란츠 카프카,문학동네,대덕소프트웨어마이스터고등학교,EM00018693,853 카897ㅂ c.11,"「변신」에서 외판사원 그레고르 잠자는 어느 날 아침 자신이 흉측한 해충으로 변해 버린 것을 발견한다. 그는 평소 열심히 일하며 가족의 생계를 유지해 왔지만, 이제 가족과 직장 상사는 침대에서 꼼짝 못 하는 그에게 등을 돌린다. 「시골의사」에서는 눈보라가 몰아치는 밤, 시골의 사인 ‘나’가 의사를 찾는 비상 종소리에 급히 집을 나선다.",1998-08-05,https://image.aladin.co.kr/product/6/4/coversum/s972932230_1.jpg,국내도서>소설/시/희곡>독일소설
변신,프란츠 카프카,문학동네,대덕소프트웨어마이스터고등학교,EM00018694,853 카897ㅂ c.12,"「변신」에서 외판사원 그레고르 잠자는 어느 날 아침 자신이 흉측한 해충으로 변해 버린 것을 발견한다. 그는 평소 열심히 일하며 가족의 생계를 유지해 왔지만, 이제 가족과 직장 상사는 침대에서 꼼짝 못 하는 그에게 등을 돌린다. 「시골의사」에서는 눈보라가 몰아치는 밤, 시골의 사인 ‘나’가 의사를 찾는 비상 종소리에 급히 집을 나선다.",1998-08-05,https://image.aladin.co.kr/product/6/4/coversum/s972932230_1.jpg,국내도서>소설/시/희곡>독일소설
변신,프란츠 카프카,문학동네,대덕소프트웨어마이스터고등학교,EM00018698,853 카897ㅂ c.16,"「변신」에서 외판사원 그레고르 잠자는 어느 날 아침 자신이 흉측한 해충으로 변해 버린 것을 발견한다. 그는 평소 열심히 일하며 가족의 생계를 유지해 왔지만, 이제 가족과 직장 상사는 침대에서 꼼짝 못 하는 그에게 등을 돌린다. 「시골의사」에서는 눈보라가 몰아치는 밤, 시골의 사인 ‘나’가 의사를 찾는 비상 종소리에 급히 집을 나선다.",1998-08-05,https://image.aladin.co.kr/product/6/4/coversum/s972932230_1.jpg,국내도서>소설/시/희곡>독일소설
변신,프란츠 카프카,문학동네,대덕소프트웨어마이스터고등학교,EM00018702,853 카897ㅂ c.20,"「변신」에서 외판사원 그레고르 잠자는 어느 날 아침 자신이 흉측한 해충으로 변해 버린 것을 발견한다. 그는 평소 열심히 일하며 가족의 생계를 유지해 왔지만, 이제 가족과 직장 상사는 침대에서 꼼짝 못 하는 그에게 등을 돌린다. 「시골의사」에서는 눈보라가 몰아치는 밤, 시골의 사인 ‘나’가 의사를 찾는 비상 종소리에 급히 집을 나선다.",1998-08-05,https://image.aladin.co.kr/product/6/4/coversum/s972932230_1.jpg,국내도서>소설/시/희곡>독일소설
사람은 무엇으로 사는가,례프 니꼴라예비치 똘스또이,열린책들,대덕소프트웨어마이스터고등학교,EM00018677,892.83 똘57ㅅ c.17,,,,
사람은 무엇으로 사는가,례프 니꼴라예비치 똘스또이,열린책들,대덕소프트웨어마이스터고등학교,EM00018671,892.83 똘57ㅅ c.11,,,,
사람은 무엇으로 사는가,례프 니꼴라예비치 똘스또이,열린책들,대덕소프트웨어마이스터고등학교,EM00018672,892.83 똘57ㅅ c.12,,,,
사람은 무엇으로 사는가,례프 니꼴라예비치 똘스또이,열린책들,대덕소프트웨어마이스터고등학교,EM00018665,892.83 똘57ㅅ c.5,,,,
사람은 무엇으로 사는가,례프 니꼴라예비치 똘스또이,열린책들,대덕소프트웨어마이스터고등학교,EM00018666,892.83 똘57ㅅ c.6,,,,
변신,프란츠 카프카,문학동네,대덕소프트웨어마이스터고등학교,EM00018696,853 카897ㅂ c.14,"「변신」에서 외판사원 그레고르 잠자는 어느 날 아침 자신이 흉측한 해충으로 변해 버린 것을 발견한다. 그는 평소 열심히 일하며 가족의 생계를 유지해 왔지만, 이제 가족과 직장 상사는 침대에서 꼼짝 못 하는 그에게 등을 돌린다. 「시골의사」에서는 눈보라가 몰아치는 밤, 시골의 사인 ‘나’가 의사를 찾는 비상 종소리에 급히 집을 나선다.",1998-08-05,https://image.aladin.co.kr/product/6/4/coversum/s972932230_1.jpg,국내도서>소설/시/희곡>독일소설
변신,프란츠 카프카,문학동네,대덕소프트웨어마이스터고등학교,EM00018686,853 카897ㅂ c.4,"「변신」에서 외판사원 그레고르 잠자는 어느 날 아침 자신이 흉측한 해충으로 변해 버린 것을 발견한다. 그는 평소 열심히 일하며 가족의 생계를 유지해 왔지만, 이제 가족과 직장 상사는 침대에서 꼼짝 못 하는 그에게 등을 돌린다. 「시골의사」에서는 눈보라가 몰아치는 밤, 시골의 사인 ‘나’가 의사를 찾는 비상 종소리에 급히 집을 나선다.",1998-08-05,https://image.aladin.co.kr/product/6/4/coversum/s972932230_1.jpg,국내도서>소설/시/희곡>독일소설
변신,프란츠 카프카,문학동네,대덕소프트웨어마이스터고등학교,EM00018687,853 카897ㅂ c.5,"「변신」에서 외판사원 그레고르 잠자는 어느 날 아침 자신이 흉측한 해충으로 변해 버린 것을 발견한다. 그는 평소 열심히 일하며 가족의 생계를 유지해 왔지만, 이제 가족과 직장 상사는 침대에서 꼼짝 못 하는 그에게 등을 돌린다. 「시골의사」에서는 눈보라가 몰아치는 밤, 시골의 사인 ‘나’가 의사를 찾는 비상 종소리에 급히 집을 나선다.",1998-08-05,https://image.aladin.co.kr/product/6/4/coversum/s972932230_1.jpg,국내도서>소설/시/희곡>독일소설
스탠드 5  배신자들,스티븐 킹,황금가지,대덕소프트웨어마이스터고등학교,EM00018707,843 킹57ㅅ v.5,"'예언자 애버게일이 사라졌다!' 지도자의 실종 소식이 퍼지자 볼더 공동체는 공황 상태에 빠진다. 불안에 떨던 생존자들은 다크맨의 본거지인 라스베이거스에 잠입하여 정보를 모으기로 결의하고, 첩자로 선발된 사람들은 서쪽을 향해 목숨을 건 여행을 떠난다. 그러나 생존자들의 음습한 욕망을 파고든 다크맨은 볼더 공동체 안에서 자신의 심복을 만들어 내고, 인류의 마지막 피난처는 배신자들의 손에 또 한 번 붕괴의 위기를 맞게 되는데...",2008-01-02,https://image.aladin.co.kr/product/103/19/coversum/896017128x_1.jpg,국내도서>소설/시/희곡>영미소설
자본주의의 적,정지아,창비,대덕소프트웨어마이스터고등학교,IT00016488,813.7 정78ㅈ,한국소설계의 대표적인 ‘리얼리스트’ 정지아가 8년 만에 새 소설집 『자본주의의 적』을 선보인다. 작년에 심훈문학대상과 김유정문학상을 수상하며 저력을 과시한 작가는 이번 소설집에서 사실과 허구를 교묘히 섞어가며 세태의 흐름을 정밀하게 포착해낸다.,2021-04-30,https://image.aladin.co.kr/product/27027/46/coversum/8936438433_1.jpg,국내도서>소설/시/희곡>한국소설>2000년대 이후 한국소설
신이 된 남자 3  절름발이 예언자 사울  상,제랄드 메사디에,책세상,대덕소프트웨어마이스터고등학교,EM00001764,863 메51ㅅ,,,,
옛 우물,오정희,청아,대덕소프트웨어마이스터고등학교,EM00003995,813.6 오73ㅇ c.4,,,,
내가 가장 예뻤을 때,공선옥,문학동네,대덕소프트웨어마이스터고등학교,EM00011203,813.6 공54ㄴ c.2,"진솔한 체험을 바탕으로 우리 사회의 소외된 이웃들에게 따뜻한 관심을 표현해온 중견작가 공선옥이 우리 모두가 가장 예뻤을 때, 그 스무 살 시기의 쓸쓸함과 달콤함에 대한 이야기를 들려준다. '사람들이 많이 죽어간 한 도시'에서의 쓸쓸함과 달콤함에 관한, 주인공 해금이와 그 친구들의 이야기이다.",2009-05-26,https://image.aladin.co.kr/product/371/48/coversum/8954608116_3.jpg,국내도서>소설/시/희곡>한국소설>2000년대 이후 한국소설
도가니,공지영,창비,대덕소프트웨어마이스터고등학교,EM00010189,813.6 공78ㄷ,2009년 출간된 이래 큰 파장을 일으키며 사회적 약자와 소수자에 대한 폭력 문제를 본격적으로 공론화했던 장편소설 도가니가 2017년 100쇄를 기념하여 새로운 장정으로 출간되었다. 이 소설은 출간 후 8년이 지난 현재까지도 독자들에게 꾸준히 사랑받고 있다.,2017-08-18,https://image.aladin.co.kr/product/11567/68/coversum/8936434276_1.jpg,국내도서>소설/시/희곡>한국소설>2000년대 이후 한국소설
규장각 각신들의 나날 1,정은궐,파란미디어,대덕소프트웨어마이스터고등학교,EM00010377,813.6 정67ㄱ v.1,"조선시대를 배경으로 쓴 발랄한 로맨스 소설 <성균관 유생들의 나날>의 후속작. 대물 김윤희, 가랑 이선준, 걸오 문재신, 여림 구용하, '반궁의 잘금 4인방'이 돌아왔다. <규장각 각신들의 나날>에서는 우리가 미처 알지 못 했던 정조의 참모습과 규장각에 관한 모든 것을 보여준다.",2009-07-21,https://image.aladin.co.kr/product/419/95/coversum/s963710025_1.jpg,국내도서>소설/시/희곡>로맨스소설>한국 로맨스소설
스타일,백영옥,예담(위즈덤하우스),대덕소프트웨어마이스터고등학교,EM00010380,813.6 백64ㅅ,"제4회 세계문학상 수상작 스타일은 서른한 살, 일하는 도시 여자들의 이야기다. 대단히 솔직하고 드라마틱하다. 가독성이 뛰어나다. 미실의 김별아, 아내가 결혼했다의 박현욱, 슬롯의 신경진에 이어 네 번째로 세계문학상 당선자가 된 백영옥은, 소설의 주인공과 같은 직업을 가졌던 전직 패션지 여기자다.",2008-04-01,https://image.aladin.co.kr/product/197/16/coversum/8959132950_3.jpg,국내도서>소설/시/희곡>한국소설>2000년대 이후 한국소설
브레이킹 던,스테프니 메이어,북폴리오(대한교과서 미래엔컬처),대덕소프트웨어마이스터고등학교,EM00010386,843.6 메68ㅂ,"<트와일라잇> <뉴문> <이클립스>에 이은 나의 뱀파이어 연인 '트와일라잇' 시리즈 4부로, 마지막 이야기다. '트와일라잇' 시리즈는 인간이 뱀파이어와 사랑에 빠진다는 설정의 러브스토리로, 미국에서만 500만부 이상 판매된 세계적인 베스트셀러. 영화판은 2008년 12월부터 시작해, 시리즈 전 편이 차례로 한 편씩 개봉된다.",2009-06-15,https://image.aladin.co.kr/product/409/25/coversum/8937832542_3.jpg,국내도서>소설/시/희곡>판타지/환상문학>외국판타지/환상소설
누구의 연인도 되지마라,김현진,레드박스,대덕소프트웨어마이스터고등학교,EM00010509,814.6 김94ㄴ,,,,
모든 것이 중요해지는 순간,론 커리,비채코리아북스,대덕소프트웨어마이스터고등학교,EM00010512,843.6 커298ㅁ,"영 라이온상, 메트칼프상 수상작가 론 커리의 첫 장편소설. 이 소설은 2009년 6월 출간되자마자 '올해 만난 최고의 소설'이라는 찬사를 받으며 아마존닷컴 베스트 도서로 선정되었다. 한 남자의 절망과 우주적 예언이 담긴 작품으로, 작가는 인류의 오랜 숙제인 '종말'을 전면에 내세워 탄탄한 구성으로 소설을 완성했다.",2009-08-31,https://image.aladin.co.kr/product/448/95/coversum/8992036949_1.jpg,국내도서>소설/시/희곡>영미소설
성균관 유생들의 나날 1,정은궐,파란미디어,대덕소프트웨어마이스터고등학교,EM00010515,813.6 정67ㅅ v.1,"조선시대를 배경으로 쓴 발랄한 로맨스 소설 <성균관 유생들의 나날>의 후속작. 대물 김윤희, 가랑 이선준, 걸오 문재신, 여림 구용하, '반궁의 잘금 4인방'이 돌아왔다. <규장각 각신들의 나날>에서는 우리가 미처 알지 못 했던 정조의 참모습과 규장각에 관한 모든 것을 보여준다.",2009-07-21,https://image.aladin.co.kr/product/419/95/coversum/s963710025_1.jpg,국내도서>소설/시/희곡>로맨스소설>한국 로맨스소설
선덕여왕 1,류은경,MBC프로덕션,대덕소프트웨어마이스터고등학교,EM00010530,813.6 류67ㅅ v.1,"MBC 특별기획 드라마 [선덕여왕]의 원작 소설. 끝내 삼한일통의 큰 그림을 그린 최초의 여왕 선덕이야기를 그린다. 쌍음雙陰은 불길한 징조라는 신화적 예언에 의해 왕으로부터 버림 받지만 하늘의 계시를 잊지 않고, 끝내 현명하고 자애로운 여황으로 우뚝 서는 덕만(선덕여왕)의 파란만장한 인생여정이 펼쳐진다.",2009-05-25,https://image.aladin.co.kr/product/375/67/coversum/8996047899_1.jpg,국내도서>소설/시/희곡>역사소설>한국 역사소설
선덕여왕 3,류은경,MBC프로덕션,대덕소프트웨어마이스터고등학교,EM00010532,813.6 류67ㅅ v.3,"MBC 특별기획 드라마 [선덕여왕]의 원작 소설. 끝내 삼한일통의 큰 그림을 그린 최초의 여왕 선덕이야기를 그린다. 쌍음雙陰 은 불길한 징조라는 신화적 예언에 의해 왕으로부터 버림 받지만 하늘의 계시를 잊지 않고, 끝내 현명하고 자애로운 여황으로  우뚝 서는 덕만(선덕여왕)의 파란만장한 인생여정이 펼쳐진다. 3권 세트 구성.",2009-08-17,https://image.aladin.co.kr/product/441/25/coversum/8996047880_1.jpg,국내도서>소설/시/희곡>역사소설>한국 역사소설
두 명의 목격자,최혁곤,황금가지,대덕소프트웨어마이스터고등학교,EM00010542,813.6 최94ㄷ,"'한국 추리 스릴러 단편선' 두 번째 작품집. 연쇄 살인범을 쫓는 할인 마트의 캐셔, 도로 위에서 벌어진 살인사건의 이색적인 증인들, 미국과 로마, 고구려를 배경으로 한 역사 추리, 절간에서 벌어진 한밤중의 살인극 등 다양한 소재와 형식의 작품 10편이 수록되어 있다.",2009-07-16,https://image.aladin.co.kr/product/431/33/coversum/8960171573_1.jpg,국내도서>소설/시/희곡>추리/미스터리소설>한국 추리/미스터리소설
세계의 끝 여자친구,김연수,문학동네,대덕소프트웨어마이스터고등학교,EM00010874,813.6 김64ㅅ c.3,"한국문학의 영토를 넓혀가는 새로운 상상력의 촉수 김연수의 소설집. 소설을 쓰기 시작한 지 만 십오 년, 김연수 작가는 여섯 권의 장편소설과 이번에 출간된 네번째 작품집 세계의 끝 여자친구까지, 소설로만 열 권째 작품집을 선보였다. 이번 소설집 속에는 2005년 봄부터 2009년 여름까지 씌어진 아홉 편의 소설이 수록되어 있다.",2009-09-08,https://image.aladin.co.kr/product/449/5/coversum/8954608825_3.jpg,국내도서>소설/시/희곡>한국소설>2000년대 이후 한국소설
철,김숨,문학과지성사,대덕소프트웨어마이스터고등학교,EM00010556,813.6 김56ㅊ,"백치들 투견의 작가 김숨의 두 번째 장편소설. '철'로 상징된 산업사회 이면의 어두운 기억에 대한 이야기를 담고 있다. 나날이 변화하는 사회 안에서 하나의 부속품처럼 살아야 했던, 철저하게 이용되다가 마모되어 쓸모없어지면 가차 없이 노동으로부터 소외되었던, 우리 아버지 세대의 이야기이다.",2008-11-27,https://image.aladin.co.kr/product/287/92/coversum/8932019061_1.jpg,국내도서>소설/시/희곡>한국소설>2000년대 이후 한국소설
불꽃처럼 나비처럼 1,야설록,형설라이프,대덕소프트웨어마이스터고등학교,EM00010810,813.6 야54ㅂ v.1 c.2,,1997-06-23,https://image.aladin.co.kr/img/noimg_sum_b.gif,국내도서>소설/시/희곡>한국소설>2000년대 이후 한국소설
신이 된 남자 1  사람의 아들 예수  상,제랄드 메사디에,책세상,대덕소프트웨어마이스터고등학교,EM00001762,863 메51ㅅ,,,,
신이 된 남자 5  동방으로 떠난 메시아  상,제랄드 메사디에,책세상,대덕소프트웨어마이스터고등학교,EM00001766,863 메51ㅅ,,,,
봄비 내리는 날,김한수,창작과비평사,대덕소프트웨어마이스터고등학교,EM00019259,813.6 김91ㅂ c.5,1992년 출간한 이래 25년간 사랑받아온 김한수 첫 소설집 봄비 내리는 날이 전면개정되어 출간되었다. 저자가 문장을 일일이 매만져 더 밀도있는 작품으로 새로이 선보인다. 등단작 '성장'을 비롯하여 총 세편의 중편소설이 묶여 있다.,2017-11-17,https://image.aladin.co.kr/product/12303/31/coversum/893643750x_2.jpg,국내도서>소설/시/희곡>한국소설>2000년대 이전 한국소설
못난 것도 힘이 된다 1,이상석,자인,대덕소프트웨어마이스터고등학교,EM00005358,818 이51ㅁ v.1 c.3,"<사랑으로 매긴 성적표>의 이상석이 쓴 성장 소설. 자연의 품에서 마음만은 넉넉하게 자란 어린시절, 꼴통이라 불리며 문제 학생으로 찬란하게 추락해가던 청소년 시절, 만화가 박재동과의 운명적인 만남, 군대에서의 온갖 해프닝, 선생님이 되기까지 도움을 주신 분들에 대해서 썼다.",2001-12-15,https://image.aladin.co.kr/product/30/84/coversum/8989276039_1.gif,국내도서>소설/시/희곡>한국소설>2000년대 이후 한국소설
니체가 눈물을 흘릴 때,어빈 D. 얄롬,리더스북,대덕소프트웨어마이스터고등학교,EM00010179,843.6 얄295ㄴ,"니체, 프로이트 등 걸출한 실존 인물들이 허구의 세계에서 펼치는 세기말 빈의 사랑과 운명, 지성과 의지의 드라마. 어빈 얄롬이 광기의 천재 철학자 니체와 정신분석의 창시자 브로이어가 서로의 절망과 고통을 치료한다는 기발한 상상을 심리추리소설 기법으로 풀어냈다.",2014-02-12,https://image.aladin.co.kr/product/3617/51/coversum/8998045400_1.jpg,국내도서>소설/시/희곡>추리/미스터리소설>영미 추리/미스터리소설
무지개,요시모토바나나,민음사,대덕소프트웨어마이스터고등학교,EM00010505,833.6 요58ㅁ,"남태평양의 타히티를 여행하고 그곳에서의 경험과 감흥을 바탕으로 쓴 요시모토 바나나의 독특한 여행 소설. 순수하고 아름다운 타히티의 자연과 이국적인 남국의 강렬한 색채감이 고스란히 드러나는 일러스트와 컬러 사진들, 그리고 행복을 찾기 위해 몸부림치는 남녀의 애틋한 사랑 이야기가 절묘하게 버무려져 있다.",2009-08-31,https://image.aladin.co.kr/product/442/93/coversum/8937482800_2.jpg,국내도서>소설/시/희곡>일본소설>1950년대 이후 일본소설
정크 노트,명지현,문학동네,대덕소프트웨어마이스터고등학교,EM00010526,813.6 명78ㅈ,2006년 「현대문학」에 '더티 와이프'를 발표하며 작품활동을 시작한 명지현의 첫 번째 장편소설. 작가는 한 소년이 우연히 양귀비를 키우는 일에 끼어들게 되면서 생기는 일련의 사건들을 생동감 있게 포착하여 마약과 죽음에 대한 이야기를 소년의 성장기로 경쾌하고 흥미롭게 그려낸다.,2009-08-26,https://image.aladin.co.kr/product/447/80/coversum/8954608698_1.jpg,국내도서>소설/시/희곡>한국소설>2000년대 이후 한국소설
남녀실종지사,송은일,문이당,대덕소프트웨어마이스터고등학교,EM00010533,813.6 송67ㄴ,반야 사랑을 묻다의 작가 송은일의 두 번째 소설집. 송은일 작가의 작품은 각각의 등장인물을 통해 복잡다단한 인간 내면세계를 집요하게 추적함과 동시에 일상과 팽팽한 긴장 관계를 유지하는 허구 세계에 사는 인물들의 내면을 섬세하게 들어다보며 복잡하게 뒤엉킨 갈등의 양상을 촘촘히 그려낸다.,2009-08-25,https://image.aladin.co.kr/product/442/42/coversum/8974564246_1.jpg,국내도서>소설/시/희곡>한국소설>2000년대 이후 한국소설
세계의 끝 여자친구,김연수,문학동네,대덕소프트웨어마이스터고등학교,EM00010807,813.6 김64ㅅ c.2,"한국문학의 영토를 넓혀가는 새로운 상상력의 촉수 김연수의 소설집. 소설을 쓰기 시작한 지 만 십오 년, 김연수 작가는 여섯 권의 장편소설과 이번에 출간된 네번째 작품집 세계의 끝 여자친구까지, 소설로만 열 권째 작품집을 선보였다. 이번 소설집 속에는 2005년 봄부터 2009년 여름까지 씌어진 아홉 편의 소설이 수록되어 있다.",2009-09-08,https://image.aladin.co.kr/product/449/5/coversum/8954608825_3.jpg,국내도서>소설/시/희곡>한국소설>2000년대 이후 한국소설
세계의 끝 여자친구,김연수,문학동네,대덕소프트웨어마이스터고등학교,EM00011251,813.6 김64ㅅ c.4,"한국문학의 영토를 넓혀가는 새로운 상상력의 촉수 김연수의 소설집. 소설을 쓰기 시작한 지 만 십오 년, 김연수 작가는 여섯 권의 장편소설과 이번에 출간된 네번째 작품집 세계의 끝 여자친구까지, 소설로만 열 권째 작품집을 선보였다. 이번 소설집 속에는 2005년 봄부터 2009년 여름까지 씌어진 아홉 편의 소설이 수록되어 있다.",2009-09-08,https://image.aladin.co.kr/product/449/5/coversum/8954608825_3.jpg,국내도서>소설/시/희곡>한국소설>2000년대 이후 한국소설
욕망의 응달,박완서,세계사,대덕소프트웨어마이스터고등학교,EM00010547,813.6 박65ㅇ,"미혼모에 대한 사회의 냉대 속에서, 아름다운 마음씨를 가진 한 여자가 욕망의 거대한 성(城)에 들어가 한 송이 꽃을 피운다는 줄거리다. 어둠은 밝음을, 악은 선을, 증오는 사랑을 드러내 보이기 위한 수단일 뿐 목적이 아닌 한 아름다운 여자, 자명(紫明)의 내면세계를 그려나간 추리기법의 장편소설.",1993-09-01,https://image.aladin.co.kr/product/23/57/coversum/8933800360_2.jpg,국내도서>소설/시/희곡>한국소설>2000년대 이후 한국소설
샴사랑,방귀희,연인M&B,대덕소프트웨어마이스터고등학교,EM00010628,813.6 방16ㅅ,우리나라 유일의 휠체어 방송작가 방귀희의 장편소설. 쌍둥이 자매 수아와 상아는 똑같은 모습을 갖고 태어나지만 수아에게 발생한 뇌성마비 때문에 자매는 서로 다른 삶을 살게 된다. 수아가 펜팔로 사귄 친구 제주도 섬소년 지민을 통해 세상과 소통하면서 자신의 인생을 가꾸어가는 과정을 세밀하게 그려냈다.,2009-09-10,https://image.aladin.co.kr/product/450/31/coversum/8962530325_1.jpg,국내도서>소설/시/희곡>한국소설>2000년대 이후 한국소설
한강 5  제2부 유형시대,조정래,해냄,대덕소프트웨어마이스터고등학교,EM00002439,813.6 조73ㅎ,아리랑을 지나 태백산맥을 거쳐 우리 민족의 파란만장한 근현대사 1세기를 완성한 한국문학의 기념비 한강이 100쇄를 돌파하고 조정래 작가 등단 50주년을 맞이하여 개정판으로 출간되었다.,2020-11-30,https://image.aladin.co.kr/product/25726/25/coversum/896574394x_1.jpg,국내도서>소설/시/희곡>한국소설>2000년대 이후 한국소설
한강 6,조정래,해냄,대덕소프트웨어마이스터고등학교,EM00002440,813.6 조73ㅎ,아리랑을 지나 태백산맥을 거쳐 우리 민족의 파란만장한 근현대사 1세기를 완성한 한국문학의 기념비 한강이 100쇄를 돌파하고 조정래 작가 등단 50주년을 맞이하여 개정판으로 출간되었다.,2020-11-30,https://image.aladin.co.kr/product/25726/28/coversum/8965743966_1.jpg,국내도서>소설/시/희곡>한국소설>2000년대 이후 한국소설
한강 7,조정래,해냄,대덕소프트웨어마이스터고등학교,EM00002441,813.6 조73ㅎ,아리랑을 지나 태백산맥을 거쳐 우리 민족의 파란만장한 근현대사 1세기를 완성한 한국문학의 기념비 한강이 100쇄를 돌파하고 조정래 작가 등단 50주년을 맞이하여 개정판으로 출간되었다.,2020-11-30,https://image.aladin.co.kr/product/25726/29/coversum/8965743974_1.jpg,국내도서>소설/시/희곡>한국소설>2000년대 이후 한국소설
연어,안도현,문학동네,대덕소프트웨어마이스터고등학교,EM00002463,813.8 안225ㅇ,은빛 연어를 주인공으로 한 교훈적이면서도 아름다운 동화. 안도현이 써 온 일련의 `어른들의 동화` 가운데 첫 작품으로 스테디셀러로 기록된다.,1996-03-01,https://image.aladin.co.kr/product/18/90/coversum/8985712683_2.jpg,국내도서>소설/시/희곡>한국소설>2000년대 이전 한국소설
뿌리 깊은 나무 1 1,이정명,밀리언하우스,대덕소프트웨어마이스터고등학교,EM00012537,813.6 이73ㅃ v.1 c.2,한국 팩션에 새로운 획을 그었다는 평가를 받으며 한국 사회에 '뿌나' 열풍을 불러일으켰던 이정명 장편소설 뿌리 깊은 나무가 새로운 장정과 표지로 옷을 갈아입고 은행나무에서 출간되었다.,2015-09-01,https://image.aladin.co.kr/product/6600/0/coversum/8956609268_1.jpg,국내도서>소설/시/희곡>역사소설>한국 역사소설
뿌리 깊은 나무 2 2,이정명,밀리언하우스,대덕소프트웨어마이스터고등학교,EM00012565,813.6 이73ㅃ v.2 c.2,한국 팩션에 새로운 획을 그었다는 평가를 받으며 한국 사회에 '뿌나' 열풍을 불러일으켰던 이정명 장편소설 뿌리 깊은 나무가 새로운 장정과 표지로 옷을 갈아입고 은행나무에서 출간되었다.,2015-09-01,https://image.aladin.co.kr/product/6600/16/coversum/8956609276_1.jpg,국내도서>소설/시/희곡>역사소설>한국 역사소설
셜록 홈즈 전집 2  네 사람의 서명,아서 코난 도일,황금가지,대덕소프트웨어마이스터고등학교,EM00011689,843 도68ㅅ v.2 c.2,"이번엔 도난 당한 보물찾기다. 이번 사건은 전작에 비해 다소 복잡하다. 작품 전면에 등장하는 피살자만도 2명. 줄거리의 배후에 깔린 죽음도 1건, 도합 3건의 살인사건이다. 뭐, 이 정도면 한 일주일 홈즈가 코카인을 하지 않아도 되니 너무 크게 걱정할 필요는 없다.",2002-02-05,https://image.aladin.co.kr/product/32/99/coversum/8982734023_2.jpg,국내도서>소설/시/희곡>추리/미스터리소설>영미 추리/미스터리소설
염소를 모는 여자,전경린,문학동네,대덕소프트웨어마이스터고등학교,EM00004053,813.6 전14ㅇ c.2,전경린이 작품활동을 시작한 지 2년 만에 출간한 첫 소설집으로 등단작 사막의 달을 비롯하여 총 여덟 편의 작품이 담겨 있다.,2014-06-23,https://image.aladin.co.kr/product/4244/71/coversum/8954624839_1.jpg,국내도서>소설/시/희곡>한국소설>2000년대 이전 한국소설
못난 것도 힘이 된다 1,이상석,자인,대덕소프트웨어마이스터고등학교,EM00002297,818 이51ㅁ v.1,"<사랑으로 매긴 성적표>의 이상석이 쓴 성장 소설. 자연의 품에서 마음만은 넉넉하게 자란 어린시절, 꼴통이라 불리며 문제 학생으로 찬란하게 추락해가던 청소년 시절, 만화가 박재동과의 운명적인 만남, 군대에서의 온갖 해프닝, 선생님이 되기까지 도움을 주신 분들에 대해서 썼다.",2001-12-15,https://image.aladin.co.kr/product/30/84/coversum/8989276039_1.gif,국내도서>소설/시/희곡>한국소설>2000년대 이후 한국소설
열외인종 잔혹사,주원규,한겨레출판,대덕소프트웨어마이스터고등학교,EM00010381,813.6 주66ㅇ,"제14회 한겨레문학상 당선작 주원규의 열외인종 잔혹사이 개정판으로 다시 찾아온다. 11월 24일 하루 동안, 퇴역군인 장영달, 노숙자 김중혁, 외국계 제약회사 인턴 사원 윤마리아, 게임을 좋아하는 청소년 기무, 네 인물이 우연히 코엑스몰에 모여 양머리 탈을 쓴 집단들과 벌이는 소동을 그린다.",2023-04-20,https://image.aladin.co.kr/product/31521/35/coversum/k922832634_1.jpg,국내도서>소설/시/희곡>한국소설>2000년대 이후 한국소설
이클립스,스테프니 메이어,북폴리오(대한교과서),대덕소프트웨어마이스터고등학교,EM00011706,843.6 메68ㅇ c.2,"<트와일라잇> <뉴문> <이클립스>에 이은 나의 뱀파이어 연인 '트와일라잇' 시리즈 4부로, 마지막 이야기다. '트와일라잇' 시리즈는 인간이 뱀파이어와 사랑에 빠진다는 설정의 러브스토리로, 미국에서만 500만부 이상 판매된 세계적인 베스트셀러. 영화판은 2008년 12월부터 시작해, 시리즈 전 편이 차례로 한 편씩 개봉된다.",2009-06-15,https://image.aladin.co.kr/product/409/25/coversum/8937832542_3.jpg,국내도서>소설/시/희곡>판타지/환상문학>외국판타지/환상소설
공중그네,오쿠다히데오,은행나무,대덕소프트웨어마이스터고등학교,EM00010388,833.6 오876ㄱ,"131회 나오키상 수상작. 어딘가 수상해보이는 정신과 병원을 배경으로, 이라부 박사와 여러 환자들이 벌이는 요절복통 사건들이 그려진다. 크고 작은 강박증 하나쯤 지니고 살아가는 현대인들에게, 툭툭 털고 일어나 앞으로 나아가도록 용기를 주는 즐거운 작품.",2005-01-15,https://image.aladin.co.kr/product/53/67/coversum/895660102x_2.jpg,국내도서>소설/시/희곡>일본소설>1950년대 이후 일본소설
백야행 1,히가시노게이고,태동출판사,대덕소프트웨어마이스터고등학교,EM00010408,833.6 히12ㅂ v.1,"히가시노 게이고의 대표작 백야행이 김난주 번역으로 새롭게 출간됐다. 김난주 번역가의 매끄러운 번역으로 새롭게 탄생한 백야행은 섬세한 뉘앙스와 은밀한 복선, 시적인 암시 등 원작의 문학적 특징을 고스란히 살려냈다.",2016-04-06,https://image.aladin.co.kr/product/8080/18/coversum/8990982618_1.jpg,국내도서>소설/시/희곡>추리/미스터리소설>일본 추리/미스터리소설
성균관 유생들의 나날 2,정은궐,파란미디어,대덕소프트웨어마이스터고등학교,EM00010514,813.6 정67ㅅ v.2,"<그녀의 맞선 보고서>, <해를 품은 달>의 작가 정은궐(블루플라워)이 조선시대를 배경으로 쓴 발랄한 로맨스소설이다. 병약한 남동생 대신 남장하고 과거를 보게 된 김윤희. 여자로서의 삶을 포기한 그녀 앞에 조선 최고의 신랑감으로 칭송이 자자한 이선준이 등장한다. 급기야 선준과 한방까지 쓰게 되고, 그와 정체모를 우정을 나누게 된 윤희. 여자임이 발각되는 날에는 자신의 죽음은 물론 멸문지화를 면할 수 없는데…",2009-07-27,https://image.aladin.co.kr/product/427/96/coversum/s822635294_1.jpg,국내도서>소설/시/희곡>로맨스소설>한국 로맨스소설
누란,현기영,창비,대덕소프트웨어마이스터고등학교,EM00010517,813.6 현18ㄴ,"제주 4·3항쟁을 비롯해 잊혀져간 우리 현대사의 이면을 조명해온 작가 현기영이 지상에 숟가락 하나 이후 10년 만에 장편 누란을 발표했다. 민주적 가치에 대한 믿음과 수많은 개인들의 헌신으로 사회 민주화가 진전되었으나 물신주의, 배금주의에 지배당하게 된 오늘의 세태를 386세대 주인공을 통해 비판적으로 조명한다.",2009-08-14,https://image.aladin.co.kr/product/440/0/coversum/8936433717_1.jpg,국내도서>소설/시/희곡>한국소설>2000년대 이후 한국소설
피아노 치는   ,송혜근,생각의나무,대덕소프트웨어마이스터고등학교,EM00010527,813.6 송94ㅍ,,2009-08-26,https://image.aladin.co.kr/product/450/51/coversum/8984989894_1.jpg,국내도서>소설/시/희곡>한국소설>2000년대 이후 한국소설
대학로를 걷다,최범서,울림사,대덕소프트웨어마이스터고등학교,EM00010535,813.6 최44ㄷ,"1966년 「문학춘추」, 「문학」지 신인상으로 문단에 데뷔한 최범서 작가의 소설집. 최범서 작가는 소설 속 인물들을 통해 우리 사회를 통렬히 비판하는가 하면, 그럼에도 여전히 곳곳에 살아 있는 우리의 따뜻한 내면을 일깨운다. 부조리한 세상을 비난하면서도 그 판에서 벗어나지 못하는 한없이 나약한 우리의 모습을 보여준다.",2009-07-30,https://image.aladin.co.kr/product/441/64/coversum/8986423413_1.jpg,국내도서>소설/시/희곡>한국소설>2000년대 이후 한국소설
불꽃처럼 나비처럼 2,야설록,형설라이프,대덕소프트웨어마이스터고등학교,EM00010649,813.6 야54ㅂ v.2,"조승우, 수애 주연의 영화 [불꽃처럼 나비처럼] 원작소설. 조선의 마지막 국모, 민자영. 그리고 평생 그 곁을 지켰던 고독한 사나이, 무명. 소설은 조선 말기의 긴박한 정치상황 속에서 조선을 지키기 위해 벌이는 명성황후의 정치활동과 목숨을 바쳐 그녀를 사랑한 호위무사 무명의 지순한 사랑을 그린다.",2009-09-25,https://image.aladin.co.kr/product/451/6/coversum/8992984545_1.jpg,국내도서>소설/시/희곡>한국소설>2000년대 이후 한국소설
불꽃처럼 나비처럼 2,야설록,형설라이프,대덕소프트웨어마이스터고등학교,EM00010811,813.6 야54ㅂ v.2 c.2,"조승우, 수애 주연의 영화 [불꽃처럼 나비처럼] 원작소설. 조선의 마지막 국모, 민자영. 그리고 평생 그 곁을 지켰던 고독한 사나이, 무명. 소설은 조선 말기의 긴박한 정치상황 속에서 조선을 지키기 위해 벌이는 명성황후의 정치활동과 목숨을 바쳐 그녀를 사랑한 호위무사 무명의 지순한 사랑을 그린다.",2009-09-25,https://image.aladin.co.kr/product/451/6/coversum/8992984545_1.jpg,국내도서>소설/시/희곡>한국소설>2000년대 이후 한국소설
데미안,헤르만 헤세,홍신문화사,대덕소프트웨어마이스터고등학교,EM00006173,853 헤53ㄷ c.2,"헤르만 헤세의 대표작 《데미안》은 주인공 싱클레어가 삶의 고비마다 데미안이라는 인물의 목소리를 따라 자기 내면을 탐색하고, 마침내 진정한 자아를 찾아가는 과정을 담은 성장의 기록이다. 이 책은 《데미안》 속 사유 중심의 철학적 문장 40가지를 골라 엮었다.",2025-08-15,https://image.aladin.co.kr/product/37227/19/coversum/k922031704_1.jpg,국내도서>건강/취미>글씨 쓰기
표절,장 자크 피슈테르,책세상,대덕소프트웨어마이스터고등학교,EM00002566,863 피57ㅍ,"인간의 선과 악, 강자와 약자, 열등함과 우월함 등의 모순을 주제로 하여 언론·출판·지식인 사회의 은밀한 부분을 리얼하게 그려내고 있다. 또한 이 소설은 사랑과 우정, 배신과 멸시 그리고 복수라는 고전적 소재들이 등장하지만, 선이 악을 이기고 악이 선을 다시 이기는 등의 과정에서 새로운 이야기를 길어 올린다....",1994-08-01,https://image.aladin.co.kr/product/15/44/coversum/8970130454_2.jpg,국내도서>소설/시/희곡>프랑스소설
그저 좋은 사람,줌파 라히리,마음산책,대덕소프트웨어마이스터고등학교,IT00005135,843 라98ㄱ c.3,"세계적인 베스트셀러 작가이자 퓰리처상 수상자이기도 한 줌파 라히리의 소설집. 이 책은 출간 이후 '뉴욕 타임스 선정 10대 책', '타임지 선정 최고의 책' 등 유수 매체에서 '최고의 책'으로 선정되는 영예를 누렸다. 각 작품들은 하나같이 가족, 연인, 친구 등 밀착된 관계를 다루면서도 그 속에 담긴 복잡함과 불화 등을 묘파한다.",2009-09-05,https://image.aladin.co.kr/product/447/24/coversum/8960900605_2.jpg,국내도서>소설/시/희곡>영미소설
그저 좋은 사람,줌파 라히리,마음산책,대덕소프트웨어마이스터고등학교,IT00005134,843 라98ㄱ c.2,"세계적인 베스트셀러 작가이자 퓰리처상 수상자이기도 한 줌파 라히리의 소설집. 이 책은 출간 이후 '뉴욕 타임스 선정 10대 책', '타임지 선정 최고의 책' 등 유수 매체에서 '최고의 책'으로 선정되는 영예를 누렸다. 각 작품들은 하나같이 가족, 연인, 친구 등 밀착된 관계를 다루면서도 그 속에 담긴 복잡함과 불화 등을 묘파한다.",2009-09-05,https://image.aladin.co.kr/product/447/24/coversum/8960900605_2.jpg,국내도서>소설/시/희곡>영미소설
우상의 눈물,전상국,민음사,대덕소프트웨어마이스터고등학교,IT00005156,813.6 전52ㅇ c.18,"한국을 대표하는 명불허전 작가들의 명불허전 작품들을 엄선하여 모은 '사피엔스 한국문학 중.단편소설'. 18권은 전쟁의 상처와 사회의 모순을 성찰하는 작가 전상국의 선집이다. '우상의 눈물', '아베의 가족' 두 작품이 수록되어 있다.",2012-07-06,https://image.aladin.co.kr/product/1824/62/coversum/8965881404_1.jpg,국내도서>소설/시/희곡>한국소설>2000년대 이전 한국소설
우상의 눈물,전상국,민음사,대덕소프트웨어마이스터고등학교,IT00005155,813.6 전52ㅇ c.17,"한국을 대표하는 명불허전 작가들의 명불허전 작품들을 엄선하여 모은 '사피엔스 한국문학 중.단편소설'. 18권은 전쟁의 상처와 사회의 모순을 성찰하는 작가 전상국의 선집이다. '우상의 눈물', '아베의 가족' 두 작품이 수록되어 있다.",2012-07-06,https://image.aladin.co.kr/product/1824/62/coversum/8965881404_1.jpg,국내도서>소설/시/희곡>한국소설>2000년대 이전 한국소설
바리데기,황석영,창비,대덕소프트웨어마이스터고등학교,IT00005225,813.6 황54ㅂ c.7,"한겨레신문에 연재된 황석영의 새 소설 <바리데기>가 출간됐다. 소설가 공지영은 이 작품을 읽고 ""절망 이길 힘을 보았다. 소설이 언제 끝나는지도 모를 정도로 재미있었다. 타국에서 우리 말과 신화를 가지고 분투한 작가에게 존경과 감사를 보낸다""고 찬사를 보냈다.",2007-07-13,https://image.aladin.co.kr/product/93/57/coversum/893643358x_3.jpg,국내도서>소설/시/희곡>한국소설>2000년대 이후 한국소설
인간실격 103,다자이 오사무,민음사,대덕소프트웨어마이스터고등학교,IT00005398,808 세14 v.103,"자살 미수와 약물 중독, 39세의 젊은 나이에 자살로 생을 마감한 다자이 오사무의 작품 <인간 실격>이 출간됐다. 오직 순수함만을 갈망하는 한 젊은이가 파멸해가는 과정이 그려진다. 뉴욕 타임스는 '인간의 나약함을 드러내는 데 있어 다자이보다 뛰어난 작가는 드물다'고 평했다.",2004-05-15,https://image.aladin.co.kr/product/49/16/coversum/893746103x_3.jpg,국내도서>소설/시/희곡>일본소설>1950년대 이전 일본소설
너의 췌장을 먹고 싶어,스미노 요루,소미미디어,대덕소프트웨어마이스터고등학교,IT00009862,833.6 스38ㄴ c.2,"일본 청춘 소설의 대표 작가 스미노 요루. 혜성처럼 등장해 베스트셀러에 오른 스미노 요루의 데뷔작 너의 췌장을 먹고 싶어 리커버 에디션. 너의 췌장을 먹고 싶어는 2016년 일본 서점 대상 2위는 물론이고 일본의 각종 도서 관련 집계에서 1, 2위를 기록했다.",2023-01-20,https://image.aladin.co.kr/product/30705/77/coversum/k102830149_1.jpg,국내도서>소설/시/희곡>일본소설>1950년대 이후 일본소설
너의 췌장을 먹고 싶어,스미노 요루,소미미디어,대덕소프트웨어마이스터고등학교,IT00009864,833.6 스38ㄴ c.4,"일본 청춘 소설의 대표 작가 스미노 요루. 혜성처럼 등장해 베스트셀러에 오른 스미노 요루의 데뷔작 너의 췌장을 먹고 싶어 리커버 에디션. 너의 췌장을 먹고 싶어는 2016년 일본 서점 대상 2위는 물론이고 일본의 각종 도서 관련 집계에서 1, 2위를 기록했다.",2023-01-20,https://image.aladin.co.kr/product/30705/77/coversum/k102830149_1.jpg,국내도서>소설/시/희곡>일본소설>1950년대 이후 일본소설
내 영혼이 따뜻했던 날들,포리스트 카터,아름드리미디어,대덕소프트웨어마이스터고등학교,IT00010634,843 카884ㄴ c.5,"포리스트 카터의 자전적인 소설로, 이야기는 주인공인 '작은나무'가 홀어머니의 죽음으로 조부모와 함께 살게 되는 것으로 시작한다. 체로키족인 할아버지, 할머니와 함께 산 속 오두막에 살면서 '작은나무'는 산사람으로, 또 인디언으로 자연과 더불어 살아가면서 자연의 이치로 세상을 보고 판단하는 지혜를 배워간다.",2014-05-30,https://image.aladin.co.kr/product/19025/43/coversum/8955824955_1.jpg,국내도서>소설/시/희곡>영미소설
내 영혼이 따뜻했던 날들,포리스트 카터,아름드리미디어,대덕소프트웨어마이스터고등학교,IT00005416,843 카884ㄴ c.2,"포리스트 카터의 자전적인 소설로, 이야기는 주인공인 '작은나무'가 홀어머니의 죽음으로 조부모와 함께 살게 되는 것으로 시작한다. 체로키족인 할아버지, 할머니와 함께 산 속 오두막에 살면서 '작은나무'는 산사람으로, 또 인디언으로 자연과 더불어 살아가면서 자연의 이치로 세상을 보고 판단하는 지혜를 배워간다.",2014-05-30,https://image.aladin.co.kr/product/19025/43/coversum/8955824955_1.jpg,국내도서>소설/시/희곡>영미소설
오버로드 6  왕국의 사나이들  ,마루야마 쿠가네,영상노트,대덕소프트웨어마이스터고등학교,IT00005467,833.6 마296ㅇ v.6,"절대지배자 앞을 가로막는 나자릭 계층수호자, PC 대 NPC. 절대복종을 맹세했던 수호자 샤르티아의 예상치도 못했던 반역. 아인즈가 모험자로서 에 란텔에 잠입한 동안, 수호자들에게 무슨 일이 일어났단 말인가?",2014-05-22,https://image.aladin.co.kr/product/4114/36/coversum/1156278546_1.jpg,국내도서>소설/시/희곡>라이트 노벨>노블엔진(Novel Engine)
오버로드 3  선혈의 발키리,마루야마 쿠가네,영상노트,대덕소프트웨어마이스터고등학교,IT00005471,833.6 마296ㅇ v.3,"절대지배자 앞을 가로막는 나자릭 계층수호자, PC 대 NPC. 절대복종을 맹세했던 수호자 샤르티아의 예상치도 못했던 반역. 아인즈가 모험자로서 에 란텔에 잠입한 동안, 수호자들에게 무슨 일이 일어났단 말인가?",2013-05-10,https://image.aladin.co.kr/product/2645/44/coversum/8967305168_1.jpg,국내도서>소설/시/희곡>라이트 노벨>노블엔진(Novel Engine)
오버로드 10  모략의 통치자,마루야마 쿠가네,영상노트,대덕소프트웨어마이스터고등학교,IT00005472,833.6 마296ㅇ v.10,"왕이 된 아인즈는 통치할 마도국을 이상향으로 삼고자 결의한다. 영원히 번영하고, 다수의 종족이 아인즈에게 무릎을 꿇는 세계. 그 첫걸음으로 모험자 조합을 강화하고 모험자를 육성하고자, 아인즈는 제국으로 향한다. 그런 한편, 느닷없이 생겨난 마도국에 당황하는 뭇 나라들의 지배자들 또한 저마다 대항책을 강구하고 있었다.",2016-10-25,https://image.aladin.co.kr/product/9400/34/coversum/k872535228_1.jpg,국내도서>소설/시/희곡>라이트 노벨>노블엔진(Novel Engine)
나쁜봄,심상대,문학과지성사,대덕소프트웨어마이스터고등학교,IT00005505,813.6 심52ㄴ,"2001년 단편 '미美'로 현대문학상을 수상하고 2012년 중편 '단추'로 김유정문학상을 수상한 소설가 심상대의 첫 장편소설. 이상향에서 벌어진 살인 사건을 거슬러 쫓으며, 개인과 욕망이 억압된다면 과연 그곳이 낙원일 수 있는지 소설 나쁜 봄은 묻고 있다.",2014-12-31,https://image.aladin.co.kr/product/5125/88/coversum/8932026904_1.jpg,국내도서>소설/시/희곡>한국소설>2000년대 이후 한국소설
나비,띳싸니,안녕,대덕소프트웨어마이스터고등학교,IT00014539,839 띳52ㄴ,한국에 최초로 소개되는 현존하는 미얀마 문학 최고의 작가 띳싸니의 현대 단편소설집이다. 단편「나비」는 1988년 양곤 민주화 대 투쟁 당시 희생된 7000명이 넘는 사람들의 영혼을 위로하기 위해 쓴 띳싸니의 대표작 중 하나다.,2021-11-15,https://image.aladin.co.kr/product/28377/84/coversum/k262835602_1.jpg,국내도서>소설/시/희곡>세계의 소설>기타 국가 소설
듄 1,프랭크 허버트,황금가지,대덕소프트웨어마이스터고등학교,IT00014563,843 허44ㄷ v.1,"역사상 가장 많이 팔린 SF이자 독자들이 뽑은 역대 최고의 SF인 프랭크 허버트의 대작 『듄』이 신장판 전집으로 출간되었다. 2001년 첫 번역본이 출간된 이후 20년 만에 재출간된 신장판은, 기존의 18권 반양장본을 원서와 동일한 6권으로 묶은 양장본이다.",2021-01-22,https://image.aladin.co.kr/product/26297/19/coversum/k132738793_2.jpg,국내도서>소설/시/희곡>과학소설(SF)>외국 과학소설
듄 3  듄의 아이들,프랭크 허버트,황금가지,대덕소프트웨어마이스터고등학교,IT00014565,843 허43ㄷ v.3,"역사상 가장 많이 팔린 SF이자 독자들이 뽑은 역대 최고의 SF인 프랭크 허버트의 대작 『듄』이 신장판 전집으로 출간되었다. 2001년 첫 번역본이 출간된 이후 20년 만에 재출간된 신장판은, 기존의 18권 반양장본을 원서와 동일한 6권으로 묶은 양장본이다.",2021-01-22,https://image.aladin.co.kr/product/26297/23/coversum/k222738793_1.jpg,국내도서>소설/시/희곡>과학소설(SF)>외국 과학소설
도쿄타워,릴리 프랭키,랜덤하우스,대덕소프트웨어마이스터고등학교,EM00000003,833.6 프232ㄷ,"'히라가나로 된 성서' '국민적 명작' 등 각계의 찬사를 받으며 더블 밀리언셀러를 달성한 작품, 도쿄타워. 출간 당시 230만 부가 팔리며 일본 전역을 눈물로 뒤덮은 릴리 프랭키의 작품이 12년 만에 개정판으로 다시 독자들을 찾았다.",2019-05-17,https://image.aladin.co.kr/product/19190/43/coversum/8925566389_1.jpg,국내도서>소설/시/희곡>일본소설>1950년대 이후 일본소설
모차르트 4  신이 사랑한 자,크리스티앙 자크,문학동네,대덕소프트웨어마이스터고등학교,EM00000008,863 자828ㅁ v.4,,2007-03-09,https://image.aladin.co.kr/product/88/98/coversum/8954602703_1.jpg,국내도서>소설/시/희곡>프랑스소설
달콤한 나의 도시,정이현,문학과 지성사,대덕소프트웨어마이스터고등학교,EM00009317,813.6 정68ㄷ c.3,"소설가 정이현이 등단 이후 첫 장편소설. 직장생활 7년차, 서른한 살 '오은수'를 중심으로, 도시에 거주하는 미혼 여성들의 일과 연애, 친구와 가족, 그리고 결혼에 대한 이야기가 감각적인 필치로 그려진다. 「조선일보」에 연재되었던 작품을 묶은 것으로 권신아의 삽화를 함께 실었으며, 2008년 현재 동명 드라마가 SBS TV에서 방영 중이다.",2006-07-24,https://image.aladin.co.kr/product/67/39/coversum/8932017158_3.jpg,국내도서>소설/시/희곡>한국소설>2000년대 이후 한국소설
마력의 태동,히가시노 게이고,현대문학,대덕소프트웨어마이스터고등학교,IT00009599,833.6 히12ㅁ c.2,"일본 추리소설계를 대표하는 베스트셀러 작가, 히가시노 게이고의 마력의 태동이 현대문학에서 양윤옥의 번역으로 출간된다. 마력의 태동은 히가시노가 2015년 자신의 작가 생활 30주년 기념작으로 발표했던 라플라스의 마녀 프리퀄 소설이다.",2019-01-30,https://image.aladin.co.kr/product/17909/55/coversum/s552635497_1.jpg,국내도서>소설/시/희곡>추리/미스터리소설>일본 추리/미스터리소설
마력의 태동,히가시노 게이고,현대문학,대덕소프트웨어마이스터고등학교,IT00009365,833.6 히12ㅁ,"일본 추리소설계를 대표하는 베스트셀러 작가, 히가시노 게이고의 마력의 태동이 현대문학에서 양윤옥의 번역으로 출간된다. 마력의 태동은 히가시노가 2015년 자신의 작가 생활 30주년 기념작으로 발표했던 라플라스의 마녀 프리퀄 소설이다.",2019-01-30,https://image.aladin.co.kr/product/17909/55/coversum/s552635497_1.jpg,국내도서>소설/시/희곡>추리/미스터리소설>일본 추리/미스터리소설
지상에 숟가락 하나,현기영,창비,대덕소프트웨어마이스터고등학교,IT00009378,813.6 현18ㅈ,"제19회 '느낌표' 선정도서. 현기영의 장편소설 지상에 숟가락 하나를 청소년을 위한 버전으로 새롭게 엮었다. 배경은 60여 년 전 이야기이나 여자 목욕탕, 터럭, 말미잘, 벌 등 성적 호기심에 가득 찬 사춘기 소년, 제주 섬이라는 변경을 벗어나 육지로의 비상을 꿈꾸게 만들어준 신석이 형과의 일화, 맥베스 연극공연 이야기, 아버지와의 갈등 등은 이 시대의 청소년들이 겪는 아픔을 그대로 함께하고 있다.",2009-01-05,https://image.aladin.co.kr/product/302/29/coversum/8939206096_1.jpg,국내도서>청소년>청소년 문학>청소년 소설
죄와 벌 하,표도르 도스또예프스끼,열린책들,대덕소프트웨어마이스터고등학교,IT00009435,892.8 도57ㅈ v.하,"러시아 소설가 도스토예프스키의 대표작. 급박한 상황 속에서 속기사인 안나 그리고리예브나의 도움으로 1866년 1월부터 12월에 걸쳐 '러시아 통보'에 연재된 뒤, 1867년에 약간을 수정을 거쳐 단행본으로 출판되었다. 작가로서 명실공히 도스또예프스끼의 명성을 확고하게 만든 후기 5대 장편 가운데 첫 작품이다.",2009-12-15,https://image.aladin.co.kr/product/599/13/coversum/8932909164_1.jpg,국내도서>소설/시/희곡>러시아소설
퍼스트 러브,시마모토 리오,해냄,대덕소프트웨어마이스터고등학교,IT00009542,833.6 시32ㅍ,17세에 데뷔해 군조 신인문학상을 받으며 비상한 글재주를 보여 온 일본의 젊은 작가 시마모토 리오가 2018년 제159회 나오키상 수상작 퍼스트 러브로 한국 독자들과 다시 만난다.,2019-02-15,https://image.aladin.co.kr/product/18228/28/coversum/8965746779_1.jpg,국내도서>소설/시/희곡>일본소설>1950년대 이후 일본소설
자기 앞의  ,에밀 아자르,문학동네,대덕소프트웨어마이스터고등학교,IT00009618,863 아72ㅈ c.2,"로맹 가리가 에밀 아자르라는 필명으로 발표했던 소설로 1975년 공쿠르상을 받았다. 문학동네에서 정식 저작권 계약을 맺어 새롭게 번역, 출간했다. 로맹 가리의 유서라 할 수 있는 '에밀 아자르의 삶과 죽음'이 함께 실렸다.",2003-05-06,https://image.aladin.co.kr/product/9751/78/coversum/8982816631_3.jpg,국내도서>소설/시/희곡>프랑스소설
상냥한 폭력의 시대,정이현,문학과지성사,대덕소프트웨어마이스터고등학교,IT00009626,813.7 정68ㅅ,"낭만적 사랑과 사회, 달콤한 나의 도시 등을 출간해온 '도시기록자' 정이현이 9년 만에 선보이는 단편소설집. 작가가 단편을 쓰는 데 어려움을 겪던 시기에 부단하게 고민해온 흔적이자, '그래도' 소설로 세계를 이해하고 써낼 수밖에 없어 끊임없이 노력해온 증거다.",2016-10-10,https://image.aladin.co.kr/product/9421/49/coversum/8932029091_1.jpg,국내도서>소설/시/희곡>한국소설>2000년대 이후 한국소설
우리가 볼 수 없는 모든 빛 1,앤서니 도어,민음사,대덕소프트웨어마이스터고등학교,IT00009627,843 도64ㅇ v.1,"2015년 퓰리처상, 카네기 메달 상 수상작. 이 책은 2차 세계 대전 당시 아버지와 함께 파리를 떠나 피난을 가게 된 프랑스의 장님 소녀 마리로르와 명석한 두뇌로 나치의 눈에 들어 전쟁에 휩쓸리게 되는 독일의 고아 소년 베르너의 이야기를 그렸다.",2015-07-10,https://image.aladin.co.kr/product/6288/39/coversum/8937431971_1.jpg,국내도서>소설/시/희곡>영미소설
우리가 볼 수 없는 모든 빛 2,앤서니 도어,민음사,대덕소프트웨어마이스터고등학교,IT00009628,843 도64ㅇ v.2,"2015년 퓰리처상, 카네기 메달 상 수상작. 이 책은 2차 세계 대전 당시 아버지와 함께 파리를 떠나 피난을 가게 된 프랑스의 장님 소녀 마리로르와 명석한 두뇌로 나치의 눈에 들어 전쟁에 휩쓸리게 되는 독일의 고아 소년 베르너의 이야기를 그렸다.",2015-07-10,https://image.aladin.co.kr/product/6300/37/coversum/k412433936_1.jpg,국내도서>소설/시/희곡>영미소설
모차르트 1  대마법사,크리스티앙 자크,문학동네,대덕소프트웨어마이스터고등학교,EM00000005,863 자828ㅁ v.1,"<람세스>의 작가 크리스티앙 자크가 모차르트 탄생 250주년에 발표한 4부작 전기소설. 인류 역사상 가장 위대한 천재이자 음악가로 꼽히는 모차르트를 '고대 이집트 비전의 명맥을 이어간 비범한 신비주의 예술가'로 설정, 그의 프리메이슨적 면모를 조망한다.",2007-03-09,https://image.aladin.co.kr/product/88/98/coversum/8954602673_1.jpg,국내도서>소설/시/희곡>프랑스소설
 2007 이상문학상 작품집 31회  천사는 여기 머문다,전경린,문학사상사,대덕소프트웨어마이스터고등학교,EM00000011,813.608 전14ㅇ v.31,"한 해 동안 발표된 중단편소설을 결산하는 '이상문학상'의 서른한 번째 작품집이 출간됐다. 2007년 대상 수상작은 전경린의 단편 '천사는 여기 머문다'. 가정 폭력과 애정 갈등이란 소재를 통해 인간 내면에 자리한 선과 악의 양면성을 검증해나간 작품이다. 공선옥, 한창훈, 천운영, 김연수, 권여선, 편혜영, 김애란 등 우수작으로 선정된 작가들의 작품 일곱 편도 함께 실렸다.",2007-01-22,https://image.aladin.co.kr/product/87/75/coversum/8970127771_3.jpg,국내도서>소설/시/희곡>한국소설>2000년대 이후 한국소설
아이 러브 유,이미나,갤리온,대덕소프트웨어마이스터고등학교,EM00000015,813.6 이39ㅇ,"<그 남자 그 여자 1,2>의 작가 이미나가 '사랑의 불완전한 소통'에 관한 쓴 이야기. 주인공들은 서로의 마음을 읽지 못한다. 그래서 자꾸만 사랑을 의심한다. 사랑이 아니라고 부정하고, 혼자만 사랑하니까 아프다고 호소하기도 한다. 하지만 무수한 엇갈림 속에서도 서로를 보듬어 안으며 사랑하는 법을 배운다.",2007-02-23,https://image.aladin.co.kr/product/88/82/coversum/8901063646_1.jpg,국내도서>소설/시/희곡>한국소설>2000년대 이후 한국소설
장미의 이름 하,움베르토 에코,열린책들,대덕소프트웨어마이스터고등학교,EM00010585,883 에825ㅈ v.하,"영국의 수도사 바스커빌의 윌리엄이, 이탈리아의 한 수도원에 도착하면서 이 소설은 시작된다. 그리고 그의 도착과 더불어 수도원에서는 끔찍한 연쇄 살인 사건이 벌어지기 시작한다. 수도원장으로부터 사건 해결을 의뢰받은 윌리엄은 그의 시자 아드소와 함께 사건 수사에 착수한다.",2008-04-30,https://image.aladin.co.kr/product/24/19/coversum/8932906769_1.jpg,국내도서>소설/시/희곡>추리/미스터리소설>기타국가 추리/미스터리소설
 내가 처음 읽는 페미니즘 소설,강경애,청동거울,대덕소프트웨어마이스터고등학교,EM00000276,813.6 강14ㅍ,"1920년대부터 80년대까지, 우리 나라의 대표적인 페미니즘 소설 일곱 편을 모아 알기 쉽게 해설한 책. 우리 근현대사의 가장 긴박한 순간들을 여성의 독특한 시선으로 반영하는 동시에 당대 여성들의 삶의 궤적을 면밀하고도 자세하게 묘사했다.",2002-12-23,https://image.aladin.co.kr/product/39/44/coversum/898828688x_1.gif,국내도서>소설/시/희곡>한국소설>2000년대 이후 한국소설
감자먹는 사람들 조매제 빈처 안마당이 있는 가겟집 풍경,최원식,창비,대덕소프트웨어마이스터고등학교,IT00009375,813.608 최66ㄱ,,,,
최일남 단편집,최일남,지식을만드는지식,대덕소프트웨어마이스터고등학교,IT00009377,813.62 최68ㅊ,"구분과 구획에 주목했고 단절의 극복을 고민했던 작가 최일남의 단편 ＜서울 사람들＞, ＜타령 다섯 마당＞, ＜흐르는 북＞, ＜꿈길과 말길＞을 엮었다. 남과 북, 중심부와 그에 속하지 못한 주변부로 나뉜 이 땅에서 살아가는 사람들의 여러 모습을 확인할 수 있다.",2018-07-13,https://image.aladin.co.kr/product/15620/65/coversum/k052533833_2.jpg,국내도서>소설/시/희곡>한국소설>2000년대 이후 한국소설
셰익스피어 4대 비극,윌리엄 셰익스피어,아름다운날,대덕소프트웨어마이스터고등학교,IT00009431,842 셰68ㅅ,"인간의 고통에 대한 가장 원숙하고도 냉혹한 성찰, 셰익스피어 4대 비극의 비극. 햄릿, 오셀로, 맥베스, 리어왕 총 4권으로 구성되었다.",2012-11-06,https://image.aladin.co.kr/product/2090/86/coversum/s402638427_1.jpg,국내도서>소설/시/희곡>희곡>외국희곡
죄와 벌 하,표도르 도스또예프스끼,열린책들,대덕소프트웨어마이스터고등학교,IT00009436,892.8 도57ㅈ v.하 c.2,"러시아 소설가 도스토예프스키의 대표작. 급박한 상황 속에서 속기사인 안나 그리고리예브나의 도움으로 1866년 1월부터 12월에 걸쳐 '러시아 통보'에 연재된 뒤, 1867년에 약간을 수정을 거쳐 단행본으로 출판되었다. 작가로서 명실공히 도스또예프스끼의 명성을 확고하게 만든 후기 5대 장편 가운데 첫 작품이다.",2009-12-15,https://image.aladin.co.kr/product/599/13/coversum/8932909164_1.jpg,국내도서>소설/시/희곡>러시아소설
오만과 편견,제인 오스틴,문학동네,대덕소프트웨어마이스터고등학교,IT00009438,843 오57ㅇ c.2,"제인 오스틴의 대표작 <오만과 편견>이 보다 정확하고 말끔한 번역으로 재출간됐다. 역자인 윤지관과 전승희는 10여 년에 걸친 기간 동안 철저한 원문대조를 통해, 본래의 의미와 문체를 생생하게 되살려내기 위해 노력했다고.",2003-09-20,https://image.aladin.co.kr/product/43/68/coversum/s937460882_1.jpg,국내도서>소설/시/희곡>영미소설
모차르트 2  비밀의 서약,크리스티앙 자크,문학동네,대덕소프트웨어마이스터고등학교,EM00003372,863 자828ㅁ v.2 c.2,,2007-03-09,https://image.aladin.co.kr/product/88/98/coversum/8954602681_1.jpg,국내도서>소설/시/희곡>프랑스소설
모차르트 3  불의 단련,크리스티앙 자크,문학동네,대덕소프트웨어마이스터고등학교,EM00000007,863 자828ㅁ v.3,,2007-03-09,https://image.aladin.co.kr/product/88/98/coversum/895460269x_1.jpg,국내도서>소설/시/희곡>프랑스소설
모차르트 3  불의 단련,크리스티앙 자크,문학동네,대덕소프트웨어마이스터고등학교,EM00003373,863 자828ㅁ v.3 c.2,,2007-03-09,https://image.aladin.co.kr/product/88/98/coversum/895460269x_1.jpg,국내도서>소설/시/희곡>프랑스소설
모차르트 4  신이 사랑한 자,크리스티앙 자크,문학동네,대덕소프트웨어마이스터고등학교,EM00003374,863 자828ㅁ v.4 c.2,,2007-03-09,https://image.aladin.co.kr/product/88/98/coversum/8954602703_1.jpg,국내도서>소설/시/희곡>프랑스소설
 미치 앨봄의 단 하루만 더,미치 앨봄,세종서적,대덕소프트웨어마이스터고등학교,EM00002811,843 앨45ㄷ c.2,"<모리와 함께한 화요일>의 작가 미치 앨봄의 2006년 신작. <천국에서 만난 다섯 사람>에 이어 두 번째로 발표한 소설 작품으로, 세대를 잇는 가족의 관계와 떠나간 이에 대한 그리움, 못다 나눈 정에 대해 들려준다. 결국 가장 가까운 이들에게 공감을 얻음으로써 완전해질 수 있는 우리들 삶에 대한 이야기.",2006-12-05,https://image.aladin.co.kr/product/85/89/coversum/898407229x_2.jpg,국내도서>소설/시/희곡>영미소설
현의 노래,김훈,생각의나무,대덕소프트웨어마이스터고등학교,EM00000183,813.6 김97ㅎ,"칼의 노래로 동인문학상을, 단편 '화장(火葬)'으로 이상문학상을 수상한 김훈의 장편소설. 김훈이 칼의 노래 집필 이전부터 기획해온 현의 노래는 가야금의 예인 우륵의 생애를 그리고 있다. 특유의 유려하고 밀도 높은 언어로 왕과 장수, 대장장이와 궁녀, 관리와 범부- 먼 옛날 우리 땅의 풍경과 사람들을 되살려낸다.",2012-01-05,https://image.aladin.co.kr/product/1462/94/coversum/8954617255_1.jpg,국내도서>소설/시/희곡>역사소설>한국 역사소설
내 생애의 아이들,가브리엘 루아,현대문학,대덕소프트웨어마이스터고등학교,EM00005034,863 루61ㄴ c.3,"가난한 집 몇채가 고작인 쓸쓸한 마을이지만, 푸르른 자연과 그보다 더 푸른 아이들에 둘러싸인 그녀는 외롭지 않다. '학교'라는 낯선 세상에 첫발을 내딛는 아이들의 모습도 각양각색. 어떤 아이들은 부모와 떨어지지 않으려 버둥거리고, 세상에서 가장 명랑한 아이는 깡충깡충 뛰며 책상으로 향한다. 아이들 하나하나의 묘사가 그림처럼 아름다우면서도 현실감이 넘친다.",2003-07-08,https://image.aladin.co.kr/product/42/27/coversum/8972752649_2.jpg,국내도서>소설/시/희곡>세계의 소설>기타 국가 소설
돈 까밀로의 사계,죠반니노 과레스끼,서교,대덕소프트웨어마이스터고등학교,EM00000277,883 과233ㄷ,"'신부님 우리들의 신부님' 시리즈. 기존의 「돈 까밀로 시리즈」가 보여주었던 특유의 낙천성에다, 독특한 형식적 구성을 더해 독자들의 읽는 재미를 더한다.",2019-11-15,https://image.aladin.co.kr/product/21575/5/coversum/k752636599_1.jpg,국내도서>소설/시/희곡>세계의 소설>이탈리아소설
제비를 기르다,윤대녕,창비,대덕소프트웨어마이스터고등학교,EM00000325,813.6 윤222ㅈ,"윤대녕의 다섯 번째 소설집이 출간됐다. 2004년 출간된 <누가 걸어간다> 이후 3년 만이다. 총 여덟 편의 중단편 작품이 묶였다. 감각적인 서사를 특징으로 개인의 내면에 집중하던 이전의 작품세계를 넘어서, 성숙한 삶의 지평을 향한 작가의 농익은 시선이 묻어난다.",2007-01-25,https://image.aladin.co.kr/product/87/79/coversum/893643697x_2.jpg,국내도서>소설/시/희곡>한국소설>2000년대 이후 한국소설
베일리 어게인,W. 브루스 카메론,페티앙북스,대덕소프트웨어마이스터고등학교,IT00009338,843.6 카34ㅂ,"여러 생을 거치며 보호자를 찾고, 사랑하고, 지키는 한 마리 개의 이야기를 담고 있다. 이 책은 개의 시선으로 인간과의 관계, 사랑, 우정, 그리고 삶의 목적을 감동적으로 묘사한다. 독자들은 이 책을 통해 삶의 소중한 가치를 되새기며, 반려동물과의 특별한 유대감을 재발견하게 된다.",2024-09-10,https://image.aladin.co.kr/product/34577/34/coversum/k342933367_1.jpg,국내도서>소설/시/희곡>영미소설
박완서,최원식 엮음,창비,대덕소프트웨어마이스터고등학교,IT00009373,813.608 최66ㅂ,,,,
월요일이 없는 소년,황희,들녘,대덕소프트웨어마이스터고등학교,IT00009380,813.6 황97ㅇ,호러 미스터리 장르에서 꾸준히 작품 활동을 해온 작가 황희의 제1회 대한민국 전자출판대상 대상 수상작인 월요일이 없는 소년이 개정을 거쳐 완전판으로 출간되었다. 성 소수자인 주인공이 연쇄살인 뒤에 얽힌 광신에 가까운 종교에 대한 비밀을 파헤치며 스스로의 정체성을 찾아가는 내용의 미스터리 타임스릴러다.,2015-07-28,https://image.aladin.co.kr/product/6379/66/coversum/8975277070_1.jpg,국내도서>소설/시/희곡>추리/미스터리소설>한국 추리/미스터리소설
내일이 없는 소녀,황희,네오픽션,대덕소프트웨어마이스터고등학교,IT00009381,813.7 황97ㄴ,"여덟 번의 토요일을 반복하며 사건의 진실에 접근해가는 독특한 소재의 타임루프 소설 월요일이 없는 소년으로 제1회 대한민국전자출판대상 공모전에서 대상을 수상하고, 미스터리 독자들로부터 많은 관심을 받았던 황희 작가의 장편소설.",2019-03-14,https://image.aladin.co.kr/product/18645/95/coversum/895443973x_1.jpg,국내도서>소설/시/희곡>한국소설>2000년대 이후 한국소설
오만과 편견,제인 오스틴,문학동네,대덕소프트웨어마이스터고등학교,IT00009437,843 오57ㅇ,"제인 오스틴의 대표작 <오만과 편견>이 보다 정확하고 말끔한 번역으로 재출간됐다. 역자인 윤지관과 전승희는 10여 년에 걸친 기간 동안 철저한 원문대조를 통해, 본래의 의미와 문체를 생생하게 되살려내기 위해 노력했다고.",2003-09-20,https://image.aladin.co.kr/product/43/68/coversum/s937460882_1.jpg,국내도서>소설/시/희곡>영미소설
자기 앞의  ,에밀 아자르,문학동네,대덕소프트웨어마이스터고등학교,IT00012094,863 아72ㅈ c.3,"로맹 가리가 에밀 아자르라는 필명으로 발표했던 소설로 1975년 공쿠르상을 받았다. 문학동네에서 정식 저작권 계약을 맺어 새롭게 번역, 출간했다. 로맹 가리의 유서라 할 수 있는 '에밀 아자르의 삶과 죽음'이 함께 실렸다.",2003-05-06,https://image.aladin.co.kr/product/9751/78/coversum/8982816631_3.jpg,국내도서>소설/시/희곡>프랑스소설
나는 고양이로소이다,나쓰메소세키,현암사,대덕소프트웨어마이스터고등학교,EM00019471,833.6 나57ㄴ,"'나쓰메 소세키 소설 전집' 1권. 나는 고양이로소이다는 당대의 삶과 사회를 생생하고 우스꽝스럽게 그려내면서 호평과 반향을 일으킨 작품이다. 이 책에는 기존 번역본에서 볼 수 없는, 상·중·하편이 묶일 당시 소세키가 쓴 자서(自序)를 함께 넣었다.",2013-09-10,https://image.aladin.co.kr/product/3123/93/coversum/s582639136_1.jpg,국내도서>소설/시/희곡>일본소설>1950년대 이전 일본소설
사소한 정의,앤 레키,아작(디자인콤마),대덕소프트웨어마이스터고등학교,EM00019475,843 레878ㅅ,"2013년 출간된 이후 휴고상, 네뷸러상, 로커스상, 아서 C. 클라크상, 영국판타지문학상, 영국SF협회상, 키치상 등 2014년 한해 SF 분야의 거의 모든 상을 휩쓴 앤 레키의 전무후무한 데뷔작이다.",2018-03-15,https://image.aladin.co.kr/product/13658/83/coversum/k622532418_1.jpg,국내도서>소설/시/희곡>과학소설(SF)>외국 과학소설
이중 도시,차이나 미에빌,아작(디자인콤마),대덕소프트웨어마이스터고등학교,EM00019480,843 미64ㅇ,"차이나 미에빌 대표작. 로커스 어워드 최우수 판타지상, 아서 C. 클라크 상, 월드 판타지 어워드 최우수 장편상, 킷치스 최고 장편상, 휴고 어워드 최우수 장편상을 수상했으며 네뷸러 어워드 장편 소설 부문과 존 W. 캠벨 SF소설 부문에 후보로 오르는 등 출간 해에 영미권 SF 및 판타지 관련 상을 모두 석권했다.",2015-11-20,https://image.aladin.co.kr/product/6968/55/coversum/k462434886_2.jpg,국내도서>소설/시/희곡>과학소설(SF)>외국 과학소설
삼대,염상섭,새움,대덕소프트웨어마이스터고등학교,EM00019494,813.6 염52ㅅ c.4,우리 문학사의 주옥같은 작품을 한자리에 모은 한국문학전집이 발간되었다. 책은 그 세 번째로 한국 근대 장편소설의 대표작으로 꼽히는 염상섭의 <삼대>. 1930년대 서울의 중산층 가족사를 통해 들여다본 우리 근대의 자화상을 담은 작품이다.,2004-12-03,https://image.aladin.co.kr/product/53/3/coversum/8932015554_2.jpg,국내도서>소설/시/희곡>한국소설>2000년대 이전 한국소설
광해의 연인 2,유오디아,시간여행,대덕소프트웨어마이스터고등학교,EM00019554,813.6 유65ㄱ v.2,"유오디아의 로맨스 소설 광해의 연인이 새롭게 돌아왔다. 개정판은 전 5권이었던 구판을 새롭게 편집하고 미공개 단편을 추가해 본편 3권, 외전 1권으로 구성했다. 연재 당시 독자들의 사랑을 담뿍 받았던 그림작가 하이진이 새로 표지를 그렸다.",2015-05-10,https://image.aladin.co.kr/product/5893/79/coversum/6000845164_1.jpg,국내도서>소설/시/희곡>로맨스소설>한국 로맨스소설
새벽거리에서,하가시노 게이고,재인,대덕소프트웨어마이스터고등학교,EM00012326,830 게68ㅅ,,,,
658 우연히,존버든,비채,대덕소프트웨어마이스터고등학교,EM00012566,840 존44ㅇ c.2,"""1부터 1000 사이 숫자를 하나 생각해. 그 숫자를 말해봐. 이제 봉투를 열고 확인해봐."" 누구나 한번쯤 해보았을, 익숙한 '숫자 게임'을 매혹적으로 변주한 존 버든의 소설로, '데이브 거니' 시리즈 첫번째 책이다.",2011-08-24,https://image.aladin.co.kr/product/1286/42/coversum/8994343369_1.jpg,국내도서>소설/시/희곡>추리/미스터리소설>영미 추리/미스터리소설
너무 친한 친구들,넬리 노이 하우스,북로드,대덕소프트웨어마이스터고등학교,EM00012512,850 하66ㄴ c.2,,,,
너무 친한 친구들,넬리 노이 하우스,북로드,대덕소프트웨어마이스터고등학교,EM00012513,850 하66ㄴ c.3,,,,
고구려 3,김진명,새움,대덕소프트웨어마이스터고등학교,EM00012545,810 김78ㄱ v.3 c.2,"베스트셀러 작가 김진명 필생의 역작 『고구려』의 개정판과 신작이 동시에 묶여 출간된다. 기존 출시되어있는 여섯 권의 개정판에, 소수림왕 후기를 다룬 신간 7권이 더해져 고구려 최전성기를 관통하는 왕들의 살아 숨 쉬는 일대기를 한 번에 만나볼 수 있다.",2021-06-14,https://image.aladin.co.kr/product/27242/13/coversum/k792732593_2.jpg,국내도서>소설/시/희곡>역사소설>한국 역사소설
공주의 남자 1,김정민,페이퍼스토리,대덕소프트웨어마이스터고등학교,EM00012601,810 김74ㄱ v.1 c.2,"드라마 [공주의 남자]를 소설로 만난다. 왕이 되고자 하는 열망에 들뜬 수양대군이 대신 김종서를 무참히 살해한 사건, 이른바 계유정난(1453)이다. 소설은 김종서의 아들 승유와 수양대군의 딸 세령 간의 운명적인 사랑을 다루고 있다. 여기에 승유를 사랑한 단종의 누이 경혜공주, 세령을 사랑한 신숙주의 아들 신면이 엇갈린 애정구도를 형성한다.",2011-08-18,https://image.aladin.co.kr/product/1274/7/coversum/8996583413_2.jpg,국내도서>소설/시/희곡>로맨스소설>한국 로맨스소설
호랑이의 아내,테이아 오브레트,현대문학,대덕소프트웨어마이스터고등학교,EM00012663,890 오47ㅎ c.3,"스물다섯 살의 나이에 펴낸 첫 책으로 ""수년 만에 최고의 전율을 안겨준 문학적 발견""이라는 찬사를 받으며 미국 문단에 등장한 테이아 오브레트의 장편소설. 테이아 오브레트는 이 소설로 「뉴요커」, 전미도서협회 등 권위 있는 매체들이 선정한 '최고의 젊은 작가' 명단에 이름을 올렸으며, 2011년에는 역대 최연소 오렌지상 수상자가 되었다.",2011-09-09,https://image.aladin.co.kr/product/1287/88/coversum/8972755591_3.jpg,국내도서>소설/시/희곡>영미소설
사람의 아들,이문열,민음사,대덕소프트웨어마이스터고등학교,EM00012729,813.6 이3ㅅ,이문열 최고의 역작! 한국 문학계 초 베스트셀러 1위! 300만 부 독보적 판매! 화려한 수식어를 지닌 사람의 아들. 이번 개정 신판은 전체적인 내용은 그대로 유지하고 표현이 어색한 것들을 수정하였다. 또한 액자소설이라는 가독성을 높이기 위해 바깥 소설과 안쪽 소설의 서체를 달리하였다.,2020-04-30,https://image.aladin.co.kr/product/23973/24/coversum/8925530724_1.jpg,국내도서>소설/시/희곡>한국소설>2000년대 이후 한국소설
 등급 그녀,진소라,예담,대덕소프트웨어마이스터고등학교,EM00012755,810 진55ㄷ c.2,"'2009년 멀티 문학상' 최종 후보작으로, 연애레시피 백일홍의 작가 진소라의 칫릭소설이자 성장소설이다. 가족을 위해 자신을 희생하며 살아온 20대 여성이 사랑했던 남자와의 이별을 겪으면서 스스로의 가치와 삶의 방향을 찾아가는 이야기이다. 화려하고 가벼운 듯 보이지만 또 한편으로는 불안하고 흔들리는 이 시대 이십대 여성의 이야기를 담고 있다.",2011-04-30,https://image.aladin.co.kr/product/1151/41/coversum/8959136239_1.jpg,국내도서>소설/시/희곡>한국소설>2000년대 이후 한국소설
세얼간이,체탄바갓,북스퀘어,대덕소프트웨어마이스터고등학교,EM00012760,890 체882ㅅ,"인도에서 개봉 당시 세계적으로 돌풍을 일으킨 영화 [아바타]를 누르며 발리우드 흥행 기록을 갈아치운 영화 [세 얼간이] 원작 소설. 영화의 흥행 실적 못지않게 성공을 거둔 원작 소설은, 국내에 처음 소개되는 젊은 작가 체탄 바갓의 작품이다. 일류 최고 공학도들의 우정, 사랑, 미래에 대한 고민과 방황을 매력적인 캐릭터와 흥미 있는 사건들로 실감나게 그려냈다.",2011-07-28,https://image.aladin.co.kr/product/1248/1/coversum/8994136673_2.jpg,국내도서>소설/시/희곡>세계의 소설>기타 국가 소설
소년이 온다,한강,창비,대덕소프트웨어마이스터고등학교,IT00012028,813.6 한12ㅅ c.4,섬세한 감수성과 치밀한 문장으로 인간 존재의 본질을 탐구해온 작가 한강의 여섯번째 장편소설. '상처의 구조에 대한 투시와 천착의 서사'를 통해 한강만이 풀어낼 수 있는 방식으로 1980년 5월을 새롭게 조명한다.,2014-05-19,https://image.aladin.co.kr/product/4086/97/coversum/8936434128_2.jpg,국내도서>소설/시/희곡>한국소설>2000년대 이후 한국소설
삼대,염상섭,새움,대덕소프트웨어마이스터고등학교,EM00019495,813.6 염52ㅅ c.5,우리 문학사의 주옥같은 작품을 한자리에 모은 한국문학전집이 발간되었다. 책은 그 세 번째로 한국 근대 장편소설의 대표작으로 꼽히는 염상섭의 <삼대>. 1930년대 서울의 중산층 가족사를 통해 들여다본 우리 근대의 자화상을 담은 작품이다.,2004-12-03,https://image.aladin.co.kr/product/53/3/coversum/8932015554_2.jpg,국내도서>소설/시/희곡>한국소설>2000년대 이전 한국소설
칼의 노래,김훈,문학동네,대덕소프트웨어마이스터고등학교,EM00019506,813.6 김96ㅋ,"2001년 동인문학상 수상작. 작가 김훈은 소설 칼의 노래를 통해 공동체와 역사에 책임을 져야 할 위치에 선 자들이 지녀야 할 윤리, 사회 안에서 개인이 가질 수 있는 삶의 태도, 문(文)의 복잡함에 대별되는 무(武)의 단순미, 4백 년이라는 시간 속에서도 달라진 바 없는 한국 문화의 혼미한 정체성을 이야기 한다.",2012-01-05,https://image.aladin.co.kr/product/1462/87/coversum/8954617247_1.jpg,국내도서>소설/시/희곡>역사소설>한국 역사소설
칼의 노래,김훈,문학동네,대덕소프트웨어마이스터고등학교,EM00019510,813.6 김96ㅋ c.5,"2001년 동인문학상 수상작. 작가 김훈은 소설 칼의 노래를 통해 공동체와 역사에 책임을 져야 할 위치에 선 자들이 지녀야 할 윤리, 사회 안에서 개인이 가질 수 있는 삶의 태도, 문(文)의 복잡함에 대별되는 무(武)의 단순미, 4백 년이라는 시간 속에서도 달라진 바 없는 한국 문화의 혼미한 정체성을 이야기 한다.",2012-01-05,https://image.aladin.co.kr/product/1462/87/coversum/8954617247_1.jpg,국내도서>소설/시/희곡>역사소설>한국 역사소설
보보경심 3,동화,새파란상상(파란미디어),대덕소프트웨어마이스터고등학교,EM00019563,823 동95ㅂ v.3,"2006년 독자들의 입소문을 타고 그해 베스트셀러로 선정되었고, 드라마 방영과 함께 개정판이 출간되며 구간 포함 120만 부의 판매고를 올린 화제의 밀리언셀러. 2011년 호남위성TV에서 드라마화되며 일약 중국의 국민드라마로 엄청난 인기를 누렸다.",2013-02-04,https://image.aladin.co.kr/product/2350/44/coversum/s172532482_1.jpg,국내도서>소설/시/희곡>로맨스소설>외국 로맨스소설
적과 흑 2,스탕달,민음사,대덕소프트웨어마이스터고등학교,EM00012434,863 S825 v.2,,2004-01-15,https://image.aladin.co.kr/product/45/53/coversum/s392934786_1.jpg,국내도서>소설/시/희곡>프랑스소설
적과 흑 1 95,스탕달,민음사,대덕소프트웨어마이스터고등학교,EM00012436,863 S825 v.1-95,"19세기 프랑스 문학의 걸작 <적과 흑>이 출간됐다. 예리하고 섬세한 심리 묘사의 절정을 보여준다. 1995년 서울대학교 출판부에서 간행되었던 것을, 꼼꼼한 원문 대조와 교정 작업을 통해 새로운 판본으로 펴냈다.",2004-01-15,https://image.aladin.co.kr/product/45/53/coversum/s382934786_1.jpg,국내도서>소설/시/희곡>프랑스소설
한반도 1,김진명,해냄,대덕소프트웨어마이스터고등학교,EM00012480,813.6 김79ㅎ2 v.1,한국현대사의 커다란 의문 10.26을 소재로 쓰여진 장편소설. 수많은 의문에 둘러싸인 박정희 대통령 시해 사건은 김재규의 사형과 함께 묻혔지만 저자는 역사의 이면을 추적하는 과정에서 박정희의 죽음과 케네디의 죽음에서 공통점을 찾아내고 그 배후의 베일을 벗긴다.,2003-01-10,https://image.aladin.co.kr/product/39/68/coversum/8973375121_2.jpg,국내도서>소설/시/희곡>한국소설>2000년대 이전 한국소설
마법교사 클로얀 1  편견을 버리고,담덕,발해,대덕소프트웨어마이스터고등학교,EM00012527,810 담24ㅁ,,,,
고구려 1 1,김진명,새움,대덕소프트웨어마이스터고등학교,EM00012541,810 김78ㄱ v.1 c.2,"베스트셀러 작가 김진명 필생의 역작 『고구려』의 개정판과 신작이 동시에 묶여 출간된다. 기존 출시되어있는 여섯 권의 개정판에, 소수림왕 후기를 다룬 신간 7권이 더해져 고구려 최전성기를 관통하는 왕들의 살아 숨 쉬는 일대기를 한 번에 만나볼 수 있다.",2021-06-14,https://image.aladin.co.kr/product/27242/4/coversum/k612732593_2.jpg,국내도서>소설/시/희곡>역사소설>한국 역사소설
고구려 3,김진명,새움,대덕소프트웨어마이스터고등학교,EM00012544,810 김78ㄱ v.3,"베스트셀러 작가 김진명 필생의 역작 『고구려』의 개정판과 신작이 동시에 묶여 출간된다. 기존 출시되어있는 여섯 권의 개정판에, 소수림왕 후기를 다룬 신간 7권이 더해져 고구려 최전성기를 관통하는 왕들의 살아 숨 쉬는 일대기를 한 번에 만나볼 수 있다.",2021-06-14,https://image.aladin.co.kr/product/27242/13/coversum/k792732593_2.jpg,국내도서>소설/시/희곡>역사소설>한국 역사소설
이반 데니소비치의 하루,A.I.솔제니친,청목,대덕소프트웨어마이스터고등학교,EM00012623,890 에68ㅇ,"노벨문학상 작가 솔제니친이 직접 경험했던 노동 수용소 생활의 하루를 세련되고 절제된 필치로 묘사한 것이다. 작가는 이 작품에서, 평범하고 가련한 이반 데니소비치라는 인물을 통해 지배 권력에 의해 죄없이 고통당하는 힘없는 약자에 대한 숭고한 애정을 보여 주고 있으며, 그러한 약자들을 대변해 진실을 밝히는 것이 작가의 소명이고 그러한 예술이야말로 예술의 궁극적 목적임을 역설하고 있다.",1998-09-30,https://image.aladin.co.kr/product/11/67/coversum/s282933532_1.jpg,국내도서>소설/시/희곡>러시아소설
낯익은 타인들의 도시,최인호,예백,대덕소프트웨어마이스터고등학교,EM00012646,810 최68ㄴ,"현대문학상, 이상문학상, 가톨릭문학상, 불교문학상 수상작가 최인호가 5년 만에 내놓은 신작 장편소설. 작가는 이 소설을 통해 지난 30여 년 동안 몰두했던 역사.종교소설 스타일을 과감히 버리고, '최인호'라는 이름 석 자를 세상에 알린 현대소설로의 회귀를 선언했다. 유실된 기억 속의 진실을 찾아가는 한 남자의 모험과 추적을 그린다.",2011-05-25,https://image.aladin.co.kr/product/1176/53/coversum/8958660945_2.jpg,국내도서>소설/시/희곡>한국소설>2000년대 이후 한국소설
낯익은 타인들의 도시,최인호,예백,대덕소프트웨어마이스터고등학교,EM00012648,810 최68ㄴ c.3,"현대문학상, 이상문학상, 가톨릭문학상, 불교문학상 수상작가 최인호가 5년 만에 내놓은 신작 장편소설. 작가는 이 소설을 통해 지난 30여 년 동안 몰두했던 역사.종교소설 스타일을 과감히 버리고, '최인호'라는 이름 석 자를 세상에 알린 현대소설로의 회귀를 선언했다. 유실된 기억 속의 진실을 찾아가는 한 남자의 모험과 추적을 그린다.",2011-05-25,https://image.aladin.co.kr/product/1176/53/coversum/8958660945_2.jpg,국내도서>소설/시/희곡>한국소설>2000년대 이후 한국소설
호랑이의 아내,테이아 오브레트,현대문학,대덕소프트웨어마이스터고등학교,EM00012661,890 오47ㅎ,"스물다섯 살의 나이에 펴낸 첫 책으로 ""수년 만에 최고의 전율을 안겨준 문학적 발견""이라는 찬사를 받으며 미국 문단에 등장한 테이아 오브레트의 장편소설. 테이아 오브레트는 이 소설로 「뉴요커」, 전미도서협회 등 권위 있는 매체들이 선정한 '최고의 젊은 작가' 명단에 이름을 올렸으며, 2011년에는 역대 최연소 오렌지상 수상자가 되었다.",2011-09-09,https://image.aladin.co.kr/product/1287/88/coversum/8972755591_3.jpg,국내도서>소설/시/희곡>영미소설
호랑이의 아내,테이아 오브레트,현대문학,대덕소프트웨어마이스터고등학교,EM00012662,890 오47ㅎ c.2,"스물다섯 살의 나이에 펴낸 첫 책으로 ""수년 만에 최고의 전율을 안겨준 문학적 발견""이라는 찬사를 받으며 미국 문단에 등장한 테이아 오브레트의 장편소설. 테이아 오브레트는 이 소설로 「뉴요커」, 전미도서협회 등 권위 있는 매체들이 선정한 '최고의 젊은 작가' 명단에 이름을 올렸으며, 2011년에는 역대 최연소 오렌지상 수상자가 되었다.",2011-09-09,https://image.aladin.co.kr/product/1287/88/coversum/8972755591_3.jpg,국내도서>소설/시/희곡>영미소설
내 인생 니가 알아 ,오쿠다 히데오,노마드북스,대덕소프트웨어마이스터고등학교,EM00012690,833.6 히24ㄴ,"<공중그네>로 제131회 나오키상을 수상한 작가 오쿠다 히데오의 2005년 작. 뭔가를 달성해본 적도 없고, 한 번도 부러움의 대상이 되어보지 못한 인물들이 주인공으로 등장하는 장편소설이다. 오쿠다 히데오라는 작가가 품고 있는 긍정적인 삶의 태도와, 그가 뛰어난 역량을 가진 코미디소설가라는 사실을 확인할 수 있는 작품. 2006년 출간된 <라라피포>를 새로운 제목으로 다시 펴냈다.",2007-10-01,https://image.aladin.co.kr/product/98/99/coversum/8991794416_1.jpg,국내도서>소설/시/희곡>일본소설>1950년대 이후 일본소설
나비야 청산 가자 2,김진명,대교베텔스만,대덕소프트웨어마이스터고등학교,EM00012700,813.6 김78ㄴ,"<무궁화 꽃이 피었습니다>, <한반도>의 작가 김진명이 북핵 문제를 소재로 쓴 장편소설. 조선을 일본 식민지로 전락시킨 가쓰라-태프트 밀약, 남북을 분단시킨 얄타 협정, 그리고 강대국의 손에 의해 한반도의 운명이 결정된 역사의 기억이 맞물려 전개되는 이야기이다.",2007-01-22,https://image.aladin.co.kr/product/87/38/coversum/8957591850_2.jpg,국내도서>소설/시/희곡>한국소설>2000년대 이후 한국소설
 혼조 후카가와의 기이한 이야기,미야베 미유키,북스피어,대덕소프트웨어마이스터고등학교,EM00012703,830 미66ㄱ,"2007년 10월 국내 출간된 외딴집에 이어, 북스피어에서 두 번째로 소개하는 미야베 미유키의 시대 미스터리. 에도 시대 말기 무렵 생겨났다고 하는, 혼조의 일곱 가지 불가사의를 소재로 쓴 연작 단편집이다. 제13회 요시카와 에이지 문학상 신인상 수상작.",2008-03-28,https://image.aladin.co.kr/product/196/59/coversum/8991931383_1.jpg,국내도서>소설/시/희곡>추리/미스터리소설>일본 추리/미스터리소설
 등급 그녀,진소라,예담,대덕소프트웨어마이스터고등학교,EM00012754,810 진55ㄷ,"'2009년 멀티 문학상' 최종 후보작으로, 연애레시피 백일홍의 작가 진소라의 칫릭소설이자 성장소설이다. 가족을 위해 자신을 희생하며 살아온 20대 여성이 사랑했던 남자와의 이별을 겪으면서 스스로의 가치와 삶의 방향을 찾아가는 이야기이다. 화려하고 가벼운 듯 보이지만 또 한편으로는 불안하고 흔들리는 이 시대 이십대 여성의 이야기를 담고 있다.",2011-04-30,https://image.aladin.co.kr/product/1151/41/coversum/8959136239_1.jpg,국내도서>소설/시/희곡>한국소설>2000년대 이후 한국소설
세얼간이,체탄바갓,북스퀘어,대덕소프트웨어마이스터고등학교,EM00012820,890 체882세 c.3,"인도에서 개봉 당시 세계적으로 돌풍을 일으킨 영화 [아바타]를 누르며 발리우드 흥행 기록을 갈아치운 영화 [세 얼간이] 원작 소설. 영화의 흥행 실적 못지않게 성공을 거둔 원작 소설은, 국내에 처음 소개되는 젊은 작가 체탄 바갓의 작품이다. 일류 최고 공학도들의 우정, 사랑, 미래에 대한 고민과 방황을 매력적인 캐릭터와 흥미 있는 사건들로 실감나게 그려냈다.",2011-07-28,https://image.aladin.co.kr/product/1248/1/coversum/8994136673_2.jpg,국내도서>소설/시/희곡>세계의 소설>기타 국가 소설
창가의 토토,구로야나기 테츠코,프로메테우스,대덕소프트웨어마이스터고등학교,EM00004367,833.6 구295ㅊ,"전 세계 35개국에 출간되고 중국에서만 1,000만 부가 넘게 팔린 성장소설의 고전 창가의 토토가 국내 출간 20여년 만에 새 옷을 입었다. 남들과 조금 다르다는 이유로 틀린 아이가 돼버린 한 소녀가 자신을 있는 그대로 봐주는 선생님을 만나며 성장하는 이야기를 어린아이의 시선에서 풀어낸 책이다.",2019-06-28,https://image.aladin.co.kr/product/19583/49/coversum/8934996307_1.jpg,국내도서>소설/시/희곡>일본소설>1950년대 이후 일본소설
조그만 체험기,박완서,문학동네,대덕소프트웨어마이스터고등학교,EM00004428,813.6 박66ㅂ,,1999-11-20,https://image.aladin.co.kr/product/21/21/coversum/898281227x_1.gif,국내도서>소설/시/희곡>한국소설>2000년대 이전 한국소설
대지,펄 S. 벅,문예출판사,대덕소프트웨어마이스터고등학교,EM00004481,843 벅894ㄷ,,1994-01-01,https://image.aladin.co.kr/product/3/71/coversum/8973810456_1.jpg,국내도서>소설/시/희곡>영미소설
대지,펄 S. 벅,문예출판사,대덕소프트웨어마이스터고등학교,EM00005505,843 벅894ㄷ c.2,,1994-01-01,https://image.aladin.co.kr/product/3/71/coversum/8973810456_1.jpg,국내도서>소설/시/희곡>영미소설
전쟁을 위한 기도,마크 트웨인,돌베개,대덕소프트웨어마이스터고등학교,EM00004731,848 트66ㅈ,"지은이는 승전보를 울리며 시작된 전쟁으로 인해 인류의 삶의 터전이 아비규환으로 변해가는 과정을 생생하게 그려낸다. 전쟁과 미국 제국주의의 그늘을 꿰뚫는 마크 트웨인의 통찰력이 돋보이는 책. 영어 원문이 함께 실려 있으며, 동세가 풍부하고 현장감이 리얼하게 표헌된 삽화가 인상적이다.",2003-06-10,https://image.aladin.co.kr/product/41/58/coversum/8971991593_1.gif,국내도서>소설/시/희곡>영미소설
타임머신,H. G. 웰즈,엔북,대덕소프트웨어마이스터고등학교,EM00004766,843 웰77ㅌ,"소설가이자 냉철한 과학자였던 SF의 거인, 허버트 조지 웰스의 대표적인 중.단편을 묶은 타임머신이 '열린책들 세계문학' 164번으로 출간되었다. 문학사상 최초로 과학적 가설을 원용한 시간 여행의 가능성을 제시함으로써 옛날부터 있어 왔던 미래 여행의 성격을 꿈과 마법에서 있을 법한 현실로 바꾸어 놓은 '타임머신'을 포함한 총 4편의 작품이 수록되어 있다.",2011-03-20,https://image.aladin.co.kr/product/1126/4/coversum/8932911649_1.jpg,국내도서>소설/시/희곡>과학소설(SF)>외국 과학소설
람세스 3,크리스티앙 자크,문학동네,대덕소프트웨어마이스터고등학교,EM00004805,863.6 자878ㄹ v.3 c.2,"<람세스>도 소설이기에 갈등이라고 하는 것이 아주 없겠는가만, 다른 소설에 비해서 순탄하게 풀리고 만다. <람세스>에서의 갈등은 다음으로 사건을 진전시키기 위한 소도구이다.",1997-04-19,https://image.aladin.co.kr/product/4/38/coversum/8982810501_1.jpg,국내도서>소설/시/희곡>역사소설>외국 역사소설
유리알 유희,헤르만 헤세,하서,대덕소프트웨어마이스터고등학교,EM00008803,853 헤53ㅇ c.2,"노벨 문학상을 수상(1946)한 독일의 문호 헤르만 헤세의 대표작. 유리알 유희는 헤르만 헤세가 10여 년에 걸쳐 집필한 마지막 역작이다. 그는 두 번의 세계대전을 겪으면서 인류 최대의 비극을 몰고 온 정신적 문제가 무엇인지를 고민하기 시작했고, 욕망과 금욕, 혼돈과 질서, 삶과 죽음, 동양과 서양, 선과 악 등 양극의 문제를 풀기 위한 평생의 고민을 이 소설 속에 풀어 놓았다.",2011-09-25,https://image.aladin.co.kr/product/1348/44/coversum/8937462737_2.jpg,국내도서>소설/시/희곡>독일소설
규중문학,전영진,홍신문화사,대덕소프트웨어마이스터고등학교,EM00004867,813.5 전64ㄱ,,1995-10-01,https://image.aladin.co.kr/product/1/93/coversum/8970551883_1.jpg,국내도서>소설/시/희곡>한국소설>2000년대 이전 한국소설
사십세,이남희,창작과 비평사,대덕소프트웨어마이스터고등학교,EM00004963,813.6 이192ㅅ,,1996-04-01,https://image.aladin.co.kr/product/6/93/coversum/8936436392_1.jpg,국내도서>소설/시/희곡>한국소설>2000년대 이전 한국소설
 대하역사소설     10 10  화적편 4,洪命憙,사계절,대덕소프트웨어마이스터고등학교,EM00005025,813.6 홍34ㅇ v.10,,,,
열번째 예언,제임스 레드필드,고려원,대덕소프트웨어마이스터고등학교,EM00005109,843 레27ㅇ,"제임스 레드필드 소설. 천상의 예언의 뒤를 잇는 놀라운 모험, '천상 시리즈'. 모험을 떠나는 이야기 형식으로 풀어낸 이 소설은 우리 삶에서 발생하는 이상한 우연의 일치에 초점을 맞추고 진화된 의식의 세계로 나아가기 위한 모델을 제시한다.",2013-11-08,https://image.aladin.co.kr/product/3314/20/coversum/8960179205_1.jpg,국내도서>소설/시/희곡>영미소설
                 ,Roald Dahl,Puffin Books,대덕소프트웨어마이스터고등학교,EM00016988,843 D131m c.4,"『원서 읽는 단어장』의 열한 번째 책으로 20세기 최고의 인기 작가 로알드 달(Roald Dahl)의 대표 단편 작품을 영어원서로 읽도록 도와주는 책이다. 먼저 출간된 『원서 읽는 단어장』시리즈의 도서들과 마찬가지로 해당 원서에 등장하는 어려운 어휘가 본문 등장 순서대로 정리되어 있어 원서를 쉽게 읽고 자연스럽게 어휘력이 향상되도록 도와주며, 이어지는 Comprehension Quiz를 통해 본문 내용에 대한 이해도를 측정해볼 수 있도록 구성되어 있다.",2010-11-01,https://image.aladin.co.kr/product/801/56/coversum/8956054878_1.jpg,국내도서>외국어>영어독해
                 ,Roald Dahl,Puffin Books,대덕소프트웨어마이스터고등학교,EM00017000,843 D131m c.16,"『원서 읽는 단어장』의 열한 번째 책으로 20세기 최고의 인기 작가 로알드 달(Roald Dahl)의 대표 단편 작품을 영어원서로 읽도록 도와주는 책이다. 먼저 출간된 『원서 읽는 단어장』시리즈의 도서들과 마찬가지로 해당 원서에 등장하는 어려운 어휘가 본문 등장 순서대로 정리되어 있어 원서를 쉽게 읽고 자연스럽게 어휘력이 향상되도록 도와주며, 이어지는 Comprehension Quiz를 통해 본문 내용에 대한 이해도를 측정해볼 수 있도록 구성되어 있다.",2010-11-01,https://image.aladin.co.kr/product/801/56/coversum/8956054878_1.jpg,국내도서>외국어>영어독해
                 ,Roald Dahl,Puffin Books,대덕소프트웨어마이스터고등학교,EM00017002,843 D131m c.18,"『원서 읽는 단어장』의 열한 번째 책으로 20세기 최고의 인기 작가 로알드 달(Roald Dahl)의 대표 단편 작품을 영어원서로 읽도록 도와주는 책이다. 먼저 출간된 『원서 읽는 단어장』시리즈의 도서들과 마찬가지로 해당 원서에 등장하는 어려운 어휘가 본문 등장 순서대로 정리되어 있어 원서를 쉽게 읽고 자연스럽게 어휘력이 향상되도록 도와주며, 이어지는 Comprehension Quiz를 통해 본문 내용에 대한 이해도를 측정해볼 수 있도록 구성되어 있다.",2010-11-01,https://image.aladin.co.kr/product/801/56/coversum/8956054878_1.jpg,국내도서>외국어>영어독해
                 ,Roald Dahl,Puffin Books,대덕소프트웨어마이스터고등학교,EM00017005,843 D131m c.21,"『원서 읽는 단어장』의 열한 번째 책으로 20세기 최고의 인기 작가 로알드 달(Roald Dahl)의 대표 단편 작품을 영어원서로 읽도록 도와주는 책이다. 먼저 출간된 『원서 읽는 단어장』시리즈의 도서들과 마찬가지로 해당 원서에 등장하는 어려운 어휘가 본문 등장 순서대로 정리되어 있어 원서를 쉽게 읽고 자연스럽게 어휘력이 향상되도록 도와주며, 이어지는 Comprehension Quiz를 통해 본문 내용에 대한 이해도를 측정해볼 수 있도록 구성되어 있다.",2010-11-01,https://image.aladin.co.kr/product/801/56/coversum/8956054878_1.jpg,국내도서>외국어>영어독해
                                 ,Roald Dahl,Puffin Books,대덕소프트웨어마이스터고등학교,EM00017014,843 D131g c.9,"『원서 읽는 단어장』의 열한 번째 책으로 20세기 최고의 인기 작가 로알드 달(Roald Dahl)의 대표 단편 작품을 영어원서로 읽도록 도와주는 책이다. 먼저 출간된 『원서 읽는 단어장』시리즈의 도서들과 마찬가지로 해당 원서에 등장하는 어려운 어휘가 본문 등장 순서대로 정리되어 있어 원서를 쉽게 읽고 자연스럽게 어휘력이 향상되도록 도와주며, 이어지는 Comprehension Quiz를 통해 본문 내용에 대한 이해도를 측정해볼 수 있도록 구성되어 있다.",2010-11-01,https://image.aladin.co.kr/product/801/56/coversum/8956054878_1.jpg,국내도서>외국어>영어독해
                                 ,Roald Dahl,Puffin Books,대덕소프트웨어마이스터고등학교,EM00017018,843 D131g c.13,"『원서 읽는 단어장』의 열한 번째 책으로 20세기 최고의 인기 작가 로알드 달(Roald Dahl)의 대표 단편 작품을 영어원서로 읽도록 도와주는 책이다. 먼저 출간된 『원서 읽는 단어장』시리즈의 도서들과 마찬가지로 해당 원서에 등장하는 어려운 어휘가 본문 등장 순서대로 정리되어 있어 원서를 쉽게 읽고 자연스럽게 어휘력이 향상되도록 도와주며, 이어지는 Comprehension Quiz를 통해 본문 내용에 대한 이해도를 측정해볼 수 있도록 구성되어 있다.",2010-11-01,https://image.aladin.co.kr/product/801/56/coversum/8956054878_1.jpg,국내도서>외국어>영어독해
                                 ,Roald Dahl,Puffin Books,대덕소프트웨어마이스터고등학교,EM00017019,843 D131g c.14,"『원서 읽는 단어장』의 열한 번째 책으로 20세기 최고의 인기 작가 로알드 달(Roald Dahl)의 대표 단편 작품을 영어원서로 읽도록 도와주는 책이다. 먼저 출간된 『원서 읽는 단어장』시리즈의 도서들과 마찬가지로 해당 원서에 등장하는 어려운 어휘가 본문 등장 순서대로 정리되어 있어 원서를 쉽게 읽고 자연스럽게 어휘력이 향상되도록 도와주며, 이어지는 Comprehension Quiz를 통해 본문 내용에 대한 이해도를 측정해볼 수 있도록 구성되어 있다.",2010-11-01,https://image.aladin.co.kr/product/801/56/coversum/8956054878_1.jpg,국내도서>외국어>영어독해
                                 ,Roald Dahl,Puffin Books,대덕소프트웨어마이스터고등학교,EM00017025,843 D131g c.20,"『원서 읽는 단어장』의 열한 번째 책으로 20세기 최고의 인기 작가 로알드 달(Roald Dahl)의 대표 단편 작품을 영어원서로 읽도록 도와주는 책이다. 먼저 출간된 『원서 읽는 단어장』시리즈의 도서들과 마찬가지로 해당 원서에 등장하는 어려운 어휘가 본문 등장 순서대로 정리되어 있어 원서를 쉽게 읽고 자연스럽게 어휘력이 향상되도록 도와주며, 이어지는 Comprehension Quiz를 통해 본문 내용에 대한 이해도를 측정해볼 수 있도록 구성되어 있다.",2010-11-01,https://image.aladin.co.kr/product/801/56/coversum/8956054878_1.jpg,국내도서>외국어>영어독해
우주복 있음  출장 가능,로버트 A. 하인라인,아작(디자인콤마),대덕소프트웨어마이스터고등학교,EM00019479,843 하68ㅇ,"20세기 중반 SF의 황금기를 대표하고 이끌었던 ‘빅 쓰리(Big Three)’의 일원인 로버트 A. 하인라인의 대표작 중 하나로, 하인라인의 팬들에게 가장 사랑받는 작품이다. 20년 만에 새롭게 번역을 하고 원제를 살려 재출간했다.",2020-12-05,https://image.aladin.co.kr/product/25676/81/coversum/k662735242_1.jpg,국내도서>소설/시/희곡>과학소설(SF)>외국 과학소설
삼대,염상섭,새움,대덕소프트웨어마이스터고등학교,EM00019491,813.6 염52ㅅ,우리 문학사의 주옥같은 작품을 한자리에 모은 한국문학전집이 발간되었다. 책은 그 세 번째로 한국 근대 장편소설의 대표작으로 꼽히는 염상섭의 <삼대>. 1930년대 서울의 중산층 가족사를 통해 들여다본 우리 근대의 자화상을 담은 작품이다.,2004-12-03,https://image.aladin.co.kr/product/53/3/coversum/8932015554_2.jpg,국내도서>소설/시/희곡>한국소설>2000년대 이전 한국소설
삼대,염상섭,새움,대덕소프트웨어마이스터고등학교,EM00019492,813.6 염52ㅅ c.2,우리 문학사의 주옥같은 작품을 한자리에 모은 한국문학전집이 발간되었다. 책은 그 세 번째로 한국 근대 장편소설의 대표작으로 꼽히는 염상섭의 <삼대>. 1930년대 서울의 중산층 가족사를 통해 들여다본 우리 근대의 자화상을 담은 작품이다.,2004-12-03,https://image.aladin.co.kr/product/53/3/coversum/8932015554_2.jpg,국내도서>소설/시/희곡>한국소설>2000년대 이전 한국소설
광해의 연인 1,유오디아,시간여행,대덕소프트웨어마이스터고등학교,EM00019553,813.6 유65ㄱ v.1,"유오디아의 로맨스 소설 광해의 연인이 새롭게 돌아왔다. 개정판은 전 5권이었던 구판을 새롭게 편집하고 미공개 단편을 추가해 본편 3권, 외전 1권으로 구성했다. 연재 당시 독자들의 사랑을 담뿍 받았던 그림작가 하이진이 새로 표지를 그렸다.",2015-07-10,https://image.aladin.co.kr/product/6270/95/coversum/k852433735_1.jpg,국내도서>소설/시/희곡>로맨스소설>한국 로맨스소설
광해의 연인 3,유오디아,시간여행,대덕소프트웨어마이스터고등학교,EM00019555,813.6 유65ㄱ v.3,"유오디아의 로맨스 소설 광해의 연인이 새롭게 돌아왔다. 개정판은 전 5권이었던 구판을 새롭게 편집하고 미공개 단편을 추가해 본편 3권, 외전 1권으로 구성했다. 연재 당시 독자들의 사랑을 담뿍 받았던 그림작가 하이진이 새로 표지를 그렸다.",2015-07-10,https://image.aladin.co.kr/product/6270/95/coversum/k852433735_1.jpg,국내도서>소설/시/희곡>로맨스소설>한국 로맨스소설
노블레스,손제호,드림북스,대덕소프트웨어마이스터고등학교,EM00012384,810 손74ㄴ,2007년부터 2018년까지 장장 11년간 인기리에 연재한 웹툰 『노블레스』의 개정판. 노련한 스토리와 능청맞은 개그를 구사하는 손제호 작가와 세련된 주인공을 탄생시키고 액션 장면을 시원하고 우아하게 뽐내는 이광수 작가의 환상적인 호흡으로 국내에서 최고의 인기를 유지한 작품이다.,2018-12-21,https://image.aladin.co.kr/product/17746/51/coversum/k292534127_1.jpg,국내도서>만화>인터넷 연재 만화
658 우연히,존버든,비채,대덕소프트웨어마이스터고등학교,EM00012393,840 존44ㅇ,"""1부터 1000 사이 숫자를 하나 생각해. 그 숫자를 말해봐. 이제 봉투를 열고 확인해봐."" 누구나 한번쯤 해보았을, 익숙한 '숫자 게임'을 매혹적으로 변주한 존 버든의 소설로, '데이브 거니' 시리즈 첫번째 책이다.",2011-08-24,https://image.aladin.co.kr/product/1286/42/coversum/8994343369_1.jpg,국내도서>소설/시/희곡>추리/미스터리소설>영미 추리/미스터리소설
파이 이야기,얀 마텔,작가정신,대덕소프트웨어마이스터고등학교,EM00012411,843 마884ㅍ,"전 세계 50개국 출간, 누적 판매 1200만 부를 기록한 맨부커상 최대 베스트셀러 『파이 이야기』의 개정판이 출간되었다. 작품에 담긴 의미를 새롭게 해석한 표지와 소장 가치를 더한 양장 제본으로 ‘현대의 고전’으로서의 품격을 더했다.",2022-03-29,https://image.aladin.co.kr/product/29126/67/coversum/k612837366_2.jpg,국내도서>소설/시/희곡>세계의 소설>기타 국가 소설
고향 19,이기영,문학사상사,대덕소프트웨어마이스터고등학교,EM00004440,813.6 이18ㄱ,,,,
올리버 트위스트 1 1 19,찰스 디킨스,(도서출판)신원문화사,대덕소프트웨어마이스터고등학교,EM00012439,843 디878ㅇ v.1-19,,2003-07-20,https://image.aladin.co.kr/product/42/37/coversum/8935911275_2.jpg,국내도서>소설/시/희곡>영미소설
쥬라기 공원 2,마이클 크라이튼,김영사,대덕소프트웨어마이스터고등학교,EM00012489,844.6 크291ㅈ v.2,,1991-07-10,https://image.aladin.co.kr/product/26/21/coversum/8934900121_1.gif,국내도서>소설/시/희곡>과학소설(SF)>외국 과학소설
향수,파트리크 쥐스킨트,열린책들,대덕소프트웨어마이스터고등학교,EM00012553,890 쥐57ㅎ,"파트리크 쥐스킨트의 장편소설『향수』는 냄새에 대한 탁월한 재능을 가지고 태어났으나 정작 자신은 아무런 냄새도 가지지 못한, 한 악마적 천재의 기이한 일대기를 그린 작품이다.",2020-04-20,https://image.aladin.co.kr/product/23775/47/coversum/893292029x_1.jpg,국내도서>소설/시/희곡>독일소설
공주의 남자 1,김정민,페이퍼스토리,대덕소프트웨어마이스터고등학교,EM00019551,810 김74ㄱ v.1 c.3,"드라마 [공주의 남자]를 소설로 만난다. 왕이 되고자 하는 열망에 들뜬 수양대군이 대신 김종서를 무참히 살해한 사건, 이른바 계유정난(1453)이다. 소설은 김종서의 아들 승유와 수양대군의 딸 세령 간의 운명적인 사랑을 다루고 있다. 여기에 승유를 사랑한 단종의 누이 경혜공주, 세령을 사랑한 신숙주의 아들 신면이 엇갈린 애정구도를 형성한다.",2011-08-18,https://image.aladin.co.kr/product/1274/7/coversum/8996583413_2.jpg,국내도서>소설/시/희곡>로맨스소설>한국 로맨스소설
낯익은 타인들의 도시,최인호,예백,대덕소프트웨어마이스터고등학교,EM00012647,810 최68ㄴ c.2,"현대문학상, 이상문학상, 가톨릭문학상, 불교문학상 수상작가 최인호가 5년 만에 내놓은 신작 장편소설. 작가는 이 소설을 통해 지난 30여 년 동안 몰두했던 역사.종교소설 스타일을 과감히 버리고, '최인호'라는 이름 석 자를 세상에 알린 현대소설로의 회귀를 선언했다. 유실된 기억 속의 진실을 찾아가는 한 남자의 모험과 추적을 그린다.",2011-05-25,https://image.aladin.co.kr/product/1176/53/coversum/8958660945_2.jpg,국내도서>소설/시/희곡>한국소설>2000년대 이후 한국소설
스위트룸 1,루퍼트 홈즈,시와사회,대덕소프트웨어마이스터고등학교,EM00004682,843.6 홈77ㅅ v.1,"뮤지컬 '에드윈 드루드의 비밀'로 미국 연극사상 최초로 극본부문, 작곡부문, 작사부문의 최우수 토니상을 동시에 거머쥔 루퍼트 홈즈의 첫 번째 장편소설. 할리우드를 사로잡은 당대 최고 스타의 타락한 이면을 날카롭고 은밀한 시선으로 파헤쳐 전세계 각지에서 수개월 동안 베스트셀러의 자리를 지키며 화제를 일으켰던 작품이다.",2006-03-24,https://image.aladin.co.kr/product/63/53/coversum/8977191068_1.jpg,국내도서>소설/시/희곡>영미소설
유림 2       사람에 이르는 길,최인호,열림원,대덕소프트웨어마이스터고등학교,EM00009547,813.6 최68ㅇ v.2 c.2,,2005-06-30,https://image.aladin.co.kr/product/56/92/coversum/8970634703_2.jpg,국내도서>소설/시/희곡>한국소설>2000년대 이후 한국소설
두근두근내인생,김애란,창비,대덕소프트웨어마이스터고등학교,EM00012682,810 김63ㄷ c.3,"2002년, 약관의 나이로 등단한 이래 달려라 아비 침이 고인다 두 권의 소설집만으로 한국일보문학상, 오늘의 젊은 예술가상, 신동엽창작상, 이효석문학상, 김유정문학상, 젊은작가상 등을 수상하며 2천년대 한국문학을 대표하는 작가로 자리매김한 김애란의 첫번째 장편소설. 가장 어린 부모와 가장 늙은 자식의 청춘과 사랑에 대한 눈부신 이야기를 다룬다.",2011-06-20,https://image.aladin.co.kr/product/1190/50/coversum/8936433873_2.jpg,국내도서>소설/시/희곡>한국소설>2000년대 이후 한국소설
마법교사 클로얀 2  힘의 무게와 피의무게,담덕,발해,대덕소프트웨어마이스터고등학교,EM00012718,810 담24ㅁ,,,,
알레프,파올로 코엘료,문학동네,대덕소프트웨어마이스터고등학교,EM00012730,890 코64ㅇ,"연금술사 브리다의 작가 파울로 코엘료의 2011년 신작. 작가의 길에 들어선 지 20여 년이 훌쩍 넘은 파울로 코엘료의 세계를 아우르는 동시에, 자신의 근본으로 회귀함으로써 새로운 출발을 알리는 작품이다. 코엘료의 고국인 브라질을 시작으로, 포르투갈, 헝가리 등 20여 국에서 출간되어 출간 첫날 즉시 베스트셀러 1위에 올라 변함없이 코엘료 신드롬을 일으켰다.",2011-09-23,https://image.aladin.co.kr/product/1303/6/coversum/8954616127_3.jpg,국내도서>소설/시/희곡>스페인/중남미소설
파일럿 피쉬,오사키요시오,황매,대덕소프트웨어마이스터고등학교,EM00004769,833.6 오52ㅍ,"오사키 요시오의 파일럿 피시가 보라나비 저작.번역상을 수상한 이영미 번역가의 번역으로 재출간되었다. 파일럿 피시는 깊은 수족 속에 가라앉은 과거의 기억을 되새김으로써 만남과 이별이 인생에 어떤 의미를 주는지 잔잔히 묻는 청춘연애소설이면서, 현존하는 기억 속 모두의 사랑 이야기이다.",2015-06-01,https://image.aladin.co.kr/product/5986/96/coversum/892741389x_1.jpg,국내도서>소설/시/희곡>일본소설>1950년대 이후 일본소설
해리포터와 아즈카반의 죄수 제3권 하 3 2,조앤 롤링,문학수첩,대덕소프트웨어마이스터고등학교,EM00004778,843 롤298ㅎ v.3-2,,,,
람세스 2,크리스티앙 자크,문학동네,대덕소프트웨어마이스터고등학교,EM00004806,863.6 자878ㄹ v.2,"<람세스>도 소설이기에 갈등이라고 하는 것이 아주 없겠는가만, 다른 소설에 비해서 순탄하게 풀리고 만다. <람세스>에서의 갈등은 다음으로 사건을 진전시키기 위한 소도구이다.",1997-04-03,https://image.aladin.co.kr/product/4/38/coversum/8982810323_1.jpg,국내도서>소설/시/희곡>역사소설>외국 역사소설
철학자의 돌 1  제1부 뉴턴의 대포 1,그레고리 키스,황금가지,대덕소프트웨어마이스터고등학교,EM00004828,843 키57ㅊ v.1,,2002-11-05,https://image.aladin.co.kr/product/38/55/coversum/8982735232_1.gif,국내도서>소설/시/희곡>영미소설
 대하역사소설     9 9  화적편 3,洪命憙,사계절,대덕소프트웨어마이스터고등학교,EM00005024,813.6 홍34ㅇ v.9,,,,
나폴레옹 1,막스 갈로,문학동네,대덕소프트웨어마이스터고등학교,EM00005179,863.6 갈295ㄴ v.1,"거대한 스펙트럼의 소설 나폴레옹이 뮤지컬 [나폴레옹] 국내 초연에 맞춰, 새로운 표지 디자인으로 옷을 갈아입고 선보인다. 막스 갈로의 소설 나폴레옹은 1997년 프랑스 출간 당시 80만 부 이상이 팔렸다.",2017-07-17,https://image.aladin.co.kr/product/2/86/coversum/898281132x_4.jpg,국내도서>소설/시/희곡>역사소설>외국 역사소설
                 ,Roald Dahl,Puffin Books,대덕소프트웨어마이스터고등학교,EM00016986,843 D131m c.2,"『원서 읽는 단어장』의 열한 번째 책으로 20세기 최고의 인기 작가 로알드 달(Roald Dahl)의 대표 단편 작품을 영어원서로 읽도록 도와주는 책이다. 먼저 출간된 『원서 읽는 단어장』시리즈의 도서들과 마찬가지로 해당 원서에 등장하는 어려운 어휘가 본문 등장 순서대로 정리되어 있어 원서를 쉽게 읽고 자연스럽게 어휘력이 향상되도록 도와주며, 이어지는 Comprehension Quiz를 통해 본문 내용에 대한 이해도를 측정해볼 수 있도록 구성되어 있다.",2010-11-01,https://image.aladin.co.kr/product/801/56/coversum/8956054878_1.jpg,국내도서>외국어>영어독해
                 ,Roald Dahl,Puffin Books,대덕소프트웨어마이스터고등학교,EM00016990,843 D131m c.6,"『원서 읽는 단어장』의 열한 번째 책으로 20세기 최고의 인기 작가 로알드 달(Roald Dahl)의 대표 단편 작품을 영어원서로 읽도록 도와주는 책이다. 먼저 출간된 『원서 읽는 단어장』시리즈의 도서들과 마찬가지로 해당 원서에 등장하는 어려운 어휘가 본문 등장 순서대로 정리되어 있어 원서를 쉽게 읽고 자연스럽게 어휘력이 향상되도록 도와주며, 이어지는 Comprehension Quiz를 통해 본문 내용에 대한 이해도를 측정해볼 수 있도록 구성되어 있다.",2010-11-01,https://image.aladin.co.kr/product/801/56/coversum/8956054878_1.jpg,국내도서>외국어>영어독해
                 ,Roald Dahl,Puffin Books,대덕소프트웨어마이스터고등학교,EM00016991,843 D131m c.7,"『원서 읽는 단어장』의 열한 번째 책으로 20세기 최고의 인기 작가 로알드 달(Roald Dahl)의 대표 단편 작품을 영어원서로 읽도록 도와주는 책이다. 먼저 출간된 『원서 읽는 단어장』시리즈의 도서들과 마찬가지로 해당 원서에 등장하는 어려운 어휘가 본문 등장 순서대로 정리되어 있어 원서를 쉽게 읽고 자연스럽게 어휘력이 향상되도록 도와주며, 이어지는 Comprehension Quiz를 통해 본문 내용에 대한 이해도를 측정해볼 수 있도록 구성되어 있다.",2010-11-01,https://image.aladin.co.kr/product/801/56/coversum/8956054878_1.jpg,국내도서>외국어>영어독해
                 ,Roald Dahl,Puffin Books,대덕소프트웨어마이스터고등학교,EM00016997,843 D131m c.13,"『원서 읽는 단어장』의 열한 번째 책으로 20세기 최고의 인기 작가 로알드 달(Roald Dahl)의 대표 단편 작품을 영어원서로 읽도록 도와주는 책이다. 먼저 출간된 『원서 읽는 단어장』시리즈의 도서들과 마찬가지로 해당 원서에 등장하는 어려운 어휘가 본문 등장 순서대로 정리되어 있어 원서를 쉽게 읽고 자연스럽게 어휘력이 향상되도록 도와주며, 이어지는 Comprehension Quiz를 통해 본문 내용에 대한 이해도를 측정해볼 수 있도록 구성되어 있다.",2010-11-01,https://image.aladin.co.kr/product/801/56/coversum/8956054878_1.jpg,국내도서>외국어>영어독해
                                 ,Roald Dahl,Puffin Books,대덕소프트웨어마이스터고등학교,EM00017006,843 D131g,"『원서 읽는 단어장』의 열한 번째 책으로 20세기 최고의 인기 작가 로알드 달(Roald Dahl)의 대표 단편 작품을 영어원서로 읽도록 도와주는 책이다. 먼저 출간된 『원서 읽는 단어장』시리즈의 도서들과 마찬가지로 해당 원서에 등장하는 어려운 어휘가 본문 등장 순서대로 정리되어 있어 원서를 쉽게 읽고 자연스럽게 어휘력이 향상되도록 도와주며, 이어지는 Comprehension Quiz를 통해 본문 내용에 대한 이해도를 측정해볼 수 있도록 구성되어 있다.",2010-11-01,https://image.aladin.co.kr/product/801/56/coversum/8956054878_1.jpg,국내도서>외국어>영어독해
                                 ,Roald Dahl,Puffin Books,대덕소프트웨어마이스터고등학교,EM00017007,843 D131g c.2,"『원서 읽는 단어장』의 열한 번째 책으로 20세기 최고의 인기 작가 로알드 달(Roald Dahl)의 대표 단편 작품을 영어원서로 읽도록 도와주는 책이다. 먼저 출간된 『원서 읽는 단어장』시리즈의 도서들과 마찬가지로 해당 원서에 등장하는 어려운 어휘가 본문 등장 순서대로 정리되어 있어 원서를 쉽게 읽고 자연스럽게 어휘력이 향상되도록 도와주며, 이어지는 Comprehension Quiz를 통해 본문 내용에 대한 이해도를 측정해볼 수 있도록 구성되어 있다.",2010-11-01,https://image.aladin.co.kr/product/801/56/coversum/8956054878_1.jpg,국내도서>외국어>영어독해
                                 ,Roald Dahl,Puffin Books,대덕소프트웨어마이스터고등학교,EM00017008,843 D131g c.3,"『원서 읽는 단어장』의 열한 번째 책으로 20세기 최고의 인기 작가 로알드 달(Roald Dahl)의 대표 단편 작품을 영어원서로 읽도록 도와주는 책이다. 먼저 출간된 『원서 읽는 단어장』시리즈의 도서들과 마찬가지로 해당 원서에 등장하는 어려운 어휘가 본문 등장 순서대로 정리되어 있어 원서를 쉽게 읽고 자연스럽게 어휘력이 향상되도록 도와주며, 이어지는 Comprehension Quiz를 통해 본문 내용에 대한 이해도를 측정해볼 수 있도록 구성되어 있다.",2010-11-01,https://image.aladin.co.kr/product/801/56/coversum/8956054878_1.jpg,국내도서>외국어>영어독해
                                 ,Roald Dahl,Puffin Books,대덕소프트웨어마이스터고등학교,EM00017023,843 D131g c.18,"『원서 읽는 단어장』의 열한 번째 책으로 20세기 최고의 인기 작가 로알드 달(Roald Dahl)의 대표 단편 작품을 영어원서로 읽도록 도와주는 책이다. 먼저 출간된 『원서 읽는 단어장』시리즈의 도서들과 마찬가지로 해당 원서에 등장하는 어려운 어휘가 본문 등장 순서대로 정리되어 있어 원서를 쉽게 읽고 자연스럽게 어휘력이 향상되도록 도와주며, 이어지는 Comprehension Quiz를 통해 본문 내용에 대한 이해도를 측정해볼 수 있도록 구성되어 있다.",2010-11-01,https://image.aladin.co.kr/product/801/56/coversum/8956054878_1.jpg,국내도서>외국어>영어독해
신의 카르테 4  의사의 길,나쓰카와 소스케,북이십일 아르테,대덕소프트웨어마이스터고등학교,IT00015476,833.6 나57ㅅ v.4,지방 소도시의 작은 병원을 배경으로 따뜻한 인간애의 기적을 보여준 장편소설. 열악한 지역 의료에서 고군분투하는 청년 의사 구리하라 이치토의 이야기가 담긴 신의 카르테는 제10회 쇼각칸문고 소설상을 수상하고 '작가 나쓰카와 소스케'라는 이름을 알린 대표작이기도 하다.,2021-04-28,https://image.aladin.co.kr/product/27032/73/coversum/895099402x_1.jpg,국내도서>소설/시/희곡>일본소설>1950년대 이후 일본소설
직지 1,김진명,쌤앤파커스,대덕소프트웨어마이스터고등학교,IT00015523,813.7 김78ㅈ v.1,지난 천년간 인류의 삶을 획기적으로 바꿔놓은 최고의 발명으로 꼽힌 것이 무엇일까? 바로 구텐베르크의 금속활자다. 그런데 인류 역사에 지대한 영향을 끼친 이 금속활자가 우리의 '직지'로부터 비롯된 것이라면? 김진명 작가가 이런 문제의식에서 출발한 장편소설 직지로 돌아왔다.,2019-08-01,https://image.aladin.co.kr/product/19807/92/coversum/896570832x_1.jpg,국내도서>소설/시/희곡>한국소설>2000년대 이후 한국소설
직지 2,김진명,쌤앤파커스,대덕소프트웨어마이스터고등학교,IT00015524,813.7 김78ㅈ v.2,지난 천년간 인류의 삶을 획기적으로 바꿔놓은 최고의 발명으로 꼽힌 것이 무엇일까? 바로 구텐베르크의 금속활자다. 그런데 인류 역사에 지대한 영향을 끼친 이 금속활자가 우리의 '직지'로부터 비롯된 것이라면? 김진명 작가가 이런 문제의식에서 출발한 장편소설 직지로 돌아왔다.,2019-08-01,https://image.aladin.co.kr/product/19807/93/coversum/8965708338_1.jpg,국내도서>소설/시/희곡>한국소설>2000년대 이후 한국소설
반쪽의 고향,이상금,샘터사,대덕소프트웨어마이스터고등학교,EM00012708,813.6 이51ㅂ c.2,,1996-07-30,https://image.aladin.co.kr/product/5/74/coversum/8946405368_1.jpg,국내도서>소설/시/희곡>한국소설>2000년대 이전 한국소설
스위트룸 2,루퍼트 홈즈,시와사회,대덕소프트웨어마이스터고등학교,EM00004568,843.6 홈77ㅅ v.2,"뮤지컬 '에드윈 드루드의 비밀'로 미국 연극사상 최초로 극본부문, 작곡부문, 작사부문의 최우수 토니상을 동시에 거머쥔 루퍼트 홈즈의 첫 번째 장편소설. 할리우드를 사로잡은 당대 최고 스타의 타락한 이면을 날카롭고 은밀한 시선으로 파헤쳐 전세계 각지에서 수개월 동안 베스트셀러의 자리를 지키며 화제를 일으켰던 작품이다.",2006-03-24,https://image.aladin.co.kr/product/63/53/coversum/8977191076_1.jpg,국내도서>소설/시/희곡>영미소설
전쟁을 위한 기도,마크 트웨인,돌베개,대덕소프트웨어마이스터고등학교,EM00008101,848 트66ㅈ c.2,"지은이는 승전보를 울리며 시작된 전쟁으로 인해 인류의 삶의 터전이 아비규환으로 변해가는 과정을 생생하게 그려낸다. 전쟁과 미국 제국주의의 그늘을 꿰뚫는 마크 트웨인의 통찰력이 돋보이는 책. 영어 원문이 함께 실려 있으며, 동세가 풍부하고 현장감이 리얼하게 표헌된 삽화가 인상적이다.",2003-06-10,https://image.aladin.co.kr/product/41/58/coversum/8971991593_1.gif,국내도서>소설/시/희곡>영미소설
고등어,공지영,푸른숲,대덕소프트웨어마이스터고등학교,EM00004801,813.6 공78ㄱ,"1994년 첫 출간된 공지영의 장편소설. 같은 해 출간된 작가의 소설집 인간에 대한 예의, 한 해 앞서 출간된 장편소설 무소의 뿔처럼 혼자서 가라와 함께 동시에 베스트셀러 목록에 오르며 당시 문단뿐만 아니라 사회적으로도 신선한 충격을 안겨준 작품이다.",2017-09-10,https://image.aladin.co.kr/product/11789/67/coversum/8965745780_1.jpg,국내도서>소설/시/희곡>한국소설>2000년대 이전 한국소설
고등어,공지영,푸른숲,대덕소프트웨어마이스터고등학교,EM00010041,813.6 공78ㄱ c.2,"1994년 첫 출간된 공지영의 장편소설. 같은 해 출간된 작가의 소설집 인간에 대한 예의, 한 해 앞서 출간된 장편소설 무소의 뿔처럼 혼자서 가라와 함께 동시에 베스트셀러 목록에 오르며 당시 문단뿐만 아니라 사회적으로도 신선한 충격을 안겨준 작품이다.",2017-09-10,https://image.aladin.co.kr/product/11789/67/coversum/8965745780_1.jpg,국내도서>소설/시/희곡>한국소설>2000년대 이전 한국소설
람세스 3,크리스티앙 자크,문학동네,대덕소프트웨어마이스터고등학교,EM00004804,863.6 자878ㄹ v.3,"<람세스>도 소설이기에 갈등이라고 하는 것이 아주 없겠는가만, 다른 소설에 비해서 순탄하게 풀리고 만다. <람세스>에서의 갈등은 다음으로 사건을 진전시키기 위한 소도구이다.",1997-04-19,https://image.aladin.co.kr/product/4/38/coversum/8982810501_1.jpg,국내도서>소설/시/희곡>역사소설>외국 역사소설
천사들의 제국 상 1,베르나르 베르베르,열린책들,대덕소프트웨어마이스터고등학교,EM00004823,863 베297ㅊ v.1,,,,
대위의 딸,알렉산드르 뿌쉬낀,열린책들,대덕소프트웨어마이스터고등학교,EM00004876,892.83 뿌56ㄷ,,2009-11-30,https://image.aladin.co.kr/product/587/33/coversum/8932909261_1.jpg,국내도서>소설/시/희곡>러시아소설
                 ,Roald Dahl,Puffin Books,대덕소프트웨어마이스터고등학교,EM00016989,843 D131m c.5,"『원서 읽는 단어장』의 열한 번째 책으로 20세기 최고의 인기 작가 로알드 달(Roald Dahl)의 대표 단편 작품을 영어원서로 읽도록 도와주는 책이다. 먼저 출간된 『원서 읽는 단어장』시리즈의 도서들과 마찬가지로 해당 원서에 등장하는 어려운 어휘가 본문 등장 순서대로 정리되어 있어 원서를 쉽게 읽고 자연스럽게 어휘력이 향상되도록 도와주며, 이어지는 Comprehension Quiz를 통해 본문 내용에 대한 이해도를 측정해볼 수 있도록 구성되어 있다.",2010-11-01,https://image.aladin.co.kr/product/801/56/coversum/8956054878_1.jpg,국내도서>외국어>영어독해
                 ,Roald Dahl,Puffin Books,대덕소프트웨어마이스터고등학교,EM00016992,843 D131m c.8,"『원서 읽는 단어장』의 열한 번째 책으로 20세기 최고의 인기 작가 로알드 달(Roald Dahl)의 대표 단편 작품을 영어원서로 읽도록 도와주는 책이다. 먼저 출간된 『원서 읽는 단어장』시리즈의 도서들과 마찬가지로 해당 원서에 등장하는 어려운 어휘가 본문 등장 순서대로 정리되어 있어 원서를 쉽게 읽고 자연스럽게 어휘력이 향상되도록 도와주며, 이어지는 Comprehension Quiz를 통해 본문 내용에 대한 이해도를 측정해볼 수 있도록 구성되어 있다.",2010-11-01,https://image.aladin.co.kr/product/801/56/coversum/8956054878_1.jpg,국내도서>외국어>영어독해
                 ,Roald Dahl,Puffin Books,대덕소프트웨어마이스터고등학교,EM00016993,843 D131m c.9,"『원서 읽는 단어장』의 열한 번째 책으로 20세기 최고의 인기 작가 로알드 달(Roald Dahl)의 대표 단편 작품을 영어원서로 읽도록 도와주는 책이다. 먼저 출간된 『원서 읽는 단어장』시리즈의 도서들과 마찬가지로 해당 원서에 등장하는 어려운 어휘가 본문 등장 순서대로 정리되어 있어 원서를 쉽게 읽고 자연스럽게 어휘력이 향상되도록 도와주며, 이어지는 Comprehension Quiz를 통해 본문 내용에 대한 이해도를 측정해볼 수 있도록 구성되어 있다.",2010-11-01,https://image.aladin.co.kr/product/801/56/coversum/8956054878_1.jpg,국내도서>외국어>영어독해
                 ,Roald Dahl,Puffin Books,대덕소프트웨어마이스터고등학교,EM00016994,843 D131m c.10,"『원서 읽는 단어장』의 열한 번째 책으로 20세기 최고의 인기 작가 로알드 달(Roald Dahl)의 대표 단편 작품을 영어원서로 읽도록 도와주는 책이다. 먼저 출간된 『원서 읽는 단어장』시리즈의 도서들과 마찬가지로 해당 원서에 등장하는 어려운 어휘가 본문 등장 순서대로 정리되어 있어 원서를 쉽게 읽고 자연스럽게 어휘력이 향상되도록 도와주며, 이어지는 Comprehension Quiz를 통해 본문 내용에 대한 이해도를 측정해볼 수 있도록 구성되어 있다.",2010-11-01,https://image.aladin.co.kr/product/801/56/coversum/8956054878_1.jpg,국내도서>외국어>영어독해
                 ,Roald Dahl,Puffin Books,대덕소프트웨어마이스터고등학교,EM00016996,843 D131m c.12,"『원서 읽는 단어장』의 열한 번째 책으로 20세기 최고의 인기 작가 로알드 달(Roald Dahl)의 대표 단편 작품을 영어원서로 읽도록 도와주는 책이다. 먼저 출간된 『원서 읽는 단어장』시리즈의 도서들과 마찬가지로 해당 원서에 등장하는 어려운 어휘가 본문 등장 순서대로 정리되어 있어 원서를 쉽게 읽고 자연스럽게 어휘력이 향상되도록 도와주며, 이어지는 Comprehension Quiz를 통해 본문 내용에 대한 이해도를 측정해볼 수 있도록 구성되어 있다.",2010-11-01,https://image.aladin.co.kr/product/801/56/coversum/8956054878_1.jpg,국내도서>외국어>영어독해
                                 ,Roald Dahl,Puffin Books,대덕소프트웨어마이스터고등학교,EM00017010,843 D131g c.5,"『원서 읽는 단어장』의 열한 번째 책으로 20세기 최고의 인기 작가 로알드 달(Roald Dahl)의 대표 단편 작품을 영어원서로 읽도록 도와주는 책이다. 먼저 출간된 『원서 읽는 단어장』시리즈의 도서들과 마찬가지로 해당 원서에 등장하는 어려운 어휘가 본문 등장 순서대로 정리되어 있어 원서를 쉽게 읽고 자연스럽게 어휘력이 향상되도록 도와주며, 이어지는 Comprehension Quiz를 통해 본문 내용에 대한 이해도를 측정해볼 수 있도록 구성되어 있다.",2010-11-01,https://image.aladin.co.kr/product/801/56/coversum/8956054878_1.jpg,국내도서>외국어>영어독해
                                 ,Roald Dahl,Puffin Books,대덕소프트웨어마이스터고등학교,EM00017015,843 D131g c.10,"『원서 읽는 단어장』의 열한 번째 책으로 20세기 최고의 인기 작가 로알드 달(Roald Dahl)의 대표 단편 작품을 영어원서로 읽도록 도와주는 책이다. 먼저 출간된 『원서 읽는 단어장』시리즈의 도서들과 마찬가지로 해당 원서에 등장하는 어려운 어휘가 본문 등장 순서대로 정리되어 있어 원서를 쉽게 읽고 자연스럽게 어휘력이 향상되도록 도와주며, 이어지는 Comprehension Quiz를 통해 본문 내용에 대한 이해도를 측정해볼 수 있도록 구성되어 있다.",2010-11-01,https://image.aladin.co.kr/product/801/56/coversum/8956054878_1.jpg,국내도서>외국어>영어독해
                                 ,Roald Dahl,Puffin Books,대덕소프트웨어마이스터고등학교,EM00017024,843 D131g c.19,"『원서 읽는 단어장』의 열한 번째 책으로 20세기 최고의 인기 작가 로알드 달(Roald Dahl)의 대표 단편 작품을 영어원서로 읽도록 도와주는 책이다. 먼저 출간된 『원서 읽는 단어장』시리즈의 도서들과 마찬가지로 해당 원서에 등장하는 어려운 어휘가 본문 등장 순서대로 정리되어 있어 원서를 쉽게 읽고 자연스럽게 어휘력이 향상되도록 도와주며, 이어지는 Comprehension Quiz를 통해 본문 내용에 대한 이해도를 측정해볼 수 있도록 구성되어 있다.",2010-11-01,https://image.aladin.co.kr/product/801/56/coversum/8956054878_1.jpg,국내도서>외국어>영어독해
불편한 편의점 2,김호연,나무옆의자,대덕소프트웨어마이스터고등학교,IT00016059,813.7 김95ㅂ v.2 c.5,"출간 후 1년이 넘도록 독자의 사랑을 받으며 베스트셀러 상위권을 지키고 있는 소설, 김호연 작가의 『불편한 편의점』이 그 두 번째 이야기로 다시 찾아왔다. 청파동 골목의 작은 편의점을 무대로 힘겨운 시대를 살아가는 우리 이웃들의 삶을 따뜻하고 유쾌하게 그렸다.",2022-08-10,https://image.aladin.co.kr/product/30370/64/coversum/s122834213_1.jpg,국내도서>소설/시/희곡>한국소설>2000년대 이후 한국소설
기억 2,베르나르 베르베르,열린책들,대덕소프트웨어마이스터고등학교,IT00011932,863 베297ㄱ v.2,"베르나르 베르베르의 신작 장편소설. 고등학교 교사인 주인공 르네 톨레다노는 센강 유람선 공연장에 갔다가 퇴행 최면의 대상자로 선택당한다. 최면에 성공해 무의식의 복도에 늘어선 기억의 문을 열 수 있게 된 르네. 문 너머에서 엿본 기억은, 제1차 세계 대전의 전장에서 목숨을 잃은 그의 전생이었다.",2020-06-24,https://image.aladin.co.kr/product/24362/49/coversum/k842630110_2.jpg,국내도서>소설/시/희곡>과학소설(SF)>외국 과학소설
세상의 끝,폴 서루,책읽는수요일,대덕소프트웨어마이스터고등학교,IT00012027,843 서296ㅅ,"여행 문학의 거장 폴 서루의 국내 첫 출간 소설집. 런던, 파리, 독일, 아프리카, 코르시카 섬, 푸에르토리코 등 세계 곳곳을 배경으로 한 열다섯 편의 이야기가 실려 있다. 여행 작가이자 소설가인 폴 서루의 개성이 잘 드러나는 소설집으로, 무라카미 하루키가 직접 일본어로 번역해 출간하기도 했다.",2017-07-11,https://image.aladin.co.kr/product/11328/60/coversum/k902531192_1.jpg,국내도서>소설/시/희곡>영미소설
어디선가 베토벤,나카야마시치리,블루홀,대덕소프트웨어마이스터고등학교,IT00012052,833.6 나872ㅇ,"제8회 이 미스터리가 대단해! 대상 수상작 『안녕, 드뷔시』를 시작으로 계속되는 음악 미스터리 ‘미사키 요스케 시리즈’의 네 번째 이야기로 천재 피아니트스 탐정 미사키 요스케의 고등학교 시절을 다룬다.",2020-06-29,https://image.aladin.co.kr/product/24323/28/coversum/k732630696_1.jpg,국내도서>소설/시/희곡>추리/미스터리소설>일본 추리/미스터리소설
조선왕비간택사건 2,월우,아름다운날,대덕소프트웨어마이스터고등학교,IT00012103,813.7 월67ㅈ v.2,월우의 로맨스 소설. 장안 모든 여인들의 흠모의 대상이자 조선 최고의 미공자라 불리는 현무군 이윤. 그가 조선 최고의 한량 자리를 포기하기 싫어 사촌 형인 임금 학의 명을 받들어 왕비간택 암행에 나선다.,2013-07-07,https://image.aladin.co.kr/product/2835/45/coversum/899387638x_1.jpg,국내도서>소설/시/희곡>로맨스소설>한국 로맨스소설
한없이 투명에 가까운 블루,무라카미 류,이상북스,대덕소프트웨어마이스터고등학교,IT00012142,833.6 류772ㅎ,'무라카미 류 셀렉션'. 무라카미 류의 데뷔작. 무라카미 류는 이 작품으로 아쿠타가와 상과 군조 신인상을 동시 수상했다. 또한 일본 문학의 새 지평을 연 작품으로 평가받고 있다. 이 작품은 기존의 문학 경향을 완전히 뒤엎는 파격적인 작품으로 평가받았다.,2014-08-22,https://image.aladin.co.kr/product/4525/9/coversum/8993690286_1.jpg,국내도서>소설/시/희곡>일본소설>1950년대 이후 일본소설
황석영,황석영,문학동네,대덕소프트웨어마이스터고등학교,IT00012152,813.62 황54ㅎ,"옛날이야기에는 조상들의 삶의 모습뿐 아니라 조상들이 가졌던 삶의 깨달음이나 교훈이 들어 있기 마련이다. 그중 가장 많이 사용된 가르침이 바로 '권선징악'이다. 『황석영의 어린이 민담집 20. 흥부 놀부』의 「흥부 놀부」가 대표적인 권선징악 이야기다. 착한 사람은 복을 받고 나쁜 사람은 벌을 받는 이야기를 통해, 어린이들이 착한 마음씨를 가지고 자라기를 바랐던 것이다.",2025-09-11,https://image.aladin.co.kr/product/37113/56/coversum/k062030357_1.jpg,국내도서>어린이>동화/명작/고전>어린이를 위한 고전
회색 인간,김동식,요다,대덕소프트웨어마이스터고등학교,IT00012154,813.7 김25ㅎ,'오늘의 유머' 공포게시판에서 많은 이들의 호응을 얻었던 '김동식의 소설집'. 작가는 10년 동안 공장에서 노동하면서 머릿속으로 수없이 떠올렸던 이야기들을 거의 매일 게시판에 올렸다. '김동식 소설집'은 그렇게 써내려간 300편의 짧은 소설 가운데 66편을 추려 묶은 것이다.,2017-12-27,https://image.aladin.co.kr/product/12760/80/coversum/k882532678_1.jpg,국내도서>소설/시/희곡>한국소설>2000년대 이후 한국소설
당신들의 천국,이청준,문학과지성사,대덕소프트웨어마이스터고등학교,EM00017788,813.6 이82ㄷ c.9,'문학과지성 소설 명작선' 2권. 이청준의 장편소설. 풍광 화려한 소록도에서 끈질기게 투병하고 있는 주민들의 삶을 통해 우리 저마다가 갖고 있는 유토피아에의 열정과 그것을 배반하는 메커니즘과의 갈등을 예리하게 해부하여 '자유와 사랑의 실천적 화해'를 제시한다.,1996-11-05,https://image.aladin.co.kr/product/3/60/coversum/8932008426_2.jpg,국내도서>소설/시/희곡>한국소설>2000년대 이전 한국소설
당신들의 천국,이청준,문학과지성사,대덕소프트웨어마이스터고등학교,EM00017792,813.6 이82ㄷ c.13,'문학과지성 소설 명작선' 2권. 이청준의 장편소설. 풍광 화려한 소록도에서 끈질기게 투병하고 있는 주민들의 삶을 통해 우리 저마다가 갖고 있는 유토피아에의 열정과 그것을 배반하는 메커니즘과의 갈등을 예리하게 해부하여 '자유와 사랑의 실천적 화해'를 제시한다.,1996-11-05,https://image.aladin.co.kr/product/3/60/coversum/8932008426_2.jpg,국내도서>소설/시/희곡>한국소설>2000년대 이전 한국소설
당신들의 천국,이청준,문학과지성사,대덕소프트웨어마이스터고등학교,EM00017795,813.6 이82ㄷ c.16,'문학과지성 소설 명작선' 2권. 이청준의 장편소설. 풍광 화려한 소록도에서 끈질기게 투병하고 있는 주민들의 삶을 통해 우리 저마다가 갖고 있는 유토피아에의 열정과 그것을 배반하는 메커니즘과의 갈등을 예리하게 해부하여 '자유와 사랑의 실천적 화해'를 제시한다.,1996-11-05,https://image.aladin.co.kr/product/3/60/coversum/8932008426_2.jpg,국내도서>소설/시/희곡>한국소설>2000년대 이전 한국소설
멋진 신세계,올더스 헉슬리,문예출판사,대덕소프트웨어마이스터고등학교,EM00017910,843 헉57ㅁ c.2,"올더스 헉슬리는 명문 집안 출신의 영국 작가로서 광범위한 지식뿐 아니라 예리한 지성과 우아한 문체, 그리고 때로는 냉소적인 유머 감각으로 유명하다. 그가 1932년에 발표한 작품 멋진 신세계는 금세기에 미래를 가장 깊이 있고 날카롭게 파헤친 작품 중의 하나로 평가받는다.",2015-06-12,https://image.aladin.co.kr/product/6083/61/coversum/8973814729_2.jpg,국내도서>소설/시/희곡>과학소설(SF)>외국 과학소설
멋진 신세계,올더스 헉슬리,문예출판사,대덕소프트웨어마이스터고등학교,EM00017913,843 헉57ㅁ c.5,"올더스 헉슬리는 명문 집안 출신의 영국 작가로서 광범위한 지식뿐 아니라 예리한 지성과 우아한 문체, 그리고 때로는 냉소적인 유머 감각으로 유명하다. 그가 1932년에 발표한 작품 멋진 신세계는 금세기에 미래를 가장 깊이 있고 날카롭게 파헤친 작품 중의 하나로 평가받는다.",2015-06-12,https://image.aladin.co.kr/product/6083/61/coversum/8973814729_2.jpg,국내도서>소설/시/희곡>과학소설(SF)>외국 과학소설
멋진 신세계,올더스 헉슬리,문예출판사,대덕소프트웨어마이스터고등학교,EM00017917,843 헉57ㅁ c.9,"올더스 헉슬리는 명문 집안 출신의 영국 작가로서 광범위한 지식뿐 아니라 예리한 지성과 우아한 문체, 그리고 때로는 냉소적인 유머 감각으로 유명하다. 그가 1932년에 발표한 작품 멋진 신세계는 금세기에 미래를 가장 깊이 있고 날카롭게 파헤친 작품 중의 하나로 평가받는다.",2015-06-12,https://image.aladin.co.kr/product/6083/61/coversum/8973814729_2.jpg,국내도서>소설/시/희곡>과학소설(SF)>외국 과학소설
편지,히가시노게이고,랜덤하우스코리아,대덕소프트웨어마이스터고등학교,EM00011924,833.6 히12ㅍ,"240만 독자들의 찬사를 받으면서 스테디셀러로 자리 잡은 히가시노 게이고의 편지&g; 리커버 에디션. 2006년 11월 영화 개봉을 계기로 문고판이 출간되면서, 출간 한 달 만에 130만 부라는 일본 출판 역사상 경이로운 기록으로 베스트셀러에 오른 작품이다.",2019-04-15,https://image.aladin.co.kr/product/18828/59/coversum/8925566001_1.jpg,국내도서>소설/시/희곡>추리/미스터리소설>일본 추리/미스터리소설
내 생애 가장 큰 축복,성석제,샘터 샘터사,대덕소프트웨어마이스터고등학교,IT00011955,813.7 성54ㄴ,"소설가 성석제의 짧은 소설 모음집으로, 2015년부터 2019년까지 5년 동안 문화교양지 월간 샘터에 ‘만남’을 주제로 연재했던 원고 중 40편의 글을 선정해 다시 다듬어 내놓은 초단편 소설집이다.",2020-05-29,https://image.aladin.co.kr/product/24144/56/coversum/8946473312_1.jpg,국내도서>소설/시/희곡>한국소설>2000년대 이후 한국소설
우희  용의 그림자,윤정우,가하,대덕소프트웨어마이스터고등학교,IT00012066,813.6 윤74ㅇ,"윤정우의 로맨스 소설. 국본의 그림자로 태어났기에 더 이상 꿈을 꾸지 않는 남자, 강. 역모에 얽혀 노비가 되었기에 그 어떤 꿈도 꿀 수 없는 여자, 우희. 아무것도 바라지 않았기에, 무언가를 바라게 되었다. 바라게 되었기에, 꿈을 꾸게 되었다.",2012-04-16,https://image.aladin.co.kr/product/1629/48/coversum/8966471757_1.jpg,국내도서>소설/시/희곡>로맨스소설>한국 로맨스소설
일곱 해의 마지막,김연수,문학동네,대덕소프트웨어마이스터고등학교,IT00012091,813.7 김64ㅇ c.2,"파도가 바다의 일이라면 이후 8년 만에 펴내는 김연수 장편소설. 청춘, 사랑, 역사, 개인이라는 그간의 김연수 소설의 핵심 키워드를 모두 아우르는 작품으로, 한국전쟁 이후 급격히 변한 세상 앞에 선 시인 '기행'의 삶을 그려낸다.",2020-07-01,https://image.aladin.co.kr/product/24292/56/coversum/s472630412_1.jpg,국내도서>소설/시/희곡>한국소설>2000년대 이후 한국소설
일곱 해의 마지막,김연수,문학동네,대덕소프트웨어마이스터고등학교,IT00013142,813.7 김64ㅇ c.3,"파도가 바다의 일이라면 이후 8년 만에 펴내는 김연수 장편소설. 청춘, 사랑, 역사, 개인이라는 그간의 김연수 소설의 핵심 키워드를 모두 아우르는 작품으로, 한국전쟁 이후 급격히 변한 세상 앞에 선 시인 '기행'의 삶을 그려낸다.",2020-07-01,https://image.aladin.co.kr/product/24292/56/coversum/s472630412_1.jpg,국내도서>소설/시/희곡>한국소설>2000년대 이후 한국소설
죽은 친구의 초대,로라 마샬,북플라자,대덕소프트웨어마이스터고등학교,IT00012107,843 마53ㅈ,"로라 마샬 장편소설. 베스 노블 어워드 수상작으로, SNS를 소재로 살인 사건이 전개되는 독특한 내용의 작품이다. 소설은 죽은 친구로부터 페이스북 친구요청이 들어왔다는 강력한 한 방으로 시작한다.",2018-03-28,https://image.aladin.co.kr/product/13929/75/coversum/8998274973_1.jpg,국내도서>소설/시/희곡>추리/미스터리소설>영미 추리/미스터리소설
철도원 삼대,황석영,창비,대덕소프트웨어마이스터고등학교,IT00012115,813.62 황54ㅊ,세계적인 거장 황석영이 장편소설 철도원 삼대로 한반도 백년의 역사를 꿰뚫는다. 구상부터 집필까지 30년의 세월이 걸린 이 역작은 철도원 가족을 둘러싼 방대한 서사를 통해 일제시대부터 현재까지 이어지는 노동자의 삶을 실감나게 다루며 대한민국 근현대사를 문학적으로 탁월하게 구현해냈다.,2020-06-01,https://image.aladin.co.kr/product/24058/18/coversum/8936434438_3.jpg,국내도서>소설/시/희곡>한국소설>2000년대 이후 한국소설
화이트 호스,강화길,문학동네,대덕소프트웨어마이스터고등학교,IT00012147,813.7 강95ㅎ,"'음복(飮福)'으로 2020 젊은작가상 대상을 수상하며 지금 가장 뜨겁게 주목받고 있는 소설가 강화길의 두번째 소설집. 이제 강화길은 여성의 신체에 가해지는 위협뿐만 아니라 소문과 험담, 부당한 인식과 관습처럼 눈에 보이지는 않지만 여성을 교묘하게 억압하는 거대한 구조를 파헤친다.",2020-06-12,https://image.aladin.co.kr/product/24191/87/coversum/8954672221_1.jpg,국내도서>소설/시/희곡>한국소설>2000년대 이후 한국소설
객지,황석영,문학동네,대덕소프트웨어마이스터고등학교,IT00012153,813.62 황54ㄱ,"1960년대 후반 바닷가 간척공사 현장을 배경으로 저임금과 부당한 처우에 시달리던 떠돌이 노동자들이 쟁의를 일으키는 과정을 그린 작품으로, 해방 이후 한국사회에서 노동자 쟁의의 현장을 최초로 형상화해 1970, 80년대 노동소설의 선구로 평가받는 소설이다.",2020-05-15,https://image.aladin.co.kr/product/24075/21/coversum/8954671578_1.jpg,국내도서>소설/시/희곡>한국소설>2000년대 이전 한국소설
콩가루 수사단,주영하,스윙테일,대덕소프트웨어마이스터고등학교,IT00012160,813.7 주64ㅋ,"카카오페이지 연재 즉시 책 분야 1위를 기록했고, 카카오페이지와 CJ ENM이 주최한 제3회 추미스 소설 공모전에서 금상을 수상한 작품. 콩가루라는 말처럼 절대 뭉쳐지지 않고 서로의 존재에 대해 불만만 가득하지만, 막상 위기가 발생하면 하나가 되는 가족의 수사 활극을 그린다.",2020-06-30,https://image.aladin.co.kr/product/24363/11/coversum/k882630112_2.jpg,국내도서>소설/시/희곡>추리/미스터리소설>한국 추리/미스터리소설
당신들의 천국,이청준,문학과지성사,대덕소프트웨어마이스터고등학교,EM00017786,813.6 이82ㄷ c.7,'문학과지성 소설 명작선' 2권. 이청준의 장편소설. 풍광 화려한 소록도에서 끈질기게 투병하고 있는 주민들의 삶을 통해 우리 저마다가 갖고 있는 유토피아에의 열정과 그것을 배반하는 메커니즘과의 갈등을 예리하게 해부하여 '자유와 사랑의 실천적 화해'를 제시한다.,1996-11-05,https://image.aladin.co.kr/product/3/60/coversum/8932008426_2.jpg,국내도서>소설/시/희곡>한국소설>2000년대 이전 한국소설
당신들의 천국,이청준,문학과지성사,대덕소프트웨어마이스터고등학교,EM00017789,813.6 이82ㄷ c.10,'문학과지성 소설 명작선' 2권. 이청준의 장편소설. 풍광 화려한 소록도에서 끈질기게 투병하고 있는 주민들의 삶을 통해 우리 저마다가 갖고 있는 유토피아에의 열정과 그것을 배반하는 메커니즘과의 갈등을 예리하게 해부하여 '자유와 사랑의 실천적 화해'를 제시한다.,1996-11-05,https://image.aladin.co.kr/product/3/60/coversum/8932008426_2.jpg,국내도서>소설/시/희곡>한국소설>2000년대 이전 한국소설
당신들의 천국,이청준,문학과지성사,대덕소프트웨어마이스터고등학교,EM00017797,813.6 이82ㄷ c.18,'문학과지성 소설 명작선' 2권. 이청준의 장편소설. 풍광 화려한 소록도에서 끈질기게 투병하고 있는 주민들의 삶을 통해 우리 저마다가 갖고 있는 유토피아에의 열정과 그것을 배반하는 메커니즘과의 갈등을 예리하게 해부하여 '자유와 사랑의 실천적 화해'를 제시한다.,1996-11-05,https://image.aladin.co.kr/product/3/60/coversum/8932008426_2.jpg,국내도서>소설/시/희곡>한국소설>2000년대 이전 한국소설
멋진 신세계,올더스 헉슬리,문예출판사,대덕소프트웨어마이스터고등학교,EM00017918,843 헉57ㅁ c.10,"올더스 헉슬리는 명문 집안 출신의 영국 작가로서 광범위한 지식뿐 아니라 예리한 지성과 우아한 문체, 그리고 때로는 냉소적인 유머 감각으로 유명하다. 그가 1932년에 발표한 작품 멋진 신세계는 금세기에 미래를 가장 깊이 있고 날카롭게 파헤친 작품 중의 하나로 평가받는다.",2015-06-12,https://image.aladin.co.kr/product/6083/61/coversum/8973814729_2.jpg,국내도서>소설/시/희곡>과학소설(SF)>외국 과학소설
레슨 인 케미스트리 2,보니 가머스,다산책방,대덕소프트웨어마이스터고등학교,IT00016039,843 가34ㄹ v.2,애플TV+ 드라마 레슨 인 케미스트리 원작 소설. 예순다섯 살 신인 작가의 데뷔 소설 『레슨 인 케미스트리』은 출간되자마자 각종 베스트셀러 차트의 1위를 차지했다. 이번에 출간 1주년과 애플TV+ 드라마화를 기념해 리커버판을 출간한다.,2023-10-13,https://image.aladin.co.kr/product/32628/16/coversum/k492935455_2.jpg,국내도서>소설/시/희곡>영미소설
불편한 편의점 2,김호연,나무옆의자,대덕소프트웨어마이스터고등학교,IT00016057,813.7 김95ㅂ v.2 c.3,"출간 후 1년이 넘도록 독자의 사랑을 받으며 베스트셀러 상위권을 지키고 있는 소설, 김호연 작가의 『불편한 편의점』이 그 두 번째 이야기로 다시 찾아왔다. 청파동 골목의 작은 편의점을 무대로 힘겨운 시대를 살아가는 우리 이웃들의 삶을 따뜻하고 유쾌하게 그렸다.",2022-08-10,https://image.aladin.co.kr/product/30370/64/coversum/s122834213_1.jpg,국내도서>소설/시/희곡>한국소설>2000년대 이후 한국소설
세상의 마지막 기차역,무라세 다케시,모모,대덕소프트웨어마이스터고등학교,IT00016062,833.6 무292ㅅ,"독자들의 입소문으로 만들어진 초대형 베스트셀러, 《세상의 마지막 기차역》의 50만 부 판매 기념 리커버 에디션. 현실 너머 사고로 죽은 이들이 도착하게 될 또 다른 세상의 마지막 기차역을 상상하며 그려내 뭉클함을 더욱 강조했다.",2025-07-17,https://image.aladin.co.kr/product/36803/80/coversum/k412030900_1.jpg,국내도서>소설/시/희곡>판타지/환상문학>외국판타지/환상소설
재수사 1,장강명,은행나무,대덕소프트웨어마이스터고등학교,IT00016092,813.7 장12ㅈ v.1,"발표하는 작품마다 우리 삶과 연관된 가장 사실적인 순간을 포착해온, 그야말로 장르불문의 올라운더 소설가 장강명의 신작으로, 강력범죄수사대 소속 형사 연지혜가 22년 전 발생한 신촌 여대생 살인사건을 재수사하며 벌어지는 일을 다룬다.",2022-08-22,https://image.aladin.co.kr/product/29982/26/coversum/k832838348_2.jpg,국내도서>소설/시/희곡>추리/미스터리소설>한국 추리/미스터리소설
 ,하성란,자음과 모음,대덕소프트웨어마이스터고등학교,EM00011916,813.6 하54ㅇ,"2년 동안 뇌종양을 앓던 아내가 세상을 떠난다. 화장품 회사의 상무로 근무하는 나는 묵묵히 아내의 장례 일정을 진행한다. 한켠으로는 가슴 속에 품고 있는 자신의 사랑을 생각하면서, 또 한켠으로는 회사의 중요한 광고 전략 결정에 꼭 참여하라는 사장의 지시를 수행하면서.",2004-01-26,https://image.aladin.co.kr/product/45/65/coversum/8970126244_2.jpg,국내도서>소설/시/희곡>한국소설>2000년대 이후 한국소설
기억 1,베르나르 베르베르,열린책들,대덕소프트웨어마이스터고등학교,IT00011931,863 베297ㄱ v.1,"베르나르 베르베르의 신작 장편소설. 고등학교 교사인 주인공 르네 톨레다노는 센강 유람선 공연장에 갔다가 퇴행 최면의 대상자로 선택당한다. 최면에 성공해 무의식의 복도에 늘어선 기억의 문을 열 수 있게 된 르네. 문 너머에서 엿본 기억은, 제1차 세계 대전의 전장에서 목숨을 잃은 그의 전생이었다.",2020-05-30,https://image.aladin.co.kr/product/24362/49/coversum/s862736236_1.jpg,국내도서>소설/시/희곡>과학소설(SF)>외국 과학소설
밀크맨,애나 번스,창비,대덕소프트웨어마이스터고등학교,IT00011993,843 번192ㅁ,“소문과 정치적 충성이 개인의 성폭력을 고발하는 운동에 어떻게 작용하는지 보여준다”는 평과 함께 제정 50주년을 맞은 부커상을 수상하며 세계적인 화제를 불러일으켰던 『밀크맨』이 작가의 데뷔작인 『노 본스』 출간을 기념해 리커버 특별판으로 새롭게 독자들을 찾아왔다.,2022-06-20,https://image.aladin.co.kr/product/29715/52/coversum/8936479091_1.jpg,국내도서>소설/시/희곡>영미소설
섬에 있는 서점,개브리얼 제빈,루페,대덕소프트웨어마이스터고등학교,IT00012023,843 제49ㅅ,"미국 독립서점 연합 베스트 1위, 미국 도서관 사서 추천 1위, 뉴욕타임스, 아마존 장기 베스트셀러. 섬에 있는 작은 서점을 배경으로 책과 인간에 대한 사랑을 그린 소설. 잔잔한 이야기와 감동을 담은 작품임에도 미국은 물론 전 세계에서 뜨거운 반응을 불러일으켰다.",2017-10-05,https://image.aladin.co.kr/product/11867/57/coversum/8954648304_2.jpg,국내도서>소설/시/희곡>영미소설
시간 있으면 나 좀 좋아해줘,홍희정,문학동네,대덕소프트웨어마이스터고등학교,IT00012041,813.6 홍97ㅅ,"제18회 문학동네작가상 수상작. 2008년 서울신문 신춘문예에 '우유의식'이 당선되어 작품활동을 시작한 홍희정의 장편소설로, 유려한 글쓰기로 풀어낸 우리 시대 청년들의 아릿한 성장담이다.",2013-10-07,https://image.aladin.co.kr/product/3201/14/coversum/8954622550_1.jpg,국내도서>소설/시/희곡>한국소설>2000년대 이후 한국소설
시선으로부터,정세랑,문학동네,대덕소프트웨어마이스터고등학교,IT00012042,813.7 정54ㅅ,"데뷔 10년, 장르를 넘나들며 다양한 방식으로 이야기를 펼쳐내면서도 우리를 단 한 번도 실망시킨 적이 없는 정세랑 작가가 돌아왔다. 구상부터 완성까지 5년이 걸린 대작으로, 한국일보문학상을 수상한 피프티 피플 이후 4년 만에 내놓는 신작 장편소설이다.",2020-06-05,https://image.aladin.co.kr/product/24131/37/coversum/s962738283_1.jpg,국내도서>소설/시/희곡>한국소설>2000년대 이후 한국소설
장녀들,시노다세츠코,이음,대덕소프트웨어마이스터고등학교,IT00012098,833.6 시195ㅈ,"돌봄 수요는 늘어나지만 그걸 뒷받침할 사회적 제도는 턱없이 부족한 ‘돌봄 공백’ 상태에서 자신을 갈아 넣어 그 공백을 메꾸는 이들은 여전히 여성들이다. 그중에서도 지금껏 좀처럼 이야기되지 않던 딸들, 특히 비혼인 딸들의 솔직한 목소리를 담아낸 소설이다.",2020-05-29,https://image.aladin.co.kr/product/24158/82/coversum/8993166099_1.jpg,국내도서>소설/시/희곡>일본소설>1950년대 이후 일본소설
흑소 소설,히가시노게이고,재인,대덕소프트웨어마이스터고등학교,IT00012157,833.6 히12ㅎ,대환장 웃음 시리즈 3권. 흔히 미스터리의 제왕이라고 불리는 작가가 뜻밖에도 유머 소설 장르에서 보여준 탁월한 기량이 절정에 이르렀음을 느끼게 해 주는 책이다.,2020-05-31,https://image.aladin.co.kr/product/24265/94/coversum/8990982898_2.jpg,국내도서>소설/시/희곡>일본소설>1950년대 이후 일본소설
당신들의 천국,이청준,문학과지성사,대덕소프트웨어마이스터고등학교,EM00017783,813.6 이82ㄷ c.4,'문학과지성 소설 명작선' 2권. 이청준의 장편소설. 풍광 화려한 소록도에서 끈질기게 투병하고 있는 주민들의 삶을 통해 우리 저마다가 갖고 있는 유토피아에의 열정과 그것을 배반하는 메커니즘과의 갈등을 예리하게 해부하여 '자유와 사랑의 실천적 화해'를 제시한다.,1996-11-05,https://image.aladin.co.kr/product/3/60/coversum/8932008426_2.jpg,국내도서>소설/시/희곡>한국소설>2000년대 이전 한국소설
당신들의 천국,이청준,문학과지성사,대덕소프트웨어마이스터고등학교,EM00017784,813.6 이82ㄷ c.5,'문학과지성 소설 명작선' 2권. 이청준의 장편소설. 풍광 화려한 소록도에서 끈질기게 투병하고 있는 주민들의 삶을 통해 우리 저마다가 갖고 있는 유토피아에의 열정과 그것을 배반하는 메커니즘과의 갈등을 예리하게 해부하여 '자유와 사랑의 실천적 화해'를 제시한다.,1996-11-05,https://image.aladin.co.kr/product/3/60/coversum/8932008426_2.jpg,국내도서>소설/시/희곡>한국소설>2000년대 이전 한국소설
당신들의 천국,이청준,문학과지성사,대덕소프트웨어마이스터고등학교,EM00017794,813.6 이82ㄷ c.15,'문학과지성 소설 명작선' 2권. 이청준의 장편소설. 풍광 화려한 소록도에서 끈질기게 투병하고 있는 주민들의 삶을 통해 우리 저마다가 갖고 있는 유토피아에의 열정과 그것을 배반하는 메커니즘과의 갈등을 예리하게 해부하여 '자유와 사랑의 실천적 화해'를 제시한다.,1996-11-05,https://image.aladin.co.kr/product/3/60/coversum/8932008426_2.jpg,국내도서>소설/시/희곡>한국소설>2000년대 이전 한국소설
당신들의 천국,이청준,문학과지성사,대덕소프트웨어마이스터고등학교,EM00017796,813.6 이82ㄷ c.17,'문학과지성 소설 명작선' 2권. 이청준의 장편소설. 풍광 화려한 소록도에서 끈질기게 투병하고 있는 주민들의 삶을 통해 우리 저마다가 갖고 있는 유토피아에의 열정과 그것을 배반하는 메커니즘과의 갈등을 예리하게 해부하여 '자유와 사랑의 실천적 화해'를 제시한다.,1996-11-05,https://image.aladin.co.kr/product/3/60/coversum/8932008426_2.jpg,국내도서>소설/시/희곡>한국소설>2000년대 이전 한국소설
멋진 신세계,올더스 헉슬리,문예출판사,대덕소프트웨어마이스터고등학교,EM00017914,843 헉57ㅁ c.6,"올더스 헉슬리는 명문 집안 출신의 영국 작가로서 광범위한 지식뿐 아니라 예리한 지성과 우아한 문체, 그리고 때로는 냉소적인 유머 감각으로 유명하다. 그가 1932년에 발표한 작품 멋진 신세계는 금세기에 미래를 가장 깊이 있고 날카롭게 파헤친 작품 중의 하나로 평가받는다.",2015-06-12,https://image.aladin.co.kr/product/6083/61/coversum/8973814729_2.jpg,국내도서>소설/시/희곡>과학소설(SF)>외국 과학소설
멋진 신세계,올더스 헉슬리,문예출판사,대덕소프트웨어마이스터고등학교,EM00017915,843 헉57ㅁ c.7,"올더스 헉슬리는 명문 집안 출신의 영국 작가로서 광범위한 지식뿐 아니라 예리한 지성과 우아한 문체, 그리고 때로는 냉소적인 유머 감각으로 유명하다. 그가 1932년에 발표한 작품 멋진 신세계는 금세기에 미래를 가장 깊이 있고 날카롭게 파헤친 작품 중의 하나로 평가받는다.",2015-06-12,https://image.aladin.co.kr/product/6083/61/coversum/8973814729_2.jpg,국내도서>소설/시/희곡>과학소설(SF)>외국 과학소설
멋진 신세계,올더스 헉슬리,문예출판사,대덕소프트웨어마이스터고등학교,EM00017921,843 헉57ㅁ c.13,"올더스 헉슬리는 명문 집안 출신의 영국 작가로서 광범위한 지식뿐 아니라 예리한 지성과 우아한 문체, 그리고 때로는 냉소적인 유머 감각으로 유명하다. 그가 1932년에 발표한 작품 멋진 신세계는 금세기에 미래를 가장 깊이 있고 날카롭게 파헤친 작품 중의 하나로 평가받는다.",2015-06-12,https://image.aladin.co.kr/product/6083/61/coversum/8973814729_2.jpg,국내도서>소설/시/희곡>과학소설(SF)>외국 과학소설
멋진 신세계,올더스 헉슬리,문예출판사,대덕소프트웨어마이스터고등학교,EM00017923,843 헉57ㅁ c.15,"올더스 헉슬리는 명문 집안 출신의 영국 작가로서 광범위한 지식뿐 아니라 예리한 지성과 우아한 문체, 그리고 때로는 냉소적인 유머 감각으로 유명하다. 그가 1932년에 발표한 작품 멋진 신세계는 금세기에 미래를 가장 깊이 있고 날카롭게 파헤친 작품 중의 하나로 평가받는다.",2015-06-12,https://image.aladin.co.kr/product/6083/61/coversum/8973814729_2.jpg,국내도서>소설/시/희곡>과학소설(SF)>외국 과학소설
멋진 신세계,올더스 헉슬리,문예출판사,대덕소프트웨어마이스터고등학교,EM00017924,843 헉57ㅁ c.16,"올더스 헉슬리는 명문 집안 출신의 영국 작가로서 광범위한 지식뿐 아니라 예리한 지성과 우아한 문체, 그리고 때로는 냉소적인 유머 감각으로 유명하다. 그가 1932년에 발표한 작품 멋진 신세계는 금세기에 미래를 가장 깊이 있고 날카롭게 파헤친 작품 중의 하나로 평가받는다.",2015-06-12,https://image.aladin.co.kr/product/6083/61/coversum/8973814729_2.jpg,국내도서>소설/시/희곡>과학소설(SF)>외국 과학소설
허수아비춤,조정래,문학의문학,대덕소프트웨어마이스터고등학교,EM00011957,813.7 조74ㅎ,"대한민국의 시대와 역사를 가로지르는 대하소설 태백산맥, 아리랑, 한강, 정글만리의 작가 조정래. 우리나라의 근현대 비극을 예리하게 그린 그가 이 땅의 경제 현실을 치밀하게 다룬 일곱 번째 장편소설 허수아비춤이 다시 독자들과 만난다.",2015-08-05,https://image.aladin.co.kr/product/6419/40/coversum/8965744873_1.jpg,국내도서>소설/시/희곡>한국소설>2000년대 이후 한국소설
울프 홀 1,힐러리 맨틀,올,대덕소프트웨어마이스터고등학교,EM00011965,843.5 맨887ㅇ v.1,"맨부커상을 두 번 수상한 “문학의 여왕”이자 “인간 본성의 어둡고 날카로운 구석을 제대로 이해하고 있는 작가” 힐러리 맨틀의 저서다. 힐러리 맨틀의 대표작이자, 『시체들을 끌어내라』, 『거울과 빛』으로 이어지는 삼부작의 장대한 시작을 알리는 이 작품은 대장장이의 아들로 태어나 헨리 8세의 오른팔이 된 인물 토머스 크롬웰을 현대적인 관점에서 재해석한 소설이다.",2024-11-08,https://image.aladin.co.kr/product/35172/36/coversum/k382934124_1.jpg,국내도서>소설/시/희곡>역사소설>외국 역사소설
소년이 온다,한강,창비,대덕소프트웨어마이스터고등학교,IT00012181,813.6 한12ㅅ,섬세한 감수성과 치밀한 문장으로 인간 존재의 본질을 탐구해온 작가 한강의 여섯번째 장편소설. '상처의 구조에 대한 투시와 천착의 서사'를 통해 한강만이 풀어낼 수 있는 방식으로 1980년 5월을 새롭게 조명한다.,2014-05-19,https://image.aladin.co.kr/product/4086/97/coversum/8936434128_2.jpg,국내도서>소설/시/희곡>한국소설>2000년대 이후 한국소설
눈먼 자들의 도시,주제 사라마구,해냄출판사,대덕소프트웨어마이스터고등학교,IT00012196,879 사188ㄴ c.3,노벨문학상을 수상한 세계적인 거장 주제 사라마구의 탄생 100주년을 기념하기 위해 그의 대표작 『눈먼 자들의 도시』가 스페셜 에디션으로 출간되었다. 많은 독자들이 요청해왔던 초판 버전의 표지로 리뉴얼하여 새롭게 단장했다.,2022-10-20,https://image.aladin.co.kr/product/30307/98/coversum/k392839030_1.jpg,국내도서>소설/시/희곡>세계의 소설>기타 국가 소설
세얼간이,체탄 바갓,북스퀘어,대덕소프트웨어마이스터고등학교,IT00012218,890 바12ㅅ c.5,"인도에서 개봉 당시 세계적으로 돌풍을 일으킨 영화 [아바타]를 누르며 발리우드 흥행 기록을 갈아치운 영화 [세 얼간이] 원작 소설. 영화의 흥행 실적 못지않게 성공을 거둔 원작 소설은, 국내에 처음 소개되는 젊은 작가 체탄 바갓의 작품이다. 일류 최고 공학도들의 우정, 사랑, 미래에 대한 고민과 방황을 매력적인 캐릭터와 흥미 있는 사건들로 실감나게 그려냈다.",2011-07-28,https://image.aladin.co.kr/product/1248/1/coversum/8994136673_2.jpg,국내도서>소설/시/희곡>세계의 소설>기타 국가 소설
봉제인형 살인사건,다니엘 콜,북플라자,대덕소프트웨어마이스터고등학교,IT00012222,843.6 콜22ㅂ,"2016년 4월 런던 도서전에서 가장 큰 주목을 받은 소설로, 다니엘 콜의 데뷔작이다. 영국, 미국, 독일, 일본을 포함한 32개국에서 출간되었다. 신체의 여섯 부위를 바늘과 실로 꿰매 이어 붙인 살인사건이라는 섬뜩한 소재를 다루면서도 진정한 정의가 무엇인지에 대해 생각하게 만드는 작품이다.",2017-10-20,https://image.aladin.co.kr/product/11997/87/coversum/8998274930_1.jpg,국내도서>소설/시/희곡>추리/미스터리소설>영미 추리/미스터리소설
멋진 신세계,올더스 헉슬리,문예출판사,대덕소프트웨어마이스터고등학교,EM00017926,843 헉57ㅁ c.18,"올더스 헉슬리는 명문 집안 출신의 영국 작가로서 광범위한 지식뿐 아니라 예리한 지성과 우아한 문체, 그리고 때로는 냉소적인 유머 감각으로 유명하다. 그가 1932년에 발표한 작품 멋진 신세계는 금세기에 미래를 가장 깊이 있고 날카롭게 파헤친 작품 중의 하나로 평가받는다.",2015-06-12,https://image.aladin.co.kr/product/6083/61/coversum/8973814729_2.jpg,국내도서>소설/시/희곡>과학소설(SF)>외국 과학소설
사랑  참 어렵다,정휘,발해,대덕소프트웨어마이스터고등학교,EM00011952,813.7 정96ㅅ,"정휘의 로맨스 소설. 사랑을 겁내는 남자와 사랑 앞에 용감한 여자가 만났다. 새로운 사랑을 위한 방아쇠는 당겨졌고, 그들 앞에는 어떤 색의 사랑이 놓여있을까?",2010-10-15,https://image.aladin.co.kr/product/790/10/coversum/8958389354_1.jpg,국내도서>소설/시/희곡>로맨스소설>한국 로맨스소설
허수아비춤,조정래,문학의문학,대덕소프트웨어마이스터고등학교,EM00011959,813.7 조74ㅎ c.3,"대한민국의 시대와 역사를 가로지르는 대하소설 태백산맥, 아리랑, 한강, 정글만리의 작가 조정래. 우리나라의 근현대 비극을 예리하게 그린 그가 이 땅의 경제 현실을 치밀하게 다룬 일곱 번째 장편소설 허수아비춤이 다시 독자들과 만난다.",2015-08-05,https://image.aladin.co.kr/product/6419/40/coversum/8965744873_1.jpg,국내도서>소설/시/희곡>한국소설>2000년대 이후 한국소설
소년이 온다,한강,창비,대덕소프트웨어마이스터고등학교,IT00012185,813.6 한12ㅅ c.5,섬세한 감수성과 치밀한 문장으로 인간 존재의 본질을 탐구해온 작가 한강의 여섯번째 장편소설. '상처의 구조에 대한 투시와 천착의 서사'를 통해 한강만이 풀어낼 수 있는 방식으로 1980년 5월을 새롭게 조명한다.,2014-05-19,https://image.aladin.co.kr/product/4086/97/coversum/8936434128_2.jpg,국내도서>소설/시/희곡>한국소설>2000년대 이후 한국소설
눈먼 자들의 도시,주제 사라마구,해냄출판사,대덕소프트웨어마이스터고등학교,IT00012195,879 사188ㄴ c.2,노벨문학상을 수상한 세계적인 거장 주제 사라마구의 탄생 100주년을 기념하기 위해 그의 대표작 『눈먼 자들의 도시』가 스페셜 에디션으로 출간되었다. 많은 독자들이 요청해왔던 초판 버전의 표지로 리뉴얼하여 새롭게 단장했다.,2022-10-20,https://image.aladin.co.kr/product/30307/98/coversum/k392839030_1.jpg,국내도서>소설/시/희곡>세계의 소설>기타 국가 소설
루팡의 딸,요코제키 다이,북플라자,대덕소프트웨어마이스터고등학교,IT00012210,833.6 요875ㄹ,도둑 집안의 대부 이와오에게는 하나코라는 손녀딸이 있다. 하나코는 자신의 신분을 숨긴 채 경찰 집안의 장남 카즈마와 사귀고 있다. 그러던 어느 날 이와오가 괴한에 의해 피살되는 일이 발생하는데…. 상상치도 못할 범인의 정체는?,2019-09-25,https://image.aladin.co.kr/product/20773/98/coversum/8998274418_2.jpg,국내도서>소설/시/희곡>추리/미스터리소설>일본 추리/미스터리소설
루팡의 딸,요코제키 다이,북플라자,대덕소프트웨어마이스터고등학교,IT00012211,833.6 요875ㄹ c.2,도둑 집안의 대부 이와오에게는 하나코라는 손녀딸이 있다. 하나코는 자신의 신분을 숨긴 채 경찰 집안의 장남 카즈마와 사귀고 있다. 그러던 어느 날 이와오가 괴한에 의해 피살되는 일이 발생하는데…. 상상치도 못할 범인의 정체는?,2019-09-25,https://image.aladin.co.kr/product/20773/98/coversum/8998274418_2.jpg,국내도서>소설/시/희곡>추리/미스터리소설>일본 추리/미스터리소설
루팡의 딸,요코제키 다이,북플라자,대덕소프트웨어마이스터고등학교,IT00012212,833.6 요875ㄹ c.3,도둑 집안의 대부 이와오에게는 하나코라는 손녀딸이 있다. 하나코는 자신의 신분을 숨긴 채 경찰 집안의 장남 카즈마와 사귀고 있다. 그러던 어느 날 이와오가 괴한에 의해 피살되는 일이 발생하는데…. 상상치도 못할 범인의 정체는?,2019-09-25,https://image.aladin.co.kr/product/20773/98/coversum/8998274418_2.jpg,국내도서>소설/시/희곡>추리/미스터리소설>일본 추리/미스터리소설
루팡의 딸,요코제키 다이,북플라자,대덕소프트웨어마이스터고등학교,IT00012213,833.6 요875ㄹ c.4,도둑 집안의 대부 이와오에게는 하나코라는 손녀딸이 있다. 하나코는 자신의 신분을 숨긴 채 경찰 집안의 장남 카즈마와 사귀고 있다. 그러던 어느 날 이와오가 괴한에 의해 피살되는 일이 발생하는데…. 상상치도 못할 범인의 정체는?,2019-09-25,https://image.aladin.co.kr/product/20773/98/coversum/8998274418_2.jpg,국내도서>소설/시/희곡>추리/미스터리소설>일본 추리/미스터리소설
세얼간이,체탄 바갓,북스퀘어,대덕소프트웨어마이스터고등학교,IT00012217,890 바12ㅅ c.4,"인도에서 개봉 당시 세계적으로 돌풍을 일으킨 영화 [아바타]를 누르며 발리우드 흥행 기록을 갈아치운 영화 [세 얼간이] 원작 소설. 영화의 흥행 실적 못지않게 성공을 거둔 원작 소설은, 국내에 처음 소개되는 젊은 작가 체탄 바갓의 작품이다. 일류 최고 공학도들의 우정, 사랑, 미래에 대한 고민과 방황을 매력적인 캐릭터와 흥미 있는 사건들로 실감나게 그려냈다.",2011-07-28,https://image.aladin.co.kr/product/1248/1/coversum/8994136673_2.jpg,국내도서>소설/시/희곡>세계의 소설>기타 국가 소설
소년이 온다,한강,창비,대덕소프트웨어마이스터고등학교,IT00012184,813.6 한12ㅅ c.4,섬세한 감수성과 치밀한 문장으로 인간 존재의 본질을 탐구해온 작가 한강의 여섯번째 장편소설. '상처의 구조에 대한 투시와 천착의 서사'를 통해 한강만이 풀어낼 수 있는 방식으로 1980년 5월을 새롭게 조명한다.,2014-05-19,https://image.aladin.co.kr/product/4086/97/coversum/8936434128_2.jpg,국내도서>소설/시/희곡>한국소설>2000년대 이후 한국소설
눈먼 자들의 도시,주제 사라마구,해냄출판사,대덕소프트웨어마이스터고등학교,IT00012194,879 사188ㄴ,노벨문학상을 수상한 세계적인 거장 주제 사라마구의 탄생 100주년을 기념하기 위해 그의 대표작 『눈먼 자들의 도시』가 스페셜 에디션으로 출간되었다. 많은 독자들이 요청해왔던 초판 버전의 표지로 리뉴얼하여 새롭게 단장했다.,2022-10-20,https://image.aladin.co.kr/product/30307/98/coversum/k392839030_1.jpg,국내도서>소설/시/희곡>세계의 소설>기타 국가 소설
세얼간이,체탄 바갓,북스퀘어,대덕소프트웨어마이스터고등학교,IT00012214,890 바12ㅅ,"인도에서 개봉 당시 세계적으로 돌풍을 일으킨 영화 [아바타]를 누르며 발리우드 흥행 기록을 갈아치운 영화 [세 얼간이] 원작 소설. 영화의 흥행 실적 못지않게 성공을 거둔 원작 소설은, 국내에 처음 소개되는 젊은 작가 체탄 바갓의 작품이다. 일류 최고 공학도들의 우정, 사랑, 미래에 대한 고민과 방황을 매력적인 캐릭터와 흥미 있는 사건들로 실감나게 그려냈다.",2011-07-28,https://image.aladin.co.kr/product/1248/1/coversum/8994136673_2.jpg,국내도서>소설/시/희곡>세계의 소설>기타 국가 소설
세얼간이,체탄 바갓,북스퀘어,대덕소프트웨어마이스터고등학교,IT00012215,890 바12ㅅ c.2,"인도에서 개봉 당시 세계적으로 돌풍을 일으킨 영화 [아바타]를 누르며 발리우드 흥행 기록을 갈아치운 영화 [세 얼간이] 원작 소설. 영화의 흥행 실적 못지않게 성공을 거둔 원작 소설은, 국내에 처음 소개되는 젊은 작가 체탄 바갓의 작품이다. 일류 최고 공학도들의 우정, 사랑, 미래에 대한 고민과 방황을 매력적인 캐릭터와 흥미 있는 사건들로 실감나게 그려냈다.",2011-07-28,https://image.aladin.co.kr/product/1248/1/coversum/8994136673_2.jpg,국내도서>소설/시/희곡>세계의 소설>기타 국가 소설
세얼간이,체탄 바갓,북스퀘어,대덕소프트웨어마이스터고등학교,IT00012219,890 바12ㅅ c.6,"인도에서 개봉 당시 세계적으로 돌풍을 일으킨 영화 [아바타]를 누르며 발리우드 흥행 기록을 갈아치운 영화 [세 얼간이] 원작 소설. 영화의 흥행 실적 못지않게 성공을 거둔 원작 소설은, 국내에 처음 소개되는 젊은 작가 체탄 바갓의 작품이다. 일류 최고 공학도들의 우정, 사랑, 미래에 대한 고민과 방황을 매력적인 캐릭터와 흥미 있는 사건들로 실감나게 그려냈다.",2011-07-28,https://image.aladin.co.kr/product/1248/1/coversum/8994136673_2.jpg,국내도서>소설/시/희곡>세계의 소설>기타 국가 소설
어느 별에서 왔니,김현경,M&K,대덕소프트웨어마이스터고등학교,EM00017929,813.7 김94ㅇ,"김현경의 실용심리학소설. 21세기 서울 중산층의 까칠한 현실 위, 조금은 별나지만 따뜻한 가족애 속 개성만점 인물들의 좌충우돌 요절복통 이야기를 읽다 보면, 고대 철학과 현대 심리학의 합작품인 '에니어그램' 성격분류 이론의 기본 지식과 활용까지 자연스럽게 익히게 된다.",2014-04-14,https://image.aladin.co.kr/product/3971/47/coversum/8992947593_1.jpg,국내도서>소설/시/희곡>한국소설>2000년대 이후 한국소설
메트로 2033,드미트리 글루코프스키,제우미디어,대덕소프트웨어마이스터고등학교,EM00019349,892.83 글296ㅁ,"러시아 작가 드미트리 글루코프스키의 SF소설. 소설은 각 지하철역이 하나의 도시가 된다는 기발한 상상력에서 출발한다. 2033년 각 지하철역은 작은 국가가 되었다. 세상의 마지막 전쟁 후 인간은 모두 지하철로 숨어들었다. 아직도 지상은 사람을 태워버릴 듯한 방사선이 나돌고, 인간들은 이제 남은 인류를 위해 마지막 전투를 준비해야 한다.",2010-04-26,https://image.aladin.co.kr/product/689/79/coversum/8959522066_2.jpg,국내도서>소설/시/희곡>과학소설(SF)>외국 과학소설
나미야 잡화점의 기적,히가시노게이고,현대문학,대덕소프트웨어마이스터고등학교,IT00009886,833.6 히12ㄴ c.6,히가시노 게이고의 가장 경이로운 대표작 『나미야 잡화점의 기적』이 국내 출간 10주년을 맞아 무선 보급판으로 발간된다. 초판 표지의 감동을 그대로 담아낸 무선판은 다소 무게감 있었던 양장판과 다르게 누구나 가볍게 들고 다니며 읽을 수 있도록 했다.,2022-12-19,https://image.aladin.co.kr/product/30768/99/coversum/k252830652_2.jpg,국내도서>소설/시/희곡>일본소설>1950년대 이후 일본소설
댓글부대,장강명,은행나무,대덕소프트웨어마이스터고등학교,EM00019183,813.7 장12ㄷ c.3,"제3회 제주4.3평화문학상 수상작 장강명 장편소설. 그간 표백, 한국이 싫어서 등 사회성 짙은 소설을 써온 장강명의 소설 댓글부대는 이전 작품들보다 훨씬 더 강력한 목소리로 부박한 현실에 정면 돌파를 시도한 소설이다.",2015-11-30,https://image.aladin.co.kr/product/7073/45/coversum/s902939394_1.jpg,국내도서>소설/시/희곡>한국소설>2000년대 이후 한국소설
구르미 그린 달빛 3  달빛 연모    ,윤이수,열림원,대덕소프트웨어마이스터고등학교,EM00019312,813.6 윤68ㄱ v.3,"전 5권으로 구성된 장편소설이며, 조선시대의 역사적 배경 위에 써 내려간 픽션이다. 저자 윤이수는 '작가의 말'에서, 지난 2013년 봄날 창덕궁을 찾았다가 차마 못 다한 생이 서러운 효명 세자(본명 이영)를 만나 그의 이야기를 쓰기 시작했다고 고백한다.",2015-05-27,https://image.aladin.co.kr/product/5995/24/coversum/8970638717_2.jpg,국내도서>소설/시/희곡>로맨스소설>한국 로맨스소설
스즈메의 문단속,신카이 마코토,대원씨아이,대덕소프트웨어마이스터고등학교,IT00016529,833.6 마875ㅅ c.2,규슈의 조용한 마을에서 이모와 함께 살아가는 17살 소녀 스즈메. 어느 날 등굣길에 아름다운 청년과 스쳐간 스즈메는 “문을 찾고 있다”는 그의 뒤를 쫓아 산속 폐허에 들어선다. 그곳에서 스즈메가 발견한 것은 낡고 하얀 문. 무언가에 이끌리듯 스즈메는 문을 향해 손을 뻗는데….,2023-01-13,https://image.aladin.co.kr/product/30876/42/coversum/k892831289_2.jpg,국내도서>소설/시/희곡>일본소설>1950년대 이후 일본소설
스즈메의 문단속,신카이 마코토,대원씨아이,대덕소프트웨어마이스터고등학교,IT00016528,833.6 마875ㅅ,규슈의 조용한 마을에서 이모와 함께 살아가는 17살 소녀 스즈메. 어느 날 등굣길에 아름다운 청년과 스쳐간 스즈메는 “문을 찾고 있다”는 그의 뒤를 쫓아 산속 폐허에 들어선다. 그곳에서 스즈메가 발견한 것은 낡고 하얀 문. 무언가에 이끌리듯 스즈메는 문을 향해 손을 뻗는데….,2023-01-13,https://image.aladin.co.kr/product/30876/42/coversum/k892831289_2.jpg,국내도서>소설/시/희곡>일본소설>1950년대 이후 일본소설
페퍼민트,백온유,창비,대덕소프트웨어마이스터고등학교,IT00016631,813.7 백65ㅍ,"열아홉 살 시안과 해원이 6년 만에 다시 만나 벌어지는 이야기를 담았다. 돌이킬 수 없이 어긋난 두 주인공의 관계와 내면을 세밀하게 포착하는 감각이 돋보이며, 불안과 두려움 속에서도 밝은 자리로 나아가는 희망을 이야기하는 의지가 빛난다.",2022-07-25,https://image.aladin.co.kr/product/29857/30/coversum/8936457128_1.jpg,국내도서>청소년>청소년 문학>청소년 소설
메리골드 마음 세탁소,윤정은,북로망스,대덕소프트웨어마이스터고등학교,IT00016660,813.7 윤74ㅁ,"세계적으로 사랑받는 K-힐링판타지의 대표작 『메리골드 마음 세탁소』가 100쇄 돌파와 영국·미국 동시 출간에 이어, 시리즈의 완결을 기념하는 ‘메리골드 아틀리에 컬렉션’으로 다시 한 번 독자들을 만난다.",2025-06-18,https://image.aladin.co.kr/product/36544/31/coversum/k682039042_1.jpg,국내도서>소설/시/희곡>판타지/환상문학>한국판타지/환상소설
구의 증명,최진영,은행나무,대덕소프트웨어마이스터고등학교,IT00016663,813.7 최78ㄱ,사랑하는 연인의 갑작스러운 죽음 이후 겪게 되는 상실과 애도의 과정을 통해 삶의 의미 혹은 죽음의 의미를 되묻는 소설이다. 이 작품에서 최진영은 퇴색하지 않는 사랑의 가치를 전면에 내세우고 아름다운 문장과 감성적이며 애절한 감수성을 통해 젊고 아름다운 남녀의 열정적인 사랑과 냉정한 죽음에 대해 세련된 감성과 탁월한 문체로 담아내고 있다.,2023-04-26,https://image.aladin.co.kr/product/31561/46/coversum/k782832854_1.jpg,국내도서>소설/시/희곡>한국소설>2000년대 이후 한국소설
이갈리아의 딸들,게르드 브란튼베르그,황금가지,대덕소프트웨어마이스터고등학교,IT00007197,859.82 브292ㅇ,"상상력과 재치가 넘치는 페미니즘과 유토피아 소설. 현재 우리 사회의 여성과 남성의 성역할 체계가 완전히 바뀐 `이갈리아`라는 가상 공간이 소설의 무대. 생물학적인 차이로 의심의 여지를 두지 않았던 월경, 임신, 출산도 가치체계에 따라 완전히 다른 경험이 될 수 있듯 뒤집힌 사회를 통해 가부장제 사회의 모순을 잘 보여준다.",1996-07-01,https://image.aladin.co.kr/product/11/60/coversum/8982730001_3.jpg,국내도서>소설/시/희곡>세계의 소설>북유럽소설
이갈리아의 딸들,게르드 브란튼베르그,황금가지,대덕소프트웨어마이스터고등학교,IT00013091,859.82 브292ㅇ c.2,"상상력과 재치가 넘치는 페미니즘과 유토피아 소설. 현재 우리 사회의 여성과 남성의 성역할 체계가 완전히 바뀐 `이갈리아`라는 가상 공간이 소설의 무대. 생물학적인 차이로 의심의 여지를 두지 않았던 월경, 임신, 출산도 가치체계에 따라 완전히 다른 경험이 될 수 있듯 뒤집힌 사회를 통해 가부장제 사회의 모순을 잘 보여준다.",1996-07-01,https://image.aladin.co.kr/product/11/60/coversum/8982730001_3.jpg,국내도서>소설/시/희곡>세계의 소설>북유럽소설
앨리스 죽이기,고바야시 야스미,검은숲,대덕소프트웨어마이스터고등학교,IT00009882,833.6 고42ㅇ c.5,"고바야시 야스미 소설. 루이스 캐럴의 환상소설 이상한 나라의 앨리스를 바탕으로 꿈과 현실 사이를 오가며 연쇄살인마를 추적하는 과정을 그린 작품으로, '고전과 미스터리의 성공적 결합'이라는 호평을 받았다.",2015-12-21,https://image.aladin.co.kr/product/7233/44/coversum/895277518x_1.jpg,국내도서>소설/시/희곡>추리/미스터리소설>일본 추리/미스터리소설
앨리스 죽이기,고바야시 야스미,검은숲,대덕소프트웨어마이스터고등학교,IT00007213,833.6 고42ㅇ c.2,"고바야시 야스미 소설. 루이스 캐럴의 환상소설 이상한 나라의 앨리스를 바탕으로 꿈과 현실 사이를 오가며 연쇄살인마를 추적하는 과정을 그린 작품으로, '고전과 미스터리의 성공적 결합'이라는 호평을 받았다.",2015-12-21,https://image.aladin.co.kr/product/7233/44/coversum/895277518x_1.jpg,국내도서>소설/시/희곡>추리/미스터리소설>일본 추리/미스터리소설
유원,백온유,창비,대덕소프트웨어마이스터고등학교,IT00016630,813.7 백65ㅇ,"창비청소년문학 96권. 2020년 창비청소년문학상 수상작으로, 진심을 눌러 담은 목소리로 우리에게 새로운 희망을 건네는 백온유 장편소설이다. 십여 년 전 비극적인 화재 사건에서 살아남은 열여덟 살 주인공 ‘유원’의 이야기를 그렸다.",2020-06-19,https://image.aladin.co.kr/product/24319/6/coversum/8936456962_1.jpg,국내도서>청소년>청소년 문학>청소년 소설
파라미터 ,이준영,황금가지,대덕소프트웨어마이스터고등학교,IT00016636,813.7 이76ㅍ,"멸망의 끝자락, 작은 생존 시설에 기생하듯 살아남은 최후의 인간과 방사능으로 뒤덮인 대지 위의 새로운 지배자로 자리잡아가는 인공지능 로봇을 주인공으로 인류와 기계문명에 대한 저자의 깊이있는 통찰과 신화적 상상력이 결합하여 만들어낸 SF 장편소설이다.",2020-12-28,https://image.aladin.co.kr/product/26004/10/coversum/k592737326_1.jpg,국내도서>소설/시/희곡>과학소설(SF)>한국 과학소설
파리대왕,윌리엄 골딩,민음사,대덕소프트웨어마이스터고등학교,IT00007261,808 세14 v.19,'파리대왕'은 성서에 등장하는 말로 악마를 뜻한다. 비행기 사고로 남해의 외딴섬에 표류하게 된 몇 명의 소년들은 문명적인 규칙을 자신들에게 부과하여 공동체를 만들지만 결국 원시적인 야만상태로 퇴행해 간다.,2002-03-25,https://image.aladin.co.kr/product/34/40/coversum/893746019x_2.jpg,국내도서>소설/시/희곡>영미소설
데미안,헤르만 헤세,문학동네,대덕소프트웨어마이스터고등학교,IT00007262,853 헤54ㄷ,"헤르만 헤세의 대표작 《데미안》은 주인공 싱클레어가 삶의 고비마다 데미안이라는 인물의 목소리를 따라 자기 내면을 탐색하고, 마침내 진정한 자아를 찾아가는 과정을 담은 성장의 기록이다. 이 책은 《데미안》 속 사유 중심의 철학적 문장 40가지를 골라 엮었다.",2025-08-15,https://image.aladin.co.kr/product/37227/19/coversum/k922031704_1.jpg,국내도서>건강/취미>글씨 쓰기
언어의 정원,신카이 마코토,대원씨아이,대덕소프트웨어마이스터고등학교,IT00007189,833.6 신872ㅇ,"애니메이션의 차세대 거장으로 우뚝 선 신카이 마코토 감독의 청춘 소설. 구두장이를 꿈꾸는 고등학생 타카오는, 비가 오는 날 오전에는 학교 수업을 빼먹고 공원으로 구두 스케치를 그리러 간다. 어느 날, 그는 우연히 그 공원의 정자에서 신비로운 느낌을 주는 연상의 여성을 만나게 된다.",2017-01-17,https://image.aladin.co.kr/product/10010/82/coversum/k792536568_1.jpg,국내도서>소설/시/희곡>일본소설>1950년대 이후 일본소설
앨리스 죽이기,고바야시 야스미,검은숲,대덕소프트웨어마이스터고등학교,IT00009881,833.6 고42ㅇ c.4,"고바야시 야스미 소설. 루이스 캐럴의 환상소설 이상한 나라의 앨리스를 바탕으로 꿈과 현실 사이를 오가며 연쇄살인마를 추적하는 과정을 그린 작품으로, '고전과 미스터리의 성공적 결합'이라는 호평을 받았다.",2015-12-21,https://image.aladin.co.kr/product/7233/44/coversum/895277518x_1.jpg,국내도서>소설/시/희곡>추리/미스터리소설>일본 추리/미스터리소설
또다시 같은 꿈을 꾸었어,스미노 요루,소미미디어,대덕소프트웨어마이스터고등학교,IT00009464,833.6 스38ㄸ c.8,너의 췌장을 먹고 싶어의 작가 스미노 요루가 지친 사람들에게 전하는 다정하고 따스한 이야기. 자타공인 똑똑하고 당돌한 소녀 고야나기 나노카는 학교 안에는 이렇다 할 친구가 없지만 학교 밖에는 친구가 많다.,2017-10-25,https://image.aladin.co.kr/product/11979/89/coversum/k532531533_2.jpg,국내도서>소설/시/희곡>일본소설>1950년대 이후 일본소설
위키드 4  겁쟁이 사자 이야기,그레고리 머과이어,민음사,대덕소프트웨어마이스터고등학교,IT00007365,843 머15ㅇ v.4,"뉴욕, 런던, 도쿄를 강타한 블록버스터 뮤지컬 '위키드'의 원작. 약자의 편에 서서 권력에 맞서는 초록색 피부의 마녀가 주인공인 판타지소설이다. '사람들이 어떻게 자신의 적을 악마로 탈바꿈시키는가'에 대한 이야기이기도 하다. 고전 동화 오즈의 마법사를 패러디했다.",2024-11-30,https://image.aladin.co.kr/product/35291/58/coversum/8937428423_1.jpg,국내도서>소설/시/희곡>판타지/환상문학>외국판타지/환상소설
안나 카레니나 1,레프 톨스토이,문학동네,대덕소프트웨어마이스터고등학교,IT00007267,892.83 톨57ㅇ v.1,"톨스토이의 3대 걸작 중 하나. 톨스토이 스스로 '과거에 관한 책'이라고 했던 전쟁과 평화와는 달리 동시대인의 삶으로 이루어진 안나 카레니나는 사랑과 결혼, 가족문제라는 보편적인 소재로 발표되자마자 전 러시아인의 마음을 사로잡았다.",2010-03-04,https://image.aladin.co.kr/product/2393/45/coversum/8954620620_3.jpg,국내도서>소설/시/희곡>러시아소설
타라 덩컨 11 2  행성들의 전쟁,소피 오두인 마미코니안,소담출판사,대덕소프트웨어마이스터고등학교,IT00007411,863 마38ㅌ v.11-2,,,,
그대 눈동자에 건배,히가시노 게이고,현대문학,대덕소프트웨어마이스터고등학교,IT00007187,833.6 히12ㄱ c.2,"지난 10년간 국내에서 가장 많은 사랑을 받은 소설, 전 세계 1000만 부 이상 판매고를 올린 베스트셀러 나미야 잡화점의 기적 작가 히가시노 게이고의 소설집. 2011년부터 2016년까지 문예지 등에 발표한 아홉 편의 신작 단편을 모았다.",2017-11-27,https://image.aladin.co.kr/product/12455/85/coversum/8972758426_1.jpg,국내도서>소설/시/희곡>추리/미스터리소설>일본 추리/미스터리소설
그대 눈동자에 건배,히가시노 게이고,현대문학,대덕소프트웨어마이스터고등학교,IT00007186,833.6 히12ㄱ,"지난 10년간 국내에서 가장 많은 사랑을 받은 소설, 전 세계 1000만 부 이상 판매고를 올린 베스트셀러 나미야 잡화점의 기적 작가 히가시노 게이고의 소설집. 2011년부터 2016년까지 문예지 등에 발표한 아홉 편의 신작 단편을 모았다.",2017-11-27,https://image.aladin.co.kr/product/12455/85/coversum/8972758426_1.jpg,국내도서>소설/시/희곡>추리/미스터리소설>일본 추리/미스터리소설
그리고 신은 내게 도와 달라고 말했다,한스 라트,열린책들,대덕소프트웨어마이스터고등학교,IT00007318,853 라887ㄱ,"심리 치료사 야콥 야코비가 자신이 '신'이라고 주장하는 이상한 사내 아벨 바우만과 인연을 맺으면서 벌어지는 좌충우돌 에피소드들을 담은 연작 장편으로, 국내에 먼저 소개된 전작 그리고 신은 얘기나 좀 하자고 말했다, 악마도 때론 인간일 뿐이다에 이은 이 시리즈의 세 번째 작품이다.",2018-03-20,https://image.aladin.co.kr/product/13815/93/coversum/8932918805_1.jpg,국내도서>소설/시/희곡>독일소설
위키드 3  리르 이야기,그레고리 머과이어,민음사,대덕소프트웨어마이스터고등학교,IT00007364,843 머15ㅇ v.3,정체를 알 수 없는 드래곤의 공격을 받고 사경을 헤매던 리르는 신비한 소녀 캔들이 들려주는 음악으로 생명을 되찾는다. 리르는 까다로운 외곬 마녀 엘파바 아래서 자랐지만 자신이 누구인지도 모르고 또 무엇을 해야 할지도 모른다. 하지만 이 드넓은 세상과 혼자 맞서야 하는 리르 앞에는 무시무시한 공포와 선택의 순간들이 기다리고 있다.,2024-11-30,https://image.aladin.co.kr/product/35277/60/coversum/8937428202_1.jpg,국내도서>소설/시/희곡>판타지/환상문학>외국판타지/환상소설
위키드 5  레인 이야기,그레고리 머과이어,민음사,대덕소프트웨어마이스터고등학교,IT00007366,843 머15ㅇ v.5,"초록색 마녀 엘파바의 사랑과 우정, 엘파바의 저항정신을 실천하며 삶의 의미를 발견하고자 했던 리르의 용기, 그리고 겁쟁이 사자를 통해 오즈 역사의 배경과 위키드 이야기의 비밀들이 하나씩하나씩 풀려나가고 있다. 이제 ‘레인 이야기’를 통해 그 뒷이야기가 펼쳐진다.",2024-12-05,https://image.aladin.co.kr/product/35313/29/coversum/8937428482_1.jpg,국내도서>소설/시/희곡>판타지/환상문학>외국판타지/환상소설
타라 덩컨 9 1  검은 여왕,소피 오두인 마미코니안,소담,대덕소프트웨어마이스터고등학교,IT00007406,863 마38ㅌ v.9-1,,,,
젊은 베르테르의 슬픔,요한 폴프강 폰 괴테,민음사,대덕소프트웨어마이스터고등학교,IT00007414,808 세14 v.25,,,,
호밀밭의 파수꾼,J. D. 샐린저,문예,대덕소프트웨어마이스터고등학교,IT00007259,843 샐298ㅎ,사립학교의 문제아 홀든 콜필드가 퇴학을 당하고 집으로 돌아오기까지 며칠간의 일들을 담은 작품이다. 십대들의 언어를 그대로 옮긴 듯한 욕설과 비속어 속에 위트를 간직한 문장으로 청춘만이 공감할 수 있는 페이소스를 녹여 낸 이 소설은 젊은 독자들 사이에서 ‘콜필드 신드롬’을 일으켰다.,2023-01-17,https://image.aladin.co.kr/product/30882/22/coversum/8937460475_2.jpg,국내도서>소설/시/희곡>영미소설
또다시 같은 꿈을 꾸었어,스미노 요루,소미미디어,대덕소프트웨어마이스터고등학교,IT00009466,833.6 스38ㄸ c.10,너의 췌장을 먹고 싶어의 작가 스미노 요루가 지친 사람들에게 전하는 다정하고 따스한 이야기. 자타공인 똑똑하고 당돌한 소녀 고야나기 나노카는 학교 안에는 이렇다 할 친구가 없지만 학교 밖에는 친구가 많다.,2017-10-25,https://image.aladin.co.kr/product/11979/89/coversum/k532531533_2.jpg,국내도서>소설/시/희곡>일본소설>1950년대 이후 일본소설
또다시 같은 꿈을 꾸었어,스미노 요루,소미미디어,대덕소프트웨어마이스터고등학교,IT00007340,833.6 스38ㄸ,너의 췌장을 먹고 싶어의 작가 스미노 요루가 지친 사람들에게 전하는 다정하고 따스한 이야기. 자타공인 똑똑하고 당돌한 소녀 고야나기 나노카는 학교 안에는 이렇다 할 친구가 없지만 학교 밖에는 친구가 많다.,2017-10-25,https://image.aladin.co.kr/product/11979/89/coversum/k532531533_2.jpg,국내도서>소설/시/희곡>일본소설>1950년대 이후 일본소설
애프터 유,조조 모예스,아르테,대덕소프트웨어마이스터고등학교,IT00007352,843 모64ㅇ,전 세계 1500만 명을 잠 못 들게 만들며 잊을 수 없는 후유증을 선사한 『미 비포 유』의 후속작 『애프터 유』가 새로운 표지와 수정된 번역으로 출간되었다. 이번 작품에서는 스스로 존엄사를 선택한 윌을 떠나보내고 혼자 남은 루이자의 이야기가 펼쳐진다.,2025-05-12,https://image.aladin.co.kr/product/36386/97/coversum/k812039672_1.jpg,국내도서>소설/시/희곡>영미소설
타라 덩컨 6 1  마지스터의 함정,소피 오두인 마미코니안,소담출판사,대덕소프트웨어마이스터고등학교,IT00007400,863 마38ㅌ v.6-1,,,,
타라 덩컨 10 1  드래곤 대 악마,소피 오두인 마미코니안,소담출판사,대덕소프트웨어마이스터고등학교,IT00007408,863 마38ㅌ v.10-1,,,,
풍금이 있던 자리,신경숙,文學과 知性社,대덕소프트웨어마이스터고등학교,EM00009805,813.6 신14ㅍ c.2,"한국 현대 소설의 대표 단편작을 뽑아 한국어.영어로 동시 수록한 '바이링궐 에디션'. 풍금이 있던 자리는 여성 화자 ‘나’가 불륜의 사랑을 끝내기로 결심하기까지, 하염없는 상념을 상대방 남자에게 편지 형식으로 고백하고 있는 작품이다.",2012-07-25,https://image.aladin.co.kr/product/1850/82/coversum/899400632x_2.jpg,국내도서>소설/시/희곡>한국소설>2000년대 이전 한국소설
호출,김영하,문학동네,대덕소프트웨어마이스터고등학교,EM00009690,813.6 김64ㅎ,"김영하 등단 25주년을 맞이해 시작된 ‘복복서가×김영하 소설’ 시리즈. 나르시시즘, 모방 욕망, 죽음 충동 등과 같은 현대의 증상을 명쾌하게 포착하면서 특유의 대담하고 건조한 문체를 보여주는 『호출』은 총 열한 편의 단편으로 매력적인 날것의 세계, 간헐천처럼 분출하는 위험한 이야기들을 들려준다.",2022-09-22,https://image.aladin.co.kr/product/30171/48/coversum/k612839682_1.jpg,국내도서>소설/시/희곡>한국소설>2000년대 이후 한국소설
환각의 나비,박완서,푸르메,대덕소프트웨어마이스터고등학교,EM00009694,813.6 박65ㅎ,"작가 박완서의 문학상 수상작 모음집. '나의 가장 나종 지니인 것'(동인문학상), '엄마의 말뚝 2'(이상문학상), '그 가을의 사흘 동안'(한국문학작가상), '환각의 나비'(한무숙문학상), '꿈꾸는 인큐베이터'(현대문학상) 등 여성을 화자로 삼은 다섯 편의 소설 작품을 묶었다.",2006-06-25,https://image.aladin.co.kr/product/66/69/coversum/8995800313_1.jpg,국내도서>소설/시/희곡>한국소설>2000년대 이후 한국소설
촐라체,박범신,푸른숲,대덕소프트웨어마이스터고등학교,EM00010035,813.6 박44ㅊ c.2,"2008년부터 2010년까지 1년 간격으로 박범신 작가는 장편소설 촐라체, 고산자, 은교를 펴냈다. 2015년 박범신은 촐라체 개정판을 문학동네에서 출간함으로써 그간 혼잣말처럼 불러왔던 '갈망 3부작'을 현실화했다.",2015-07-31,https://image.aladin.co.kr/product/6405/28/coversum/8954636934_1.jpg,국내도서>소설/시/희곡>한국소설>2000년대 이후 한국소설
침이 고인다,김애란,문학과지성사,대덕소프트웨어마이스터고등학교,EM00011665,813.6 김63ㅊ c.2,"2005년 첫 소설집 <달려라 아비>를 발표, 반짝이는 상상력으로 단숨에 독자를 사로잡은 작가 김애란. 문단과 언론은 마치 기다렸다는 듯 그녀를 반겼다. 2년이 흘렀다. 다시 김애란의 새 이야기가 궁금해지는 시점이다. 그녀를 향한 또 다른 평가가 기대되는 시기이다. 그래서 그녀가 두 번째 단편집 <침이 고인다>로 돌아왔다.",2007-09-28,https://image.aladin.co.kr/product/98/83/coversum/8932018049_1.jpg,국내도서>소설/시/희곡>한국소설>2000년대 이후 한국소설
폭풍의 언덕,에밀리 브론테,민음사,대덕소프트웨어마이스터고등학교,EM00012921,843 브295ㅍ c.2,"서른 살의 나이에 요절한 에밀리 브론테가 죽기 1년 전에 발표한 유일한 소설. '워더링 하이츠'를 무대로 펼쳐지는 캐서린과 히스클리프의 비극적인 사랑, 에드거와 이사벨을 향한 히스클리프의 잔인한 복수를 그린 이 작품은, 발표 당시 그 음산함과 등장인물의 야만성으로 인해 반도덕적이라는 비난을 받았다.",2005-03-15,https://image.aladin.co.kr/product/54/93/coversum/8937461188_3.jpg,국내도서>소설/시/희곡>영미소설
혀,조경란,문학동네,대덕소프트웨어마이스터고등학교,EM00009686,813.6 조14ㅎ,"소설가 조경란이 <우리는 만난 적이 있다>(2001) 이후 6년만에 발표한 네 번째 장편소설. 요리사를 주인공으로 등장시켜 그의 관능적 사랑을 그리는 동시에, 사랑과 같은 욕망의 뿌리를 가진 증오의 이야기를 들려준다. 삶의 결을 섬세하게 더듬는 느낌을 주었던 기존의 조경란 소설과는 확연히 다른 면모를 선보이는 작품. 강렬하고 흡인력 있는 스토리에 빠른 전개, 탄탄한 구성이 장편소설 혀에서 새롭게 포착되는 특징이다.",2007-11-12,https://image.aladin.co.kr/product/100/46/coversum/8954604315_1.jpg,국내도서>소설/시/희곡>한국소설>2000년대 이후 한국소설
나의 아름다운 정원,심윤경,한겨례신문사,대덕소프트웨어마이스터고등학교,EM00009735,813.6 심66ㄴ,"제7회 한겨레문학상 수상작이자 20만 독자가 감동한 스테디셀러 《나의 아름다운 정원》이 개정판으로 다시 찾아온다. 소설은 격랑의 시대인 1977년부터 1981년, 대한민국 보통의 한 가족사를 순하고 강직한 소년의 시선으로 담아냈다.",2024-08-26,https://image.aladin.co.kr/product/34481/74/coversum/k202932547_1.jpg,국내도서>소설/시/희곡>한국소설>2000년대 이후 한국소설
명랑한 밤길,공선옥,창비,대덕소프트웨어마이스터고등학교,EM00009750,813.6 공54ㅁ,상처에 매몰되지 않고 삶을 긍정적으로 포용하는 자세는 공선옥 소설의 개성을 한층 돋보이게 만든다. 그가 멋진 한세상(2002) 이후 5년 만에 신작 단편집을 펴냈다. 낯익지만 일관된 주제의식을 견지하며 냉엄한 현실을 능청스럽게 이야기하는 공선옥 소설의 활력은 여전히 놀랍다.,2007-12-10,https://image.aladin.co.kr/product/101/76/coversum/893643702x_1.jpg,국내도서>소설/시/희곡>한국소설>2000년대 이후 한국소설
사막,이사카코타로,황매,대덕소프트웨어마이스터고등학교,EM00009762,833.6 코882ㅅ,"이사카 고타로 장편소설. 집오리와 들오리의 코인로커, 중력 삐에로, 칠드런 등과 같이 젊은이들이 울고 웃고 고뇌하면서 각자의 방식으로 현실을 돌파해 나가는, 이사카 고타로의 대표적인 청춘 소설이다.",2014-07-21,https://image.aladin.co.kr/product/4391/41/coversum/8972756997_1.jpg,국내도서>소설/시/희곡>일본소설>1950년대 이후 일본소설
착한 가족,서하진,문학과지성사,대덕소프트웨어마이스터고등학교,EM00010555,813.6 서92ㅊ c.2,"1994년 「현대문학」으로 등단한 서하진의 소설집. 이전 저작을 통해 천착해왔던 소통과 관계의 문제에 대한 또 하나의 답을 보여준다. 작가는 감정 없이 암에 걸린 엄마-아내를, 신출내기 소설가를, 바람피우는 아빠의 딸을, 병에 걸린 한의사의 궤적을 따라감으로서 그들이 맺고 있는 사회 속 관계와 소통의 의미를 드러낸다.",2008-12-29,https://image.aladin.co.kr/product/301/20/coversum/893201910x_1.jpg,국내도서>소설/시/희곡>한국소설>2000년대 이후 한국소설
착한 가족,서하진,문학과지성사,대덕소프트웨어마이스터고등학교,EM00009614,813.6 서92ㅊ,"1994년 「현대문학」으로 등단한 서하진의 소설집. 이전 저작을 통해 천착해왔던 소통과 관계의 문제에 대한 또 하나의 답을 보여준다. 작가는 감정 없이 암에 걸린 엄마-아내를, 신출내기 소설가를, 바람피우는 아빠의 딸을, 병에 걸린 한의사의 궤적을 따라감으로서 그들이 맺고 있는 사회 속 관계와 소통의 의미를 드러낸다.",2008-12-29,https://image.aladin.co.kr/product/301/20/coversum/893201910x_1.jpg,국내도서>소설/시/희곡>한국소설>2000년대 이후 한국소설
해저 2만리 1,쥘 베른,열림원,대덕소프트웨어마이스터고등학교,EM00009681,863 베297ㅎ v.1,"SF문학의 선구자 쥘 베른의 대표작 <해저 2만리>를 생생한 일러스트와 함께 읽는다. 초판 발간 후, 얼마 지나지 않아 나온 일러스트판에 수록된 에두아르 리우와 알퐁스 드 누빌의 삽화와 더불어 프랑스 아셰트 출판사가 특별 제작한 삽화를 함께 실었다. 노틸러스호의 구조, 해저 탐사에 쓰이는 각종 용구, 작품 속에 묘사된 갖가지 해양 동물의 모습 등을 사실감 있게 보여준다.",2009-09-07,https://image.aladin.co.kr/product/445/23/coversum/8972883549_1.jpg,국내도서>소설/시/희곡>과학소설(SF)>외국 과학소설
황진이 1 1,홍석중,대훈닷컴,대덕소프트웨어마이스터고등학교,EM00009697,813.6 홍54ㅎ v.1,지은이 홍석중은 벽초 홍명희 선생의 손자이며 국어학자인 홍기문의 아들로 할아버지가 완성하지 못한 <임꺽정>의 마지막 부분을 손질한 것으로도 유명하다. 홍석중의 첫 장편소설 <높새바람> 역시 남쪽에 소개돼 문학적 역량을 인정받은 바 있다.,2004-08-15,https://image.aladin.co.kr/product/51/2/coversum/6000122548_1.gif,국내도서>소설/시/희곡>역사소설>한국 역사소설
개를 위한 스테이크,에프라임 키숀,마음산책,대덕소프트웨어마이스터고등학교,EM00009716,853 키55ㄱ,"풍자작가이자 미술사가인 이스라엘의 대표 작가 에프라임 키숀의 '괴짜 가족에 대한 이야기'. 작가 자신과 그의 못말리는 좌충우돌 장난꾸러기 가족 -잘나신 아내님, 멍청한 큰아들, 고집쟁이 둘째 아들, 수다쟁이 막내 딸, 말 안듣는 강아지- 의 엉뚱한 생활을 담은 39편의 단편들이 들어 있다.",2001-03-05,https://image.aladin.co.kr/product/26/75/coversum/8970411623_1.gif,국내도서>소설/시/희곡>세계의 소설>기타 국가 소설
당후일기,송근명,고요아침,대덕소프트웨어마이스터고등학교,EM00009743,813.6 송17ㄷ,,,,
순이삼촌,현기영,창비,대덕소프트웨어마이스터고등학교,EM00007951,813.6 현18ㅅ,"한국 현대 소설의 대표 단편작을 뽑아 한국어·영어로 동시 수록한 [바이링궐 에디션 : 한국 현대 소설] 시리즈 3권. 이 작품은 해방기 민중 수난의 기록이면서, 동시에 1970년대 후반의 엄혹한 시대 상황을 증언하는 문제작이다.
",2012-07-25,https://image.aladin.co.kr/product/1850/85/coversum/8994006222_1.jpg,국내도서>소설/시/희곡>한국소설>2000년대 이전 한국소설
시누헤 1,미카 왈타리,동녘,대덕소프트웨어마이스터고등학교,EM00007965,839.64 왈882ㅅ v.1 c.3,"자유와 평등을 부르짖었던 파라오 아케나톤의 혁명을 그린 역사소설이다. '시누헤'는 고대 이집트 역사의 거친 풍랑 속에서 아케나톤의 주치의로 종교개혁 과정을 옆에서 지켜보고, 그의 혁명, 평등, 반전에 관한 사상을 이해하게 되는 인물. 아케나톤 혁명을 배경으로 하지만 이야기의 기본 얼개에는 모험과 사랑이 있다.",2007-08-25,https://image.aladin.co.kr/product/96/60/coversum/8972975451_1.jpg,국내도서>소설/시/희곡>역사소설>외국 역사소설
연을 쫓는 아이,할레드 호세이니,열림원,대덕소프트웨어마이스터고등학교,EM00008003,843 호54ㅇ,"부유한 상인의 아들 아미르와 비극적인 숙명을 지닌 그의 하인 하산의 이야기를 그린 성장소설로, 주인공 아미르가 어린 시절의 과오를 직시하고 속죄하며 치유와 구원에 이르는 과정을 감동적으로 펼쳐 보인다.
",2022-08-20,https://image.aladin.co.kr/product/30005/40/coversum/k592838350_1.jpg,국내도서>소설/시/희곡>영미소설
연을 쫓는 아이,할레드 호세이니,열림원,대덕소프트웨어마이스터고등학교,EM00008004,843 호54ㅇ c.2,"부유한 상인의 아들 아미르와 비극적인 숙명을 지닌 그의 하인 하산의 이야기를 그린 성장소설로, 주인공 아미르가 어린 시절의 과오를 직시하고 속죄하며 치유와 구원에 이르는 과정을 감동적으로 펼쳐 보인다.
",2022-08-20,https://image.aladin.co.kr/product/30005/40/coversum/k592838350_1.jpg,국내도서>소설/시/희곡>영미소설
완득이,김려령,창비,대덕소프트웨어마이스터고등학교,EM00008022,813.6 김294ㅇ c.2,"주인공부터 조연에 이르기까지, 현실에서 튀어나온 듯한 개성 만점의 캐릭터들이 한데 모여 조화를 이룬다. 캐릭터 못지않게 눈길을 끄는 이 소설의 매력은 리드미컬 문체와 속도감이다. 꾸밈없이 솔직한 문장과 거침없이 내달리는 이야기, 한바탕 웃고 난 뒤 코끝을 찡하게 하는 감동을 주는 소설. 제1회 창비청소년문학상 수상작.",2008-03-16,https://image.aladin.co.kr/product/193/55/coversum/8936456083_1.jpg,국내도서>청소년>청소년 문학>청소년 소설
장길산 11,황석영,창비,대덕소프트웨어마이스터고등학교,EM00008096,813.6 황5ㅈ v.11,,2004-04-28,https://image.aladin.co.kr/product/48/86/coversum/8936430645_2.jpg,국내도서>소설/시/희곡>역사소설>한국 역사소설
책상은 책상이다,페터 빅셀,예담,대덕소프트웨어마이스터고등학교,EM00008137,859 빅54ㅊ c.2,어느 날 갑자기 상식에 질문을 던진 사람들 그들에게는 대체 무슨 사정이 있었던 것일까? 책상은 책상이다(2001)의 개정판으로 스위스의 대표작가 페터 빅셀의 일곱 단편을 수록했다.,2018-12-31,https://image.aladin.co.kr/product/17843/26/coversum/k002534520_2.jpg,국내도서>소설/시/희곡>세계의 소설>기타 국가 소설
책도둑 2,마커스 주삭,문학동네,대덕소프트웨어마이스터고등학교,EM00009620,843 주52ㅊ v.2 c.3,,2008-02-01,https://image.aladin.co.kr/product/170/33/coversum/8954604978_1.jpg,국내도서>소설/시/희곡>세계의 소설>기타 국가 소설
타나토노트  상  1,베르나르 베르베르,열린책들,대덕소프트웨어마이스터고등학교,EM00008177,863.6 베297ㅌ v.1,,,,
연금술사,파울로 코엘료,문학동네,대덕소프트웨어마이스터고등학교,EM00017983,879.3 코63ㅇ c.4,"세상을 두루두루 여행하기 위해 양치기가 된 청년 산티아고의 '자아의 신화' 찾기 여행담. 자칫 딱딱하게 보일 수 있는 제목과는 달리 간결하고 경쾌한 언어들로 쓰여 있어서, 물이 흘러가듯 수월하게 읽히는 작품이다.",2001-12-01,https://image.aladin.co.kr/product/30/73/coversum/8982814477_3.jpg,국내도서>소설/시/희곡>스페인/중남미소설
 소설  히파티아,브라이언 트렌트,궁리출판,대덕소프트웨어마이스터고등학교,EM00007940,843 트294ㅎ,"고대 그리스에서 '아름다움과 지혜'의 여신으로 추앙받았던 여성 수학자이자 철학자, '히파티아'. 그녀가 기독교 광신도에게 살해당하기 직전, 생애 마지막 한 달간의 이야기를 소설로 재구성했다. 당대 최고 지성인 그녀에 대한 살인은 고대 광명의 종말과 중세 암흑의 도래를 의미할 만큼 중요한 역사적 사건으로 꼽힌다.",2007-09-03,https://image.aladin.co.kr/product/97/81/coversum/8958201045_1.jpg,국내도서>소설/시/희곡>역사소설>외국 역사소설
시누헤 2,미카 왈타리,동녘,대덕소프트웨어마이스터고등학교,EM00007966,839.64 왈882ㅅ v.2,,2007-08-25,https://image.aladin.co.kr/product/96/60/coversum/897297546x_1.jpg,국내도서>소설/시/희곡>역사소설>외국 역사소설
시누헤 2,미카 왈타리,동녘,대덕소프트웨어마이스터고등학교,EM00007967,839.64 왈882ㅅ v.2 c.2,,2007-08-25,https://image.aladin.co.kr/product/96/60/coversum/897297546x_1.jpg,국내도서>소설/시/희곡>역사소설>외국 역사소설
 쑤저우의  연인 2,베트 바오 로드,푸르메,대덕소프트웨어마이스터고등학교,EM00008631,843 로27ㅇ v.2 c.2,,2007-03-15,https://image.aladin.co.kr/product/89/39/coversum/8995800399_1.jpg,국내도서>소설/시/희곡>중국소설
안개의 사나이,김성종,뿔,대덕소프트웨어마이스터고등학교,EM00007988,813.6 김54ㅇ c.2,"최후의 증인, 여명의 눈동자, 어느 창녀의 죽음 등의 작품을 통해 현대 한국 사회의 어둡고 비정한 현실을 조명해온 작가 김성종의 2008년 작 장편 추리소설. 한 살인 청부업자의 안개 속 살인과 잡힐 듯 잡히지 않는 범인의 뒤를 쫓는 형사들의 이야기를 건조한 문체로 그려냈다.",2008-01-25,https://image.aladin.co.kr/product/170/82/coversum/8901077248_1.jpg,국내도서>소설/시/희곡>추리/미스터리소설>한국 추리/미스터리소설
엄마는 저격수,오기와라히로시,나래북,대덕소프트웨어마이스터고등학교,EM00007996,833.6 오18ㅇ,"한 가정주부가 '다시' 총을 거머쥔다. 누구를 위해, 무엇을 위해 그녀는 총을 잡게 되는 것일까? 오기와라 히로시의 장편소설 엄마는 저격수는, '모두에게 내재한 특이함과 갈등을 치유하는 방식'에 관해 이야기한다. 무거운 주제와 일상의 경쾌함, 그리고 간결한 문체와 조화를 이룬 흡인력 있는 소설이다.",2008-02-10,https://image.aladin.co.kr/product/170/94/coversum/8995984236_1.jpg,국내도서>소설/시/희곡>일본소설>1950년대 이후 일본소설
장길산 9,황석영,창비,대덕소프트웨어마이스터고등학교,EM00008094,813.6 황5ㅈ v.9,,2004-04-28,https://image.aladin.co.kr/product/48/86/coversum/8936430629_2.jpg,국내도서>소설/시/희곡>역사소설>한국 역사소설
장길산 12,황석영,창비,대덕소프트웨어마이스터고등학교,EM00008097,813.6 황5ㅈ v.12,,2004-04-28,https://image.aladin.co.kr/product/48/86/coversum/8936430653_3.jpg,국내도서>소설/시/희곡>역사소설>한국 역사소설
 쑤저우의  연인 1,베트 바오 로드,푸르메,대덕소프트웨어마이스터고등학교,EM00007971,843 로27ㅇ v.1,"중국의 근대화 과정을 기저로 삼아 명문가의 5대에 걸친 여인의 삶을 그려낸 소설. 늘 안채에서 숨죽이며 지내던 춘월의 할머니 노마님과 큰어머니 금덕, 어머니 향설로부터 춘월, 그리고 춘월의 딸인 채옥과 채옥의 딸인 동란, 그리고 춘월의 고손녀인 옥춘. 이 여인들의 시선으로 바라본 중국의 이야기이다.",2007-03-15,https://image.aladin.co.kr/product/89/39/coversum/8995800380_1.jpg,국내도서>소설/시/희곡>중국소설
책상은 책상이다,페터 빅셀,예담,대덕소프트웨어마이스터고등학교,EM00008136,859 빅54ㅊ,어느 날 갑자기 상식에 질문을 던진 사람들 그들에게는 대체 무슨 사정이 있었던 것일까? 책상은 책상이다(2001)의 개정판으로 스위스의 대표작가 페터 빅셀의 일곱 단편을 수록했다.,2018-12-31,https://image.aladin.co.kr/product/17843/26/coversum/k002534520_2.jpg,국내도서>소설/시/희곡>세계의 소설>기타 국가 소설
책상은 책상이다,페터 빅셀,예담,대덕소프트웨어마이스터고등학교,EM00008138,859 빅54ㅊ c.3,어느 날 갑자기 상식에 질문을 던진 사람들 그들에게는 대체 무슨 사정이 있었던 것일까? 책상은 책상이다(2001)의 개정판으로 스위스의 대표작가 페터 빅셀의 일곱 단편을 수록했다.,2018-12-31,https://image.aladin.co.kr/product/17843/26/coversum/k002534520_2.jpg,국내도서>소설/시/희곡>세계의 소설>기타 국가 소설
책상은 책상이다,페터 빅셀,예담,대덕소프트웨어마이스터고등학교,EM00008563,859 빅54ㅊ c.4,어느 날 갑자기 상식에 질문을 던진 사람들 그들에게는 대체 무슨 사정이 있었던 것일까? 책상은 책상이다(2001)의 개정판으로 스위스의 대표작가 페터 빅셀의 일곱 단편을 수록했다.,2018-12-31,https://image.aladin.co.kr/product/17843/26/coversum/k002534520_2.jpg,국내도서>소설/시/희곡>세계의 소설>기타 국가 소설
안개의 사나이,김성종,뿔,대덕소프트웨어마이스터고등학교,EM00007987,813.6 김54ㅇ,"최후의 증인, 여명의 눈동자, 어느 창녀의 죽음 등의 작품을 통해 현대 한국 사회의 어둡고 비정한 현실을 조명해온 작가 김성종의 2008년 작 장편 추리소설. 한 살인 청부업자의 안개 속 살인과 잡힐 듯 잡히지 않는 범인의 뒤를 쫓는 형사들의 이야기를 건조한 문체로 그려냈다.",2008-01-25,https://image.aladin.co.kr/product/170/82/coversum/8901077248_1.jpg,국내도서>소설/시/희곡>추리/미스터리소설>한국 추리/미스터리소설
책도둑 2,마커스 주삭,문학동네,대덕소프트웨어마이스터고등학교,EM00008142,843 주52ㅊ v.2 c.2,,2008-02-01,https://image.aladin.co.kr/product/170/33/coversum/8954604978_1.jpg,국내도서>소설/시/희곡>세계의 소설>기타 국가 소설
연을 쫓는 아이,할레드 호세이니,열림원,대덕소프트웨어마이스터고등학교,EM00008005,843 호54ㅇ c.3,"부유한 상인의 아들 아미르와 비극적인 숙명을 지닌 그의 하인 하산의 이야기를 그린 성장소설로, 주인공 아미르가 어린 시절의 과오를 직시하고 속죄하며 치유와 구원에 이르는 과정을 감동적으로 펼쳐 보인다.
",2022-08-20,https://image.aladin.co.kr/product/30005/40/coversum/k592838350_1.jpg,국내도서>소설/시/희곡>영미소설
완득이,김려령,창비,대덕소프트웨어마이스터고등학교,EM00008021,813.6 김294ㅇ,"주인공부터 조연에 이르기까지, 현실에서 튀어나온 듯한 개성 만점의 캐릭터들이 한데 모여 조화를 이룬다. 캐릭터 못지않게 눈길을 끄는 이 소설의 매력은 리드미컬 문체와 속도감이다. 꾸밈없이 솔직한 문장과 거침없이 내달리는 이야기, 한바탕 웃고 난 뒤 코끝을 찡하게 하는 감동을 주는 소설. 제1회 창비청소년문학상 수상작.",2008-03-16,https://image.aladin.co.kr/product/193/55/coversum/8936456083_1.jpg,국내도서>청소년>청소년 문학>청소년 소설
타라 덩컨 4 1  드래곤의 배반 상 ,소피 오두인 마미코니안,소담,대덕소프트웨어마이스터고등학교,EM00008184,863 마38ㅌ v.4-1,,,,
태왕사신기 3,송지나,환타웍스,대덕소프트웨어마이스터고등학교,EM00008194,813.6 김82ㅌ v.3,드라마와는 다른 결말을 담았다. 드라마의 이야기를 충실히 따라 가면서도 드라마와는 사뭇 다른 결말을 통해 소설을 읽는 색다른 재미와 감동을 제공한다.   역사판타지라는 새로운 장르를 개척한 TV드라마의 장대한 스케일에 묻혀 놓쳐 버렸던 잔잔한 재미와 감동이 되살아난다.,2008-08-30,https://image.aladin.co.kr/product/249/33/coversum/8996003301_2.jpg,국내도서>소설/시/희곡>한국소설>2000년대 이후 한국소설
워터,요시다슈이치,북스토리,대덕소프트웨어마이스터고등학교,EM00008041,833.6 요58ㅇ c.2,"후지와라 다쓰야, 한효주, 변요한 주연 영화 〈태양은 움직이지 않는다〉와 동명의 TV 드라마 방영에 맞추어 《태양은 움직이지 않는다》 《숲은 알고 있다》 《워터 게임》의 ‘다카노 시리즈’ 3부작이 국내에서 출간되었다.",2020-05-25,https://image.aladin.co.kr/product/24109/83/coversum/k572639537_1.jpg,국내도서>소설/시/희곡>액션/스릴러소설>외국 액션/스릴러소설
장길산 4,황석영,창비,대덕소프트웨어마이스터고등학교,EM00008089,813.6 황5ㅈ v.4,우리 시대 최고의 작가 황석영의 대표작 장길산(전12권)이 산뜻한 장정의 특별합본호 4권으로 다시 독자들을 만난다. 1974년부터 1984년까지 10년에 걸쳐 완성된 황석영의 대하소설이다.,2020-12-21,https://image.aladin.co.kr/product/25891/2/coversum/8936432907_1.jpg,국내도서>소설/시/희곡>역사소설>한국 역사소설
책상은 책상이다,페터 빅셀,예담,대덕소프트웨어마이스터고등학교,IT00005126,859 빅54ㅊ c.5,어느 날 갑자기 상식에 질문을 던진 사람들 그들에게는 대체 무슨 사정이 있었던 것일까? 책상은 책상이다(2001)의 개정판으로 스위스의 대표작가 페터 빅셀의 일곱 단편을 수록했다.,2018-12-31,https://image.aladin.co.kr/product/17843/26/coversum/k002534520_2.jpg,국내도서>소설/시/희곡>세계의 소설>기타 국가 소설
책도둑 2,마커스 주삭,문학동네,대덕소프트웨어마이스터고등학교,EM00008141,843 주52ㅊ v.2,,2008-02-01,https://image.aladin.co.kr/product/170/33/coversum/8954604978_1.jpg,국내도서>소설/시/희곡>세계의 소설>기타 국가 소설
태왕사신기 2,송지나,환타웍스,대덕소프트웨어마이스터고등학교,EM00008193,813.6 김82ㅌ v.2,,2007-10-23,https://image.aladin.co.kr/product/99/70/coversum/8996003328_1.jpg,국내도서>소설/시/희곡>한국소설>2000년대 이후 한국소설
말이 되냐,박상,새파란상상,대덕소프트웨어마이스터고등학교,EM00011427,813.6 박52ㅁ,이원식 씨의 타격폼을 펴낸 박상의 장편소설. 사회인 야구팀에서도 한참 모자라는 실력으로 항상 팀의 패배에 결정적 역할을 하던 이원식이 야구를 위해 태어난 사나이로 거듭나는 과정을 그린다. 문인 야구단에서 실제로 사회인 야구를 하고 있는 작가는 운동장에서 뛰고 구르는 사람만이 알 수 있는 야구의 생생함을 고스란히 담아냈다.,2010-02-10,https://image.aladin.co.kr/product/637/46/coversum/8963710092_1.jpg,국내도서>소설/시/희곡>한국소설>2000년대 이후 한국소설
댄스 댄스 댄스 하,무라카미 하루키,문학사상,대덕소프트웨어마이스터고등학교,IT00006780,833.6 무521ㄷ v.하,"『양을 둘러싼 모험』으로부터 사 년, 세차게 눈이 쏟아지는 삿포로 거리에서 ‘나’의 새로운 모험이 시작된다. 기묘하고 복잡한 댄스 스텝을 밟으며 ‘나’는 어둡고 위험한 운명의 미로를 뚫고 나간다. 80년대를 무대로 새로운 가치를 찾아 어둠과 빛의 교차를 선명하게 그려 낸 화제작이다.",2023-01-26,https://image.aladin.co.kr/product/30992/64/coversum/8970125434_1.jpg,국내도서>소설/시/희곡>일본소설>1950년대 이후 일본소설
아리랑 2  아  한반도 2,조정래,해냄,대덕소프트웨어마이스터고등학교,EM00008639,813.6 조74ㅇ v.2,"한민족의 끈질긴 생존과 투쟁, 이민사를 다룬 민족의 대서사시『아리랑』의 작가 등단 50주년 기념 개정판. 일제 침략기부터 해방기까지 한민족의 끈질긴 생존과 투쟁, 이민사를 다룬 민족의 대서사시다.",2020-10-15,https://image.aladin.co.kr/product/25326/89/coversum/8965749328_1.jpg,국내도서>소설/시/희곡>역사소설>한국 역사소설
명탐정의 규칙,히가시노게이고,재인,대덕소프트웨어마이스터고등학교,EM00011426,833.6 히12ㅁ,"백야행, 용의자 X의 헌신의 작가 히가시노 게이고의 소설로, 1996년에 처음 출간돼 추리 소설계를 발칵 뒤집어놓은 작품이다. 소설의 형식은 명석하지만 치기 어린 명탐정 덴카이치 다이고로와, 지방 경찰 본부 수사과에 근무하는 닳고 닳은 경감 오가와라 반조가 주인공으로 등장해 12개의 살인 사건을 차례차례 함께 풀어나간다.",2010-04-16,https://image.aladin.co.kr/product/689/75/coversum/8990982375_1.jpg,국내도서>소설/시/희곡>추리/미스터리소설>일본 추리/미스터리소설
세상에서 가장 아름다운 이별,노희경,북로그컴퍼니,대덕소프트웨어마이스터고등학교,EM00011463,812.68 노97ㅅ,고정 시청자 팬을 확보하고 있는 드라마 작가 노희경의 화제작 세상에서 가장 아름다운 이별을 원작으로 한 소설이 2015년 더욱 새로운 모습으로 재탄생했다.,2015-05-10,https://image.aladin.co.kr/product/5915/21/coversum/s272635772_1.jpg,국내도서>소설/시/희곡>한국소설>2000년대 이후 한국소설
연금술사,파울로 코엘료,문학동네,대덕소프트웨어마이스터고등학교,EM00017988,879.3 코63ㅇ c.9,"세상을 두루두루 여행하기 위해 양치기가 된 청년 산티아고의 '자아의 신화' 찾기 여행담. 자칫 딱딱하게 보일 수 있는 제목과는 달리 간결하고 경쾌한 언어들로 쓰여 있어서, 물이 흘러가듯 수월하게 읽히는 작품이다.",2001-12-01,https://image.aladin.co.kr/product/30/73/coversum/8982814477_3.jpg,국내도서>소설/시/희곡>스페인/중남미소설
관촌수필,이문구,문학과지성사,대덕소프트웨어마이스터고등학교,EM00008565,813.6 이36ㄱ,"한국을 대표하는 명불허전 작가들의 명불허전 작품들을 엄선하여 모은 '사피엔스 한국문학 중.단편소설'. 작가의 대표작은 물론, 기존 선집에서 잘 다루어지지 않은 희귀작이나 작가의 독특한 작품 세계를 드러내는 문제작까지 두루 다루었다.",2012-07-06,https://image.aladin.co.kr/product/1824/27/coversum/896588134x_1.jpg,국내도서>소설/시/희곡>한국소설>2000년대 이전 한국소설
우리들,예브게니 이바노비치 자먀찐,열린책들,대덕소프트웨어마이스터고등학교,EM00018715,892.83 자33ㅇ,,2009-12-04,https://image.aladin.co.kr/product/592/72/coversum/8932909547_1.jpg,국내도서>소설/시/희곡>러시아소설
헬프 1,캐스린 스토킷,문학동네,대덕소프트웨어마이스터고등학교,EM00020875,843.6 스885ㅎ v.1,"출간 직후 아마존과 뉴욕 타임스 베스트셀러, 이후 2년 넘게 계속 베스트셀러 차트에 머물며 아마존에서 116주, 뉴욕 타임스에서 109주 연속 베스트셀러를 기록하고 있는 소설. 마틴 루서 킹을 위시한 흑인 지도자들이 시민권 운동을 벌이던 시기, 거대한 변화의 물결이 서서히 미국 전역을 휩쓸던 시기인 1960년대를 배경으로 하고 있다.",2011-05-27,https://image.aladin.co.kr/product/1177/18/coversum/8954614752_3.jpg,국내도서>소설/시/희곡>영미소설
헬프 2,캐스린 스토킷,문학동네,대덕소프트웨어마이스터고등학교,EM00020876,843.6 스885ㅎ v.2,"출간 직후 아마존과 뉴욕 타임스 베스트셀러, 이후 2년 넘게 계속 베스트셀러 차트에 머물며 아마존에서 116주, 뉴욕 타임스에서 109주 연속 베스트셀러를 기록하고 있는 소설. 마틴 루서 킹을 위시한 흑인 지도자들이 시민권 운동을 벌이던 시기, 거대한 변화의 물결이 서서히 미국 전역을 휩쓸던 시기인 1960년대를 배경으로 하고 있다.",2011-05-27,https://image.aladin.co.kr/product/1177/19/coversum/8954614760_3.jpg,국내도서>소설/시/희곡>영미소설
저는 38세에 죽을 예정입니다만,샬럿 버터필드,라곰(타인의취향),대덕소프트웨어마이스터고등학교,EM00020899,843.6 버884ㅈ,,2025-05-08,https://image.aladin.co.kr/product/36379/19/coversum/k662039573_1.jpg,국내도서>소설/시/희곡>영미소설
푸틴을 죽이는 완벽한 방법,김진명,이타(이타북스),대덕소프트웨어마이스터고등학교,EM00020946,813.62 김78푸,"무궁화꽃이 피었습니다 김진명 작가 집필 30주년 기념작. 우크라이나 키이우 북쪽의 도시 부차. 미하일은 생일을 맞아 가족과 저녁 식사를 하던 중 갑자기 나타난 러시아군의 칼에 찔려 의식을 잃고, 아내와 딸을 잃는다. 슬픔을 못 이기고 자살을 시도하지만 그조차 실패한 미하일은 어느 날 마을에서 자취를 감춰버린다.",2023-09-20,https://image.aladin.co.kr/product/32420/23/coversum/k112935993_1.jpg,국내도서>소설/시/희곡>한국소설>2000년대 이후 한국소설
혼모노,성해나,창비,대덕소프트웨어마이스터고등학교,EM00020992,813.7 성93ㅎ,작품마다 치밀한 취재와 정교한 구성을 바탕으로 한 개성적인 캐릭터와 강렬하고도 서늘한 서사로 평단과 독자의 주목을 고루 받으며 새로운 세대의 리얼리즘을 열어가고 있다 평가받는 작가 성해나가 두번째 소설집 『혼모노』를 선보인다.,2025-03-28,https://image.aladin.co.kr/product/36101/66/coversum/893643974x_2.jpg,국내도서>소설/시/희곡>한국소설>2000년대 이후 한국소설
첫 여름  완주,김금희,Muze(무제),대덕소프트웨어마이스터고등학교,EM00020995,813.7 김17ㅊ,세심한 온정의 세계를 빚어내는 우리 시대의 작가 김금희의 장편소설. 돈을 갚지 않고 사라진 선배 고수미의 고향 완주 마을을 찾은 성우 손열매는 그곳에서 합동 장의사 겸 매점을 운영하는 수미 어머니의 집에 머물게 된다. 오갈 데 없는 처지에 목소리에까지 이상이 생긴 열매는 수미 어머니의 매점을 지키며 각양각색의 동네 사람들을 만난다.,2025-05-08,https://image.aladin.co.kr/product/36275/58/coversum/k692038832_2.jpg,국내도서>소설/시/희곡>한국소설>2000년대 이후 한국소설
창 밖에는 바람이 불고 있었다,안혜숙,찬섬,대덕소프트웨어마이스터고등학교,EM00006532,813.6 안94ㅊ,이처럼 이번 작품집은 우리의 각종 사회문제들을 소박하면서도 객관적인 필체로 두루 다루고 있는데 「고엽」 집필을 위해 베트남 현지를 헤집고 다니기도 했던 작가 특유의 의욕이 엿보인다는 평이다．...,1995-10-01,https://image.aladin.co.kr/img/noimg_sum_b.gif,국내도서>소설/시/희곡>한국소설>2000년대 이전 한국소설
백치,도스토예프스키,청목사,대덕소프트웨어마이스터고등학교,EM00004145,892.8 도57ㅂ,"장편소설 <백치>(1868)는 작가의 두 번째 여행 기간(1867~1871) 동안에 쓰인 작품이다. 완전히 아름다운 인간의 형상을 구현하기를 염원해 왔던 도스또예프스끼는, 이 소설에서 그 형상을 백치인 미쉬낀을 통해 전달하고자 했다. 도스또예프스끼의 5대 장편 가운데 가장 서정적이라는 평을 받았다. 소프트 커버-보급판으로 새롭게 출간된 도스또예프스끼 완역판 전집의 열 번째 권이다.",2009-12-14,https://image.aladin.co.kr/product/598/22/coversum/8932909288_1.jpg,국내도서>소설/시/희곡>러시아소설
명성황후 상,강신재,태일출판사,대덕소프트웨어마이스터고등학교,EM00000402,813.6 강59ㅁ,,1994-08-01,https://image.aladin.co.kr/img/noimg_sum_b.gif,국내도서>소설/시/희곡>한국소설>2000년대 이전 한국소설
성채,A.J. 크로닌,혜원,대덕소프트웨어마이스터고등학교,EM00000456,808 혜67ㅎ,A. J. 크로닌의 3대 걸작 중 하나인 <성채>. 1937년 출간되자마자 현대 고전으로 자리 잡은 이 작품은 작가 자신의 경험을 바탕으로 쓴 자전적 소설이다. 의대를 갓 졸업해 패기에 차 있던 젊은 의사 앤드루 맨슨은 보수적이고 위선적인 현실에 휩쓸려 상류사회의 허상을 좇다가 소중한 것들을 잃고서야 자신의 이상을 되찾는다.,2009-07-24,https://image.aladin.co.kr/product/431/88/coversum/893746215x_2.jpg,국내도서>소설/시/희곡>영미소설
나비의 꿈  상 ,윤정모,한길사,대덕소프트웨어마이스터고등학교,EM00001155,813.6 윤73ㄴ,"1995년 10월 세상을 떠난 작곡가 윤이상의 생애를 다룬 소설．〈고삐〉와 〈들〉의 작가 윤정모가 전작으로 발표한 두권짜리 소설 〈나비의 꿈〉（한길사 펴냄）은 예술적 성취와 민족적 불행이 엇갈린 한 음악가의 일생을 총체적으로 그리고 있다．소설은 ９４년 ９월의 시점을 택해 문을 연다．
...",1996-05-01,https://image.aladin.co.kr/img/noimg_sum_b.gif,국내도서>소설/시/희곡>한국소설>2000년대 이후 한국소설
 장편역사소설 정도전 2,임종일,한림원,대덕소프트웨어마이스터고등학교,EM00001243,813.6 임75ㅈ,"임종일의 장편역사소설. 시대를 앞서간 어느 혁명가의 격동의 삶과 비운의 죽음까지, 소설보다 소설 같고 드라마보다 드라마틱한 역사의 현장을 생생하게 복원해냈다. 작가가 8년에 걸친 각고의 노력 끝에 내놓은 작품을 21세기라는 시대 상황에 발맞추어 다시 손질했다.",2014-03-20,https://image.aladin.co.kr/product/3790/1/coversum/1195209029_2.jpg,국내도서>소설/시/희곡>역사소설>한국 역사소설
나를 찾아 떠나는 여행 3,쌩떽쥐뻬리,움직이는책,대덕소프트웨어마이스터고등학교,EM00002563,863 쌩223ㄴ v.3,,,,
미망 3,박완서,문학사상사,대덕소프트웨어마이스터고등학교,EM00004969,813.6 박66ㅁ v.3,"1990년 초판을 출간한 박완서 작가의 장편소설  『미망』(전 3권)이 2024년 민음사에서 새롭게 출간되었다. 『미망』은 총 3권으로 이루어진 흔치 않은 대작으로, 조선 말부터 일제강점기를 지나 한국전쟁 이후 분단에 이르기까지 개성의 한 중인 출신 상인 전처만 집안의 일대기를 다루고 있다.",2024-08-09,https://image.aladin.co.kr/product/34444/56/coversum/8937457407_1.jpg,국내도서>소설/시/희곡>한국소설>2000년대 이전 한국소설
 소설 목민심서 1,황인경,삼진기획,대덕소프트웨어마이스터고등학교,EM00005286,813.6 황69ㅁ v.1,,1992-05-01,https://image.aladin.co.kr/img/noimg_sum_b.gif,국내도서>소설/시/희곡>역사소설>한국 역사소설
가시나무새,콜린 맥컬로우,혜원,대덕소프트웨어마이스터고등학교,EM00005972,843 맥874ㄱ,,2011-10-25,https://image.aladin.co.kr/product/1331/95/coversum/8983081112_1.jpg,국내도서>소설/시/희곡>세계의 소설>기타 국가 소설
크리스탈 살인,애거서 크리스티,자유문학사,대덕소프트웨어마이스터고등학교,EM00007243,843 애14 v.3,,1993-08-01,https://image.aladin.co.kr/img/noimg_sum_b.gif,국내도서>소설/시/희곡>추리/미스터리소설>영미 추리/미스터리소설
인간은 버려진 신발짝과 같다,윤재은,둥지,대덕소프트웨어마이스터고등학교,EM00005801,152.222 윤72ㅇ c.2,,,,
인간은 버려진 신발짝과 같다,윤재은,둥지,대덕소프트웨어마이스터고등학교,EM00001772,152.222 윤72ㅇ,,,,
남한강 3  평등을 위하여 3,강승원,소담,대덕소프트웨어마이스터고등학교,EM00006280,813.6 강57ㄴ v.3,,,,
나를 찾아 떠나는 여행 2,앙트완 드 생텍쥐페리,움직이는책,대덕소프트웨어마이스터고등학교,EM00002562,863 생883ㄴ v.2,,,,
소설 공무원 3,윤태현,기린원,대덕소프트웨어마이스터고등학교,EM00002282,813.6 윤832ㅅ,,1996-01-01,https://image.aladin.co.kr/img/noimg_sum_b.gif,국내도서>소설/시/희곡>한국소설>2000년대 이전 한국소설
제4의  ,마리오 푸조,김영사,대덕소프트웨어마이스터고등학교,EM00007245,843 푸75ㅈ,부패한 부자들을 거세하고 범죄의 뿌리를 뽑겠다는 의지를 가지고 당선된 진보주의의 기수 케네디 대통령. 좌우의 협공을 정면돌파하려는 그의 강철 같은 의지와 현실이 부딪쳐 불꽃이 튀는 미국 정치의 장엄하고 비극적인 서사시.,1993-01-01,https://image.aladin.co.kr/img/noimg_sum_b.gif,국내도서>소설/시/희곡>영미소설
산타 에비타 2,토마스 엘로이 마르티네즈,자작나무,대덕소프트웨어마이스터고등학교,EM00003955,863.6 마298ㅅ v.2,"아르헨티나의 퍼스트 레이디였던 에바 페론의 일대기를 미스터리 형식으로 그린 소설. 작가는 에바 페론의 삶과 죽음, 박제된 시신을 둘러싸고 벌어진 음모와 권력 암투를 그리고 있다.",1997-01-30,https://image.aladin.co.kr/img/noimg_sum_b.gif,국내도서>소설/시/희곡>추리/미스터리소설>기타국가 추리/미스터리소설
하버드 대학의 공부 벌레들 2 2,존 제이 오스본,일월서각,대덕소프트웨어마이스터고등학교,EM00004041,843.6 오57ㅎ v.2,,1994-09-01,https://image.aladin.co.kr/img/noimg_sum_b.gif,국내도서>소설/시/희곡>영미소설
한강 3,조정래,해냄,대덕소프트웨어마이스터고등학교,EM00004350,813.6 조73ㅎ v.3,아리랑을 지나 태백산맥을 거쳐 우리 민족의 파란만장한 근현대사 1세기를 완성한 한국문학의 기념비 한강이 100쇄를 돌파하고 조정래 작가 등단 50주년을 맞이하여 개정판으로 출간되었다.,2020-11-30,https://image.aladin.co.kr/product/25726/24/coversum/8965743931_1.jpg,국내도서>소설/시/희곡>한국소설>2000년대 이후 한국소설
이별에 부치는 구름,카트린 제나베,창공사,대덕소프트웨어마이스터고등학교,EM00005992,859.3 제191ㅇ,"국내에서 처음으로 선보이는 벨기에 소설로, 벨기에 청소년 문학상인 `야곱반 마에란`상을 수상한 작품이다. <플란더스의 개>로 유명해진 플란더스 지방을 무대로 17세 나이에 골수암에 걸려 세상을 등진 소녀 프란체스 라만을 중심으로 그녀의 삶과 죽음을 겪는 여러 세대들의 의식을 아름답게 묘사했다.",1995-03-01,https://image.aladin.co.kr/img/noimg_sum_b.gif,국내도서>소설/시/희곡>세계의 소설>북유럽소설
그리고 아무도 없었다,애거서 크리스티,자유문학사,대덕소프트웨어마이스터고등학교,EM00003680,843 애14 v.12,"'열 개의 인디언 인형'이란 제목으로도 유명하다. 이미 잘 알려져 있는대로 떳떳하지 못한 과거를 지닌 열 명의 인물들이, 의문의 초대장을 받고 한 섬에 모여들면서 이야기가 시작된다.",2002-05-25,https://image.aladin.co.kr/product/35/9/coversum/8938201015_1.jpg,국내도서>소설/시/희곡>추리/미스터리소설>영미 추리/미스터리소설
아침은 얻어먹고 사십니까,김한길,해냄,대덕소프트웨어마이스터고등학교,EM00000381,814.6 김91ㅇ,,1996-02-01,https://image.aladin.co.kr/img/noimg_sum_b.gif,국내도서>소설/시/희곡>한국소설>2000년대 이후 한국소설
인샬라 상,권현숙,한겨레신문사,대덕소프트웨어마이스터고등학교,EM00000497,813.6 권94ㅇ,,1995-09-25,https://image.aladin.co.kr/img/noimg_sum_b.gif,국내도서>소설/시/희곡>한국소설>2000년대 이전 한국소설
한반도2 2,김진명,해냄,대덕소프트웨어마이스터고등학교,EM00012568,813.6 김79ㅎ2 v.2,,2008-08-10,https://image.aladin.co.kr/product/248/44/coversum/8973379992_1.jpg,국내도서>소설/시/희곡>한국소설>2000년대 이후 한국소설
한반도2 2,김진명,해냄,대덕소프트웨어마이스터고등학교,EM00001230,813.6 김79ㅎ2,,2008-08-10,https://image.aladin.co.kr/product/248/44/coversum/8973379992_1.jpg,국내도서>소설/시/희곡>한국소설>2000년대 이후 한국소설
시인,헤르만 헤세,책세상,대덕소프트웨어마이스터고등학교,EM00004628,853 헤54ㅅ,주로 헤세가 나이 들어 쓰여진 작품들이 많아 자신의 인생의 뒤안길과 앞으로의 세계에 대한 그의 감성으로 펼쳐지는 단편 작품들이다. 이 작품은 단편들과 그에 맞는 시들로 구성되었다.,2024-02-03,https://image.aladin.co.kr/product/33342/6/coversum/k772938702_1.jpg,국내도서>에세이>외국에세이
미망 2,박완서,문학사상사,대덕소프트웨어마이스터고등학교,EM00004968,813.6 박66ㅁ v.2,"1990년 초판을 출간한 박완서 작가의 장편소설  『미망』(전 3권)이 2024년 민음사에서 새롭게 출간되었다. 『미망』은 총 3권으로 이루어진 흔치 않은 대작으로, 조선 말부터 일제강점기를 지나 한국전쟁 이후 분단에 이르기까지 개성의 한 중인 출신 상인 전처만 집안의 일대기를 다루고 있다.",2024-08-09,https://image.aladin.co.kr/product/34444/24/coversum/8937457423_1.jpg,국내도서>소설/시/희곡>한국소설>2000년대 이전 한국소설
